"Image type","Feature Class","Feature Name","Segmentation_1_segment_Segment_1"
"diagnostics","Versions","PyRadiomics","v3.0.1.post4+gad5b2de"
"diagnostics","Versions","Numpy","1.19.2"
"diagnostics","Versions","SimpleITK","2.0.2"
"diagnostics","Versions","PyWavelet","1.1.1"
"diagnostics","Versions","Python","3.6.7"
"diagnostics","Configuration","Settings","{'minimumROIDimensions': 2, 'minimumROISize': None, 'normalize': False, 'normalizeScale': 1, 'removeOutliers': None, 'resampledPixelSpacing': None, 'interpolator': 'sitkBSpline', 'preCrop': False, 'padDistance': 5, 'distances': [1], 'force2D': False, 'force2Ddimension': 0, 'resegmentRange': None, 'label': 1, 'additionalInfo': True, 'binWidth': 25.0, 'symmetricalGLCM': True, 'correctMask': True}"
"diagnostics","Configuration","EnabledImageTypes","{'Original': {}, 'Wavelet': {}}"
"diagnostics","Image-original","Hash","cdb1c3d9bb4fbce4bfb3255658d6ca215aacee1f"
"diagnostics","Image-original","Dimensionality","3D"
"diagnostics","Image-original","Spacing","(0.68359375, 0.68359375, 1.9999999978571426)"
"diagnostics","Image-original","Size","(512, 512, 141)"
"diagnostics","Image-original","Mean","-878.1543978427319"
"diagnostics","Image-original","Minimum","-952.0"
"diagnostics","Image-original","Maximum","-769.0"
"diagnostics","Mask-original","Hash","42c6ebf9934c26e348a2ae8a994dcb45883cbd19"
"diagnostics","Mask-original","Spacing","(0.68359375, 0.68359375, 1.9999999978571426)"
"diagnostics","Mask-original","Size","(512, 512, 141)"
"diagnostics","Mask-original","BoundingBox","(160, 162, 47, 288, 199, 55)"
"diagnostics","Mask-original","VoxelNum","2753"
"diagnostics","Mask-original","VolumeNum","7"
"diagnostics","Mask-original","CenterOfMassIndex","(223.3367235742826, 225.13948419905557, 63.795859062840535)"
"diagnostics","Mask-original","CenterOfMass","(-24.019375619142806, -20.75425872330183, -183.74043501102437)"
"original","shape","Elongation","0.6869251966401778"
"original","shape","Flatness","0.2821269540604973"
"original","shape","LeastAxisLength","70.36111960127477"
"original","shape","MajorAxisLength","249.39524064824738"
"original","shape","Maximum2DDiameterColumn","82.72622856048393"
"original","shape","Maximum2DDiameterRow","137.889171409631"
"original","shape","Maximum2DDiameterSlice","137.44994899822356"
"original","shape","Maximum3DDiameter","210.59008918939358"
"original","shape","MeshVolume","2501.420177323022"
"original","shape","MinorAxisLength","171.31587472342179"
"original","shape","Sphericity","0.4294347528162928"
"original","shape","SurfaceArea","2075.127102786378"
"original","shape","SurfaceVolumeRatio","0.8295795810710795"
"original","shape","VoxelVolume","2572.9560824483387"
"original","firstorder","10Percentile","-904.0"
"original","firstorder","90Percentile","-769.0"
"original","firstorder","Energy","1878578988.0"
"original","firstorder","Entropy","2.7052228740192525"
"original","firstorder","InterquartileRange","103.0"
"original","firstorder","Kurtosis","1.8732363091157496"
"original","firstorder","Maximum","-769.0"
"original","firstorder","MeanAbsoluteDeviation","49.103565650865434"
"original","firstorder","Mean","-824.2288412640755"
"original","firstorder","Median","-813.0"
"original","firstorder","Minimum","-952.0"
"original","firstorder","Range","183.0"
"original","firstorder","RobustMeanAbsoluteDeviation","42.00147676147671"
"original","firstorder","RootMeanSquared","826.0600599630649"
"original","firstorder","Skewness","-0.49524719416254864"
"original","firstorder","TotalEnergy","1755721479.6709936"
"original","firstorder","Uniformity","0.19695543309158228"
"original","firstorder","Variance","3022.03989466169"
"original","glcm","Autocorrelation","53.30958478970099"
"original","glcm","ClusterProminence","524.9079876886319"
"original","glcm","ClusterShade","-40.22339749400503"
"original","glcm","ClusterTendency","15.622075612580138"
"original","glcm","Contrast","3.4989167737601687"
"original","glcm","Correlation","0.6316880449792674"
"original","glcm","DifferenceAverage","1.1370697836896304"
"original","glcm","DifferenceEntropy","2.095454186536362"
"original","glcm","DifferenceVariance","2.1518372218185964"
"original","glcm","Id","0.6637404847435382"
"original","glcm","Idm","0.6253119198432727"
"original","glcm","Idmn","0.9645369326211259"
"original","glcm","Idn","0.9039552173440752"
"original","glcm","Imc1","-0.17369550546905016"
"original","glcm","Imc2","0.7353788718351002"
"original","glcm","InverseVariance","0.3016067377603067"
"original","glcm","JointAverage","7.088990377562926"
"original","glcm","JointEnergy","0.1306045263988162"
"original","glcm","JointEntropy","4.508385868186286"
"original","glcm","MCC","0.6640459411698145"
"original","glcm","MaximumProbability","0.34106290754196095"
"original","glcm","SumAverage","14.177980755125851"
"original","glcm","SumEntropy","3.2946724066653417"
"original","glcm","SumSquares","4.780248096585075"
"original","gldm","DependenceEntropy","6.357154903795341"
"original","gldm","DependenceNonUniformity","162.38830366872503"
"original","gldm","DependenceNonUniformityNormalized","0.05898594394069198"
"original","gldm","DependenceVariance","57.44055245217415"
"original","gldm","GrayLevelNonUniformity","542.2183073011261"
"original","gldm","GrayLevelVariance","5.3281461995888915"
"original","gldm","HighGrayLevelEmphasis","49.235016345804574"
"original","gldm","LargeDependenceEmphasis","144.13403559752996"
"original","gldm","LargeDependenceHighGrayLevelEmphasis","10685.7232110425"
"original","gldm","LargeDependenceLowGrayLevelEmphasis","2.5408135754032544"
"original","gldm","LowGrayLevelEmphasis","0.046115458335060755"
"original","gldm","SmallDependenceEmphasis","0.12282734158486712"
"original","gldm","SmallDependenceHighGrayLevelEmphasis","3.982338590940736"
"original","gldm","SmallDependenceLowGrayLevelEmphasis","0.010131208614855013"
"original","glrlm","GrayLevelNonUniformity","258.6906144950111"
"original","glrlm","GrayLevelNonUniformityNormalized","0.1375861385428137"
"original","glrlm","GrayLevelVariance","4.882358748361328"
"original","glrlm","HighGrayLevelRunEmphasis","40.6769016529252"
"original","glrlm","LongRunEmphasis","3.792134406673253"
"original","glrlm","LongRunHighGrayLevelEmphasis","240.9423348253162"
"original","glrlm","LongRunLowGrayLevelEmphasis","0.11261926244828274"
"original","glrlm","LowGrayLevelRunEmphasis","0.05676928084905512"
"original","glrlm","RunEntropy","3.948401870109945"
"original","glrlm","RunLengthNonUniformity","1152.8639922366988"
"original","glrlm","RunLengthNonUniformityNormalized","0.6075700715102574"
"original","glrlm","RunPercentage","0.680348710497639"
"original","glrlm","RunVariance","1.5214860830194696"
"original","glrlm","ShortRunEmphasis","0.8047235379611342"
"original","glrlm","ShortRunHighGrayLevelEmphasis","29.223494620706525"
"original","glrlm","ShortRunLowGrayLevelEmphasis","0.05058485582691815"
"original","glszm","GrayLevelNonUniformity","51.536458333333336"
"original","glszm","GrayLevelNonUniformityNormalized","0.1342095269097222"
"original","glszm","GrayLevelVariance","4.155917697482639"
"original","glszm","HighGrayLevelZoneEmphasis","31.0390625"
"original","glszm","LargeAreaEmphasis","1973.0442708333333"
"original","glszm","LargeAreaHighGrayLevelEmphasis","153902.17708333334"
"original","glszm","LargeAreaLowGrayLevelEmphasis","28.50546347105104"
"original","glszm","LowGrayLevelZoneEmphasis","0.08713487372186529"
"original","glszm","SizeZoneNonUniformity","112.140625"
"original","glszm","SizeZoneNonUniformityNormalized","0.2920328776041667"
"original","glszm","SmallAreaEmphasis","0.5558000734465323"
"original","glszm","SmallAreaHighGrayLevelEmphasis","17.52123780247835"
"original","glszm","SmallAreaLowGrayLevelEmphasis","0.051256214793864274"
"original","glszm","ZoneEntropy","5.334989743427356"
"original","glszm","ZonePercentage","0.13948419905557574"
"original","glszm","ZoneVariance","1921.645826551649"
"original","ngtdm","Busyness","5.99930084208933"
"original","ngtdm","Coarseness","0.002575700526063018"
"original","ngtdm","Complexity","29.320055810378395"
"original","ngtdm","Contrast","0.13011293923886863"
"original","ngtdm","Strength","0.10887882303252087"
"wavelet-LLH","firstorder","10Percentile","-69.4680903165773"
"wavelet-LLH","firstorder","90Percentile","66.10775184347796"
"wavelet-LLH","firstorder","Energy","7218326.449562715"
"wavelet-LLH","firstorder","Entropy","3.0786111729279786"
"wavelet-LLH","firstorder","InterquartileRange","68.68662045443054"
"wavelet-LLH","firstorder","Kurtosis","2.9132319621734535"
"wavelet-LLH","firstorder","Maximum","150.749892270437"
"wavelet-LLH","firstorder","MeanAbsoluteDeviation","40.37091898170833"
"wavelet-LLH","firstorder","Mean","-3.3655844286098273"
"wavelet-LLH","firstorder","Median","-3.7928800084885523"
"wavelet-LLH","firstorder","Minimum","-190.87252880566092"
"wavelet-LLH","firstorder","Range","341.6224210760979"
"wavelet-LLH","firstorder","RobustMeanAbsoluteDeviation","28.06172760753075"
"wavelet-LLH","firstorder","RootMeanSquared","51.20532817681318"
"wavelet-LLH","firstorder","Skewness","0.11784439777402264"
"wavelet-LLH","firstorder","TotalEnergy","6746253.884308068"
"wavelet-LLH","firstorder","Uniformity","0.13749699993759076"
"wavelet-LLH","firstorder","Variance","2610.6584751490373"
"wavelet-LLH","glcm","Autocorrelation","69.22589899563296"
"wavelet-LLH","glcm","ClusterProminence","326.96906047249036"
"wavelet-LLH","glcm","ClusterShade","6.265415786927278"
"wavelet-LLH","glcm","ClusterTendency","9.858811146852421"
"wavelet-LLH","glcm","Contrast","6.574528475703916"
"wavelet-LLH","glcm","Correlation","0.18790987936029782"
"wavelet-LLH","glcm","DifferenceAverage","1.8588773082414358"
"wavelet-LLH","glcm","DifferenceEntropy","2.4673941537302033"
"wavelet-LLH","glcm","DifferenceVariance","2.758206580818763"
"wavelet-LLH","glcm","Id","0.4968865907581304"
"wavelet-LLH","glcm","Idm","0.4334022673640569"
"wavelet-LLH","glcm","Idmn","0.97371869309966"
"wavelet-LLH","glcm","Idn","0.8985548369989231"
"wavelet-LLH","glcm","Imc1","-0.0932442051967795"
"wavelet-LLH","glcm","Imc2","0.5644982775207754"
"wavelet-LLH","glcm","InverseVariance","0.378715003253656"
"wavelet-LLH","glcm","JointAverage","8.270498475420515"
"wavelet-LLH","glcm","JointEnergy","0.02733013685723375"
"wavelet-LLH","glcm","JointEntropy","5.800413522186631"
"wavelet-LLH","glcm","MCC","0.4153002025778137"
"wavelet-LLH","glcm","MaximumProbability","0.07967736675933004"
"wavelet-LLH","glcm","SumAverage","16.540996950841027"
"wavelet-LLH","glcm","SumEntropy","3.6146249720326296"
"wavelet-LLH","glcm","SumSquares","4.108334905639084"
"wavelet-LLH","gldm","DependenceEntropy","6.319718930254121"
"wavelet-LLH","gldm","DependenceNonUniformity","300.6992371957864"
"wavelet-LLH","gldm","DependenceNonUniformityNormalized","0.10922602150228347"
"wavelet-LLH","gldm","DependenceVariance","11.950258140609149"
"wavelet-LLH","gldm","GrayLevelNonUniformity","378.5292408281874"
"wavelet-LLH","gldm","GrayLevelVariance","4.259637110867661"
"wavelet-LLH","gldm","HighGrayLevelEmphasis","74.29458772248456"
"wavelet-LLH","gldm","LargeDependenceEmphasis","39.50417726116963"
"wavelet-LLH","gldm","LargeDependenceHighGrayLevelEmphasis","2710.391209589539"
"wavelet-LLH","gldm","LargeDependenceLowGrayLevelEmphasis","0.6495144188847037"
"wavelet-LLH","gldm","LowGrayLevelEmphasis","0.018640333162309855"
"wavelet-LLH","gldm","SmallDependenceEmphasis","0.1326402999502817"
"wavelet-LLH","gldm","SmallDependenceHighGrayLevelEmphasis","10.465853598211702"
"wavelet-LLH","gldm","SmallDependenceLowGrayLevelEmphasis","0.0030762077553776585"
"wavelet-LLH","glrlm","GrayLevelNonUniformity","301.0345981504193"
"wavelet-LLH","glrlm","GrayLevelNonUniformityNormalized","0.13049803468656282"
"wavelet-LLH","glrlm","GrayLevelVariance","4.58466140967635"
"wavelet-LLH","glrlm","HighGrayLevelRunEmphasis","75.01649112730932"
"wavelet-LLH","glrlm","LongRunEmphasis","1.903026294493273"
"wavelet-LLH","glrlm","LongRunHighGrayLevelEmphasis","138.1775959625784"
"wavelet-LLH","glrlm","LongRunLowGrayLevelEmphasis","0.03414440412406739"
"wavelet-LLH","glrlm","LowGrayLevelRunEmphasis","0.01901524020389692"
"wavelet-LLH","glrlm","RunEntropy","3.834502683389242"
"wavelet-LLH","glrlm","RunLengthNonUniformity","1760.3803997917819"
"wavelet-LLH","glrlm","RunLengthNonUniformityNormalized","0.7480813644613353"
"wavelet-LLH","glrlm","RunPercentage","0.8365698957780322"
"wavelet-LLH","glrlm","RunVariance","0.39231832538054995"
"wavelet-LLH","glrlm","ShortRunEmphasis","0.8819998289175055"
"wavelet-LLH","glrlm","ShortRunHighGrayLevelEmphasis","66.5393478583916"
"wavelet-LLH","glrlm","ShortRunLowGrayLevelEmphasis","0.0169962985634004"
"wavelet-LLH","glszm","GrayLevelNonUniformity","39.11224489795919"
"wavelet-LLH","glszm","GrayLevelNonUniformityNormalized","0.09977613494377342"
"wavelet-LLH","glszm","GrayLevelVariance","7.637436224489796"
"wavelet-LLH","glszm","HighGrayLevelZoneEmphasis","80.19132653061224"
"wavelet-LLH","glszm","LargeAreaEmphasis","491.1045918367347"
"wavelet-LLH","glszm","LargeAreaHighGrayLevelEmphasis","31095.936224489797"
"wavelet-LLH","glszm","LargeAreaLowGrayLevelEmphasis","8.436517463447931"
"wavelet-LLH","glszm","LowGrayLevelZoneEmphasis","0.024899711163993223"
"wavelet-LLH","glszm","SizeZoneNonUniformity","92.33673469387755"
"wavelet-LLH","glszm","SizeZoneNonUniformityNormalized","0.23555289462723866"
"wavelet-LLH","glszm","SmallAreaEmphasis","0.49465921328153084"
"wavelet-LLH","glszm","SmallAreaHighGrayLevelEmphasis","40.01513368722104"
"wavelet-LLH","glszm","SmallAreaLowGrayLevelEmphasis","0.0130187083662201"
"wavelet-LLH","glszm","ZoneEntropy","6.069233157001127"
"wavelet-LLH","glszm","ZonePercentage","0.14239011986923356"
"wavelet-LLH","glszm","ZoneVariance","441.7826361411911"
"wavelet-LLH","ngtdm","Busyness","2.6209524273756495"
"wavelet-LLH","ngtdm","Coarseness","0.0026852989111691684"
"wavelet-LLH","ngtdm","Complexity","121.720728391426"
"wavelet-LLH","ngtdm","Contrast","0.052247162479594766"
"wavelet-LLH","ngtdm","Strength","0.19513583584973135"
"wavelet-LHL","firstorder","10Percentile","-30.206118331041736"
"wavelet-LHL","firstorder","90Percentile","21.541659736680533"
"wavelet-LHL","firstorder","Energy","1520463.0975400931"
"wavelet-LHL","firstorder","Entropy","1.9398616100312067"
"wavelet-LHL","firstorder","InterquartileRange","21.255679450056494"
"wavelet-LHL","firstorder","Kurtosis","6.540990610263471"
"wavelet-LHL","firstorder","Maximum","105.02227343317914"
"wavelet-LHL","firstorder","MeanAbsoluteDeviation","16.033393216395936"
"wavelet-LHL","firstorder","Mean","-4.15363723047544"
"wavelet-LHL","firstorder","Median","-2.838886813741691"
"wavelet-LHL","firstorder","Minimum","-123.86127030103117"
"wavelet-LHL","firstorder","Range","228.88354373421032"
"wavelet-LHL","firstorder","RobustMeanAbsoluteDeviation","9.377330122318275"
"wavelet-LHL","firstorder","RootMeanSquared","23.50091849678542"
"wavelet-LHL","firstorder","Skewness","-0.12341907495290073"
"wavelet-LHL","firstorder","TotalEnergy","1421026.0715416"
"wavelet-LHL","firstorder","Uniformity","0.33244860904638057"
"wavelet-LHL","firstorder","Variance","535.0404679501595"
"wavelet-LHL","glcm","Autocorrelation","28.232896259450413"
"wavelet-LHL","glcm","ClusterProminence","30.880225873466063"
"wavelet-LHL","glcm","ClusterShade","-0.5686116813159785"
"wavelet-LHL","glcm","ClusterTendency","2.2858059972487843"
"wavelet-LHL","glcm","Contrast","1.5295312963719605"
"wavelet-LHL","glcm","Correlation","0.19601576260238546"
"wavelet-LHL","glcm","DifferenceAverage","0.8151207732973449"
"wavelet-LHL","glcm","DifferenceEntropy","1.6413853047805347"
"wavelet-LHL","glcm","DifferenceVariance","0.8442730424502405"
"wavelet-LHL","glcm","Id","0.6760108591391827"
"wavelet-LHL","glcm","Idm","0.6560112426060285"
"wavelet-LHL","glcm","Idmn","0.9860101914125625"
"wavelet-LHL","glcm","Idn","0.9306813741596616"
"wavelet-LHL","glcm","Imc1","-0.06919757193919171"
"wavelet-LHL","glcm","Imc2","0.4377291062801453"
"wavelet-LHL","glcm","InverseVariance","0.4707691104380241"
"wavelet-LHL","glcm","JointAverage","5.295634606883818"
"wavelet-LHL","glcm","JointEnergy","0.12814717532013808"
"wavelet-LHL","glcm","JointEntropy","3.7242484190335188"
"wavelet-LHL","glcm","MCC","0.3877283331472449"
"wavelet-LHL","glcm","MaximumProbability","0.24163623914219523"
"wavelet-LHL","glcm","SumAverage","10.591269213767637"
"wavelet-LHL","glcm","SumEntropy","2.546873873606228"
"wavelet-LHL","glcm","SumSquares","0.9538343234051863"
"wavelet-LHL","gldm","DependenceEntropy","5.721412860595079"
"wavelet-LHL","gldm","DependenceNonUniformity","174.28950236106067"
"wavelet-LHL","gldm","DependenceNonUniformityNormalized","0.06330893656413392"
"wavelet-LHL","gldm","DependenceVariance","19.828785003421956"
"wavelet-LHL","gldm","GrayLevelNonUniformity","915.2310207046858"
"wavelet-LHL","gldm","GrayLevelVariance","0.9557091171154433"
"wavelet-LHL","gldm","HighGrayLevelEmphasis","29.25826371231384"
"wavelet-LHL","gldm","LargeDependenceEmphasis","90.44860152560842"
"wavelet-LHL","gldm","LargeDependenceHighGrayLevelEmphasis","2558.86596440247"
"wavelet-LHL","gldm","LargeDependenceLowGrayLevelEmphasis","3.407727208788562"
"wavelet-LHL","gldm","LowGrayLevelEmphasis","0.042599885079214986"
"wavelet-LHL","gldm","SmallDependenceEmphasis","0.06358557648945912"
"wavelet-LHL","gldm","SmallDependenceHighGrayLevelEmphasis","1.9755816632537317"
"wavelet-LHL","gldm","SmallDependenceLowGrayLevelEmphasis","0.0036891132117202632"
"wavelet-LHL","glrlm","GrayLevelNonUniformity","585.6242329277793"
"wavelet-LHL","glrlm","GrayLevelNonUniformityNormalized","0.29661163459746526"
"wavelet-LHL","glrlm","GrayLevelVariance","1.146302679161057"
"wavelet-LHL","glrlm","HighGrayLevelRunEmphasis","29.547192735816893"
"wavelet-LHL","glrlm","LongRunEmphasis","2.7224096906077753"
"wavelet-LHL","glrlm","LongRunHighGrayLevelEmphasis","78.5653203993669"
"wavelet-LHL","glrlm","LongRunLowGrayLevelEmphasis","0.11023235252169986"
"wavelet-LHL","glrlm","LowGrayLevelRunEmphasis","0.0441981113290492"
"wavelet-LHL","glrlm","RunEntropy","3.23252084161984"
"wavelet-LHL","glrlm","RunLengthNonUniformity","1137.7104840509633"
"wavelet-LHL","glrlm","RunLengthNonUniformityNormalized","0.5684629537627088"
"wavelet-LHL","glrlm","RunPercentage","0.7152477018078179"
"wavelet-LHL","glrlm","RunVariance","0.6773990972954628"
"wavelet-LHL","glrlm","ShortRunEmphasis","0.7773136825133466"
"wavelet-LHL","glrlm","ShortRunHighGrayLevelEmphasis","23.152510520474323"
"wavelet-LHL","glrlm","ShortRunLowGrayLevelEmphasis","0.035440523631307355"
"wavelet-LHL","glszm","GrayLevelNonUniformity","33.020833333333336"
"wavelet-LHL","glszm","GrayLevelNonUniformityNormalized","0.17198350694444445"
"wavelet-LHL","glszm","GrayLevelVariance","3.4399956597222223"
"wavelet-LHL","glszm","HighGrayLevelZoneEmphasis","32.21875"
"wavelet-LHL","glszm","LargeAreaEmphasis","4406.682291666667"
"wavelet-LHL","glszm","LargeAreaHighGrayLevelEmphasis","127281.98958333333"
"wavelet-LHL","glszm","LargeAreaLowGrayLevelEmphasis","158.16649676595176"
"wavelet-LHL","glszm","LowGrayLevelZoneEmphasis","0.06589295638201269"
"wavelet-LHL","glszm","SizeZoneNonUniformity","37.072916666666664"
"wavelet-LHL","glszm","SizeZoneNonUniformityNormalized","0.1930881076388889"
"wavelet-LHL","glszm","SmallAreaEmphasis","0.43893665904227025"
"wavelet-LHL","glszm","SmallAreaHighGrayLevelEmphasis","13.717017723545027"
"wavelet-LHL","glszm","SmallAreaLowGrayLevelEmphasis","0.030633315933614864"
"wavelet-LHL","glszm","ZoneEntropy","5.474577137656217"
"wavelet-LHL","glszm","ZonePercentage","0.06974209952778787"
"wavelet-LHL","glszm","ZoneVariance","4201.088514539931"
"wavelet-LHL","ngtdm","Busyness","5.39471757578385"
"wavelet-LHL","ngtdm","Coarseness","0.0024716852217124873"
"wavelet-LHL","ngtdm","Complexity","27.3878766264463"
"wavelet-LHL","ngtdm","Contrast","0.013501850425163423"
"wavelet-LHL","ngtdm","Strength","0.10556660350001991"
"wavelet-LHH","firstorder","10Percentile","-18.670637335556574"
"wavelet-LHH","firstorder","90Percentile","18.784791301863233"
"wavelet-LHH","firstorder","Energy","759964.4083024397"
"wavelet-LHH","firstorder","Entropy","1.6074340436061867"
"wavelet-LHH","firstorder","InterquartileRange","15.19887277896774"
"wavelet-LHH","firstorder","Kurtosis","5.596864303647973"
"wavelet-LHH","firstorder","Maximum","86.29089395447548"
"wavelet-LHH","firstorder","MeanAbsoluteDeviation","11.594186603295695"
"wavelet-LHH","firstorder","Mean","-0.18112363630951506"
"wavelet-LHH","firstorder","Median","-0.3201208995355317"
"wavelet-LHH","firstorder","Minimum","-81.57110257185222"
"wavelet-LHH","firstorder","Range","167.8619965263277"
"wavelet-LHH","firstorder","RobustMeanAbsoluteDeviation","6.697273449806785"
"wavelet-LHH","firstorder","RootMeanSquared","16.61473890753785"
"wavelet-LHH","firstorder","Skewness","-0.024171513521308398"
"wavelet-LHH","firstorder","TotalEnergy","710263.3660682946"
"wavelet-LHH","firstorder","Uniformity","0.38991760004507187"
"wavelet-LHH","firstorder","Variance","276.0167431940219"
"wavelet-LHH","glcm","Autocorrelation","20.17298039585723"
"wavelet-LHH","glcm","ClusterProminence","6.121876155789588"
"wavelet-LHH","glcm","ClusterShade","0.0925482169288491"
"wavelet-LHH","glcm","ClusterTendency","1.1284441472755067"
"wavelet-LHH","glcm","Contrast","1.1284159169791848"
"wavelet-LHH","glcm","Correlation","0.000850680514214689"
"wavelet-LHH","glcm","DifferenceAverage","0.7306140602522806"
"wavelet-LHH","glcm","DifferenceEntropy","1.4968260405608957"
"wavelet-LHH","glcm","DifferenceVariance","0.5798006558957571"
"wavelet-LHH","glcm","Id","0.688768886195403"
"wavelet-LHH","glcm","Idm","0.6729714464473264"
"wavelet-LHH","glcm","Idmn","0.9836134386882531"
"wavelet-LHH","glcm","Idn","0.9229108690332768"
"wavelet-LHH","glcm","Imc1","-0.04886516185947885"
"wavelet-LHH","glcm","Imc2","0.34201575071155865"
"wavelet-LHH","glcm","InverseVariance","0.48751513517086076"
"wavelet-LHH","glcm","JointAverage","4.491421781140042"
"wavelet-LHH","glcm","JointEnergy","0.16356371136307016"
"wavelet-LHH","glcm","JointEntropy","3.1403177751536444"
"wavelet-LHH","glcm","MCC","0.28962845231215234"
"wavelet-LHH","glcm","MaximumProbability","0.2245599550685508"
"wavelet-LHH","glcm","SumAverage","8.982843562280085"
"wavelet-LHH","glcm","SumEntropy","2.076504823602591"
"wavelet-LHH","glcm","SumSquares","0.5642150160636726"
"wavelet-LHH","gldm","DependenceEntropy","5.391997542848074"
"wavelet-LHH","gldm","DependenceNonUniformity","181.09734834725754"
"wavelet-LHH","gldm","DependenceNonUniformityNormalized","0.0657818192325672"
"wavelet-LHH","gldm","DependenceVariance","17.9674493063671"
"wavelet-LHH","gldm","GrayLevelNonUniformity","1073.4431529240828"
"wavelet-LHH","gldm","GrayLevelVariance","0.5584041396441144"
"wavelet-LHH","gldm","HighGrayLevelEmphasis","20.640392299309845"
"wavelet-LHH","gldm","LargeDependenceEmphasis","92.52342898656012"
"wavelet-LHH","gldm","LargeDependenceHighGrayLevelEmphasis","1861.7373774064656"
"wavelet-LHH","gldm","LargeDependenceLowGrayLevelEmphasis","4.873300717913997"
"wavelet-LHH","gldm","LowGrayLevelEmphasis","0.055353709167405916"
"wavelet-LHH","gldm","SmallDependenceEmphasis","0.052949434695321436"
"wavelet-LHH","gldm","SmallDependenceHighGrayLevelEmphasis","1.1266722283813853"
"wavelet-LHH","gldm","SmallDependenceLowGrayLevelEmphasis","0.0038741882819626166"
"wavelet-LHH","glrlm","GrayLevelNonUniformity","705.5578469967861"
"wavelet-LHH","glrlm","GrayLevelNonUniformityNormalized","0.36208190854909883"
"wavelet-LHH","glrlm","GrayLevelVariance","0.6560994953778351"
"wavelet-LHH","glrlm","HighGrayLevelRunEmphasis","20.772971908900807"
"wavelet-LHH","glrlm","LongRunEmphasis","2.854071542969"
"wavelet-LHH","glrlm","LongRunHighGrayLevelEmphasis","58.19914494442503"
"wavelet-LHH","glrlm","LongRunLowGrayLevelEmphasis","0.15473161345770517"
"wavelet-LHH","glrlm","LowGrayLevelRunEmphasis","0.05649523882445318"
"wavelet-LHH","glrlm","RunEntropy","2.91557805334646"
"wavelet-LHH","glrlm","RunLengthNonUniformity","1104.0304380063712"
"wavelet-LHH","glrlm","RunLengthNonUniformityNormalized","0.5547387762156389"
"wavelet-LHH","glrlm","RunPercentage","0.7063622900891335"
"wavelet-LHH","glrlm","RunVariance","0.7002383706910226"
"wavelet-LHH","glrlm","ShortRunEmphasis","0.764498308429643"
"wavelet-LHH","glrlm","ShortRunHighGrayLevelEmphasis","15.94510214302029"
"wavelet-LHH","glrlm","ShortRunLowGrayLevelEmphasis","0.04408359899902537"
"wavelet-LHH","glszm","GrayLevelNonUniformity","27.555555555555557"
"wavelet-LHH","glszm","GrayLevelNonUniformityNormalized","0.21869488536155202"
"wavelet-LHH","glszm","GrayLevelVariance","2.5447215923406397"
"wavelet-LHH","glszm","HighGrayLevelZoneEmphasis","21.46031746031746"
"wavelet-LHH","glszm","LargeAreaEmphasis","7794.261904761905"
"wavelet-LHH","glszm","LargeAreaHighGrayLevelEmphasis","157127.02380952382"
"wavelet-LHH","glszm","LargeAreaLowGrayLevelEmphasis","406.7325742360436"
"wavelet-LHH","glszm","LowGrayLevelZoneEmphasis","0.08652985863657633"
"wavelet-LHH","glszm","SizeZoneNonUniformity","29.095238095238095"
"wavelet-LHH","glszm","SizeZoneNonUniformityNormalized","0.2309145880574452"
"wavelet-LHH","glszm","SmallAreaEmphasis","0.4922627709209435"
"wavelet-LHH","glszm","SmallAreaHighGrayLevelEmphasis","10.810122880048546"
"wavelet-LHH","glszm","SmallAreaLowGrayLevelEmphasis","0.041888385314320604"
"wavelet-LHH","glszm","ZoneEntropy","4.854469287456534"
"wavelet-LHH","glszm","ZonePercentage","0.04576825281511079"
"wavelet-LHH","glszm","ZoneVariance","7316.874086671705"
"wavelet-LHH","ngtdm","Busyness","10.862654006721058"
"wavelet-LHH","ngtdm","Coarseness","0.0018480446213958353"
"wavelet-LHH","ngtdm","Complexity","17.842737643745306"
"wavelet-LHH","ngtdm","Contrast","0.012468928678466992"
"wavelet-LHH","ngtdm","Strength","0.053995581090232954"
"wavelet-HLL","firstorder","10Percentile","-35.522287355287155"
"wavelet-HLL","firstorder","90Percentile","25.139358270343976"
"wavelet-HLL","firstorder","Energy","2062847.009459966"
"wavelet-HLL","firstorder","Entropy","2.149567756751531"
"wavelet-HLL","firstorder","InterquartileRange","23.837036709837868"
"wavelet-HLL","firstorder","Kurtosis","5.890655732891362"
"wavelet-HLL","firstorder","Maximum","134.41697253886727"
"wavelet-HLL","firstorder","MeanAbsoluteDeviation","18.73246225322159"
"wavelet-HLL","firstorder","Mean","-3.4812956920501894"
"wavelet-HLL","firstorder","Median","-2.1840337455274184"
"wavelet-HLL","firstorder","Minimum","-112.28374967965466"
"wavelet-HLL","firstorder","Range","246.70072221852195"
"wavelet-HLL","firstorder","RobustMeanAbsoluteDeviation","10.684933178046908"
"wavelet-HLL","firstorder","RootMeanSquared","27.373504662769985"
"wavelet-HLL","firstorder","Skewness","0.2953519039959158"
"wavelet-HLL","firstorder","TotalEnergy","1927938.5252998134"
"wavelet-HLL","firstorder","Uniformity","0.2895084304557496"
"wavelet-HLL","firstorder","Variance","737.189337827203"
"wavelet-HLL","glcm","Autocorrelation","28.914019249082198"
"wavelet-HLL","glcm","ClusterProminence","58.97388283224973"
"wavelet-HLL","glcm","ClusterShade","1.5399395948937742"
"wavelet-HLL","glcm","ClusterTendency","3.178892969387163"
"wavelet-HLL","glcm","Contrast","1.7704313311751534"
"wavelet-HLL","glcm","Correlation","0.27728774685874547"
"wavelet-HLL","glcm","DifferenceAverage","0.8765118754375073"
"wavelet-HLL","glcm","DifferenceEntropy","1.7016346379202107"
"wavelet-HLL","glcm","DifferenceVariance","0.9735849625526172"
"wavelet-HLL","glcm","Id","0.6603869716977316"
"wavelet-HLL","glcm","Idm","0.6377910339491579"
"wavelet-HLL","glcm","Idmn","0.986712142598271"
"wavelet-HLL","glcm","Idn","0.9319337272370138"
"wavelet-HLL","glcm","Imc1","-0.09336408310243961"
"wavelet-HLL","glcm","Imc2","0.531706640303459"
"wavelet-HLL","glcm","InverseVariance","0.47761076537173813"
"wavelet-HLL","glcm","JointAverage","5.344322478213901"
"wavelet-HLL","glcm","JointEnergy","0.10614844180203013"
"wavelet-HLL","glcm","JointEntropy","4.02941578278887"
"wavelet-HLL","glcm","MCC","0.4619607193293141"
"wavelet-HLL","glcm","MaximumProbability","0.19821748321963717"
"wavelet-HLL","glcm","SumAverage","10.688644956427801"
"wavelet-HLL","glcm","SumEntropy","2.765164398464764"
"wavelet-HLL","glcm","SumSquares","1.237331075140579"
"wavelet-HLL","gldm","DependenceEntropy","5.88073955374327"
"wavelet-HLL","gldm","DependenceNonUniformity","183.29785688339993"
"wavelet-HLL","gldm","DependenceNonUniformityNormalized","0.0665811321770432"
"wavelet-HLL","gldm","DependenceVariance","18.39685980053593"
"wavelet-HLL","gldm","GrayLevelNonUniformity","797.0167090446786"
"wavelet-HLL","gldm","GrayLevelVariance","1.2853200200712258"
"wavelet-HLL","gldm","HighGrayLevelEmphasis","30.04576825281511"
"wavelet-HLL","gldm","LargeDependenceEmphasis","82.60043588812205"
"wavelet-HLL","gldm","LargeDependenceHighGrayLevelEmphasis","2359.1710860879043"
"wavelet-HLL","gldm","LargeDependenceLowGrayLevelEmphasis","3.1125732034739477"
"wavelet-HLL","gldm","LowGrayLevelEmphasis","0.04274685906528206"
"wavelet-HLL","gldm","SmallDependenceEmphasis","0.06784848164514344"
"wavelet-HLL","gldm","SmallDependenceHighGrayLevelEmphasis","2.2432361699745695"
"wavelet-HLL","gldm","SmallDependenceLowGrayLevelEmphasis","0.004522272494451337"
"wavelet-HLL","glrlm","GrayLevelNonUniformity","525.0077238911465"
"wavelet-HLL","glrlm","GrayLevelNonUniformityNormalized","0.26047749418469446"
"wavelet-HLL","glrlm","GrayLevelVariance","1.5338151639678992"
"wavelet-HLL","glrlm","HighGrayLevelRunEmphasis","30.45599707428452"
"wavelet-HLL","glrlm","LongRunEmphasis","2.574944605376025"
"wavelet-HLL","glrlm","LongRunHighGrayLevelEmphasis","75.89754752060301"
"wavelet-HLL","glrlm","LongRunLowGrayLevelEmphasis","0.10438978712222323"
"wavelet-HLL","glrlm","LowGrayLevelRunEmphasis","0.04447241117143187"
"wavelet-HLL","glrlm","RunEntropy","3.3853875408370735"
"wavelet-HLL","glrlm","RunLengthNonUniformity","1195.5710218629997"
"wavelet-HLL","glrlm","RunLengthNonUniformityNormalized","0.5843755741537403"
"wavelet-HLL","glrlm","RunPercentage","0.7302802537092402"
"wavelet-HLL","glrlm","RunVariance","0.602322532882274"
"wavelet-HLL","glrlm","ShortRunEmphasis","0.7873762229121694"
"wavelet-HLL","glrlm","ShortRunHighGrayLevelEmphasis","24.261093302252917"
"wavelet-HLL","glrlm","ShortRunLowGrayLevelEmphasis","0.03623272204821068"
"wavelet-HLL","glszm","GrayLevelNonUniformity","27.418367346938776"
"wavelet-HLL","glszm","GrayLevelNonUniformityNormalized","0.1398896293211162"
"wavelet-HLL","glszm","GrayLevelVariance","4.464181591003748"
"wavelet-HLL","glszm","HighGrayLevelZoneEmphasis","34.60204081632653"
"wavelet-HLL","glszm","LargeAreaEmphasis","3161.035714285714"
"wavelet-HLL","glszm","LargeAreaHighGrayLevelEmphasis","92045.74489795919"
"wavelet-HLL","glszm","LargeAreaLowGrayLevelEmphasis","113.91205584368068"
"wavelet-HLL","glszm","LowGrayLevelZoneEmphasis","0.07393044764756598"
"wavelet-HLL","glszm","SizeZoneNonUniformity","38.683673469387756"
"wavelet-HLL","glszm","SizeZoneNonUniformityNormalized","0.19736568096626406"
"wavelet-HLL","glszm","SmallAreaEmphasis","0.44600363431448786"
"wavelet-HLL","glszm","SmallAreaHighGrayLevelEmphasis","15.073506989725406"
"wavelet-HLL","glszm","SmallAreaLowGrayLevelEmphasis","0.038137709548245795"
"wavelet-HLL","glszm","ZoneEntropy","5.618628984634597"
"wavelet-HLL","glszm","ZonePercentage","0.07119505993461678"
"wavelet-HLL","glszm","ZoneVariance","2963.7478915035394"
"wavelet-HLL","ngtdm","Busyness","4.720247599617797"
"wavelet-HLL","ngtdm","Coarseness","0.0026063677177605785"
"wavelet-HLL","ngtdm","Complexity","34.802075337604954"
"wavelet-HLL","ngtdm","Contrast","0.015545851157770508"
"wavelet-HLL","ngtdm","Strength","0.14044663631607232"
"wavelet-HLH","firstorder","10Percentile","-20.948156485327594"
"wavelet-HLH","firstorder","90Percentile","18.56190132479889"
"wavelet-HLH","firstorder","Energy","893460.5504559706"
"wavelet-HLH","firstorder","Entropy","1.6834554672885607"
"wavelet-HLH","firstorder","InterquartileRange","15.683080085460343"
"wavelet-HLH","firstorder","Kurtosis","6.09188262744077"
"wavelet-HLH","firstorder","Maximum","77.90690865898637"
"wavelet-HLH","firstorder","MeanAbsoluteDeviation","12.31428487718921"
"wavelet-HLH","firstorder","Mean","-0.48428585561315285"
"wavelet-HLH","firstorder","Median","-0.2694012886625513"
"wavelet-HLH","firstorder","Minimum","-94.38726651332186"
"wavelet-HLH","firstorder","Range","172.29417517230823"
"wavelet-HLH","firstorder","RobustMeanAbsoluteDeviation","6.951701900174783"
"wavelet-HLH","firstorder","RootMeanSquared","18.01501321728694"
"wavelet-HLH","firstorder","Skewness","-0.18893027677099394"
"wavelet-HLH","firstorder","TotalEnergy","835028.9712035345"
"wavelet-HLH","firstorder","Uniformity","0.37842744348238666"
"wavelet-HLH","firstorder","Variance","324.3061684290761"
"wavelet-HLH","glcm","Autocorrelation","20.016666002540227"
"wavelet-HLH","glcm","ClusterProminence","8.791299157116931"
"wavelet-HLH","glcm","ClusterShade","-0.27183011863281914"
"wavelet-HLH","glcm","ClusterTendency","1.3048189673524004"
"wavelet-HLH","glcm","Contrast","1.3131533734233296"
"wavelet-HLH","glcm","Correlation","-0.005729908945944684"
"wavelet-HLH","glcm","DifferenceAverage","0.7867774971156549"
"wavelet-HLH","glcm","DifferenceEntropy","1.5658096244492745"
"wavelet-HLH","glcm","DifferenceVariance","0.668181873144127"
"wavelet-HLH","glcm","Id","0.6753139826123267"
"wavelet-HLH","glcm","Idm","0.6564875495580904"
"wavelet-HLH","glcm","Idmn","0.9812168961160316"
"wavelet-HLH","glcm","Idn","0.9179048012104515"
"wavelet-HLH","glcm","Imc1","-0.06085914149470327"
"wavelet-HLH","glcm","Imc2","0.39391765399911544"
"wavelet-HLH","glcm","InverseVariance","0.48664891362365326"
"wavelet-HLH","glcm","JointAverage","4.474228192267345"
"wavelet-HLH","glcm","JointEnergy","0.15345921373169147"
"wavelet-HLH","glcm","JointEntropy","3.2975636979529708"
"wavelet-HLH","glcm","MCC","0.3264767211402711"
"wavelet-HLH","glcm","MaximumProbability","0.21709646223125553"
"wavelet-HLH","glcm","SumAverage","8.94845638453469"
"wavelet-HLH","glcm","SumEntropy","2.1583077604157066"
"wavelet-HLH","glcm","SumSquares","0.6544930851939325"
"wavelet-HLH","gldm","DependenceEntropy","5.346474863908993"
"wavelet-HLH","gldm","DependenceNonUniformity","192.5437704322557"
"wavelet-HLH","gldm","DependenceNonUniformityNormalized","0.06993961875490581"
"wavelet-HLH","gldm","DependenceVariance","15.509210768848538"
"wavelet-HLH","gldm","GrayLevelNonUniformity","1041.8107519070106"
"wavelet-HLH","gldm","GrayLevelVariance","0.6415865187651842"
"wavelet-HLH","gldm","HighGrayLevelEmphasis","20.652015982564475"
"wavelet-HLH","gldm","LargeDependenceEmphasis","85.0101707228478"
"wavelet-HLH","gldm","LargeDependenceHighGrayLevelEmphasis","1718.1994188158374"
"wavelet-HLH","gldm","LargeDependenceLowGrayLevelEmphasis","4.4878381803441805"
"wavelet-HLH","gldm","LowGrayLevelEmphasis","0.0579293692595091"
"wavelet-HLH","gldm","SmallDependenceEmphasis","0.055287504462328274"
"wavelet-HLH","gldm","SmallDependenceHighGrayLevelEmphasis","1.1886055872956622"
"wavelet-HLH","gldm","SmallDependenceLowGrayLevelEmphasis","0.004869809390277581"
"wavelet-HLH","glrlm","GrayLevelNonUniformity","693.6795257347071"
"wavelet-HLH","glrlm","GrayLevelNonUniformityNormalized","0.3500585561151967"
"wavelet-HLH","glrlm","GrayLevelVariance","0.7575245834046888"
"wavelet-HLH","glrlm","HighGrayLevelRunEmphasis","20.774041359110512"
"wavelet-HLH","glrlm","LongRunEmphasis","2.7859034439641865"
"wavelet-HLH","glrlm","LongRunHighGrayLevelEmphasis","57.12318354229477"
"wavelet-HLH","glrlm","LongRunLowGrayLevelEmphasis","0.15497125307848134"
"wavelet-HLH","glrlm","LowGrayLevelRunEmphasis","0.05981834494236877"
"wavelet-HLH","glrlm","RunEntropy","2.9523407329381053"
"wavelet-HLH","glrlm","RunLengthNonUniformity","1150.270748420953"
"wavelet-HLH","glrlm","RunLengthNonUniformityNormalized","0.5672026684129424"
"wavelet-HLH","glrlm","RunPercentage","0.7178183240660538"
"wavelet-HLH","glrlm","RunVariance","0.6700138879890076"
"wavelet-HLH","glrlm","ShortRunEmphasis","0.7721538124218491"
"wavelet-HLH","glrlm","ShortRunHighGrayLevelEmphasis","16.12489778447692"
"wavelet-HLH","glrlm","ShortRunLowGrayLevelEmphasis","0.04757573406333408"
"wavelet-HLH","glszm","GrayLevelNonUniformity","26.53731343283582"
"wavelet-HLH","glszm","GrayLevelNonUniformityNormalized","0.19803965248384942"
"wavelet-HLH","glszm","GrayLevelVariance","2.8178324793940743"
"wavelet-HLH","glszm","HighGrayLevelZoneEmphasis","22.007462686567163"
"wavelet-HLH","glszm","LargeAreaEmphasis","6663.201492537313"
"wavelet-HLH","glszm","LargeAreaHighGrayLevelEmphasis","136287.42537313432"
"wavelet-HLH","glszm","LargeAreaLowGrayLevelEmphasis","343.24212328028227"
"wavelet-HLH","glszm","LowGrayLevelZoneEmphasis","0.10151315065827327"
"wavelet-HLH","glszm","SizeZoneNonUniformity","30.597014925373134"
"wavelet-HLH","glszm","SizeZoneNonUniformityNormalized","0.22833593227890397"
"wavelet-HLH","glszm","SmallAreaEmphasis","0.48664176114955554"
"wavelet-HLH","glszm","SmallAreaHighGrayLevelEmphasis","10.660892862546472"
"wavelet-HLH","glszm","SmallAreaLowGrayLevelEmphasis","0.05339761735726263"
"wavelet-HLH","glszm","ZoneEntropy","4.982389842312477"
"wavelet-HLH","glszm","ZonePercentage","0.048674173628768615"
"wavelet-HLH","glszm","ZoneVariance","6241.113666740923"
"wavelet-HLH","ngtdm","Busyness","10.807819126293962"
"wavelet-HLH","ngtdm","Coarseness","0.0018799022103739881"
"wavelet-HLH","ngtdm","Complexity","18.16773274142007"
"wavelet-HLH","ngtdm","Contrast","0.014953717131392484"
"wavelet-HLH","ngtdm","Strength","0.05247429446887557"
"wavelet-HHL","firstorder","10Percentile","-10.056704268924836"
"wavelet-HHL","firstorder","90Percentile","9.984007608122582"
"wavelet-HHL","firstorder","Energy","243121.50508172688"
"wavelet-HHL","firstorder","Entropy","1.1851699940620888"
"wavelet-HHL","firstorder","InterquartileRange","9.013141160280824"
"wavelet-HHL","firstorder","Kurtosis","7.067557277935047"
"wavelet-HHL","firstorder","Maximum","56.102572827061664"
"wavelet-HHL","firstorder","MeanAbsoluteDeviation","6.5366706153414516"
"wavelet-HHL","firstorder","Mean","-0.0006069226249264248"
"wavelet-HHL","firstorder","Median","-0.09505880760020213"
"wavelet-HHL","firstorder","Minimum","-47.537643320788646"
"wavelet-HHL","firstorder","Range","103.64021614785031"
"wavelet-HHL","firstorder","RobustMeanAbsoluteDeviation","3.8842176576671963"
"wavelet-HHL","firstorder","RootMeanSquared","9.397418806943795"
"wavelet-HHL","firstorder","Skewness","0.31485752522771077"
"wavelet-HHL","firstorder","TotalEnergy","227221.56021577332"
"wavelet-HHL","firstorder","Uniformity","0.4734820871699717"
"wavelet-HHL","firstorder","Variance","88.31147986474588"
"wavelet-HHL","glcm","Autocorrelation","6.232185800895591"
"wavelet-HHL","glcm","ClusterProminence","1.2934657152375413"
"wavelet-HHL","glcm","ClusterShade","0.08164345715197151"
"wavelet-HHL","glcm","ClusterTendency","0.6400421295895811"
"wavelet-HHL","glcm","Contrast","0.6123272779642951"
"wavelet-HHL","glcm","Correlation","0.021957925325425433"
"wavelet-HHL","glcm","DifferenceAverage","0.5391688367288106"
"wavelet-HHL","glcm","DifferenceEntropy","1.163078112543986"
"wavelet-HHL","glcm","DifferenceVariance","0.31691242855716834"
"wavelet-HHL","glcm","Id","0.7415710635768087"
"wavelet-HHL","glcm","Idm","0.7376957155647287"
"wavelet-HHL","glcm","Idmn","0.9771765063406457"
"wavelet-HHL","glcm","Idn","0.9118046751607205"
"wavelet-HHL","glcm","Imc1","-0.0278660501555158"
"wavelet-HHL","glcm","Imc2","0.22058771071330374"
"wavelet-HHL","glcm","InverseVariance","0.484703486218827"
"wavelet-HHL","glcm","JointAverage","2.4950430642225907"
"wavelet-HHL","glcm","JointEnergy","0.22848281951265276"
"wavelet-HHL","glcm","JointEntropy","2.358316690760958"
"wavelet-HHL","glcm","MCC","0.2651022288981801"
"wavelet-HHL","glcm","MaximumProbability","0.2611790995525556"
"wavelet-HHL","glcm","SumAverage","4.990086128445181"
"wavelet-HHL","glcm","SumEntropy","1.686369109839328"
"wavelet-HHL","glcm","SumSquares","0.31309235188846907"
"wavelet-HHL","gldm","DependenceEntropy","5.05063140120048"
"wavelet-HHL","gldm","DependenceNonUniformity","197.4569560479477"
"wavelet-HHL","gldm","DependenceNonUniformityNormalized","0.07172428479765626"
"wavelet-HHL","gldm","DependenceVariance","14.667969387554495"
"wavelet-HHL","gldm","GrayLevelNonUniformity","1303.496185978932"
"wavelet-HHL","gldm","GrayLevelVariance","0.30810650838387976"
"wavelet-HHL","gldm","HighGrayLevelEmphasis","6.540864511442063"
"wavelet-HHL","gldm","LargeDependenceEmphasis","110.20741009807483"
"wavelet-HHL","gldm","LargeDependenceHighGrayLevelEmphasis","696.5045405012713"
"wavelet-HHL","gldm","LargeDependenceLowGrayLevelEmphasis","20.579655729103607"
"wavelet-HHL","gldm","LowGrayLevelEmphasis","0.18928724220042786"
"wavelet-HHL","gldm","SmallDependenceEmphasis","0.026040697012705342"
"wavelet-HHL","gldm","SmallDependenceHighGrayLevelEmphasis","0.19465843457377002"
"wavelet-HHL","gldm","SmallDependenceLowGrayLevelEmphasis","0.006147355301870921"
"wavelet-HHL","glrlm","GrayLevelNonUniformity","845.4867338845287"
"wavelet-HHL","glrlm","GrayLevelNonUniformityNormalized","0.46340022447242474"
"wavelet-HHL","glrlm","GrayLevelVariance","0.33040716482611704"
"wavelet-HHL","glrlm","HighGrayLevelRunEmphasis","6.619994127925202"
"wavelet-HHL","glrlm","LongRunEmphasis","3.0959209559314194"
"wavelet-HHL","glrlm","LongRunHighGrayLevelEmphasis","19.943990146934297"
"wavelet-HHL","glrlm","LongRunLowGrayLevelEmphasis","0.5818810167611133"
"wavelet-HHL","glrlm","LowGrayLevelRunEmphasis","0.1908791343827701"
"wavelet-HHL","glrlm","RunEntropy","2.5983647996961206"
"wavelet-HHL","glrlm","RunLengthNonUniformity","910.9191835089446"
"wavelet-HHL","glrlm","RunLengthNonUniformityNormalized","0.49303565904276714"
"wavelet-HHL","glrlm","RunPercentage","0.6625220039676994"
"wavelet-HHL","glrlm","RunVariance","0.7513476348861078"
"wavelet-HHL","glrlm","ShortRunEmphasis","0.7179791169301376"
"wavelet-HHL","glrlm","ShortRunHighGrayLevelEmphasis","4.803638150495293"
"wavelet-HHL","glrlm","ShortRunLowGrayLevelEmphasis","0.1384956242330797"
"wavelet-HHL","glszm","GrayLevelNonUniformity","9.878048780487806"
"wavelet-HHL","glszm","GrayLevelNonUniformityNormalized","0.2409280190362879"
"wavelet-HHL","glszm","GrayLevelVariance","1.3599048185603806"
"wavelet-HHL","glszm","HighGrayLevelZoneEmphasis","8.170731707317072"
"wavelet-HHL","glszm","LargeAreaEmphasis","29730.80487804878"
"wavelet-HHL","glszm","LargeAreaHighGrayLevelEmphasis","188102.26829268291"
"wavelet-HHL","glszm","LargeAreaLowGrayLevelEmphasis","5515.793536585366"
"wavelet-HHL","glszm","LowGrayLevelZoneEmphasis","0.3287195121951219"
"wavelet-HHL","glszm","SizeZoneNonUniformity","5.097560975609756"
"wavelet-HHL","glszm","SizeZoneNonUniformityNormalized","0.12433075550267698"
"wavelet-HHL","glszm","SmallAreaEmphasis","0.32386305228830886"
"wavelet-HHL","glszm","SmallAreaHighGrayLevelEmphasis","3.037682086339751"
"wavelet-HHL","glszm","SmallAreaLowGrayLevelEmphasis","0.11768537374135417"
"wavelet-HHL","glszm","ZoneEntropy","4.647322358794568"
"wavelet-HHL","glszm","ZonePercentage","0.014892844169996368"
"wavelet-HHL","glszm","ZoneVariance","25222.17370612731"
"wavelet-HHL","ngtdm","Busyness","41.9974793511133"
"wavelet-HHL","ngtdm","Coarseness","0.0015583765964615585"
"wavelet-HHL","ngtdm","Complexity","5.963543478438438"
"wavelet-HHL","ngtdm","Contrast","0.016012718849641665"
"wavelet-HHL","ngtdm","Strength","0.017903406594791865"
"wavelet-HHH","firstorder","10Percentile","-7.600615743399274"
"wavelet-HHH","firstorder","90Percentile","7.76531709381895"
"wavelet-HHH","firstorder","Energy","141574.2464250544"
"wavelet-HHH","firstorder","Entropy","1.086286539719997"
"wavelet-HHH","firstorder","InterquartileRange","6.821323291282852"
"wavelet-HHH","firstorder","Kurtosis","6.776535455738986"
"wavelet-HHH","firstorder","Maximum","38.54342668595466"
"wavelet-HHH","firstorder","MeanAbsoluteDeviation","4.996385180592541"
"wavelet-HHH","firstorder","Mean","0.03977242747801376"
"wavelet-HHH","firstorder","Median","0.07387838127025875"
"wavelet-HHH","firstorder","Minimum","-40.85422908139739"
"wavelet-HHH","firstorder","Range","79.39765576735205"
"wavelet-HHH","firstorder","RobustMeanAbsoluteDeviation","2.956020980666799"
"wavelet-HHH","firstorder","RootMeanSquared","7.171153580182271"
"wavelet-HHH","firstorder","Skewness","-0.1744895742874659"
"wavelet-HHH","firstorder","TotalEnergy","132315.40808477433"
"wavelet-HHH","firstorder","Uniformity","0.48927940315152024"
"wavelet-HHH","firstorder","Variance","51.423861824573486"
"wavelet-HHH","glcm","Autocorrelation","6.242566143324963"
"wavelet-HHH","glcm","ClusterProminence","0.6872028047294622"
"wavelet-HHH","glcm","ClusterShade","-0.019291246509124362"
"wavelet-HHH","glcm","ClusterTendency","0.5317968977698976"
"wavelet-HHH","glcm","Contrast","0.5606316978189685"
"wavelet-HHH","glcm","Correlation","-0.026396452206217433"
"wavelet-HHH","glcm","DifferenceAverage","0.534921699189383"
"wavelet-HHH","glcm","DifferenceEntropy","1.074481825628009"
"wavelet-HHH","glcm","DifferenceVariance","0.27178010645784073"
"wavelet-HHH","glcm","Id","0.7366981430666156"
"wavelet-HHH","glcm","Idm","0.735110150268267"
"wavelet-HHH","glcm","Idmn","0.9675073913227271"
"wavelet-HHH","glcm","Idn","0.8938582593038382"
"wavelet-HHH","glcm","Imc1","-0.013038109246178386"
"wavelet-HHH","glcm","Imc2","0.13582937002397139"
"wavelet-HHH","glcm","InverseVariance","0.5136155175412387"
"wavelet-HHH","glcm","JointAverage","2.4999534103677945"
"wavelet-HHH","glcm","JointEnergy","0.2416753278092797"
"wavelet-HHH","glcm","JointEntropy","2.166428825703898"
"wavelet-HHH","glcm","MCC","0.138312527428161"
"wavelet-HHH","glcm","MaximumProbability","0.26138026925157753"
"wavelet-HHH","glcm","SumAverage","4.999906820735589"
"wavelet-HHH","glcm","SumEntropy","1.5635540433969939"
"wavelet-HHH","glcm","SumSquares","0.27310714889721643"
"wavelet-HHH","gldm","DependenceEntropy","4.75837138330693"
"wavelet-HHH","gldm","DependenceNonUniformity","230.11660007264803"
"wavelet-HHH","gldm","DependenceNonUniformityNormalized","0.08358757721491028"
"wavelet-HHH","gldm","DependenceVariance","11.016270332968334"
"wavelet-HHH","gldm","GrayLevelNonUniformity","1346.9861968761352"
"wavelet-HHH","gldm","GrayLevelVariance","0.2717904148154462"
"wavelet-HHH","gldm","HighGrayLevelEmphasis","6.531783508899382"
"wavelet-HHH","gldm","LargeDependenceEmphasis","101.51144206320377"
"wavelet-HHH","gldm","LargeDependenceHighGrayLevelEmphasis","664.4126407555394"
"wavelet-HHH","gldm","LargeDependenceLowGrayLevelEmphasis","18.22615732332405"
"wavelet-HHH","gldm","LowGrayLevelEmphasis","0.1846672317068249"
"wavelet-HHH","gldm","SmallDependenceEmphasis","0.023783303678145237"
"wavelet-HHH","gldm","SmallDependenceHighGrayLevelEmphasis","0.15947427916373993"
"wavelet-HHH","gldm","SmallDependenceLowGrayLevelEmphasis","0.006282519723931102"
"wavelet-HHH","glrlm","GrayLevelNonUniformity","897.4263369656177"
"wavelet-HHH","glrlm","GrayLevelNonUniformityNormalized","0.48455696557374633"
"wavelet-HHH","glrlm","GrayLevelVariance","0.28146385578223565"
"wavelet-HHH","glrlm","HighGrayLevelRunEmphasis","6.526036544504418"
"wavelet-HHH","glrlm","LongRunEmphasis","2.9686268810876557"
"wavelet-HHH","glrlm","LongRunHighGrayLevelEmphasis","19.412091155130526"
"wavelet-HHH","glrlm","LongRunLowGrayLevelEmphasis","0.5409092166085104"
"wavelet-HHH","glrlm","LowGrayLevelRunEmphasis","0.18701040040803635"
"wavelet-HHH","glrlm","RunEntropy","2.442318788009163"
"wavelet-HHH","glrlm","RunLengthNonUniformity","945.8332700232605"
"wavelet-HHH","glrlm","RunLengthNonUniformityNormalized","0.5044550373452614"
"wavelet-HHH","glrlm","RunPercentage","0.6725809606303612"
"wavelet-HHH","glrlm","RunVariance","0.6951123661290111"
"wavelet-HHH","glrlm","ShortRunEmphasis","0.7247681281704316"
"wavelet-HHH","glrlm","ShortRunHighGrayLevelEmphasis","4.726825956447095"
"wavelet-HHH","glrlm","ShortRunLowGrayLevelEmphasis","0.13736125094545365"
"wavelet-HHH","glszm","GrayLevelNonUniformity","8.393939393939394"
"wavelet-HHH","glszm","GrayLevelNonUniformityNormalized","0.25436179981634527"
"wavelet-HHH","glszm","GrayLevelVariance","1.3351698806244263"
"wavelet-HHH","glszm","HighGrayLevelZoneEmphasis","7.212121212121212"
"wavelet-HHH","glszm","LargeAreaEmphasis","38151.84848484849"
"wavelet-HHH","glszm","LargeAreaHighGrayLevelEmphasis","249630.24242424243"
"wavelet-HHH","glszm","LargeAreaLowGrayLevelEmphasis","6843.819865319865"
"wavelet-HHH","glszm","LowGrayLevelZoneEmphasis","0.39814814814814814"
"wavelet-HHH","glszm","SizeZoneNonUniformity","4.636363636363637"
"wavelet-HHH","glszm","SizeZoneNonUniformityNormalized","0.14049586776859505"
"wavelet-HHH","glszm","SmallAreaEmphasis","0.33297236506796"
"wavelet-HHH","glszm","SmallAreaHighGrayLevelEmphasis","2.6211732425730463"
"wavelet-HHH","glszm","SmallAreaLowGrayLevelEmphasis","0.18919452380127183"
"wavelet-HHH","glszm","ZoneEntropy","4.063650847340257"
"wavelet-HHH","glszm","ZonePercentage","0.01198692335633854"
"wavelet-HHH","glszm","ZoneVariance","31192.24426078971"
"wavelet-HHH","ngtdm","Busyness","63.618831924576405"
"wavelet-HHH","ngtdm","Coarseness","0.001444756620829621"
"wavelet-HHH","ngtdm","Complexity","3.577119952565635"
"wavelet-HHH","ngtdm","Contrast","0.02377684693679964"
"wavelet-HHH","ngtdm","Strength","0.0084249703868306"
"wavelet-LLL","firstorder","10Percentile","-2540.415672935316"
"wavelet-LLL","firstorder","90Percentile","-2165.866315720805"
"wavelet-LLL","firstorder","Energy","15127255056.842417"
"wavelet-LLL","firstorder","Entropy","4.135953569174359"
"wavelet-LLL","firstorder","InterquartileRange","275.895586128343"
"wavelet-LLL","firstorder","Kurtosis","1.746014683413328"
"wavelet-LLL","firstorder","Maximum","-2135.3683598848506"
"wavelet-LLL","firstorder","MeanAbsoluteDeviation","128.00508211663654"
"wavelet-LLL","firstorder","Mean","-2339.641111883119"
"wavelet-LLL","firstorder","Median","-2330.922524926534"
"wavelet-LLL","firstorder","Minimum","-2690.191782360361"
"wavelet-LLL","firstorder","Range","554.8234224755101"
"wavelet-LLL","firstorder","RobustMeanAbsoluteDeviation","106.76710375140718"
"wavelet-LLL","firstorder","RootMeanSquared","2344.104448483178"
"wavelet-LLL","firstorder","Skewness","-0.2540028715989448"
"wavelet-LLL","firstorder","TotalEnergy","14137945117.780636"
"wavelet-LLL","firstorder","Uniformity","0.07002010421151367"
"wavelet-LLL","firstorder","Variance","20905.132984948705"
"wavelet-LLL","glcm","Autocorrelation","284.5306493055597"
"wavelet-LLL","glcm","ClusterProminence","22272.232619148246"
"wavelet-LLL","glcm","ClusterShade","-545.9922124486125"
"wavelet-LLL","glcm","ClusterTendency","105.76884189545868"
"wavelet-LLL","glcm","Contrast","16.43987622445309"
"wavelet-LLL","glcm","Correlation","0.7296173779165087"
"wavelet-LLL","glcm","DifferenceAverage","2.7635457146108826"
"wavelet-LLL","glcm","DifferenceEntropy","3.053160442075314"
"wavelet-LLL","glcm","DifferenceVariance","8.333006666891215"
"wavelet-LLL","glcm","Id","0.4575307803507967"
"wavelet-LLL","glcm","Idm","0.3918895814647622"
"wavelet-LLL","glcm","Idmn","0.9726084840358575"
"wavelet-LLL","glcm","Idn","0.9031719384742771"
"wavelet-LLL","glcm","Imc1","-0.1843538180555223"
"wavelet-LLL","glcm","Imc2","0.8575966624899709"
"wavelet-LLL","glcm","InverseVariance","0.3111032815761385"
"wavelet-LLL","glcm","JointAverage","16.186207140578993"
"wavelet-LLL","glcm","JointEnergy","0.023200037253769228"
"wavelet-LLL","glcm","JointEntropy","7.111489935600905"
"wavelet-LLL","glcm","MCC","0.7490067338950264"
"wavelet-LLL","glcm","MaximumProbability","0.11498798966176518"
"wavelet-LLL","glcm","SumAverage","32.37241428115798"
"wavelet-LLL","glcm","SumEntropy","4.8601368313518405"
"wavelet-LLL","glcm","SumSquares","30.552179529977938"
"wavelet-LLL","gldm","DependenceEntropy","7.063742290781"
"wavelet-LLL","gldm","DependenceNonUniformity","334.60043588812204"
"wavelet-LLL","gldm","DependenceNonUniformityNormalized","0.12154029636328444"
"wavelet-LLL","gldm","DependenceVariance","21.898203577802846"
"wavelet-LLL","gldm","GrayLevelNonUniformity","192.76534689429712"
"wavelet-LLL","gldm","GrayLevelVariance","33.49229378141654"
"wavelet-LLL","gldm","HighGrayLevelEmphasis","256.2313839447875"
"wavelet-LLL","gldm","LargeDependenceEmphasis","46.99273519796586"
"wavelet-LLL","gldm","LargeDependenceHighGrayLevelEmphasis","19219.86451144206"
"wavelet-LLL","gldm","LargeDependenceLowGrayLevelEmphasis","0.20253465493056413"
"wavelet-LLL","gldm","LowGrayLevelEmphasis","0.010325861255365705"
"wavelet-LLL","gldm","SmallDependenceEmphasis","0.26401190315588335"
"wavelet-LLL","gldm","SmallDependenceHighGrayLevelEmphasis","50.15770642100834"
"wavelet-LLL","gldm","SmallDependenceLowGrayLevelEmphasis","0.004159200727662644"
"wavelet-LLL","glrlm","GrayLevelNonUniformity","134.93774112698898"
"wavelet-LLL","glrlm","GrayLevelNonUniformityNormalized","0.05779577662884486"
"wavelet-LLL","glrlm","GrayLevelVariance","31.682017180884223"
"wavelet-LLL","glrlm","HighGrayLevelRunEmphasis","237.02961679562188"
"wavelet-LLL","glrlm","LongRunEmphasis","1.8160615082051987"
"wavelet-LLL","glrlm","LongRunHighGrayLevelEmphasis","550.6893162523015"
"wavelet-LLL","glrlm","LongRunLowGrayLevelEmphasis","0.01528873317299526"
"wavelet-LLL","glrlm","LowGrayLevelRunEmphasis","0.011168057550027293"
"wavelet-LLL","glrlm","RunEntropy","4.8299973477331"
"wavelet-LLL","glrlm","RunLengthNonUniformity","1817.3313781175907"
"wavelet-LLL","glrlm","RunLengthNonUniformityNormalized","0.7764615075465982"
"wavelet-LLL","glrlm","RunPercentage","0.845790606052139"
"wavelet-LLL","glrlm","RunVariance","0.39512435255727196"
"wavelet-LLL","glrlm","ShortRunEmphasis","0.900779112394009"
"wavelet-LLL","glrlm","ShortRunHighGrayLevelEmphasis","204.49620715571015"
"wavelet-LLL","glrlm","ShortRunLowGrayLevelEmphasis","0.010493079266173792"
"wavelet-LLL","glszm","GrayLevelNonUniformity","46.34507042253521"
"wavelet-LLL","glszm","GrayLevelNonUniformityNormalized","0.05439562256166105"
"wavelet-LLL","glszm","GrayLevelVariance","26.212782957526066"
"wavelet-LLL","glszm","HighGrayLevelZoneEmphasis","186.4788732394366"
"wavelet-LLL","glszm","LargeAreaEmphasis","249.7593896713615"
"wavelet-LLL","glszm","LargeAreaHighGrayLevelEmphasis","112860.02699530516"
"wavelet-LLL","glszm","LargeAreaLowGrayLevelEmphasis","0.7057228185440523"
"wavelet-LLL","glszm","LowGrayLevelZoneEmphasis","0.015501742879797026"
"wavelet-LLL","glszm","SizeZoneNonUniformity","331.69718309859155"
"wavelet-LLL","glszm","SizeZoneNonUniformityNormalized","0.38931594260398067"
"wavelet-LLL","glszm","SmallAreaEmphasis","0.6479008904389181"
"wavelet-LLL","glszm","SmallAreaHighGrayLevelEmphasis","115.25417360029684"
"wavelet-LLL","glszm","SmallAreaLowGrayLevelEmphasis","0.011378256272183354"
"wavelet-LLL","glszm","ZoneEntropy","6.103761687892493"
"wavelet-LLL","glszm","ZonePercentage","0.30948056665455864"
"wavelet-LLL","glszm","ZoneVariance","239.31860273534795"
"wavelet-LLL","ngtdm","Busyness","0.873022459355339"
"wavelet-LLL","ngtdm","Coarseness","0.0032697774117082736"
"wavelet-LLL","ngtdm","Complexity","386.53841085584634"
"wavelet-LLL","ngtdm","Contrast","0.23997396674813026"
"wavelet-LLL","ngtdm","Strength","0.7931144766514291"
