"Image type","Feature Class","Feature Name","Segmentation_segment_Segment_1"
"diagnostics","Versions","PyRadiomics","v3.0.1.post4+gad5b2de"
"diagnostics","Versions","Numpy","1.19.2"
"diagnostics","Versions","SimpleITK","2.0.2"
"diagnostics","Versions","PyWavelet","1.1.1"
"diagnostics","Versions","Python","3.6.7"
"diagnostics","Configuration","Settings","{'minimumROIDimensions': 2, 'minimumROISize': None, 'normalize': False, 'normalizeScale': 1, 'removeOutliers': None, 'resampledPixelSpacing': None, 'interpolator': 'sitkBSpline', 'preCrop': False, 'padDistance': 5, 'distances': [1], 'force2D': False, 'force2Ddimension': 0, 'resegmentRange': None, 'label': 1, 'additionalInfo': True, 'binWidth': 25.0, 'symmetricalGLCM': True, 'correctMask': True}"
"diagnostics","Configuration","EnabledImageTypes","{'Original': {}, 'Wavelet': {}}"
"diagnostics","Image-original","Hash","a391a7ad241cfdb7465ea3bdd5c0ddb7536f6ae9"
"diagnostics","Image-original","Dimensionality","3D"
"diagnostics","Image-original","Spacing","(0.759765625, 0.759765625, 5.0)"
"diagnostics","Image-original","Size","(512, 512, 76)"
"diagnostics","Image-original","Mean","-901.7903183384946"
"diagnostics","Image-original","Minimum","-969.0"
"diagnostics","Image-original","Maximum","-769.0"
"diagnostics","Mask-original","Hash","57020048feca6a38f5cd7f0c3faf4ded272eb72e"
"diagnostics","Mask-original","Spacing","(0.759765625, 0.759765625, 5.0)"
"diagnostics","Mask-original","Size","(512, 512, 76)"
"diagnostics","Mask-original","BoundingBox","(315, 344, 67, 7, 7, 2)"
"diagnostics","Mask-original","VoxelNum","42"
"diagnostics","Mask-original","VolumeNum","1"
"diagnostics","Mask-original","CenterOfMassIndex","(318.4761904761905, 347.1190476190476, 67.26190476190476)"
"diagnostics","Mask-original","CenterOfMass","(42.41026190476185, 200.52912016369044, -488.59047619047595)"
"original","shape","Elongation","0.519891712661293"
"original","shape","Flatness","0.46067962329870615"
"original","shape","LeastAxisLength","4.101974804939457"
"original","shape","MajorAxisLength","8.904181121724422"
"original","shape","Maximum2DDiameterColumn","10.697247081529483"
"original","shape","Maximum2DDiameterRow","10.451598005994406"
"original","shape","Maximum2DDiameterSlice","5.531177240097894"
"original","shape","Maximum3DDiameter","10.937380370439522"
"original","shape","MeshVolume","106.42932653427124"
"original","shape","MinorAxisLength","4.629209973219662"
"original","shape","Sphericity","0.7517636818377122"
"original","shape","SurfaceArea","144.46977385993506"
"original","shape","SurfaceVolumeRatio","1.3574244859419875"
"original","shape","VoxelVolume","121.22119903564453"
"original","firstorder","10Percentile","-902.9"
"original","firstorder","90Percentile","-815.3000000000001"
"original","firstorder","Energy","30681794.0"
"original","firstorder","Entropy","2.170502247132299"
"original","firstorder","InterquartileRange","57.5"
"original","firstorder","Kurtosis","1.7901292735415677"
"original","firstorder","Maximum","-801.0"
"original","firstorder","MeanAbsoluteDeviation","31.798185941043087"
"original","firstorder","Mean","-853.952380952381"
"original","firstorder","Median","-844.0"
"original","firstorder","Minimum","-921.0"
"original","firstorder","Range","120.0"
"original","firstorder","RobustMeanAbsoluteDeviation","24.5234375"
"original","firstorder","RootMeanSquared","854.7039866304034"
"original","firstorder","Skewness","-0.38768855522658263"
"original","firstorder","TotalEnergy","88554377.55344391"
"original","firstorder","Uniformity","0.23922902494331064"
"original","firstorder","Variance","1284.2358276643993"
"original","glcm","Autocorrelation","8.636709777317396"
"original","glcm","ClusterProminence","28.58457040745315"
"original","glcm","ClusterShade","-4.02884051335757"
"original","glcm","ClusterTendency","2.3193278509319453"
"original","glcm","Contrast","6.220577736234021"
"original","glcm","Correlation","-0.38911054373607307"
"original","glcm","DifferenceAverage","2.1541561870955643"
"original","glcm","DifferenceEntropy","1.5181858587789976"
"original","glcm","DifferenceVariance","0.6587586667220588"
"original","glcm","Id","0.4133455349512542"
"original","glcm","Idm","0.3130029753932129"
"original","glcm","Idmn","0.8209150892451365"
"original","glcm","Idn","0.7236691975979842"
"original","glcm","Imc1","-0.4432390325680442"
"original","glcm","Imc2","0.9049167315156317"
"original","glcm","InverseVariance","0.24861429719682718"
"original","glcm","JointAverage","3.0809215428723205"
"original","glcm","JointEnergy","0.12305570594774662"
"original","glcm","JointEntropy","3.205952853296379"
"original","glcm","MCC","0.9336416369960526"
"original","glcm","MaximumProbability","0.17640931685008437"
"original","glcm","SumAverage","6.161843085744644"
"original","glcm","SumEntropy","1.9551411167292716"
"original","glcm","SumSquares","2.134976396791492"
"original","gldm","DependenceEntropy","4.139241458895642"
"original","gldm","DependenceNonUniformity","7.809523809523809"
"original","gldm","DependenceNonUniformityNormalized","0.18594104308390022"
"original","gldm","DependenceVariance","2.984126984126984"
"original","gldm","GrayLevelNonUniformity","10.047619047619047"
"original","gldm","GrayLevelVariance","1.9756235827664397"
"original","gldm","HighGrayLevelEmphasis","12.928571428571429"
"original","gldm","LargeDependenceEmphasis","16.428571428571427"
"original","gldm","LargeDependenceHighGrayLevelEmphasis","234.35714285714286"
"original","gldm","LargeDependenceLowGrayLevelEmphasis","3.41936507936508"
"original","gldm","LowGrayLevelEmphasis","0.23472222222222225"
"original","gldm","SmallDependenceEmphasis","0.2361107061872368"
"original","gldm","SmallDependenceHighGrayLevelEmphasis","2.8713228862973756"
"original","gldm","SmallDependenceLowGrayLevelEmphasis","0.03891669096209912"
"original","glrlm","GrayLevelNonUniformity","8.913161982396634"
"original","glrlm","GrayLevelNonUniformityNormalized","0.23549584583867045"
"original","glrlm","GrayLevelVariance","1.9562408166110972"
"original","glrlm","HighGrayLevelRunEmphasis","12.770920664701153"
"original","glrlm","LongRunEmphasis","1.5545490023013149"
"original","glrlm","LongRunHighGrayLevelEmphasis","20.755498352572577"
"original","glrlm","LongRunLowGrayLevelEmphasis","0.35829568899409625"
"original","glrlm","LowGrayLevelRunEmphasis","0.23538103812509564"
"original","glrlm","RunEntropy","2.5209310741335234"
"original","glrlm","RunLengthNonUniformity","33.03967975674452"
"original","glrlm","RunLengthNonUniformityNormalized","0.8379536514936604"
"original","glrlm","RunPercentage","0.8974358974358974"
"original","glrlm","RunVariance","0.1706020818200381"
"original","glrlm","ShortRunEmphasis","0.9099099158597687"
"original","glrlm","ShortRunHighGrayLevelEmphasis","11.565887274900364"
"original","glrlm","ShortRunLowGrayLevelEmphasis","0.2139185868963091"
"original","glszm","GrayLevelNonUniformity","2.6666666666666665"
"original","glszm","GrayLevelNonUniformityNormalized","0.2222222222222222"
"original","glszm","GrayLevelVariance","1.472222222222222"
"original","glszm","HighGrayLevelZoneEmphasis","11.5"
"original","glszm","LargeAreaEmphasis","25.666666666666668"
"original","glszm","LargeAreaHighGrayLevelEmphasis","384.4166666666667"
"original","glszm","LargeAreaLowGrayLevelEmphasis","4.915694444444445"
"original","glszm","LowGrayLevelZoneEmphasis","0.1959027777777778"
"original","glszm","SizeZoneNonUniformity","4.666666666666667"
"original","glszm","SizeZoneNonUniformityNormalized","0.3888888888888889"
"original","glszm","SmallAreaEmphasis","0.6104038065843621"
"original","glszm","SmallAreaHighGrayLevelEmphasis","7.463220164609054"
"original","glszm","SmallAreaLowGrayLevelEmphasis","0.07054028420781892"
"original","glszm","ZoneEntropy","3.0220552088741974"
"original","glszm","ZonePercentage","0.2857142857142857"
"original","glszm","ZoneVariance","13.416666666666666"
"original","ngtdm","Busyness","0.9381444052517269"
"original","ngtdm","Coarseness","0.0793780623638654"
"original","ngtdm","Complexity","12.300494654306371"
"original","ngtdm","Contrast","0.2646859809530384"
"original","ngtdm","Strength","0.7235537382557493"
"wavelet-LLH","firstorder","10Percentile","37.70372154052506"
"wavelet-LLH","firstorder","90Percentile","110.85057980966036"
"wavelet-LLH","firstorder","Energy","230048.34115041603"
"wavelet-LLH","firstorder","Entropy","1.9400860308813548"
"wavelet-LLH","firstorder","InterquartileRange","50.418037765508174"
"wavelet-LLH","firstorder","Kurtosis","1.994343074638239"
"wavelet-LLH","firstorder","Maximum","121.83884161730731"
"wavelet-LLH","firstorder","MeanAbsoluteDeviation","22.920169319072386"
"wavelet-LLH","firstorder","Mean","68.70787675356718"
"wavelet-LLH","firstorder","Median","63.05613363501293"
"wavelet-LLH","firstorder","Minimum","21.76009029652628"
"wavelet-LLH","firstorder","Range","100.07875132078104"
"wavelet-LLH","firstorder","RobustMeanAbsoluteDeviation","16.8043942382365"
"wavelet-LLH","firstorder","RootMeanSquared","74.00906333660957"
"wavelet-LLH","firstorder","Skewness","0.42210323631038393"
"wavelet-LLH","firstorder","TotalEnergy","663969.8988193914"
"wavelet-LLH","firstorder","Uniformity","0.2891156462585034"
"wavelet-LLH","firstorder","Variance","756.5691279789108"
"wavelet-LLH","glcm","Autocorrelation","11.89038767102588"
"wavelet-LLH","glcm","ClusterProminence","13.99176925382301"
"wavelet-LLH","glcm","ClusterShade","1.8413371257787006"
"wavelet-LLH","glcm","ClusterTendency","1.6088122683202326"
"wavelet-LLH","glcm","Contrast","4.378721517173965"
"wavelet-LLH","glcm","Correlation","-0.34652450381314404"
"wavelet-LLH","glcm","DifferenceAverage","1.7765904585773884"
"wavelet-LLH","glcm","DifferenceEntropy","0.7936008978257308"
"wavelet-LLH","glcm","DifferenceVariance","0.20109881306954902"
"wavelet-LLH","glcm","Id","0.46851390984803104"
"wavelet-LLH","glcm","Idm","0.3719178765709633"
"wavelet-LLH","glcm","Idmn","0.8626583876156685"
"wavelet-LLH","glcm","Idn","0.7603657080158749"
"wavelet-LLH","glcm","Imc1","-0.6555546650352659"
"wavelet-LLH","glcm","Imc2","0.9346399693999904"
"wavelet-LLH","glcm","InverseVariance","0.22580872713832947"
"wavelet-LLH","glcm","JointAverage","3.535944645284885"
"wavelet-LLH","glcm","JointEnergy","0.2615765150247561"
"wavelet-LLH","glcm","JointEntropy","2.261751691517017"
"wavelet-LLH","glcm","MCC","0.9723251307863752"
"wavelet-LLH","glcm","MaximumProbability","0.33302323346122004"
"wavelet-LLH","glcm","SumAverage","7.07188929056977"
"wavelet-LLH","glcm","SumEntropy","1.4440119929850856"
"wavelet-LLH","glcm","SumSquares","1.4968834463735494"
"wavelet-LLH","gldm","DependenceEntropy","4.100301648814696"
"wavelet-LLH","gldm","DependenceNonUniformity","7.285714285714286"
"wavelet-LLH","gldm","DependenceNonUniformityNormalized","0.17346938775510204"
"wavelet-LLH","gldm","DependenceVariance","3.6666666666666665"
"wavelet-LLH","gldm","GrayLevelNonUniformity","12.142857142857142"
"wavelet-LLH","gldm","GrayLevelVariance","1.3588435374149659"
"wavelet-LLH","gldm","HighGrayLevelEmphasis","11.69047619047619"
"wavelet-LLH","gldm","LargeDependenceEmphasis","28.666666666666668"
"wavelet-LLH","gldm","LargeDependenceHighGrayLevelEmphasis","342.6904761904762"
"wavelet-LLH","gldm","LargeDependenceLowGrayLevelEmphasis","3.830906084656085"
"wavelet-LLH","gldm","LowGrayLevelEmphasis","0.1515542328042328"
"wavelet-LLH","gldm","SmallDependenceEmphasis","0.12012194957348019"
"wavelet-LLH","gldm","SmallDependenceHighGrayLevelEmphasis","1.1098574667962422"
"wavelet-LLH","gldm","SmallDependenceLowGrayLevelEmphasis","0.03693428407959304"
"wavelet-LLH","glrlm","GrayLevelNonUniformity","10.076640026640026"
"wavelet-LLH","glrlm","GrayLevelNonUniformityNormalized","0.2795378280930229"
"wavelet-LLH","glrlm","GrayLevelVariance","1.3619186540371604"
"wavelet-LLH","glrlm","HighGrayLevelRunEmphasis","11.597699522699521"
"wavelet-LLH","glrlm","LongRunEmphasis","2.3114607614607614"
"wavelet-LLH","glrlm","LongRunHighGrayLevelEmphasis","26.88503441003441"
"wavelet-LLH","glrlm","LongRunLowGrayLevelEmphasis","0.33198286975370306"
"wavelet-LLH","glrlm","LowGrayLevelRunEmphasis","0.15752040860374195"
"wavelet-LLH","glrlm","RunEntropy","2.340820361487602"
"wavelet-LLH","glrlm","RunLengthNonUniformity","31.41981351981352"
"wavelet-LLH","glrlm","RunLengthNonUniformityNormalized","0.80277059640696"
"wavelet-LLH","glrlm","RunPercentage","0.8461538461538461"
"wavelet-LLH","glrlm","RunVariance","0.34518595041322314"
"wavelet-LLH","glrlm","ShortRunEmphasis","0.8468044763878096"
"wavelet-LLH","glrlm","ShortRunHighGrayLevelEmphasis","9.716458803542137"
"wavelet-LLH","glrlm","ShortRunLowGrayLevelEmphasis","0.1371988809158948"
"wavelet-LLH","glszm","GrayLevelNonUniformity","1.5714285714285714"
"wavelet-LLH","glszm","GrayLevelNonUniformityNormalized","0.22448979591836735"
"wavelet-LLH","glszm","GrayLevelVariance","1.7142857142857142"
"wavelet-LLH","glszm","HighGrayLevelZoneEmphasis","10.714285714285714"
"wavelet-LLH","glszm","LargeAreaEmphasis","69.14285714285714"
"wavelet-LLH","glszm","LargeAreaHighGrayLevelEmphasis","767.5714285714286"
"wavelet-LLH","glszm","LargeAreaLowGrayLevelEmphasis","9.179563492063492"
"wavelet-LLH","glszm","LowGrayLevelZoneEmphasis","0.25373015873015875"
"wavelet-LLH","glszm","SizeZoneNonUniformity","1.8571428571428572"
"wavelet-LLH","glszm","SizeZoneNonUniformityNormalized","0.2653061224489796"
"wavelet-LLH","glszm","SmallAreaEmphasis","0.46745295897284533"
"wavelet-LLH","glszm","SmallAreaHighGrayLevelEmphasis","3.616887728748524"
"wavelet-LLH","glszm","SmallAreaLowGrayLevelEmphasis","0.19014644906860814"
"wavelet-LLH","glszm","ZoneEntropy","2.807354922057602"
"wavelet-LLH","glszm","ZonePercentage","0.16666666666666666"
"wavelet-LLH","glszm","ZoneVariance","33.14285714285714"
"wavelet-LLH","ngtdm","Busyness","0.8600325785082149"
"wavelet-LLH","ngtdm","Coarseness","0.09111074500356897"
"wavelet-LLH","ngtdm","Complexity","10.19478965698357"
"wavelet-LLH","ngtdm","Contrast","0.1362064060053613"
"wavelet-LLH","ngtdm","Strength","0.8087408428080267"
"wavelet-LHL","firstorder","10Percentile","-20.991250234824896"
"wavelet-LHL","firstorder","90Percentile","6.372781782130774"
"wavelet-LHL","firstorder","Energy","10102.68046887581"
"wavelet-LHL","firstorder","Entropy","1.2457873952707108"
"wavelet-LHL","firstorder","InterquartileRange","21.09883488603034"
"wavelet-LHL","firstorder","Kurtosis","2.953854981735092"
"wavelet-LHL","firstorder","Maximum","19.679730088476127"
"wavelet-LHL","firstorder","MeanAbsoluteDeviation","11.594602070604756"
"wavelet-LHL","firstorder","Mean","-7.349578751503833"
"wavelet-LHL","firstorder","Median","-4.3820603227014185"
"wavelet-LHL","firstorder","Minimum","-45.687252463246566"
"wavelet-LHL","firstorder","Range","65.36698255172269"
"wavelet-LHL","firstorder","RobustMeanAbsoluteDeviation","8.422710848695473"
"wavelet-LHL","firstorder","RootMeanSquared","15.509352377314462"
"wavelet-LHL","firstorder","Skewness","-0.37282718331120757"
"wavelet-LHL","firstorder","TotalEnergy","29158.548569312217"
"wavelet-LHL","firstorder","Uniformity","0.47052154195011336"
"wavelet-LHL","firstorder","Variance","186.52370333915317"
"wavelet-LHL","glcm","Autocorrelation","5.723962833967006"
"wavelet-LHL","glcm","ClusterProminence","0.9938544982862972"
"wavelet-LHL","glcm","ClusterShade","-0.024627546091774595"
"wavelet-LHL","glcm","ClusterTendency","0.6451764598001923"
"wavelet-LHL","glcm","Contrast","0.5733649348221094"
"wavelet-LHL","glcm","Correlation","0.0886654264755316"
"wavelet-LHL","glcm","DifferenceAverage","0.5071009465753625"
"wavelet-LHL","glcm","DifferenceEntropy","1.031314827760175"
"wavelet-LHL","glcm","DifferenceVariance","0.2779259817665371"
"wavelet-LHL","glcm","Id","0.7574935247534431"
"wavelet-LHL","glcm","Idm","0.7530759255369935"
"wavelet-LHL","glcm","Idmn","0.9457218444368698"
"wavelet-LHL","glcm","Idn","0.8765379627684968"
"wavelet-LHL","glcm","Imc1","-0.1116517088669092"
"wavelet-LHL","glcm","Imc2","0.3533161797565978"
"wavelet-LHL","glcm","InverseVariance","0.44911995685945905"
"wavelet-LHL","glcm","JointAverage","2.387077430201735"
"wavelet-LHL","glcm","JointEnergy","0.25870018530413436"
"wavelet-LHL","glcm","JointEntropy","2.1509183258585614"
"wavelet-LHL","glcm","MCC","0.2927045040618577"
"wavelet-LHL","glcm","MaximumProbability","0.3430326535512853"
"wavelet-LHL","glcm","SumAverage","4.77415486040347"
"wavelet-LHL","glcm","SumEntropy","1.573356639391533"
"wavelet-LHL","glcm","SumSquares","0.3046353486555754"
"wavelet-LHL","gldm","DependenceEntropy","3.412287435666132"
"wavelet-LHL","gldm","DependenceNonUniformity","8.857142857142858"
"wavelet-LHL","gldm","DependenceNonUniformityNormalized","0.2108843537414966"
"wavelet-LHL","gldm","DependenceVariance","7.3310657596371875"
"wavelet-LHL","gldm","GrayLevelNonUniformity","19.761904761904763"
"wavelet-LHL","gldm","GrayLevelVariance","0.3361678004535147"
"wavelet-LHL","gldm","HighGrayLevelEmphasis","5.4523809523809526"
"wavelet-LHL","gldm","LargeDependenceEmphasis","48.04761904761905"
"wavelet-LHL","gldm","LargeDependenceHighGrayLevelEmphasis","279.1666666666667"
"wavelet-LHL","gldm","LargeDependenceLowGrayLevelEmphasis","9.738756613756614"
"wavelet-LHL","gldm","LowGrayLevelEmphasis","0.25727513227513227"
"wavelet-LHL","gldm","SmallDependenceEmphasis","0.07172212998956196"
"wavelet-LHL","gldm","SmallDependenceHighGrayLevelEmphasis","0.26468466928217493"
"wavelet-LHL","gldm","SmallDependenceLowGrayLevelEmphasis","0.042356829936805215"
"wavelet-LHL","glrlm","GrayLevelNonUniformity","15.27814794372031"
"wavelet-LHL","glrlm","GrayLevelNonUniformityNormalized","0.4560059995631795"
"wavelet-LHL","glrlm","GrayLevelVariance","0.3612496184622473"
"wavelet-LHL","glrlm","HighGrayLevelRunEmphasis","5.383238117107224"
"wavelet-LHL","glrlm","LongRunEmphasis","2.0900535026134515"
"wavelet-LHL","glrlm","LongRunHighGrayLevelEmphasis","11.363256759074062"
"wavelet-LHL","glrlm","LongRunLowGrayLevelEmphasis","0.5064378895593655"
"wavelet-LHL","glrlm","LowGrayLevelRunEmphasis","0.2712267793112792"
"wavelet-LHL","glrlm","RunEntropy","2.061715609285503"
"wavelet-LHL","glrlm","RunLengthNonUniformity","22.649496894278904"
"wavelet-LHL","glrlm","RunLengthNonUniformityNormalized","0.6516123497374949"
"wavelet-LHL","glrlm","RunPercentage","0.793040293040293"
"wavelet-LHL","glrlm","RunVariance","0.3054875189962901"
"wavelet-LHL","glrlm","ShortRunEmphasis","0.8079914949017952"
"wavelet-LHL","glrlm","ShortRunHighGrayLevelEmphasis","4.252987981571189"
"wavelet-LHL","glrlm","ShortRunLowGrayLevelEmphasis","0.2313631348676293"
"wavelet-LHL","glszm","GrayLevelNonUniformity","1.8"
"wavelet-LHL","glszm","GrayLevelNonUniformityNormalized","0.36"
"wavelet-LHL","glszm","GrayLevelVariance","0.8"
"wavelet-LHL","glszm","HighGrayLevelZoneEmphasis","4.8"
"wavelet-LHL","glszm","LargeAreaEmphasis","149.2"
"wavelet-LHL","glszm","LargeAreaHighGrayLevelEmphasis","709.8"
"wavelet-LHL","glszm","LargeAreaLowGrayLevelEmphasis","34.827777777777776"
"wavelet-LHL","glszm","LowGrayLevelZoneEmphasis","0.49444444444444446"
"wavelet-LHL","glszm","SizeZoneNonUniformity","1.0"
"wavelet-LHL","glszm","SizeZoneNonUniformityNormalized","0.2"
"wavelet-LHL","glszm","SmallAreaEmphasis","0.26482"
"wavelet-LHL","glszm","SmallAreaHighGrayLevelEmphasis","0.38178"
"wavelet-LHL","glszm","SmallAreaLowGrayLevelEmphasis","0.2516911111111111"
"wavelet-LHL","glszm","ZoneEntropy","2.321928094887361"
"wavelet-LHL","glszm","ZonePercentage","0.11904761904761904"
"wavelet-LHL","glszm","ZoneVariance","78.64000000000001"
"wavelet-LHL","ngtdm","Busyness","1.591553084309655"
"wavelet-LHL","ngtdm","Coarseness","0.14036871124286235"
"wavelet-LHL","ngtdm","Complexity","1.3702565096275297"
"wavelet-LHL","ngtdm","Contrast","0.0502519948415767"
"wavelet-LHL","ngtdm","Strength","0.34130820964534075"
"wavelet-LHH","firstorder","10Percentile","-10.493343570706921"
"wavelet-LHH","firstorder","90Percentile","5.942219555170185"
"wavelet-LHH","firstorder","Energy","1865.5361355784735"
"wavelet-LHH","firstorder","Entropy","0.993447238380202"
"wavelet-LHH","firstorder","InterquartileRange","9.399914271956547"
"wavelet-LHH","firstorder","Kurtosis","3.151326399489676"
"wavelet-LHH","firstorder","Maximum","9.646636437743126"
"wavelet-LHH","firstorder","MeanAbsoluteDeviation","5.206794401415591"
"wavelet-LHH","firstorder","Mean","-1.362577216811451"
"wavelet-LHH","firstorder","Median","-0.31775207131175903"
"wavelet-LHH","firstorder","Minimum","-20.191717274862587"
"wavelet-LHH","firstorder","Range","29.838353712605713"
"wavelet-LHH","firstorder","RobustMeanAbsoluteDeviation","3.4715156255326662"
"wavelet-LHH","firstorder","RootMeanSquared","6.6646475553912605"
"wavelet-LHH","firstorder","Skewness","-0.6399894050215211"
"wavelet-LHH","firstorder","TotalEnergy","5384.345885693935"
"wavelet-LHH","firstorder","Uniformity","0.5045351473922903"
"wavelet-LHH","firstorder","Variance","42.56091036580905"
"wavelet-LHH","glcm","Autocorrelation","2.050503496575521"
"wavelet-LHH","glcm","ClusterProminence","0.5123758325333978"
"wavelet-LHH","glcm","ClusterShade","0.07592203407508108"
"wavelet-LHH","glcm","ClusterTendency","0.5050444525041594"
"wavelet-LHH","glcm","Contrast","0.46480035408706155"
"wavelet-LHH","glcm","Correlation","0.04306464492600438"
"wavelet-LHH","glcm","DifferenceAverage","0.46480035408706155"
"wavelet-LHH","glcm","DifferenceEntropy","0.9039368981510735"
"wavelet-LHH","glcm","DifferenceVariance","0.2183005944354872"
"wavelet-LHH","glcm","Id","0.7675998229564691"
"wavelet-LHH","glcm","Idm","0.7675998229564691"
"wavelet-LHH","glcm","Idmn","0.9070399291825878"
"wavelet-LHH","glcm","Idn","0.8450665486376463"
"wavelet-LHH","glcm","Imc1","-0.10246505552006503"
"wavelet-LHH","glcm","Imc2","0.32483755475228043"
"wavelet-LHH","glcm","InverseVariance","0.46480035408706155"
"wavelet-LHH","glcm","JointAverage","1.4276345578730174"
"wavelet-LHH","glcm","JointEnergy","0.29677700226890236"
"wavelet-LHH","glcm","JointEntropy","1.8552500946119297"
"wavelet-LHH","glcm","MCC","0.28534511450175964"
"wavelet-LHH","glcm","MaximumProbability","0.3732385650593381"
"wavelet-LHH","glcm","SumAverage","2.8552691157460353"
"wavelet-LHH","glcm","SumEntropy","1.3904497405248684"
"wavelet-LHH","glcm","SumSquares","0.2424612016478052"
"wavelet-LHH","gldm","DependenceEntropy","3.624111172624222"
"wavelet-LHH","gldm","DependenceNonUniformity","6.380952380952381"
"wavelet-LHH","gldm","DependenceNonUniformityNormalized","0.15192743764172337"
"wavelet-LHH","gldm","DependenceVariance","5.6938775510204085"
"wavelet-LHH","gldm","GrayLevelNonUniformity","21.19047619047619"
"wavelet-LHH","gldm","GrayLevelVariance","0.2477324263038549"
"wavelet-LHH","gldm","HighGrayLevelEmphasis","2.357142857142857"
"wavelet-LHH","gldm","LargeDependenceEmphasis","43.42857142857143"
"wavelet-LHH","gldm","LargeDependenceHighGrayLevelEmphasis","82.35714285714286"
"wavelet-LHH","gldm","LargeDependenceLowGrayLevelEmphasis","33.69642857142857"
"wavelet-LHH","gldm","LowGrayLevelEmphasis","0.6607142857142857"
"wavelet-LHH","gldm","SmallDependenceEmphasis","0.04205502082550629"
"wavelet-LHH","gldm","SmallDependenceHighGrayLevelEmphasis","0.10501015526023255"
"wavelet-LHH","gldm","SmallDependenceLowGrayLevelEmphasis","0.026316237216824724"
"wavelet-LHH","glrlm","GrayLevelNonUniformity","16.92040212314046"
"wavelet-LHH","glrlm","GrayLevelNonUniformityNormalized","0.5021282319475712"
"wavelet-LHH","glrlm","GrayLevelVariance","0.24893588402621442"
"wavelet-LHH","glrlm","HighGrayLevelRunEmphasis","2.4211938779383"
"wavelet-LHH","glrlm","LongRunEmphasis","1.980274752384286"
"wavelet-LHH","glrlm","LongRunHighGrayLevelEmphasis","4.504633310059274"
"wavelet-LHH","glrlm","LongRunLowGrayLevelEmphasis","1.349185112965539"
"wavelet-LHH","glrlm","LowGrayLevelRunEmphasis","0.644701530515425"
"wavelet-LHH","glrlm","RunEntropy","1.7701089936444974"
"wavelet-LHH","glrlm","RunLengthNonUniformity","23.214542512108434"
"wavelet-LHH","glrlm","RunLengthNonUniformityNormalized","0.6694604572065205"
"wavelet-LHH","glrlm","RunPercentage","0.8021978021978022"
"wavelet-LHH","glrlm","RunVariance","0.28319900284544525"
"wavelet-LHH","glrlm","ShortRunEmphasis","0.8258344797581613"
"wavelet-LHH","glrlm","ShortRunHighGrayLevelEmphasis","2.046691247591349"
"wavelet-LHH","glrlm","ShortRunLowGrayLevelEmphasis","0.5206202877998645"
"wavelet-LHH","glszm","GrayLevelNonUniformity","1.0"
"wavelet-LHH","glszm","GrayLevelNonUniformityNormalized","0.5"
"wavelet-LHH","glszm","GrayLevelVariance","0.25"
"wavelet-LHH","glszm","HighGrayLevelZoneEmphasis","2.5"
"wavelet-LHH","glszm","LargeAreaEmphasis","445.0"
"wavelet-LHH","glszm","LargeAreaHighGrayLevelEmphasis","986.5"
"wavelet-LHH","glszm","LargeAreaLowGrayLevelEmphasis","309.625"
"wavelet-LHH","glszm","LowGrayLevelZoneEmphasis","0.625"
"wavelet-LHH","glszm","SizeZoneNonUniformity","1.0"
"wavelet-LHH","glszm","SizeZoneNonUniformityNormalized","0.5"
"wavelet-LHH","glszm","SmallAreaEmphasis","0.0023302211353675205"
"wavelet-LHH","glszm","SmallAreaHighGrayLevelEmphasis","0.006485345789107133"
"wavelet-LHH","glszm","SmallAreaLowGrayLevelEmphasis","0.0012914399719326174"
"wavelet-LHH","glszm","ZoneEntropy","0.9999999999999993"
"wavelet-LHH","glszm","ZonePercentage","0.047619047619047616"
"wavelet-LHH","glszm","ZoneVariance","4.0"
"wavelet-LHH","ngtdm","Busyness","14.157178224825289"
"wavelet-LHH","ngtdm","Coarseness","0.0988897630422589"
"wavelet-LHH","ngtdm","Complexity","0.4815366743137853"
"wavelet-LHH","ngtdm","Contrast","0.11969666573460475"
"wavelet-LHH","ngtdm","Strength","0.0985556459116553"
"wavelet-HLL","firstorder","10Percentile","-36.78203819102574"
"wavelet-HLL","firstorder","90Percentile","16.17715075370846"
"wavelet-HLL","firstorder","Energy","19306.059225079345"
"wavelet-HLL","firstorder","Entropy","1.7260400058903775"
"wavelet-HLL","firstorder","InterquartileRange","26.687404342085756"
"wavelet-HLL","firstorder","Kurtosis","2.1632144399036304"
"wavelet-HLL","firstorder","Maximum","28.55402576810089"
"wavelet-HLL","firstorder","MeanAbsoluteDeviation","15.761025457570977"
"wavelet-HLL","firstorder","Mean","-9.537588894431622"
"wavelet-HLL","firstorder","Median","-10.968956561810867"
"wavelet-HLL","firstorder","Minimum","-42.737512656548745"
"wavelet-HLL","firstorder","Range","71.29153842464963"
"wavelet-HLL","firstorder","RobustMeanAbsoluteDeviation","10.946349430333452"
"wavelet-HLL","firstorder","RootMeanSquared","21.43987119335383"
"wavelet-HLL","firstorder","Skewness","0.11401998587466812"
"wavelet-HLL","firstorder","TotalEnergy","55721.51542660201"
"wavelet-HLL","firstorder","Uniformity","0.3321995464852608"
"wavelet-HLL","firstorder","Variance","368.70247486841805"
"wavelet-HLL","glcm","Autocorrelation","4.472094863022282"
"wavelet-HLL","glcm","ClusterProminence","6.448434571875695"
"wavelet-HLL","glcm","ClusterShade","0.799458403786504"
"wavelet-HLL","glcm","ClusterTendency","1.5827896844617444"
"wavelet-HLL","glcm","Contrast","1.0525725168314157"
"wavelet-HLL","glcm","Correlation","0.18702850311624267"
"wavelet-HLL","glcm","DifferenceAverage","0.7663650440833423"
"wavelet-HLL","glcm","DifferenceEntropy","1.233130144911697"
"wavelet-HLL","glcm","DifferenceVariance","0.35996838247931673"
"wavelet-HLL","glcm","Id","0.6645187234163411"
"wavelet-HLL","glcm","Idm","0.6454382252331362"
"wavelet-HLL","glcm","Idmn","0.9431346897054712"
"wavelet-HLL","glcm","Idn","0.8562672402749338"
"wavelet-HLL","glcm","Imc1","-0.2793938835066626"
"wavelet-HLL","glcm","Imc2","0.718933680843662"
"wavelet-HLL","glcm","InverseVariance","0.5159335054287779"
"wavelet-HLL","glcm","JointAverage","2.080197693507621"
"wavelet-HLL","glcm","JointEnergy","0.1543919475016344"
"wavelet-HLL","glcm","JointEntropy","2.852923823360674"
"wavelet-HLL","glcm","MCC","0.6071298585641794"
"wavelet-HLL","glcm","MaximumProbability","0.22714916376623828"
"wavelet-HLL","glcm","SumAverage","4.160395387015242"
"wavelet-HLL","glcm","SumEntropy","1.9630996260336318"
"wavelet-HLL","glcm","SumSquares","0.65884055032329"
"wavelet-HLL","gldm","DependenceEntropy","3.6130541857977896"
"wavelet-HLL","gldm","DependenceNonUniformity","8.380952380952381"
"wavelet-HLL","gldm","DependenceNonUniformityNormalized","0.19954648526077098"
"wavelet-HLL","gldm","DependenceVariance","3.8843537414965983"
"wavelet-HLL","gldm","GrayLevelNonUniformity","13.952380952380953"
"wavelet-HLL","gldm","GrayLevelVariance","0.6763038548752835"
"wavelet-HLL","gldm","HighGrayLevelEmphasis","5.166666666666667"
"wavelet-HLL","gldm","LargeDependenceEmphasis","27.476190476190474"
"wavelet-HLL","gldm","LargeDependenceHighGrayLevelEmphasis","120.45238095238095"
"wavelet-HLL","gldm","LargeDependenceLowGrayLevelEmphasis","9.55621693121693"
"wavelet-HLL","gldm","LowGrayLevelEmphasis","0.38326719576719576"
"wavelet-HLL","gldm","SmallDependenceEmphasis","0.07020335426939736"
"wavelet-HLL","gldm","SmallDependenceHighGrayLevelEmphasis","0.4986044223685947"
"wavelet-HLL","gldm","SmallDependenceLowGrayLevelEmphasis","0.023598751559706775"
"wavelet-HLL","glrlm","GrayLevelNonUniformity","11.544972736861048"
"wavelet-HLL","glrlm","GrayLevelNonUniformityNormalized","0.3232775653758396"
"wavelet-HLL","glrlm","GrayLevelVariance","0.7126731703266865"
"wavelet-HLL","glrlm","HighGrayLevelRunEmphasis","5.288143561915773"
"wavelet-HLL","glrlm","LongRunEmphasis","1.7788476817667858"
"wavelet-HLL","glrlm","LongRunHighGrayLevelEmphasis","8.834379800937024"
"wavelet-HLL","glrlm","LongRunLowGrayLevelEmphasis","0.667315520348781"
"wavelet-HLL","glrlm","LowGrayLevelRunEmphasis","0.3842232679464359"
"wavelet-HLL","glrlm","RunEntropy","2.2992179236247967"
"wavelet-HLL","glrlm","RunLengthNonUniformity","27.710118980089185"
"wavelet-HLL","glrlm","RunLengthNonUniformityNormalized","0.7512252092769545"
"wavelet-HLL","glrlm","RunPercentage","0.8516483516483517"
"wavelet-HLL","glrlm","RunVariance","0.25869206810505774"
"wavelet-HLL","glrlm","ShortRunEmphasis","0.8741652127736721"
"wavelet-HLL","glrlm","ShortRunHighGrayLevelEmphasis","4.704183999612898"
"wavelet-HLL","glrlm","ShortRunLowGrayLevelEmphasis","0.33534363344883705"
"wavelet-HLL","glszm","GrayLevelNonUniformity","1.6666666666666667"
"wavelet-HLL","glszm","GrayLevelNonUniformityNormalized","0.2777777777777778"
"wavelet-HLL","glszm","GrayLevelVariance","1.222222222222222"
"wavelet-HLL","glszm","HighGrayLevelZoneEmphasis","6.666666666666667"
"wavelet-HLL","glszm","LargeAreaEmphasis","83.66666666666667"
"wavelet-HLL","glszm","LargeAreaHighGrayLevelEmphasis","387.5"
"wavelet-HLL","glszm","LargeAreaLowGrayLevelEmphasis","25.324074074074076"
"wavelet-HLL","glszm","LowGrayLevelZoneEmphasis","0.4224537037037037"
"wavelet-HLL","glszm","SizeZoneNonUniformity","1.3333333333333333"
"wavelet-HLL","glszm","SizeZoneNonUniformityNormalized","0.2222222222222222"
"wavelet-HLL","glszm","SmallAreaEmphasis","0.10089892331543608"
"wavelet-HLL","glszm","SmallAreaHighGrayLevelEmphasis","1.07707820354981"
"wavelet-HLL","glszm","SmallAreaLowGrayLevelEmphasis","0.02262413640727694"
"wavelet-HLL","glszm","ZoneEntropy","2.5849625007211543"
"wavelet-HLL","glszm","ZonePercentage","0.14285714285714285"
"wavelet-HLL","glszm","ZoneVariance","34.666666666666664"
"wavelet-HLL","ngtdm","Busyness","1.1382440069907536"
"wavelet-HLL","ngtdm","Coarseness","0.163269656438535"
"wavelet-HLL","ngtdm","Complexity","3.083954062185281"
"wavelet-HLL","ngtdm","Contrast","0.06113715506526201"
"wavelet-HLL","ngtdm","Strength","0.727438103361392"
"wavelet-HLH","firstorder","10Percentile","-16.473402628222274"
"wavelet-HLH","firstorder","90Percentile","8.721411616480083"
"wavelet-HLH","firstorder","Energy","4898.22068029789"
"wavelet-HLH","firstorder","Entropy","0.9852281360342509"
"wavelet-HLH","firstorder","InterquartileRange","14.140253087315413"
"wavelet-HLH","firstorder","Kurtosis","2.472785747215764"
"wavelet-HLH","firstorder","Maximum","20.883603521887128"
"wavelet-HLH","firstorder","MeanAbsoluteDeviation","8.528582292359223"
"wavelet-HLH","firstorder","Mean","-2.400312530151657"
"wavelet-HLH","firstorder","Median","-1.8150343404606903"
"wavelet-HLH","firstorder","Minimum","-22.66243039943626"
"wavelet-HLH","firstorder","Range","43.546033921323385"
"wavelet-HLH","firstorder","RobustMeanAbsoluteDeviation","5.7544630033265864"
"wavelet-HLH","firstorder","RootMeanSquared","10.799273212205279"
"wavelet-HLH","firstorder","Skewness","0.06987211220317824"
"wavelet-HLH","firstorder","TotalEnergy","14137.337714450015"
"wavelet-HLH","firstorder","Uniformity","0.510204081632653"
"wavelet-HLH","firstorder","Variance","110.86280166945144"
"wavelet-HLH","glcm","Autocorrelation","2.260295339522258"
"wavelet-HLH","glcm","ClusterProminence","0.444132668451395"
"wavelet-HLH","glcm","ClusterShade","0.016193758185291365"
"wavelet-HLH","glcm","ClusterTendency","0.4598958285269188"
"wavelet-HLH","glcm","Contrast","0.519630671104531"
"wavelet-HLH","glcm","Correlation","-0.0651745313510019"
"wavelet-HLH","glcm","DifferenceAverage","0.519630671104531"
"wavelet-HLH","glcm","DifferenceEntropy","0.8149557159053276"
"wavelet-HLH","glcm","DifferenceVariance","0.19086902873874995"
"wavelet-HLH","glcm","Id","0.7401846644477346"
"wavelet-HLH","glcm","Idm","0.7401846644477346"
"wavelet-HLH","glcm","Idmn","0.8960738657790936"
"wavelet-HLH","glcm","Idn","0.8267897762984897"
"wavelet-HLH","glcm","Imc1","-0.214217167867099"
"wavelet-HLH","glcm","Imc2","0.5110145680901933"
"wavelet-HLH","glcm","InverseVariance","0.519630671104531"
"wavelet-HLH","glcm","JointAverage","1.5067035583581745"
"wavelet-HLH","glcm","JointEnergy","0.3193677214455252"
"wavelet-HLH","glcm","JointEntropy","1.7588571247404352"
"wavelet-HLH","glcm","MCC","0.46001558773051976"
"wavelet-HLH","glcm","MaximumProbability","0.3794831677200976"
"wavelet-HLH","glcm","SumAverage","3.013407116716349"
"wavelet-HLH","glcm","SumEntropy","1.2392264536359046"
"wavelet-HLH","glcm","SumSquares","0.2448816249078624"
"wavelet-HLH","gldm","DependenceEntropy","3.7067462913627733"
"wavelet-HLH","gldm","DependenceNonUniformity","6.428571428571429"
"wavelet-HLH","gldm","DependenceNonUniformityNormalized","0.15306122448979592"
"wavelet-HLH","gldm","DependenceVariance","4.133786848072563"
"wavelet-HLH","gldm","GrayLevelNonUniformity","21.428571428571427"
"wavelet-HLH","gldm","GrayLevelVariance","0.24489795918367346"
"wavelet-HLH","gldm","HighGrayLevelEmphasis","2.2857142857142856"
"wavelet-HLH","gldm","LargeDependenceEmphasis","37.333333333333336"
"wavelet-HLH","gldm","LargeDependenceHighGrayLevelEmphasis","91.47619047619048"
"wavelet-HLH","gldm","LargeDependenceLowGrayLevelEmphasis","23.797619047619047"
"wavelet-HLH","gldm","LowGrayLevelEmphasis","0.6785714285714286"
"wavelet-HLH","gldm","SmallDependenceEmphasis","0.051947266331285095"
"wavelet-HLH","gldm","SmallDependenceHighGrayLevelEmphasis","0.12862482820171955"
"wavelet-HLH","gldm","SmallDependenceLowGrayLevelEmphasis","0.03277787586367647"
"wavelet-HLH","glrlm","GrayLevelNonUniformity","17.63427987824735"
"wavelet-HLH","glrlm","GrayLevelNonUniformityNormalized","0.5134494556513673"
"wavelet-HLH","glrlm","GrayLevelVariance","0.2432752721743163"
"wavelet-HLH","glrlm","HighGrayLevelRunEmphasis","2.2768472355624914"
"wavelet-HLH","glrlm","LongRunEmphasis","2.2967751171545996"
"wavelet-HLH","glrlm","LongRunHighGrayLevelEmphasis","5.1737396549645505"
"wavelet-HLH","glrlm","LongRunLowGrayLevelEmphasis","1.5775339827021115"
"wavelet-HLH","glrlm","LowGrayLevelRunEmphasis","0.6807881911093772"
"wavelet-HLH","glrlm","RunEntropy","1.7162075561350165"
"wavelet-HLH","glrlm","RunLengthNonUniformity","24.836325045660228"
"wavelet-HLH","glrlm","RunLengthNonUniformityNormalized","0.6906760085838651"
"wavelet-HLH","glrlm","RunPercentage","0.816849816849817"
"wavelet-HLH","glrlm","RunVariance","0.32610703350065984"
"wavelet-HLH","glrlm","ShortRunEmphasis","0.8311036920572086"
"wavelet-HLH","glrlm","ShortRunHighGrayLevelEmphasis","1.8739884518746843"
"wavelet-HLH","glrlm","ShortRunLowGrayLevelEmphasis","0.5703825021028396"
"wavelet-HLH","glszm","GrayLevelNonUniformity","1.6666666666666667"
"wavelet-HLH","glszm","GrayLevelNonUniformityNormalized","0.5555555555555556"
"wavelet-HLH","glszm","GrayLevelVariance","0.2222222222222222"
"wavelet-HLH","glszm","HighGrayLevelZoneEmphasis","3.0"
"wavelet-HLH","glszm","LargeAreaEmphasis","278.6666666666667"
"wavelet-HLH","glszm","LargeAreaHighGrayLevelEmphasis","538.6666666666666"
"wavelet-HLH","glszm","LargeAreaLowGrayLevelEmphasis","213.66666666666666"
"wavelet-HLH","glszm","LowGrayLevelZoneEmphasis","0.5"
"wavelet-HLH","glszm","SizeZoneNonUniformity","1.0"
"wavelet-HLH","glszm","SizeZoneNonUniformityNormalized","0.3333333333333333"
"wavelet-HLH","glszm","SmallAreaEmphasis","0.08521412037037036"
"wavelet-HLH","glszm","SmallAreaHighGrayLevelEmphasis","0.3391203703703704"
"wavelet-HLH","glszm","SmallAreaLowGrayLevelEmphasis","0.021737557870370367"
"wavelet-HLH","glszm","ZoneEntropy","1.5849625007211552"
"wavelet-HLH","glszm","ZonePercentage","0.07142857142857142"
"wavelet-HLH","glszm","ZoneVariance","82.66666666666666"
"wavelet-HLH","ngtdm","Busyness","19.241745795054623"
"wavelet-HLH","ngtdm","Coarseness","0.09094808852790129"
"wavelet-HLH","ngtdm","Complexity","0.523584919593323"
"wavelet-HLH","ngtdm","Contrast","0.12751667100406597"
"wavelet-HLH","ngtdm","Strength","0.09145319971380904"
"wavelet-HHL","firstorder","10Percentile","-4.269812279214911"
"wavelet-HHL","firstorder","90Percentile","7.922431694367728"
"wavelet-HHL","firstorder","Energy","1503.7626506607157"
"wavelet-HHL","firstorder","Entropy","0.993447238380202"
"wavelet-HHL","firstorder","InterquartileRange","6.993181102177689"
"wavelet-HHL","firstorder","Kurtosis","3.9968688660744545"
"wavelet-HHL","firstorder","Maximum","18.979535132691545"
"wavelet-HHL","firstorder","MeanAbsoluteDeviation","4.623947283922986"
"wavelet-HHL","firstorder","Mean","0.5859645218798575"
"wavelet-HHL","firstorder","Median","-1.0183155334738436"
"wavelet-HHL","firstorder","Minimum","-12.93626327046045"
"wavelet-HHL","firstorder","Range","31.915798403151996"
"wavelet-HHL","firstorder","RobustMeanAbsoluteDeviation","2.8587364499745105"
"wavelet-HHL","firstorder","RootMeanSquared","5.9836337316699915"
"wavelet-HHL","firstorder","Skewness","0.5608056492720236"
"wavelet-HHL","firstorder","TotalEnergy","4340.188370907405"
"wavelet-HHL","firstorder","Uniformity","0.5045351473922903"
"wavelet-HHL","firstorder","Variance","35.460518213877045"
"wavelet-HHL","glcm","Autocorrelation","2.0560700934936196"
"wavelet-HHL","glcm","ClusterProminence","0.51989742089421"
"wavelet-HHL","glcm","ClusterShade","0.0835157585595813"
"wavelet-HHL","glcm","ClusterTendency","0.511548925884047"
"wavelet-HHL","glcm","Contrast","0.45971875604105866"
"wavelet-HHL","glcm","Correlation","0.054861133195849184"
"wavelet-HHL","glcm","DifferenceAverage","0.45971875604105866"
"wavelet-HHL","glcm","DifferenceEntropy","0.8754304123374399"
"wavelet-HHL","glcm","DifferenceVariance","0.21471357694005258"
"wavelet-HHL","glcm","Id","0.7701406219794706"
"wavelet-HHL","glcm","Idm","0.7701406219794706"
"wavelet-HHL","glcm","Idmn","0.9080562487917881"
"wavelet-HHL","glcm","Idn","0.8467604146529804"
"wavelet-HHL","glcm","Imc1","-0.1390575947035878"
"wavelet-HHL","glcm","Imc2","0.31102635366629783"
"wavelet-HHL","glcm","InverseVariance","0.45971875604105866"
"wavelet-HHL","glcm","JointAverage","1.4286431571713831"
"wavelet-HHL","glcm","JointEnergy","0.29965258209739465"
"wavelet-HHL","glcm","JointEntropy","1.8250491649133391"
"wavelet-HHL","glcm","MCC","0.28154564820927686"
"wavelet-HHL","glcm","MaximumProbability","0.36642512335643584"
"wavelet-HHL","glcm","SumAverage","2.8572863143427663"
"wavelet-HHL","glcm","SumEntropy","1.3653304088722809"
"wavelet-HHL","glcm","SumSquares","0.2428169204812764"
"wavelet-HHL","gldm","DependenceEntropy","3.6387759824991224"
"wavelet-HHL","gldm","DependenceNonUniformity","6.809523809523809"
"wavelet-HHL","gldm","DependenceNonUniformityNormalized","0.1621315192743764"
"wavelet-HHL","gldm","DependenceVariance","4.297052154195011"
"wavelet-HHL","gldm","GrayLevelNonUniformity","21.19047619047619"
"wavelet-HHL","gldm","GrayLevelVariance","0.2477324263038549"
"wavelet-HHL","gldm","HighGrayLevelEmphasis","2.357142857142857"
"wavelet-HHL","gldm","LargeDependenceEmphasis","46.857142857142854"
"wavelet-HHL","gldm","LargeDependenceHighGrayLevelEmphasis","97.92857142857143"
"wavelet-HHL","gldm","LargeDependenceLowGrayLevelEmphasis","34.089285714285715"
"wavelet-HHL","gldm","LowGrayLevelEmphasis","0.6607142857142857"
"wavelet-HHL","gldm","SmallDependenceEmphasis","0.03832504364179534"
"wavelet-HHL","gldm","SmallDependenceHighGrayLevelEmphasis","0.1114763861893964"
"wavelet-HHL","gldm","SmallDependenceLowGrayLevelEmphasis","0.020037208004895078"
"wavelet-HHL","glrlm","GrayLevelNonUniformity","16.628486628977146"
"wavelet-HHL","glrlm","GrayLevelNonUniformityNormalized","0.5027636179913514"
"wavelet-HHL","glrlm","GrayLevelVariance","0.2486181910043243"
"wavelet-HHL","glrlm","HighGrayLevelRunEmphasis","2.4135470063895803"
"wavelet-HHL","glrlm","LongRunEmphasis","2.086334281354217"
"wavelet-HHL","glrlm","LongRunHighGrayLevelEmphasis","4.760862595306856"
"wavelet-HHL","glrlm","LongRunLowGrayLevelEmphasis","1.4177022028660569"
"wavelet-HHL","glrlm","LowGrayLevelRunEmphasis","0.6466132484026049"
"wavelet-HHL","glrlm","RunEntropy","1.8040159052996096"
"wavelet-HHL","glrlm","RunLengthNonUniformity","22.318740548529515"
"wavelet-HHL","glrlm","RunLengthNonUniformityNormalized","0.6464331179547285"
"wavelet-HHL","glrlm","RunPercentage","0.7875457875457875"
"wavelet-HHL","glrlm","RunVariance","0.2923604182860036"
"wavelet-HHL","glrlm","ShortRunEmphasis","0.8050934474442328"
"wavelet-HHL","glrlm","ShortRunHighGrayLevelEmphasis","1.9838461929710376"
"wavelet-HHL","glrlm","ShortRunLowGrayLevelEmphasis","0.5104052610625316"
"wavelet-HHL","glszm","GrayLevelNonUniformity","1.0"
"wavelet-HHL","glszm","GrayLevelNonUniformityNormalized","0.5"
"wavelet-HHL","glszm","GrayLevelVariance","0.25"
"wavelet-HHL","glszm","HighGrayLevelZoneEmphasis","2.5"
"wavelet-HHL","glszm","LargeAreaEmphasis","445.0"
"wavelet-HHL","glszm","LargeAreaHighGrayLevelEmphasis","986.5"
"wavelet-HHL","glszm","LargeAreaLowGrayLevelEmphasis","309.625"
"wavelet-HHL","glszm","LowGrayLevelZoneEmphasis","0.625"
"wavelet-HHL","glszm","SizeZoneNonUniformity","1.0"
"wavelet-HHL","glszm","SizeZoneNonUniformityNormalized","0.5"
"wavelet-HHL","glszm","SmallAreaEmphasis","0.0023302211353675205"
"wavelet-HHL","glszm","SmallAreaHighGrayLevelEmphasis","0.006485345789107133"
"wavelet-HHL","glszm","SmallAreaLowGrayLevelEmphasis","0.0012914399719326174"
"wavelet-HHL","glszm","ZoneEntropy","0.9999999999999993"
"wavelet-HHL","glszm","ZonePercentage","0.047619047619047616"
"wavelet-HHL","glszm","ZoneVariance","4.0"
"wavelet-HHL","ngtdm","Busyness","12.599597428715079"
"wavelet-HHL","ngtdm","Coarseness","0.11111466123586886"
"wavelet-HHL","ngtdm","Complexity","0.42855773567058086"
"wavelet-HHL","ngtdm","Contrast","0.10650394868474956"
"wavelet-HHL","ngtdm","Strength","0.1107638012545789"
"wavelet-HHH","firstorder","10Percentile","-5.479625219477762"
"wavelet-HHH","firstorder","90Percentile","3.7702265254698126"
"wavelet-HHH","firstorder","Energy","482.6550397182703"
"wavelet-HHH","firstorder","Entropy","0.993447238380202"
"wavelet-HHH","firstorder","InterquartileRange","3.644357798550133"
"wavelet-HHH","firstorder","Kurtosis","2.8204501933681283"
"wavelet-HHH","firstorder","Maximum","7.3134365208109555"
"wavelet-HHH","firstorder","MeanAbsoluteDeviation","2.6093972658492426"
"wavelet-HHH","firstorder","Mean","-0.04529956027684578"
"wavelet-HHH","firstorder","Median","0.26426149909533814"
"wavelet-HHH","firstorder","Minimum","-7.067973264993329"
"wavelet-HHH","firstorder","Range","14.381409785804284"
"wavelet-HHH","firstorder","RobustMeanAbsoluteDeviation","1.5616741192097678"
"wavelet-HHH","firstorder","RootMeanSquared","3.389953784339665"
"wavelet-HHH","firstorder","Skewness","-0.21807745740398482"
"wavelet-HHH","firstorder","TotalEnergy","1393.0481579820323"
"wavelet-HHH","firstorder","Uniformity","0.5045351473922903"
"wavelet-HHH","firstorder","Variance","11.48973460979754"
"wavelet-HHH","glcm","Autocorrelation","2.4668945379178977"
"wavelet-HHH","glcm","ClusterProminence","0.4918218618626226"
"wavelet-HHH","glcm","ClusterShade","-0.06289328743555586"
"wavelet-HHH","glcm","ClusterTendency","0.49406047618363963"
"wavelet-HHH","glcm","Contrast","0.48383242560800965"
"wavelet-HHH","glcm","Correlation","0.009457095717497801"
"wavelet-HHH","glcm","DifferenceAverage","0.48383242560800965"
"wavelet-HHH","glcm","DifferenceEntropy","0.9270378885770422"
"wavelet-HHH","glcm","DifferenceVariance","0.22537114303504766"
"wavelet-HHH","glcm","Id","0.7580837871959951"
"wavelet-HHH","glcm","Idm","0.7580837871959951"
"wavelet-HHH","glcm","Idmn","0.9032335148783981"
"wavelet-HHH","glcm","Idn","0.83872252479733"
"wavelet-HHH","glcm","Imc1","-0.07917628533048833"
"wavelet-HHH","glcm","Imc2","0.34762010491473"
"wavelet-HHH","glcm","InverseVariance","0.48383242560800965"
"wavelet-HHH","glcm","JointAverage","1.5696035835739672"
"wavelet-HHH","glcm","JointEnergy","0.2856824060691277"
"wavelet-HHH","glcm","JointEntropy","1.89019261622499"
"wavelet-HHH","glcm","MCC","0.2992709786214362"
"wavelet-HHH","glcm","MaximumProbability","0.3529101318798204"
"wavelet-HHH","glcm","SumAverage","3.1392071671479345"
"wavelet-HHH","glcm","SumEntropy","1.4063601906169805"
"wavelet-HHH","glcm","SumSquares","0.24447322544791225"
"wavelet-HHH","gldm","DependenceEntropy","3.559133649928971"
"wavelet-HHH","gldm","DependenceNonUniformity","5.238095238095238"
"wavelet-HHH","gldm","DependenceNonUniformityNormalized","0.12471655328798185"
"wavelet-HHH","gldm","DependenceVariance","5.521541950113378"
"wavelet-HHH","gldm","GrayLevelNonUniformity","21.19047619047619"
"wavelet-HHH","gldm","GrayLevelVariance","0.2477324263038549"
"wavelet-HHH","gldm","HighGrayLevelEmphasis","2.642857142857143"
"wavelet-HHH","gldm","LargeDependenceEmphasis","40.95238095238095"
"wavelet-HHH","gldm","LargeDependenceHighGrayLevelEmphasis","128.88095238095238"
"wavelet-HHH","gldm","LargeDependenceLowGrayLevelEmphasis","18.970238095238095"
"wavelet-HHH","gldm","LowGrayLevelEmphasis","0.5892857142857143"
"wavelet-HHH","gldm","SmallDependenceEmphasis","0.0481787485626256"
"wavelet-HHH","gldm","SmallDependenceHighGrayLevelEmphasis","0.12162615395247842"
"wavelet-HHH","gldm","SmallDependenceLowGrayLevelEmphasis","0.029816897215162393"
"wavelet-HHH","glrlm","GrayLevelNonUniformity","17.071073963391182"
"wavelet-HHH","glrlm","GrayLevelNonUniformityNormalized","0.5020029767929655"
"wavelet-HHH","glrlm","GrayLevelVariance","0.2489985116035173"
"wavelet-HHH","glrlm","HighGrayLevelRunEmphasis","2.5694313725225846"
"wavelet-HHH","glrlm","LongRunEmphasis","1.861875420937102"
"wavelet-HHH","glrlm","LongRunHighGrayLevelEmphasis","5.139406707887298"
"wavelet-HHH","glrlm","LongRunLowGrayLevelEmphasis","1.042492599199553"
"wavelet-HHH","glrlm","LowGrayLevelRunEmphasis","0.6076421568693539"
"wavelet-HHH","glrlm","RunEntropy","1.759244015097109"
"wavelet-HHH","glrlm","RunLengthNonUniformity","23.231429165156246"
"wavelet-HHH","glrlm","RunLengthNonUniformityNormalized","0.6668104896880908"
"wavelet-HHH","glrlm","RunPercentage","0.8095238095238095"
"wavelet-HHH","glrlm","RunVariance","0.2511380916548467"
"wavelet-HHH","glrlm","ShortRunEmphasis","0.8324319836387856"
"wavelet-HHH","glrlm","ShortRunHighGrayLevelEmphasis","2.089481065113822"
"wavelet-HHH","glrlm","ShortRunLowGrayLevelEmphasis","0.5181697132700265"
"wavelet-HHH","glszm","GrayLevelNonUniformity","1.0"
"wavelet-HHH","glszm","GrayLevelNonUniformityNormalized","0.5"
"wavelet-HHH","glszm","GrayLevelVariance","0.25"
"wavelet-HHH","glszm","HighGrayLevelZoneEmphasis","2.5"
"wavelet-HHH","glszm","LargeAreaEmphasis","445.0"
"wavelet-HHH","glszm","LargeAreaHighGrayLevelEmphasis","1238.5"
"wavelet-HHH","glszm","LargeAreaLowGrayLevelEmphasis","246.625"
"wavelet-HHH","glszm","LowGrayLevelZoneEmphasis","0.625"
"wavelet-HHH","glszm","SizeZoneNonUniformity","1.0"
"wavelet-HHH","glszm","SizeZoneNonUniformityNormalized","0.5"
"wavelet-HHH","glszm","SmallAreaEmphasis","0.0023302211353675205"
"wavelet-HHH","glszm","SmallAreaHighGrayLevelEmphasis","0.00516575988773047"
"wavelet-HHH","glszm","SmallAreaLowGrayLevelEmphasis","0.0016213364472767832"
"wavelet-HHH","glszm","ZoneEntropy","0.9999999999999993"
"wavelet-HHH","glszm","ZonePercentage","0.047619047619047616"
"wavelet-HHH","glszm","ZoneVariance","4.0"
"wavelet-HHH","ngtdm","Busyness","8.317977054414962"
"wavelet-HHH","ngtdm","Coarseness","0.09350564117809795"
"wavelet-HHH","ngtdm","Complexity","0.5092639012907121"
"wavelet-HHH","ngtdm","Contrast","0.12616028802586762"
"wavelet-HHH","ngtdm","Strength","0.09350630368350685"
"wavelet-LLL","firstorder","10Percentile","-2541.7697486928005"
"wavelet-LLL","firstorder","90Percentile","-2412.856316784686"
"wavelet-LLL","firstorder","Energy","258522805.94725648"
"wavelet-LLL","firstorder","Entropy","2.8399279114445215"
"wavelet-LLL","firstorder","InterquartileRange","80.35323149780379"
"wavelet-LLL","firstorder","Kurtosis","1.793578384379508"
"wavelet-LLL","firstorder","Maximum","-2391.1245912208506"
"wavelet-LLL","firstorder","MeanAbsoluteDeviation","43.506425365263645"
"wavelet-LLL","firstorder","Mean","-2480.496749039439"
"wavelet-LLL","firstorder","Median","-2489.300636087649"
"wavelet-LLL","firstorder","Minimum","-2567.452972154156"
"wavelet-LLL","firstorder","Range","176.32838093330565"
"wavelet-LLL","firstorder","RobustMeanAbsoluteDeviation","33.58977766317324"
"wavelet-LLL","firstorder","RootMeanSquared","2480.988694755804"
"wavelet-LLL","firstorder","Skewness","0.09971531292679522"
"wavelet-LLL","firstorder","TotalEnergy","746153440.8329926"
"wavelet-LLL","firstorder","Uniformity","0.15192743764172334"
"wavelet-LLL","firstorder","Variance","2440.781510882806"
"wavelet-LLL","glcm","Autocorrelation","17.379721840852262"
"wavelet-LLL","glcm","ClusterProminence","100.12048512507599"
"wavelet-LLL","glcm","ClusterShade","-4.12020884468526"
"wavelet-LLL","glcm","ClusterTendency","5.669272412086196"
"wavelet-LLL","glcm","Contrast","10.6119764751995"
"wavelet-LLL","glcm","Correlation","-0.26986654627790885"
"wavelet-LLL","glcm","DifferenceAverage","2.8179500972187292"
"wavelet-LLL","glcm","DifferenceEntropy","1.875561081986158"
"wavelet-LLL","glcm","DifferenceVariance","1.5635004965070167"
"wavelet-LLL","glcm","Id","0.3511705808422067"
"wavelet-LLL","glcm","Idm","0.24939970494778124"
"wavelet-LLL","glcm","Idmn","0.8700092433386291"
"wavelet-LLL","glcm","Idn","0.7576503331534034"
"wavelet-LLL","glcm","Imc1","-0.48428341327110486"
"wavelet-LLL","glcm","Imc2","0.9472739354332094"
"wavelet-LLL","glcm","InverseVariance","0.24530903225580372"
"wavelet-LLL","glcm","JointAverage","4.2978606207680174"
"wavelet-LLL","glcm","JointEnergy","0.07180557222648906"
"wavelet-LLL","glcm","JointEntropy","4.042157489408834"
"wavelet-LLL","glcm","MCC","0.8319042727020504"
"wavelet-LLL","glcm","MaximumProbability","0.11639548525671997"
"wavelet-LLL","glcm","SumAverage","8.595721241536035"
"wavelet-LLL","glcm","SumEntropy","2.7027462356811873"
"wavelet-LLL","glcm","SumSquares","4.070312221821424"
"wavelet-LLL","gldm","DependenceEntropy","4.350068910616436"
"wavelet-LLL","gldm","DependenceNonUniformity","9.619047619047619"
"wavelet-LLL","gldm","DependenceNonUniformityNormalized","0.2290249433106576"
"wavelet-LLL","gldm","DependenceVariance","1.9160997732426304"
"wavelet-LLL","gldm","GrayLevelNonUniformity","6.380952380952381"
"wavelet-LLL","gldm","GrayLevelVariance","3.918367346938775"
"wavelet-LLL","gldm","HighGrayLevelEmphasis","22.285714285714285"
"wavelet-LLL","gldm","LargeDependenceEmphasis","8.285714285714286"
"wavelet-LLL","gldm","LargeDependenceHighGrayLevelEmphasis","210.61904761904762"
"wavelet-LLL","gldm","LargeDependenceLowGrayLevelEmphasis","0.7192668178382464"
"wavelet-LLL","gldm","LowGrayLevelEmphasis","0.15237022189828311"
"wavelet-LLL","gldm","SmallDependenceEmphasis","0.4022420634920635"
"wavelet-LLL","gldm","SmallDependenceHighGrayLevelEmphasis","7.428300264550264"
"wavelet-LLL","gldm","SmallDependenceLowGrayLevelEmphasis","0.1013942222612149"
"wavelet-LLL","glrlm","GrayLevelNonUniformity","5.958447571790469"
"wavelet-LLL","glrlm","GrayLevelNonUniformityNormalized","0.1505129037030182"
"wavelet-LLL","glrlm","GrayLevelVariance","3.948297930409069"
"wavelet-LLL","glrlm","HighGrayLevelRunEmphasis","22.061101154393835"
"wavelet-LLL","glrlm","LongRunEmphasis","1.22998606276942"
"wavelet-LLL","glrlm","LongRunHighGrayLevelEmphasis","28.017314433598507"
"wavelet-LLL","glrlm","LongRunLowGrayLevelEmphasis","0.1751517189500264"
"wavelet-LLL","glrlm","LowGrayLevelRunEmphasis","0.15744536120159697"
"wavelet-LLL","glrlm","RunEntropy","3.0505759995058925"
"wavelet-LLL","glrlm","RunLengthNonUniformity","35.86650834914823"
"wavelet-LLL","glrlm","RunLengthNonUniformityNormalized","0.8954945999501963"
"wavelet-LLL","glrlm","RunPercentage","0.9413919413919416"
"wavelet-LLL","glrlm","RunVariance","0.07412503087265176"
"wavelet-LLL","glrlm","ShortRunEmphasis","0.9526393179728904"
"wavelet-LLL","glrlm","ShortRunHighGrayLevelEmphasis","20.885137794741453"
"wavelet-LLL","glrlm","ShortRunLowGrayLevelEmphasis","0.15339025334512146"
"wavelet-LLL","glszm","GrayLevelNonUniformity","2.8"
"wavelet-LLL","glszm","GrayLevelNonUniformityNormalized","0.14"
"wavelet-LLL","glszm","GrayLevelVariance","4.4475"
"wavelet-LLL","glszm","HighGrayLevelZoneEmphasis","20.85"
"wavelet-LLL","glszm","LargeAreaEmphasis","7.7"
"wavelet-LLL","glszm","LargeAreaHighGrayLevelEmphasis","175.0"
"wavelet-LLL","glszm","LargeAreaLowGrayLevelEmphasis","0.8136068594104309"
"wavelet-LLL","glszm","LowGrayLevelZoneEmphasis","0.2220998441043084"
"wavelet-LLL","glszm","SizeZoneNonUniformity","9.2"
"wavelet-LLL","glszm","SizeZoneNonUniformityNormalized","0.46"
"wavelet-LLL","glszm","SmallAreaEmphasis","0.6875759637188208"
"wavelet-LLL","glszm","SmallAreaHighGrayLevelEmphasis","12.179456916099774"
"wavelet-LLL","glszm","SmallAreaLowGrayLevelEmphasis","0.1974129995748299"
"wavelet-LLL","glszm","ZoneEntropy","3.646439344671011"
"wavelet-LLL","glszm","ZonePercentage","0.47619047619047616"
"wavelet-LLL","glszm","ZoneVariance","3.2900000000000005"
"wavelet-LLL","ngtdm","Busyness","0.43954995820503295"
"wavelet-LLL","ngtdm","Coarseness","0.09790192464350726"
"wavelet-LLL","ngtdm","Complexity","39.719096030800564"
"wavelet-LLL","ngtdm","Contrast","0.2411947309318503"
"wavelet-LLL","ngtdm","Strength","2.03662780238981"
