"Image type","Feature Class","Feature Name","Segmentation_1_segment_Segment_1"
"diagnostics","Versions","PyRadiomics","v3.0.1.post4+gad5b2de"
"diagnostics","Versions","Numpy","1.19.2"
"diagnostics","Versions","SimpleITK","2.0.2"
"diagnostics","Versions","PyWavelet","1.1.1"
"diagnostics","Versions","Python","3.6.7"
"diagnostics","Configuration","Settings","{'minimumROIDimensions': 2, 'minimumROISize': None, 'normalize': False, 'normalizeScale': 1, 'removeOutliers': None, 'resampledPixelSpacing': None, 'interpolator': 'sitkBSpline', 'preCrop': False, 'padDistance': 5, 'distances': [1], 'force2D': False, 'force2Ddimension': 0, 'resegmentRange': None, 'label': 1, 'additionalInfo': True, 'binWidth': 25.0, 'symmetricalGLCM': True, 'correctMask': True}"
"diagnostics","Configuration","EnabledImageTypes","{'Original': {}, 'Wavelet': {}}"
"diagnostics","Image-original","Hash","e4438c83fcbd6f26c34f203a367d1a1458799f10"
"diagnostics","Image-original","Dimensionality","3D"
"diagnostics","Image-original","Spacing","(0.7597656249999999, 0.7597656249999999, 4.999999999999998)"
"diagnostics","Image-original","Size","(512, 512, 81)"
"diagnostics","Image-original","Mean","-921.7938765066641"
"diagnostics","Image-original","Minimum","-969.0"
"diagnostics","Image-original","Maximum","-769.0"
"diagnostics","Mask-original","Hash","c0715c71cb4d1d99c8259239825c8efa7225dbb8"
"diagnostics","Mask-original","Spacing","(0.7597656249999999, 0.7597656249999999, 4.999999999999998)"
"diagnostics","Mask-original","Size","(512, 512, 81)"
"diagnostics","Mask-original","BoundingBox","(86, 258, 33, 99, 87, 15)"
"diagnostics","Mask-original","VoxelNum","46485"
"diagnostics","Mask-original","VolumeNum","1"
"diagnostics","Mask-original","CenterOfMassIndex","(133.81290738948047, 297.91900613101, 41.390491556416045)"
"diagnostics","Mask-original","CenterOfMass","(-97.89055278416429, 173.44861989250563, -561.3475422179197)"
"original","shape","Elongation","0.7208770345549629"
"original","shape","Flatness","0.6315575807264696"
"original","shape","LeastAxisLength","48.229379242886694"
"original","shape","MajorAxisLength","76.36576729458189"
"original","shape","Maximum2DDiameterColumn","93.24792772705793"
"original","shape","Maximum2DDiameterRow","77.27329752196556"
"original","shape","Maximum2DDiameterSlice","70.68679067186655"
"original","shape","Maximum3DDiameter","100.22073037808028"
"original","shape","MeshVolume","133832.53306388846"
"original","shape","MinorAxisLength","55.05032786883257"
"original","shape","Sphericity","0.6823824919074346"
"original","shape","SurfaceArea","18542.318970285032"
"original","shape","SurfaceVolumeRatio","0.1385486663503064"
"original","shape","VoxelVolume","134165.89136123648"
"original","firstorder","10Percentile","-836.0"
"original","firstorder","90Percentile","-780.0"
"original","firstorder","Energy","29610204360.0"
"original","firstorder","Entropy","1.296104543470179"
"original","firstorder","InterquartileRange","10.0"
"original","firstorder","Kurtosis","9.52105419954612"
"original","firstorder","Maximum","-769.0"
"original","firstorder","MeanAbsoluteDeviation","18.419674541592688"
"original","firstorder","Mean","-797.5905345810477"
"original","firstorder","Median","-788.0"
"original","firstorder","Minimum","-966.0"
"original","firstorder","Range","197.0"
"original","firstorder","RobustMeanAbsoluteDeviation","6.594718329492555"
"original","firstorder","RootMeanSquared","798.1128160344409"
"original","firstorder","Skewness","-2.592612582541262"
"original","firstorder","TotalEnergy","85461535147.84921"
"original","firstorder","Uniformity","0.6269351298164827"
"original","firstorder","Variance","833.4062651439316"
"original","glcm","Autocorrelation","60.16412440694315"
"original","glcm","ClusterProminence","85.18970501729837"
"original","glcm","ClusterShade","-11.778303832149401"
"original","glcm","ClusterTendency","2.4758331240154963"
"original","glcm","Contrast","1.1719133741329242"
"original","glcm","Correlation","0.285946743599457"
"original","glcm","DifferenceAverage","0.41428763507922306"
"original","glcm","DifferenceEntropy","1.1151774867432274"
"original","glcm","DifferenceVariance","0.9772737390876277"
"original","glcm","Id","0.8723704063892979"
"original","glcm","Idm","0.8587063572183271"
"original","glcm","Idmn","0.9876675361287054"
"original","glcm","Idn","0.9644249213445633"
"original","glcm","Imc1","-0.15970474313446942"
"original","glcm","Imc2","0.40089782351990205"
"original","glcm","InverseVariance","0.12402480366650447"
"original","glcm","JointAverage","7.7352411695216095"
"original","glcm","JointEnergy","0.5792969991706507"
"original","glcm","JointEntropy","1.8343294476255336"
"original","glcm","MCC","0.4152424987388976"
"original","glcm","MaximumProbability","0.7583633922306696"
"original","glcm","SumAverage","15.470482339043214"
"original","glcm","SumEntropy","1.5015655833038961"
"original","glcm","SumSquares","0.9119366245371052"
"original","gldm","DependenceEntropy","4.282840968514451"
"original","gldm","DependenceNonUniformity","7429.912853608691"
"original","gldm","DependenceNonUniformityNormalized","0.1598346316792232"
"original","gldm","DependenceVariance","77.83393356026431"
"original","gldm","GrayLevelNonUniformity","29143.0795095192"
"original","gldm","GrayLevelVariance","1.3227991690188314"
"original","gldm","HighGrayLevelEmphasis","58.967430353877596"
"original","gldm","LargeDependenceEmphasis","453.3580509841884"
"original","gldm","LargeDependenceHighGrayLevelEmphasis","28917.111864042163"
"original","gldm","LargeDependenceLowGrayLevelEmphasis","7.19220821891196"
"original","gldm","LowGrayLevelEmphasis","0.020869055512045827"
"original","gldm","SmallDependenceEmphasis","0.034003838490276404"
"original","gldm","SmallDependenceHighGrayLevelEmphasis","1.3798928559974133"
"original","gldm","SmallDependenceLowGrayLevelEmphasis","0.0015604415772020072"
"original","glrlm","GrayLevelNonUniformity","2996.9416764183434"
"original","glrlm","GrayLevelNonUniformityNormalized","0.21091226267527827"
"original","glrlm","GrayLevelVariance","3.006620744523907"
"original","glrlm","HighGrayLevelRunEmphasis","48.50406327880187"
"original","glrlm","LongRunEmphasis","69.59295089407519"
"original","glrlm","LongRunHighGrayLevelEmphasis","4416.672066823777"
"original","glrlm","LongRunLowGrayLevelEmphasis","1.1232470874975593"
"original","glrlm","LowGrayLevelRunEmphasis","0.0320708775203634"
"original","glrlm","RunEntropy","4.379725366922913"
"original","glrlm","RunLengthNonUniformity","5443.612969053049"
"original","glrlm","RunLengthNonUniformityNormalized","0.38899777192027163"
"original","glrlm","RunPercentage","0.29313674386278454"
"original","glrlm","RunVariance","52.712487778622624"
"original","glrlm","ShortRunEmphasis","0.6386393967284862"
"original","glrlm","ShortRunHighGrayLevelEmphasis","26.841375624852393"
"original","glrlm","ShortRunLowGrayLevelEmphasis","0.02487663784647957"
"original","glszm","GrayLevelNonUniformity","246.41274951706376"
"original","glszm","GrayLevelNonUniformityNormalized","0.15866886639862443"
"original","glszm","GrayLevelVariance","4.161608983132578"
"original","glszm","HighGrayLevelZoneEmphasis","38.45911139729556"
"original","glszm","LargeAreaEmphasis","856932.9935608499"
"original","glszm","LargeAreaHighGrayLevelEmphasis","54842202.92015454"
"original","glszm","LargeAreaLowGrayLevelEmphasis","13393.886952285113"
"original","glszm","LowGrayLevelZoneEmphasis","0.05083537730515162"
"original","glszm","SizeZoneNonUniformity","449.3940759819704"
"original","glszm","SizeZoneNonUniformityNormalized","0.2893715878827884"
"original","glszm","SmallAreaEmphasis","0.5562427317765745"
"original","glszm","SmallAreaHighGrayLevelEmphasis","22.467736191856087"
"original","glszm","SmallAreaLowGrayLevelEmphasis","0.02827548883348191"
"original","glszm","ZoneEntropy","5.451184508948067"
"original","glszm","ZonePercentage","0.03340862643863612"
"original","glszm","ZoneVariance","856037.0456541129"
"original","ngtdm","Busyness","52.47518243020506"
"original","ngtdm","Coarseness","0.00017585910370484812"
"original","ngtdm","Complexity","15.645619862927303"
"original","ngtdm","Contrast","0.015624670028503287"
"original","ngtdm","Strength","0.013395346397000811"
"wavelet-LLH","firstorder","10Percentile","-73.30457980497728"
"wavelet-LLH","firstorder","90Percentile","58.07913502169107"
"wavelet-LLH","firstorder","Energy","104244702.52825642"
"wavelet-LLH","firstorder","Entropy","2.7287054086401787"
"wavelet-LLH","firstorder","InterquartileRange","31.872468903576877"
"wavelet-LLH","firstorder","Kurtosis","4.11052695458949"
"wavelet-LLH","firstorder","Maximum","240.2237952736612"
"wavelet-LLH","firstorder","MeanAbsoluteDeviation","31.60688652318619"
"wavelet-LLH","firstorder","Mean","-7.561093683921735"
"wavelet-LLH","firstorder","Median","-2.427992076107042"
"wavelet-LLH","firstorder","Minimum","-212.6160979570269"
"wavelet-LLH","firstorder","Range","452.8398932306881"
"wavelet-LLH","firstorder","RobustMeanAbsoluteDeviation","17.178303828545125"
"wavelet-LLH","firstorder","RootMeanSquared","47.355516693917345"
"wavelet-LLH","firstorder","Skewness","0.35570476350374375"
"wavelet-LLH","firstorder","TotalEnergy","300873043.65688854"
"wavelet-LLH","firstorder","Uniformity","0.20775201216916325"
"wavelet-LLH","firstorder","Variance","2185.374823650843"
"wavelet-LLH","glcm","Autocorrelation","84.1261803188432"
"wavelet-LLH","glcm","ClusterProminence","277.77999436617824"
"wavelet-LLH","glcm","ClusterShade","4.9701110588239565"
"wavelet-LLH","glcm","ClusterTendency","7.303435170467915"
"wavelet-LLH","glcm","Contrast","5.025111547993648"
"wavelet-LLH","glcm","Correlation","0.13564725351308254"
"wavelet-LLH","glcm","DifferenceAverage","1.3445197787029075"
"wavelet-LLH","glcm","DifferenceEntropy","2.0977367956817647"
"wavelet-LLH","glcm","DifferenceVariance","2.8626518844913207"
"wavelet-LLH","glcm","Id","0.617323217310401"
"wavelet-LLH","glcm","Idm","0.5820051038569696"
"wavelet-LLH","glcm","Idmn","0.9873070898768427"
"wavelet-LLH","glcm","Idn","0.9401446550671102"
"wavelet-LLH","glcm","Imc1","-0.22060164246605657"
"wavelet-LLH","glcm","Imc2","0.7521789079748481"
"wavelet-LLH","glcm","InverseVariance","0.39927951966761294"
"wavelet-LLH","glcm","JointAverage","9.140809073223407"
"wavelet-LLH","glcm","JointEnergy","0.08912191213953216"
"wavelet-LLH","glcm","JointEntropy","4.559152298920633"
"wavelet-LLH","glcm","MCC","0.6326567011195636"
"wavelet-LLH","glcm","MaximumProbability","0.17585732851380861"
"wavelet-LLH","glcm","SumAverage","18.281618146446817"
"wavelet-LLH","glcm","SumEntropy","3.119061126693279"
"wavelet-LLH","glcm","SumSquares","3.082136679615391"
"wavelet-LLH","gldm","DependenceEntropy","6.500378173889741"
"wavelet-LLH","gldm","DependenceNonUniformity","2598.4968269334195"
"wavelet-LLH","gldm","DependenceNonUniformityNormalized","0.05589968434835795"
"wavelet-LLH","gldm","DependenceVariance","26.625227266671693"
"wavelet-LLH","gldm","GrayLevelNonUniformity","9657.352285683553"
"wavelet-LLH","gldm","GrayLevelVariance","3.637441400545471"
"wavelet-LLH","gldm","HighGrayLevelEmphasis","88.52104980101107"
"wavelet-LLH","gldm","LargeDependenceEmphasis","123.02818113369904"
"wavelet-LLH","gldm","LargeDependenceHighGrayLevelEmphasis","10949.724663870065"
"wavelet-LLH","gldm","LargeDependenceLowGrayLevelEmphasis","1.4695092191715389"
"wavelet-LLH","gldm","LowGrayLevelEmphasis","0.013660587606366098"
"wavelet-LLH","gldm","SmallDependenceEmphasis","0.044631729985965776"
"wavelet-LLH","gldm","SmallDependenceHighGrayLevelEmphasis","4.34088671601282"
"wavelet-LLH","gldm","SmallDependenceLowGrayLevelEmphasis","0.000711430977470915"
"wavelet-LLH","glrlm","GrayLevelNonUniformity","5136.686125319619"
"wavelet-LLH","glrlm","GrayLevelNonUniformityNormalized","0.16458061610601055"
"wavelet-LLH","glrlm","GrayLevelVariance","4.593733430106107"
"wavelet-LLH","glrlm","HighGrayLevelRunEmphasis","89.01277972411442"
"wavelet-LLH","glrlm","LongRunEmphasis","6.335280085386619"
"wavelet-LLH","glrlm","LongRunHighGrayLevelEmphasis","550.7242495077728"
"wavelet-LLH","glrlm","LongRunLowGrayLevelEmphasis","0.08214901073709428"
"wavelet-LLH","glrlm","LowGrayLevelRunEmphasis","0.014238641425876702"
"wavelet-LLH","glrlm","RunEntropy","4.254108272917207"
"wavelet-LLH","glrlm","RunLengthNonUniformity","18528.445124931586"
"wavelet-LLH","glrlm","RunLengthNonUniformityNormalized","0.5559643048668692"
"wavelet-LLH","glrlm","RunPercentage","0.6608269003235121"
"wavelet-LLH","glrlm","RunVariance","3.057514374513064"
"wavelet-LLH","glrlm","ShortRunEmphasis","0.7572777174978047"
"wavelet-LLH","glrlm","ShortRunHighGrayLevelEmphasis","67.41679245021069"
"wavelet-LLH","glrlm","ShortRunLowGrayLevelEmphasis","0.01113495802126231"
"wavelet-LLH","glszm","GrayLevelNonUniformity","152.75615615615615"
"wavelet-LLH","glszm","GrayLevelNonUniformityNormalized","0.09174543913282653"
"wavelet-LLH","glszm","GrayLevelVariance","9.543693603513423"
"wavelet-LLH","glszm","HighGrayLevelZoneEmphasis","104.05945945945946"
"wavelet-LLH","glszm","LargeAreaEmphasis","225365.4096096096"
"wavelet-LLH","glszm","LargeAreaHighGrayLevelEmphasis","19703280.73933934"
"wavelet-LLH","glszm","LargeAreaLowGrayLevelEmphasis","2630.6149625608127"
"wavelet-LLH","glszm","LowGrayLevelZoneEmphasis","0.01669665363463341"
"wavelet-LLH","glszm","SizeZoneNonUniformity","358.97837837837835"
"wavelet-LLH","glszm","SizeZoneNonUniformityNormalized","0.2156026296566837"
"wavelet-LLH","glszm","SmallAreaEmphasis","0.46936861221589876"
"wavelet-LLH","glszm","SmallAreaHighGrayLevelEmphasis","48.921169736007094"
"wavelet-LLH","glszm","SmallAreaLowGrayLevelEmphasis","0.008015554289851764"
"wavelet-LLH","glszm","ZoneEntropy","6.583588786972831"
"wavelet-LLH","glszm","ZonePercentage","0.03581800580832527"
"wavelet-LLH","glszm","ZoneVariance","224585.94357600846"
"wavelet-LLH","ngtdm","Busyness","25.623186766042213"
"wavelet-LLH","ngtdm","Coarseness","0.00015345631695272004"
"wavelet-LLH","ngtdm","Complexity","185.31450004334678"
"wavelet-LLH","ngtdm","Contrast","0.023950878446134156"
"wavelet-LLH","ngtdm","Strength","0.024870902412427395"
"wavelet-LHL","firstorder","10Percentile","-10.69834918675819"
"wavelet-LHL","firstorder","90Percentile","8.923702040313795"
"wavelet-LHL","firstorder","Energy","5271572.841327857"
"wavelet-LHL","firstorder","Entropy","1.2213244891607133"
"wavelet-LHL","firstorder","InterquartileRange","9.409551447089758"
"wavelet-LHL","firstorder","Kurtosis","18.614070232341756"
"wavelet-LHL","firstorder","Maximum","96.8177268041638"
"wavelet-LHL","firstorder","MeanAbsoluteDeviation","6.816598413354466"
"wavelet-LHL","firstorder","Mean","-0.9072723017830538"
"wavelet-LHL","firstorder","Median","-0.4193557207833975"
"wavelet-LHL","firstorder","Minimum","-131.7599557814021"
"wavelet-LHL","firstorder","Range","228.57768258556592"
"wavelet-LHL","firstorder","RobustMeanAbsoluteDeviation","3.9857110916271403"
"wavelet-LHL","firstorder","RootMeanSquared","10.649119199705865"
"wavelet-LHL","firstorder","Skewness","-1.2538911602820413"
"wavelet-LHL","firstorder","TotalEnergy","15214913.824511949"
"wavelet-LHL","firstorder","Uniformity","0.4712657670066721"
"wavelet-LHL","firstorder","Variance","112.58059669996139"
"wavelet-LHL","glcm","Autocorrelation","41.83359170701089"
"wavelet-LHL","glcm","ClusterProminence","3.2328044685540394"
"wavelet-LHL","glcm","ClusterShade","-0.2552621190164706"
"wavelet-LHL","glcm","ClusterTendency","0.6678422097530972"
"wavelet-LHL","glcm","Contrast","0.6054637483144397"
"wavelet-LHL","glcm","Correlation","0.04753013817444158"
"wavelet-LHL","glcm","DifferenceAverage","0.5470288829493959"
"wavelet-LHL","glcm","DifferenceEntropy","1.0709544604242074"
"wavelet-LHL","glcm","DifferenceVariance","0.2875620335729739"
"wavelet-LHL","glcm","Id","0.734187064881724"
"wavelet-LHL","glcm","Idm","0.7319778841353107"
"wavelet-LHL","glcm","Idmn","0.994076152838563"
"wavelet-LHL","glcm","Idn","0.9506788504401938"
"wavelet-LHL","glcm","Imc1","-0.06552141074468318"
"wavelet-LHL","glcm","Imc2","0.346621938464689"
"wavelet-LHL","glcm","InverseVariance","0.5127034393046385"
"wavelet-LHL","glcm","JointAverage","6.466683313725148"
"wavelet-LHL","glcm","JointEnergy","0.24842280253708934"
"wavelet-LHL","glcm","JointEntropy","2.257997960944316"
"wavelet-LHL","glcm","MCC","0.3548913815836724"
"wavelet-LHL","glcm","MaximumProbability","0.3028947654056493"
"wavelet-LHL","glcm","SumAverage","12.933366627450294"
"wavelet-LHL","glcm","SumEntropy","1.6383477156644572"
"wavelet-LHL","glcm","SumSquares","0.3183264895168843"
"wavelet-LHL","gldm","DependenceEntropy","4.926973158337608"
"wavelet-LHL","gldm","DependenceNonUniformity","3881.1781219748304"
"wavelet-LHL","gldm","DependenceNonUniformityNormalized","0.08349312943906272"
"wavelet-LHL","gldm","DependenceVariance","12.723885462525606"
"wavelet-LHL","gldm","GrayLevelNonUniformity","21906.789179305153"
"wavelet-LHL","gldm","GrayLevelVariance","0.34853359784897203"
"wavelet-LHL","gldm","HighGrayLevelEmphasis","42.08260729267506"
"wavelet-LHL","gldm","LargeDependenceEmphasis","155.96026675271594"
"wavelet-LHL","gldm","LargeDependenceHighGrayLevelEmphasis","6528.899903194579"
"wavelet-LHL","gldm","LargeDependenceLowGrayLevelEmphasis","3.8179798123291637"
"wavelet-LHL","gldm","LowGrayLevelEmphasis","0.02473967461348631"
"wavelet-LHL","gldm","SmallDependenceEmphasis","0.01654859221813209"
"wavelet-LHL","gldm","SmallDependenceHighGrayLevelEmphasis","0.688959578371887"
"wavelet-LHL","gldm","SmallDependenceLowGrayLevelEmphasis","0.0005366512232942204"
"wavelet-LHL","glrlm","GrayLevelNonUniformity","12215.902366146318"
"wavelet-LHL","glrlm","GrayLevelNonUniformityNormalized","0.4531508841434252"
"wavelet-LHL","glrlm","GrayLevelVariance","0.4131050272069625"
"wavelet-LHL","glrlm","HighGrayLevelRunEmphasis","42.142856718219726"
"wavelet-LHL","glrlm","LongRunEmphasis","5.109783821983852"
"wavelet-LHL","glrlm","LongRunHighGrayLevelEmphasis","214.4646663616251"
"wavelet-LHL","glrlm","LongRunLowGrayLevelEmphasis","0.125574156277802"
"wavelet-LHL","glrlm","LowGrayLevelRunEmphasis","0.02497989143540196"
"wavelet-LHL","glrlm","RunEntropy","3.008500328486913"
"wavelet-LHL","glrlm","RunLengthNonUniformity","11546.292657742186"
"wavelet-LHL","glrlm","RunLengthNonUniformityNormalized","0.4078100978139568"
"wavelet-LHL","glrlm","RunPercentage","0.5781484515269608"
"wavelet-LHL","glrlm","RunVariance","1.4988238179255806"
"wavelet-LHL","glrlm","ShortRunEmphasis","0.6339224925018733"
"wavelet-LHL","glrlm","ShortRunHighGrayLevelEmphasis","26.74615024379098"
"wavelet-LHL","glrlm","ShortRunLowGrayLevelEmphasis","0.0160278716836258"
"wavelet-LHL","glszm","GrayLevelNonUniformity","108.47974413646055"
"wavelet-LHL","glszm","GrayLevelNonUniformityNormalized","0.2313000941075918"
"wavelet-LHL","glszm","GrayLevelVariance","3.4851178163401695"
"wavelet-LHL","glszm","HighGrayLevelZoneEmphasis","39.86993603411514"
"wavelet-LHL","glszm","LargeAreaEmphasis","2144146.279317697"
"wavelet-LHL","glszm","LargeAreaHighGrayLevelEmphasis","89980712.77185501"
"wavelet-LHL","glszm","LargeAreaLowGrayLevelEmphasis","52308.487032295125"
"wavelet-LHL","glszm","LowGrayLevelZoneEmphasis","0.042327830464887535"
"wavelet-LHL","glszm","SizeZoneNonUniformity","106.39445628997868"
"wavelet-LHL","glszm","SizeZoneNonUniformityNormalized","0.22685385136456007"
"wavelet-LHL","glszm","SmallAreaEmphasis","0.469298438557072"
"wavelet-LHL","glszm","SmallAreaHighGrayLevelEmphasis","19.414954951262366"
"wavelet-LHL","glszm","SmallAreaLowGrayLevelEmphasis","0.020832016170907994"
"wavelet-LHL","glszm","ZoneEntropy","5.117593993601986"
"wavelet-LHL","glszm","ZonePercentage","0.010089276110573303"
"wavelet-LHL","glszm","ZoneVariance","2134322.468619437"
"wavelet-LHL","ngtdm","Busyness","107.84947348069419"
"wavelet-LHL","ngtdm","Coarseness","9.079892310417545e-05"
"wavelet-LHL","ngtdm","Complexity","26.388891778440954"
"wavelet-LHL","ngtdm","Contrast","0.004094803623735884"
"wavelet-LHL","ngtdm","Strength","0.00774775771024424"
"wavelet-LHH","firstorder","10Percentile","-7.358277681949072"
"wavelet-LHH","firstorder","90Percentile","7.215154027476162"
"wavelet-LHH","firstorder","Energy","2837522.7395919166"
"wavelet-LHH","firstorder","Entropy","1.1368753593366518"
"wavelet-LHH","firstorder","InterquartileRange","6.826044971472235"
"wavelet-LHH","firstorder","Kurtosis","11.478164274274572"
"wavelet-LHH","firstorder","Maximum","98.71912558765756"
"wavelet-LHH","firstorder","MeanAbsoluteDeviation","5.105306260296996"
"wavelet-LHH","firstorder","Mean","0.01710107396821763"
"wavelet-LHH","firstorder","Median","-0.08848498604527408"
"wavelet-LHH","firstorder","Minimum","-79.62021872815514"
"wavelet-LHH","firstorder","Range","178.3393443158127"
"wavelet-LHH","firstorder","RobustMeanAbsoluteDeviation","2.8948580001992266"
"wavelet-LHH","firstorder","RootMeanSquared","7.812917845852535"
"wavelet-LHH","firstorder","Skewness","0.3752829746469007"
"wavelet-LHH","firstorder","TotalEnergy","8189712.113910448"
"wavelet-LHH","firstorder","Uniformity","0.4820300874159674"
"wavelet-LHH","firstorder","Variance","61.04139281931017"
"wavelet-LHH","glcm","Autocorrelation","20.207735216954873"
"wavelet-LHH","glcm","ClusterProminence","0.8433530950883246"
"wavelet-LHH","glcm","ClusterShade","0.02885409286863618"
"wavelet-LHH","glcm","ClusterTendency","0.5490010765038954"
"wavelet-LHH","glcm","Contrast","0.5635790715026918"
"wavelet-LHH","glcm","Correlation","-0.014146575767455406"
"wavelet-LHH","glcm","DifferenceAverage","0.5329313265954971"
"wavelet-LHH","glcm","DifferenceEntropy","1.0668201069262833"
"wavelet-LHH","glcm","DifferenceVariance","0.27051209076801797"
"wavelet-LHH","glcm","Id","0.7383228856789457"
"wavelet-LHH","glcm","Idm","0.7365846098319021"
"wavelet-LHH","glcm","Idmn","0.9913809468740786"
"wavelet-LHH","glcm","Idn","0.9411178894494662"
"wavelet-LHH","glcm","Imc1","-0.03186407925056751"
"wavelet-LHH","glcm","Imc2","0.21297509529153238"
"wavelet-LHH","glcm","InverseVariance","0.509029614694027"
"wavelet-LHH","glcm","JointAverage","4.495706380220642"
"wavelet-LHH","glcm","JointEnergy","0.2462572151887457"
"wavelet-LHH","glcm","JointEntropy","2.1714884929593365"
"wavelet-LHH","glcm","MCC","0.20980252052325427"
"wavelet-LHH","glcm","MaximumProbability","0.2836525952920649"
"wavelet-LHH","glcm","SumAverage","8.991412760441284"
"wavelet-LHH","glcm","SumEntropy","1.565103098244833"
"wavelet-LHH","glcm","SumSquares","0.27814503700164683"
"wavelet-LHH","gldm","DependenceEntropy","4.6784888897020975"
"wavelet-LHH","gldm","DependenceNonUniformity","4520.7464558459715"
"wavelet-LHH","gldm","DependenceNonUniformityNormalized","0.09725172541348762"
"wavelet-LHH","gldm","DependenceVariance","10.217115250745227"
"wavelet-LHH","gldm","GrayLevelNonUniformity","22407.16861353125"
"wavelet-LHH","gldm","GrayLevelVariance","0.29012392998239855"
"wavelet-LHH","gldm","HighGrayLevelEmphasis","20.50190383994837"
"wavelet-LHH","gldm","LargeDependenceEmphasis","157.61400451758632"
"wavelet-LHH","gldm","LargeDependenceHighGrayLevelEmphasis","3200.2656986124557"
"wavelet-LHH","gldm","LargeDependenceLowGrayLevelEmphasis","8.159206143869831"
"wavelet-LHH","gldm","LowGrayLevelEmphasis","0.051720520169991194"
"wavelet-LHH","gldm","SmallDependenceEmphasis","0.013722695614227221"
"wavelet-LHH","gldm","SmallDependenceHighGrayLevelEmphasis","0.2926242401545859"
"wavelet-LHH","gldm","SmallDependenceLowGrayLevelEmphasis","0.0008244456928534098"
"wavelet-LHH","glrlm","GrayLevelNonUniformity","12515.047255569576"
"wavelet-LHH","glrlm","GrayLevelNonUniformityNormalized","0.470865826635916"
"wavelet-LHH","glrlm","GrayLevelVariance","0.31564300526893735"
"wavelet-LHH","glrlm","HighGrayLevelRunEmphasis","20.60003747802072"
"wavelet-LHH","glrlm","LongRunEmphasis","5.063342560032324"
"wavelet-LHH","glrlm","LongRunHighGrayLevelEmphasis","103.22701050570784"
"wavelet-LHH","glrlm","LongRunLowGrayLevelEmphasis","0.26205749233999054"
"wavelet-LHH","glrlm","LowGrayLevelRunEmphasis","0.051785167770058704"
"wavelet-LHH","glrlm","RunEntropy","2.9150740777113024"
"wavelet-LHH","glrlm","RunLengthNonUniformity","11014.963003885923"
"wavelet-LHH","glrlm","RunLengthNonUniformityNormalized","0.40232256830431407"
"wavelet-LHH","glrlm","RunPercentage","0.5715110747056535"
"wavelet-LHH","glrlm","RunVariance","1.532246072992606"
"wavelet-LHH","glrlm","ShortRunEmphasis","0.6358359549369005"
"wavelet-LHH","glrlm","ShortRunHighGrayLevelEmphasis","13.15910993039783"
"wavelet-LHH","glrlm","ShortRunLowGrayLevelEmphasis","0.03301831914198717"
"wavelet-LHH","glszm","GrayLevelNonUniformity","104.5191637630662"
"wavelet-LHH","glszm","GrayLevelNonUniformityNormalized","0.36417827095145017"
"wavelet-LHH","glszm","GrayLevelVariance","2.3813085019849702"
"wavelet-LHH","glszm","HighGrayLevelZoneEmphasis","22.334494773519165"
"wavelet-LHH","glszm","LargeAreaEmphasis","3602312.024390244"
"wavelet-LHH","glszm","LargeAreaHighGrayLevelEmphasis","73377648.55400696"
"wavelet-LHH","glszm","LargeAreaLowGrayLevelEmphasis","185793.4747711143"
"wavelet-LHH","glszm","LowGrayLevelZoneEmphasis","0.0758962496148285"
"wavelet-LHH","glszm","SizeZoneNonUniformity","71.18815331010452"
"wavelet-LHH","glszm","SizeZoneNonUniformityNormalized","0.24804234602823877"
"wavelet-LHH","glszm","SmallAreaEmphasis","0.4935415970106453"
"wavelet-LHH","glszm","SmallAreaHighGrayLevelEmphasis","10.66808805671157"
"wavelet-LHH","glszm","SmallAreaLowGrayLevelEmphasis","0.04084143659145367"
"wavelet-LHH","glszm","ZoneEntropy","4.3294584004148415"
"wavelet-LHH","glszm","ZonePercentage","0.006174034634828439"
"wavelet-LHH","glszm","ZoneVariance","3576078.18368561"
"wavelet-LHH","ngtdm","Busyness","210.23689092305307"
"wavelet-LHH","ngtdm","Coarseness","8.786340116292126e-05"
"wavelet-LHH","ngtdm","Complexity","16.08777814622503"
"wavelet-LHH","ngtdm","Contrast","0.005439077245402749"
"wavelet-LHH","ngtdm","Strength","0.003632689979284746"
"wavelet-HLL","firstorder","10Percentile","-6.756272486773968"
"wavelet-HLL","firstorder","90Percentile","5.850778237407133"
"wavelet-HLL","firstorder","Energy","3206680.6445859317"
"wavelet-HLL","firstorder","Entropy","1.1481113402204361"
"wavelet-HLL","firstorder","InterquartileRange","5.985763839793011"
"wavelet-HLL","firstorder","Kurtosis","41.797773623281735"
"wavelet-HLL","firstorder","Maximum","146.48891751339175"
"wavelet-HLL","firstorder","MeanAbsoluteDeviation","4.668737116596771"
"wavelet-HLL","firstorder","Mean","-0.49153293841606654"
"wavelet-HLL","firstorder","Median","-0.23264020884943315"
"wavelet-HLL","firstorder","Minimum","-127.56994442569342"
"wavelet-HLL","firstorder","Range","274.0588619390852"
"wavelet-HLL","firstorder","RobustMeanAbsoluteDeviation","2.526953240329133"
"wavelet-HLL","firstorder","RootMeanSquared","8.30560814742861"
"wavelet-HLL","firstorder","Skewness","-0.2693066797139572"
"wavelet-HLL","firstorder","TotalEnergy","9255182.682407139"
"wavelet-HLL","firstorder","Uniformity","0.482773315366373"
"wavelet-HLL","firstorder","Variance","68.74152206908454"
"wavelet-HLL","glcm","Autocorrelation","41.930041837061694"
"wavelet-HLL","glcm","ClusterProminence","2.9258784755477567"
"wavelet-HLL","glcm","ClusterShade","-0.048473321064680615"
"wavelet-HLL","glcm","ClusterTendency","0.6277416404406849"
"wavelet-HLL","glcm","Contrast","0.5664043393640088"
"wavelet-HLL","glcm","Correlation","0.05075472185642185"
"wavelet-HLL","glcm","DifferenceAverage","0.5177932106572221"
"wavelet-HLL","glcm","DifferenceEntropy","1.0529037847156486"
"wavelet-HLL","glcm","DifferenceVariance","0.2873005529015282"
"wavelet-HLL","glcm","Id","0.7466073090878228"
"wavelet-HLL","glcm","Idm","0.7453064268477215"
"wavelet-HLL","glcm","Idmn","0.9961383403446702"
"wavelet-HLL","glcm","Idn","0.9604063254204748"
"wavelet-HLL","glcm","Imc1","-0.04701139586244907"
"wavelet-HLL","glcm","Imc2","0.28795323383682764"
"wavelet-HLL","glcm","InverseVariance","0.49524293389113916"
"wavelet-HLL","glcm","JointAverage","6.474156753166418"
"wavelet-HLL","glcm","JointEnergy","0.24924730479946625"
"wavelet-HLL","glcm","JointEntropy","2.1748654399192375"
"wavelet-HLL","glcm","MCC","0.4165284604179561"
"wavelet-HLL","glcm","MaximumProbability","0.29104993749126423"
"wavelet-HLL","glcm","SumAverage","12.94831350633284"
"wavelet-HLL","glcm","SumEntropy","1.6100779434453223"
"wavelet-HLL","glcm","SumSquares","0.2985364949511734"
"wavelet-HLL","gldm","DependenceEntropy","4.885572494909226"
"wavelet-HLL","gldm","DependenceNonUniformity","3920.5836076153596"
"wavelet-HLL","gldm","DependenceNonUniformityNormalized","0.08434083269044551"
"wavelet-HLL","gldm","DependenceVariance","12.284138633119209"
"wavelet-HLL","gldm","GrayLevelNonUniformity","22441.71756480585"
"wavelet-HLL","gldm","GrayLevelVariance","0.3145772646568676"
"wavelet-HLL","gldm","HighGrayLevelEmphasis","42.21307948800688"
"wavelet-HLL","gldm","LargeDependenceEmphasis","168.33118210175326"
"wavelet-HLL","gldm","LargeDependenceHighGrayLevelEmphasis","7056.814606862429"
"wavelet-HLL","gldm","LargeDependenceLowGrayLevelEmphasis","4.113403315317776"
"wavelet-HLL","gldm","LowGrayLevelEmphasis","0.024494454742459613"
"wavelet-HLL","gldm","SmallDependenceEmphasis","0.013789872552067952"
"wavelet-HLL","gldm","SmallDependenceHighGrayLevelEmphasis","0.6018803807719618"
"wavelet-HLL","gldm","SmallDependenceLowGrayLevelEmphasis","0.0003933791412376576"
"wavelet-HLL","glrlm","GrayLevelNonUniformity","12230.149713868652"
"wavelet-HLL","glrlm","GrayLevelNonUniformityNormalized","0.4709652093708204"
"wavelet-HLL","glrlm","GrayLevelVariance","0.3592004125097973"
"wavelet-HLL","glrlm","HighGrayLevelRunEmphasis","42.3523717740888"
"wavelet-HLL","glrlm","LongRunEmphasis","5.2126306037573995"
"wavelet-HLL","glrlm","LongRunHighGrayLevelEmphasis","219.26138580149106"
"wavelet-HLL","glrlm","LongRunLowGrayLevelEmphasis","0.12743078709682953"
"wavelet-HLL","glrlm","LowGrayLevelRunEmphasis","0.024580652500482476"
"wavelet-HLL","glrlm","RunEntropy","2.988892768440998"
"wavelet-HLL","glrlm","RunLengthNonUniformity","10400.480163876378"
"wavelet-HLL","glrlm","RunLengthNonUniformityNormalized","0.3871222446634383"
"wavelet-HLL","glrlm","RunPercentage","0.5580046499697999"
"wavelet-HLL","glrlm","RunVariance","1.5734019936377153"
"wavelet-HLL","glrlm","ShortRunEmphasis","0.6193412441602474"
"wavelet-HLL","glrlm","ShortRunHighGrayLevelEmphasis","26.323749602569322"
"wavelet-HLL","glrlm","ShortRunLowGrayLevelEmphasis","0.015300030530948389"
"wavelet-HLL","glszm","GrayLevelNonUniformity","60.59744408945687"
"wavelet-HLL","glszm","GrayLevelNonUniformityNormalized","0.19360205779379192"
"wavelet-HLL","glszm","GrayLevelVariance","3.8048158090824646"
"wavelet-HLL","glszm","HighGrayLevelZoneEmphasis","45.20766773162939"
"wavelet-HLL","glszm","LargeAreaEmphasis","3316994.9233226837"
"wavelet-HLL","glszm","LargeAreaHighGrayLevelEmphasis","139244214.74440894"
"wavelet-HLL","glszm","LargeAreaLowGrayLevelEmphasis","80896.21674771191"
"wavelet-HLL","glszm","LowGrayLevelZoneEmphasis","0.03671114152780716"
"wavelet-HLL","glszm","SizeZoneNonUniformity","91.71565495207668"
"wavelet-HLL","glszm","SizeZoneNonUniformityNormalized","0.29302126182772104"
"wavelet-HLL","glszm","SmallAreaEmphasis","0.5512841588243312"
"wavelet-HLL","glszm","SmallAreaHighGrayLevelEmphasis","25.13134822675407"
"wavelet-HLL","glszm","SmallAreaLowGrayLevelEmphasis","0.019457077059827698"
"wavelet-HLL","glszm","ZoneEntropy","4.953849544744833"
"wavelet-HLL","glszm","ZonePercentage","0.0067333548456491345"
"wavelet-HLL","glszm","ZoneVariance","3294938.4031479345"
"wavelet-HLL","ngtdm","Busyness","84.89465360709572"
"wavelet-HLL","ngtdm","Coarseness","9.145419919749012e-05"
"wavelet-HLL","ngtdm","Complexity","35.42776459324573"
"wavelet-HLL","ngtdm","Contrast","0.0024047703125343097"
"wavelet-HLL","ngtdm","Strength","0.012517133789000146"
"wavelet-HLH","firstorder","10Percentile","-5.390841636311125"
"wavelet-HLH","firstorder","90Percentile","5.373397541157486"
"wavelet-HLH","firstorder","Energy","2132047.2498447355"
"wavelet-HLH","firstorder","Entropy","1.0992296347979142"
"wavelet-HLH","firstorder","InterquartileRange","5.00343474100308"
"wavelet-HLH","firstorder","Kurtosis","42.922424998803024"
"wavelet-HLH","firstorder","Maximum","130.86620442983613"
"wavelet-HLH","firstorder","MeanAbsoluteDeviation","3.9350851948918333"
"wavelet-HLH","firstorder","Mean","0.041376186552286906"
"wavelet-HLH","firstorder","Median","-0.04560536314294594"
"wavelet-HLH","firstorder","Minimum","-124.01625429044891"
"wavelet-HLH","firstorder","Range","254.88245872028506"
"wavelet-HLH","firstorder","RobustMeanAbsoluteDeviation","2.1233798224604223"
"wavelet-HLH","firstorder","RootMeanSquared","6.7723905484606"
"wavelet-HLH","firstorder","Skewness","0.49238714014832285"
"wavelet-HLH","firstorder","TotalEnergy","6153555.333972072"
"wavelet-HLH","firstorder","Uniformity","0.48866204953642844"
"wavelet-HLH","firstorder","Variance","45.863561752064854"
"wavelet-HLH","glcm","Autocorrelation","30.21512608370436"
"wavelet-HLH","glcm","ClusterProminence","1.2267072716412726"
"wavelet-HLH","glcm","ClusterShade","0.02215561438781765"
"wavelet-HLH","glcm","ClusterTendency","0.5480518340181691"
"wavelet-HLH","glcm","Contrast","0.5675106014277737"
"wavelet-HLH","glcm","Correlation","-0.0178176711861788"
"wavelet-HLH","glcm","DifferenceAverage","0.5278370516802375"
"wavelet-HLH","glcm","DifferenceEntropy","1.0539495979362214"
"wavelet-HLH","glcm","DifferenceVariance","0.28025781055861193"
"wavelet-HLH","glcm","Id","0.7408484060680783"
"wavelet-HLH","glcm","Idm","0.7395822980075326"
"wavelet-HLH","glcm","Idmn","0.9953939465628417"
"wavelet-HLH","glcm","Idn","0.9562409878140564"
"wavelet-HLH","glcm","Imc1","-0.03193969809207465"
"wavelet-HLH","glcm","Imc2","0.22060066966984315"
"wavelet-HLH","glcm","InverseVariance","0.5073255554126653"
"wavelet-HLH","glcm","JointAverage","5.497271043364039"
"wavelet-HLH","glcm","JointEnergy","0.24999672765295328"
"wavelet-HLH","glcm","JointEntropy","2.1280982118058183"
"wavelet-HLH","glcm","MCC","0.30440340316813147"
"wavelet-HLH","glcm","MaximumProbability","0.28457013352803295"
"wavelet-HLH","glcm","SumAverage","10.994542086728076"
"wavelet-HLH","glcm","SumEntropy","1.549343235188469"
"wavelet-HLH","glcm","SumSquares","0.27889060886148576"
"wavelet-HLH","gldm","DependenceEntropy","4.630281607485374"
"wavelet-HLH","gldm","DependenceNonUniformity","4625.978509196515"
"wavelet-HLH","gldm","DependenceNonUniformityNormalized","0.0995155105775307"
"wavelet-HLH","gldm","DependenceVariance","9.558989843940148"
"wavelet-HLH","gldm","GrayLevelNonUniformity","22715.45537270087"
"wavelet-HLH","gldm","GrayLevelVariance","0.28484254608033727"
"wavelet-HLH","gldm","HighGrayLevelEmphasis","30.50491556416048"
"wavelet-HLH","gldm","LargeDependenceEmphasis","159.296869958051"
"wavelet-HLH","gldm","LargeDependenceHighGrayLevelEmphasis","4835.331633860385"
"wavelet-HLH","gldm","LargeDependenceLowGrayLevelEmphasis","5.426011196221877"
"wavelet-HLH","gldm","LowGrayLevelEmphasis","0.034134020529225116"
"wavelet-HLH","gldm","SmallDependenceEmphasis","0.01228058397252037"
"wavelet-HLH","gldm","SmallDependenceHighGrayLevelEmphasis","0.39685431364822055"
"wavelet-HLH","gldm","SmallDependenceLowGrayLevelEmphasis","0.00046344365346448257"
"wavelet-HLH","glrlm","GrayLevelNonUniformity","12706.173787388876"
"wavelet-HLH","glrlm","GrayLevelNonUniformityNormalized","0.48112723488745607"
"wavelet-HLH","glrlm","GrayLevelVariance","0.3084469443652713"
"wavelet-HLH","glrlm","HighGrayLevelRunEmphasis","30.587682423548436"
"wavelet-HLH","glrlm","LongRunEmphasis","5.1003452424287055"
"wavelet-HLH","glrlm","LongRunHighGrayLevelEmphasis","155.1306137380163"
"wavelet-HLH","glrlm","LongRunLowGrayLevelEmphasis","0.17390805815093163"
"wavelet-HLH","glrlm","LowGrayLevelRunEmphasis","0.03420976115464807"
"wavelet-HLH","glrlm","RunEntropy","2.8841016751133415"
"wavelet-HLH","glrlm","RunLengthNonUniformity","10868.918259645843"
"wavelet-HLH","glrlm","RunLengthNonUniformityNormalized","0.3998187685382216"
"wavelet-HLH","glrlm","RunPercentage","0.5678175755620093"
"wavelet-HLH","glrlm","RunVariance","1.5869013339564797"
"wavelet-HLH","glrlm","ShortRunEmphasis","0.6353512263338987"
"wavelet-HLH","glrlm","ShortRunHighGrayLevelEmphasis","19.48843292839359"
"wavelet-HLH","glrlm","ShortRunLowGrayLevelEmphasis","0.021808445575186814"
"wavelet-HLH","glszm","GrayLevelNonUniformity","59.70697674418604"
"wavelet-HLH","glszm","GrayLevelNonUniformityNormalized","0.2777068685776095"
"wavelet-HLH","glszm","GrayLevelVariance","3.103169280692266"
"wavelet-HLH","glszm","HighGrayLevelZoneEmphasis","36.85116279069767"
"wavelet-HLH","glszm","LargeAreaEmphasis","4900986.395348838"
"wavelet-HLH","glszm","LargeAreaHighGrayLevelEmphasis","148805027.63255814"
"wavelet-HLH","glszm","LargeAreaLowGrayLevelEmphasis","166839.3212861007"
"wavelet-HLH","glszm","LowGrayLevelZoneEmphasis","0.04646446269975163"
"wavelet-HLH","glszm","SizeZoneNonUniformity","59.16744186046512"
"wavelet-HLH","glszm","SizeZoneNonUniformityNormalized","0.2751974040021633"
"wavelet-HLH","glszm","SmallAreaEmphasis","0.5199717455821131"
"wavelet-HLH","glszm","SmallAreaHighGrayLevelEmphasis","19.222952707925618"
"wavelet-HLH","glszm","SmallAreaLowGrayLevelEmphasis","0.022926158324180608"
"wavelet-HLH","glszm","ZoneEntropy","4.5236152934151725"
"wavelet-HLH","glszm","ZonePercentage","0.00462514789717113"
"wavelet-HLH","glszm","ZoneVariance","4854239.932936723"
"wavelet-HLH","ngtdm","Busyness","116.11893614499142"
"wavelet-HLH","ngtdm","Coarseness","8.67927755319259e-05"
"wavelet-HLH","ngtdm","Complexity","30.997887179412583"
"wavelet-HLH","ngtdm","Contrast","0.002696763246156618"
"wavelet-HLH","ngtdm","Strength","0.009577446154985226"
"wavelet-HHL","firstorder","10Percentile","-4.777254844389676"
"wavelet-HHL","firstorder","90Percentile","4.792785944693376"
"wavelet-HHL","firstorder","Energy","806445.8535314245"
"wavelet-HHL","firstorder","Entropy","1.0107503375769895"
"wavelet-HHL","firstorder","InterquartileRange","4.847374802110637"
"wavelet-HHL","firstorder","Kurtosis","8.726358647856584"
"wavelet-HHL","firstorder","Maximum","57.987516184551"
"wavelet-HHL","firstorder","MeanAbsoluteDeviation","3.0778184434699583"
"wavelet-HHL","firstorder","Mean","0.007296580551985658"
"wavelet-HHL","firstorder","Median","-0.02389076690631138"
"wavelet-HHL","firstorder","Minimum","-40.165695314653284"
"wavelet-HHL","firstorder","Range","98.15321149920428"
"wavelet-HHL","firstorder","RobustMeanAbsoluteDeviation","2.020663459065188"
"wavelet-HHL","firstorder","RootMeanSquared","4.165155204480434"
"wavelet-HHL","firstorder","Skewness","0.23456554752867656"
"wavelet-HHL","firstorder","TotalEnergy","2327579.3648191183"
"wavelet-HHL","firstorder","Uniformity","0.49909395156262726"
"wavelet-HHL","firstorder","Variance","17.34846463732269"
"wavelet-HHL","glcm","Autocorrelation","6.2306873727094665"
"wavelet-HHL","glcm","ClusterProminence","0.49948396464677725"
"wavelet-HHL","glcm","ClusterShade","0.0039037845194602855"
"wavelet-HHL","glcm","ClusterTendency","0.4881124142575326"
"wavelet-HHL","glcm","Contrast","0.5169777157383342"
"wavelet-HHL","glcm","Correlation","-0.028672892466442328"
"wavelet-HHL","glcm","DifferenceAverage","0.5156988830532749"
"wavelet-HHL","glcm","DifferenceEntropy","0.9859171742524514"
"wavelet-HHL","glcm","DifferenceVariance","0.2442596458482902"
"wavelet-HHL","glcm","Id","0.742353886125862"
"wavelet-HHL","glcm","Idm","0.7422779622210987"
"wavelet-HHL","glcm","Idmn","0.9801278147837789"
"wavelet-HHL","glcm","Idn","0.9140799121944203"
"wavelet-HHL","glcm","Imc1","-0.0210232491162942"
"wavelet-HHL","glcm","Imc2","0.14543170654939358"
"wavelet-HHL","glcm","InverseVariance","0.5146691920925117"
"wavelet-HHL","glcm","JointAverage","2.4975795454559493"
"wavelet-HHL","glcm","JointEnergy","0.25638705583227467"
"wavelet-HHL","glcm","JointEntropy","1.993638611693315"
"wavelet-HHL","glcm","MCC","0.17797821205773529"
"wavelet-HHL","glcm","MaximumProbability","0.27952234873939025"
"wavelet-HHL","glcm","SumAverage","4.9951590909118995"
"wavelet-HHL","glcm","SumEntropy","1.4724066962404831"
"wavelet-HHL","glcm","SumSquares","0.2512725324989667"
"wavelet-HHL","gldm","DependenceEntropy","4.4953266305101405"
"wavelet-HHL","gldm","DependenceNonUniformity","4830.320468968484"
"wavelet-HHL","gldm","DependenceNonUniformityNormalized","0.10391137934749886"
"wavelet-HHL","gldm","DependenceVariance","7.839383045201466"
"wavelet-HHL","gldm","GrayLevelNonUniformity","23200.38233838873"
"wavelet-HHL","gldm","GrayLevelVariance","0.25192810591926634"
"wavelet-HHL","gldm","HighGrayLevelEmphasis","6.487791760783049"
"wavelet-HHL","gldm","LargeDependenceEmphasis","156.4453694740239"
"wavelet-HHL","gldm","LargeDependenceHighGrayLevelEmphasis","1011.2847370119393"
"wavelet-HHL","gldm","LargeDependenceLowGrayLevelEmphasis","28.404402369940122"
"wavelet-HHL","gldm","LowGrayLevelEmphasis","0.18124734980220622"
"wavelet-HHL","gldm","SmallDependenceEmphasis","0.009326405151739258"
"wavelet-HHL","gldm","SmallDependenceHighGrayLevelEmphasis","0.061326092486972614"
"wavelet-HHL","gldm","SmallDependenceLowGrayLevelEmphasis","0.0018541937199762985"
"wavelet-HHL","glrlm","GrayLevelNonUniformity","13197.838458978744"
"wavelet-HHL","glrlm","GrayLevelNonUniformityNormalized","0.498425796959487"
"wavelet-HHL","glrlm","GrayLevelVariance","0.25331265487239735"
"wavelet-HHL","glrlm","HighGrayLevelRunEmphasis","6.498918788529741"
"wavelet-HHL","glrlm","LongRunEmphasis","4.565720387134395"
"wavelet-HHL","glrlm","LongRunHighGrayLevelEmphasis","29.578262311618495"
"wavelet-HHL","glrlm","LongRunLowGrayLevelEmphasis","0.8278002528650266"
"wavelet-HHL","glrlm","LowGrayLevelRunEmphasis","0.1811935716587487"
"wavelet-HHL","glrlm","RunEntropy","2.729225601500607"
"wavelet-HHL","glrlm","RunLengthNonUniformity","10685.485099807916"
"wavelet-HHL","glrlm","RunLengthNonUniformityNormalized","0.39588385262278225"
"wavelet-HHL","glrlm","RunPercentage","0.5695997881864291"
"wavelet-HHL","glrlm","RunVariance","1.2941624106198106"
"wavelet-HHL","glrlm","ShortRunEmphasis","0.6255987116102328"
"wavelet-HHL","glrlm","ShortRunHighGrayLevelEmphasis","4.073651876229244"
"wavelet-HHL","glrlm","ShortRunLowGrayLevelEmphasis","0.1133476261953976"
"wavelet-HHL","glszm","GrayLevelNonUniformity","10.121951219512194"
"wavelet-HHL","glszm","GrayLevelNonUniformityNormalized","0.24687685901249257"
"wavelet-HHL","glszm","GrayLevelVariance","1.5181439619274242"
"wavelet-HHL","glszm","HighGrayLevelZoneEmphasis","7.7073170731707314"
"wavelet-HHL","glszm","LargeAreaEmphasis","26273488.12195122"
"wavelet-HHL","glszm","LargeAreaHighGrayLevelEmphasis","170010700.75609756"
"wavelet-HHL","glszm","LargeAreaLowGrayLevelEmphasis","4765130.034681572"
"wavelet-HHL","glszm","LowGrayLevelZoneEmphasis","0.39037262872628725"
"wavelet-HHL","glszm","SizeZoneNonUniformity","15.048780487804878"
"wavelet-HHL","glszm","SizeZoneNonUniformityNormalized","0.3670434265318263"
"wavelet-HHL","glszm","SmallAreaEmphasis","0.6244105691962714"
"wavelet-HHL","glszm","SmallAreaHighGrayLevelEmphasis","4.524715447745888"
"wavelet-HHL","glszm","SmallAreaLowGrayLevelEmphasis","0.2829763719675008"
"wavelet-HHL","glszm","ZoneEntropy","3.698691798073082"
"wavelet-HHL","glszm","ZonePercentage","0.0008820049478326341"
"wavelet-HHL","glszm","ZoneVariance","24988029.927424155"
"wavelet-HHL","ngtdm","Busyness","749.4629178926175"
"wavelet-HHL","ngtdm","Coarseness","8.37357587419032e-05"
"wavelet-HHL","ngtdm","Complexity","6.178885615035265"
"wavelet-HHL","ngtdm","Contrast","0.01299046468978134"
"wavelet-HHL","ngtdm","Strength","0.0010449754360392339"
"wavelet-HHH","firstorder","10Percentile","-3.6794731484803163"
"wavelet-HHH","firstorder","90Percentile","3.631399503572195"
"wavelet-HHH","firstorder","Energy","502649.2661306767"
"wavelet-HHH","firstorder","Entropy","1.003298052056527"
"wavelet-HHH","firstorder","InterquartileRange","3.6568343786883597"
"wavelet-HHH","firstorder","Kurtosis","8.56409196381046"
"wavelet-HHH","firstorder","Maximum","27.787317006331623"
"wavelet-HHH","firstorder","MeanAbsoluteDeviation","2.385778541029074"
"wavelet-HHH","firstorder","Mean","-0.009327867293397104"
"wavelet-HHH","firstorder","Median","-0.0004671260296088067"
"wavelet-HHH","firstorder","Minimum","-36.93610908678526"
"wavelet-HHH","firstorder","Range","64.72342609311688"
"wavelet-HHH","firstorder","RobustMeanAbsoluteDeviation","1.5320568302039372"
"wavelet-HHH","firstorder","RootMeanSquared","3.2883354071690207"
"wavelet-HHH","firstorder","Skewness","-0.2873843267058288"
"wavelet-HHH","firstorder","TotalEnergy","1450755.8746368422"
"wavelet-HHH","firstorder","Uniformity","0.4997419440721671"
"wavelet-HHH","firstorder","Variance","10.813062740933205"
"wavelet-HHH","glcm","Autocorrelation","6.244561888195383"
"wavelet-HHH","glcm","ClusterProminence","0.49018331515011265"
"wavelet-HHH","glcm","ClusterShade","-0.0009612402455936729"
"wavelet-HHH","glcm","ClusterTendency","0.48827358170235197"
"wavelet-HHH","glcm","Contrast","0.5129324392939675"
"wavelet-HHH","glcm","Correlation","-0.02462539949901719"
"wavelet-HHH","glcm","DifferenceAverage","0.5125910859034166"
"wavelet-HHH","glcm","DifferenceEntropy","0.9925410684825258"
"wavelet-HHH","glcm","DifferenceVariance","0.247023271234359"
"wavelet-HHH","glcm","Id","0.7437613492800502"
"wavelet-HHH","glcm","Idm","0.7437385923873466"
"wavelet-HHH","glcm","Idmn","0.9698335274543057"
"wavelet-HHH","glcm","Idn","0.8974931612656682"
"wavelet-HHH","glcm","Imc1","-0.009771566506337035"
"wavelet-HHH","glcm","Imc2","0.10032990052553595"
"wavelet-HHH","glcm","InverseVariance","0.5122924016866847"
"wavelet-HHH","glcm","JointAverage","2.5001453120976738"
"wavelet-HHH","glcm","JointEnergy","0.2531583968754203"
"wavelet-HHH","glcm","JointEntropy","1.9942106898233936"
"wavelet-HHH","glcm","MCC","0.11411593943957817"
"wavelet-HHH","glcm","MaximumProbability","0.27069011337158944"
"wavelet-HHH","glcm","SumAverage","5.0002906241953475"
"wavelet-HHH","glcm","SumEntropy","1.479775795490366"
"wavelet-HHH","glcm","SumSquares","0.2503015052490799"
"wavelet-HHH","gldm","DependenceEntropy","4.384424643112481"
"wavelet-HHH","gldm","DependenceNonUniformity","5290.5765946004085"
"wavelet-HHH","gldm","DependenceNonUniformityNormalized","0.11381255447134363"
"wavelet-HHH","gldm","DependenceVariance","7.238735439113002"
"wavelet-HHH","gldm","GrayLevelNonUniformity","23230.504270194688"
"wavelet-HHH","gldm","GrayLevelVariance","0.2505162112376131"
"wavelet-HHH","gldm","HighGrayLevelEmphasis","6.499064214262665"
"wavelet-HHH","gldm","LargeDependenceEmphasis","157.42551360653974"
"wavelet-HHH","gldm","LargeDependenceHighGrayLevelEmphasis","1024.0127137786383"
"wavelet-HHH","gldm","LargeDependenceLowGrayLevelEmphasis","28.40383830506854"
"wavelet-HHH","gldm","LowGrayLevelEmphasis","0.18074244379907498"
"wavelet-HHH","gldm","SmallDependenceEmphasis","0.008792654200094115"
"wavelet-HHH","gldm","SmallDependenceHighGrayLevelEmphasis","0.05676814452889759"
"wavelet-HHH","gldm","SmallDependenceLowGrayLevelEmphasis","0.0016818414330959427"
"wavelet-HHH","glrlm","GrayLevelNonUniformity","13169.445057816782"
"wavelet-HHH","glrlm","GrayLevelNonUniformityNormalized","0.49955488497865463"
"wavelet-HHH","glrlm","GrayLevelVariance","0.2508907872115669"
"wavelet-HHH","glrlm","HighGrayLevelRunEmphasis","6.4956964148988785"
"wavelet-HHH","glrlm","LongRunEmphasis","4.521872443672381"
"wavelet-HHH","glrlm","LongRunHighGrayLevelEmphasis","29.422353605230743"
"wavelet-HHH","glrlm","LongRunLowGrayLevelEmphasis","0.8159170770035165"
"wavelet-HHH","glrlm","LowGrayLevelRunEmphasis","0.18095251200176793"
"wavelet-HHH","glrlm","RunEntropy","2.7202289433516187"
"wavelet-HHH","glrlm","RunLengthNonUniformity","10556.098988661399"
"wavelet-HHH","glrlm","RunLengthNonUniformityNormalized","0.39735593638895916"
"wavelet-HHH","glrlm","RunPercentage","0.5671126335211523"
"wavelet-HHH","glrlm","RunVariance","1.349313617551845"
"wavelet-HHH","glrlm","ShortRunEmphasis","0.6331749798598479"
"wavelet-HHH","glrlm","ShortRunHighGrayLevelEmphasis","4.11068126167381"
"wavelet-HHH","glrlm","ShortRunLowGrayLevelEmphasis","0.11473340918158798"
"wavelet-HHH","glszm","GrayLevelNonUniformity","7.0"
"wavelet-HHH","glszm","GrayLevelNonUniformityNormalized","0.3333333333333333"
"wavelet-HHH","glszm","GrayLevelVariance","0.9160997732426304"
"wavelet-HHH","glszm","HighGrayLevelZoneEmphasis","5.714285714285714"
"wavelet-HHH","glszm","LargeAreaEmphasis","51378128.14285714"
"wavelet-HHH","glszm","LargeAreaHighGrayLevelEmphasis","333930179.1904762"
"wavelet-HHH","glszm","LargeAreaLowGrayLevelEmphasis","9277375.303240739"
"wavelet-HHH","glszm","LowGrayLevelZoneEmphasis","0.43154761904761907"
"wavelet-HHH","glszm","SizeZoneNonUniformity","7.761904761904762"
"wavelet-HHH","glszm","SizeZoneNonUniformityNormalized","0.36961451247165533"
"wavelet-HHH","glszm","SmallAreaEmphasis","0.6236772488537886"
"wavelet-HHH","glszm","SmallAreaHighGrayLevelEmphasis","3.6987433873909907"
"wavelet-HHH","glszm","SmallAreaLowGrayLevelEmphasis","0.2758028365985981"
"wavelet-HHH","glszm","ZoneEntropy","3.268048828757956"
"wavelet-HHH","glszm","ZonePercentage","0.00045175863181671507"
"wavelet-HHH","glszm","ZoneVariance","46478229.67346939"
"wavelet-HHH","ngtdm","Busyness","1084.5637186126812"
"wavelet-HHH","ngtdm","Coarseness","8.384662938251079e-05"
"wavelet-HHH","ngtdm","Complexity","3.5940491700401402"
"wavelet-HHH","ngtdm","Contrast","0.021446573879686685"
"wavelet-HHH","ngtdm","Strength","0.0005027412602874188"
"wavelet-LLL","firstorder","10Percentile","-2387.828892180116"
"wavelet-LLL","firstorder","90Percentile","-2205.5496922432985"
"wavelet-LLL","firstorder","Energy","238177447514.42426"
"wavelet-LLL","firstorder","Entropy","2.8711119133984417"
"wavelet-LLL","firstorder","InterquartileRange","57.01303877652026"
"wavelet-LLL","firstorder","Kurtosis","5.954845187116468"
"wavelet-LLL","firstorder","Maximum","-2143.562031496636"
"wavelet-LLL","firstorder","MeanAbsoluteDeviation","58.554597013029095"
"wavelet-LLL","firstorder","Mean","-2262.184648676648"
"wavelet-LLL","firstorder","Median","-2230.2121747119218"
"wavelet-LLL","firstorder","Minimum","-2677.8963127614597"
"wavelet-LLL","firstorder","Range","534.3342812648239"
"wavelet-LLL","firstorder","RobustMeanAbsoluteDeviation","31.59882997130465"
"wavelet-LLL","firstorder","RootMeanSquared","2263.5698503818694"
"wavelet-LLL","firstorder","Skewness","-1.8821567044815188"
"wavelet-LLL","firstorder","TotalEnergy","687432280260.6614"
"wavelet-LLL","firstorder","Uniformity","0.22120820380273276"
"wavelet-LLL","firstorder","Variance","6269.082849508989"
"wavelet-LLL","glcm","Autocorrelation","345.75346853657595"
"wavelet-LLL","glcm","ClusterProminence","3612.5233570620594"
"wavelet-LLL","glcm","ClusterShade","-210.45866312844652"
"wavelet-LLL","glcm","ClusterTendency","21.483196170649098"
"wavelet-LLL","glcm","Contrast","7.426300470530033"
"wavelet-LLL","glcm","Correlation","0.42484265207320226"
"wavelet-LLL","glcm","DifferenceAverage","1.4724826779965148"
"wavelet-LLL","glcm","DifferenceEntropy","2.197361858883379"
"wavelet-LLL","glcm","DifferenceVariance","4.832549021535464"
"wavelet-LLL","glcm","Id","0.6706808455614043"
"wavelet-LLL","glcm","Idm","0.6383318652131164"
"wavelet-LLL","glcm","Idmn","0.9871277853242698"
"wavelet-LLL","glcm","Idn","0.9469590855485557"
"wavelet-LLL","glcm","Imc1","-0.24504314313259917"
"wavelet-LLL","glcm","Imc2","0.7861526539427"
"wavelet-LLL","glcm","InverseVariance","0.2721486148617782"
"wavelet-LLL","glcm","JointAverage","18.498170565198702"
"wavelet-LLL","glcm","JointEnergy","0.11872379587450325"
"wavelet-LLL","glcm","JointEntropy","4.492484914504365"
"wavelet-LLL","glcm","MCC","0.6312857428544567"
"wavelet-LLL","glcm","MaximumProbability","0.23751061943411614"
"wavelet-LLL","glcm","SumAverage","36.996341130397404"
"wavelet-LLL","glcm","SumEntropy","3.353691759508218"
"wavelet-LLL","glcm","SumSquares","7.227374160294785"
"wavelet-LLL","gldm","DependenceEntropy","6.78718456954342"
"wavelet-LLL","gldm","DependenceNonUniformity","2113.19072819189"
"wavelet-LLL","gldm","DependenceNonUniformityNormalized","0.0454596262921779"
"wavelet-LLL","gldm","DependenceVariance","72.37678662437925"
"wavelet-LLL","gldm","GrayLevelNonUniformity","10282.863353770033"
"wavelet-LLL","gldm","GrayLevelVariance","10.122162151793393"
"wavelet-LLL","gldm","HighGrayLevelEmphasis","334.50639991395076"
"wavelet-LLL","gldm","LargeDependenceEmphasis","230.93193503280628"
"wavelet-LLL","gldm","LargeDependenceHighGrayLevelEmphasis","87371.94411100356"
"wavelet-LLL","gldm","LargeDependenceLowGrayLevelEmphasis","0.6228269363022031"
"wavelet-LLL","gldm","LowGrayLevelEmphasis","0.0038387230022417927"
"wavelet-LLL","gldm","SmallDependenceEmphasis","0.07363695242878136"
"wavelet-LLL","gldm","SmallDependenceHighGrayLevelEmphasis","15.761446728559228"
"wavelet-LLL","gldm","SmallDependenceLowGrayLevelEmphasis","0.000589855789353851"
"wavelet-LLL","glrlm","GrayLevelNonUniformity","3307.9119336314347"
"wavelet-LLL","glrlm","GrayLevelNonUniformityNormalized","0.12460862904438938"
"wavelet-LLL","glrlm","GrayLevelVariance","14.133877408442268"
"wavelet-LLL","glrlm","HighGrayLevelRunEmphasis","301.0512984213487"
"wavelet-LLL","glrlm","LongRunEmphasis","12.347648715855723"
"wavelet-LLL","glrlm","LongRunHighGrayLevelEmphasis","4544.096694776487"
"wavelet-LLL","glrlm","LongRunLowGrayLevelEmphasis","0.036008126758704476"
"wavelet-LLL","glrlm","LowGrayLevelRunEmphasis","0.0047262408995942294"
"wavelet-LLL","glrlm","RunEntropy","4.8473529834106195"
"wavelet-LLL","glrlm","RunLengthNonUniformity","14672.37059238189"
"wavelet-LLL","glrlm","RunLengthNonUniformityNormalized","0.5419587309442192"
"wavelet-LLL","glrlm","RunPercentage","0.554158909822027"
"wavelet-LLL","glrlm","RunVariance","8.132582970843142"
"wavelet-LLL","glrlm","ShortRunEmphasis","0.7546197399883302"
"wavelet-LLL","glrlm","ShortRunHighGrayLevelEmphasis","212.38677141402317"
"wavelet-LLL","glrlm","ShortRunLowGrayLevelEmphasis","0.003954150898503844"
"wavelet-LLL","glszm","GrayLevelNonUniformity","251.68824039295"
"wavelet-LLL","glszm","GrayLevelNonUniformityNormalized","0.07272124830770009"
"wavelet-LLL","glszm","GrayLevelVariance","14.732296750158053"
"wavelet-LLL","glszm","HighGrayLevelZoneEmphasis","195.9812193007801"
"wavelet-LLL","glszm","LargeAreaEmphasis","125093.26119618607"
"wavelet-LLL","glszm","LargeAreaHighGrayLevelEmphasis","48189652.93961283"
"wavelet-LLL","glszm","LargeAreaLowGrayLevelEmphasis","325.7469676017986"
"wavelet-LLL","glszm","LowGrayLevelZoneEmphasis","0.00863935351643081"
"wavelet-LLL","glszm","SizeZoneNonUniformity","1058.3764807859"
"wavelet-LLL","glszm","SizeZoneNonUniformityNormalized","0.30580077456974863"
"wavelet-LLL","glszm","SmallAreaEmphasis","0.5716777013220775"
"wavelet-LLL","glszm","SmallAreaHighGrayLevelEmphasis","105.69616631744847"
"wavelet-LLL","glszm","SmallAreaLowGrayLevelEmphasis","0.005569861609284873"
"wavelet-LLL","glszm","ZoneEntropy","6.460282111793487"
"wavelet-LLL","glszm","ZonePercentage","0.0744541249865548"
"wavelet-LLL","glszm","ZoneVariance","124912.86703692384"
"wavelet-LLL","ngtdm","Busyness","10.588493535707597"
"wavelet-LLL","ngtdm","Coarseness","0.00014484298959267872"
"wavelet-LLL","ngtdm","Complexity","322.46655444776445"
"wavelet-LLL","ngtdm","Contrast","0.04989993465283331"
"wavelet-LLL","ngtdm","Strength","0.07160552380561072"
