"Image type","Feature Class","Feature Name","Segmentation_segment_Segment_1"
"diagnostics","Versions","PyRadiomics","v3.0.1.post4+gad5b2de"
"diagnostics","Versions","Numpy","1.19.2"
"diagnostics","Versions","SimpleITK","2.0.2"
"diagnostics","Versions","PyWavelet","1.1.1"
"diagnostics","Versions","Python","3.6.7"
"diagnostics","Configuration","Settings","{'minimumROIDimensions': 2, 'minimumROISize': None, 'normalize': False, 'normalizeScale': 1, 'removeOutliers': None, 'resampledPixelSpacing': None, 'interpolator': 'sitkBSpline', 'preCrop': False, 'padDistance': 5, 'distances': [1], 'force2D': False, 'force2Ddimension': 0, 'resegmentRange': None, 'label': 1, 'additionalInfo': True, 'binWidth': 25.0, 'symmetricalGLCM': True, 'correctMask': True}"
"diagnostics","Configuration","EnabledImageTypes","{'Original': {}, 'Wavelet': {}}"
"diagnostics","Image-original","Hash","6c950c7c5c297b713476177ff48e9de9d10f58b4"
"diagnostics","Image-original","Dimensionality","3D"
"diagnostics","Image-original","Spacing","(0.7597656249999998, 0.7597656249999998, 2.0)"
"diagnostics","Image-original","Size","(512, 512, 262)"
"diagnostics","Image-original","Mean","-903.9314127914778"
"diagnostics","Image-original","Minimum","-969.0"
"diagnostics","Image-original","Maximum","-769.0"
"diagnostics","Mask-original","Hash","8240c055b639b7a86bcdd0f3908397599ad742d2"
"diagnostics","Mask-original","Spacing","(0.7597656249999998, 0.7597656249999998, 2.0)"
"diagnostics","Mask-original","Size","(512, 512, 262)"
"diagnostics","Mask-original","BoundingBox","(158, 170, 115, 240, 161, 32)"
"diagnostics","Mask-original","VoxelNum","66003"
"diagnostics","Mask-original","VolumeNum","5"
"diagnostics","Mask-original","CenterOfMassIndex","(315.981409935912, 261.90864051634014, 134.64830386497584)"
"diagnostics","Mask-original","CenterOfMass","(49.46181340833928, 153.48918195479743, 22.006607729951668)"
"original","shape","Elongation","0.5094917752554271"
"original","shape","Flatness","0.2372403963866885"
"original","shape","LeastAxisLength","36.76051087153963"
"original","shape","MajorAxisLength","154.9504697826506"
"original","shape","Maximum2DDiameterColumn","165.33438024394502"
"original","shape","Maximum2DDiameterRow","122.33861478549218"
"original","shape","Maximum2DDiameterSlice","144.8046311902414"
"original","shape","Maximum3DDiameter","189.78451430253483"
"original","shape","MeshVolume","75928.82216199268"
"original","shape","MinorAxisLength","78.94598992622507"
"original","shape","Sphericity","0.3227197109075526"
"original","shape","SurfaceArea","26869.715905596287"
"original","shape","SurfaceVolumeRatio","0.35388032028562577"
"original","shape","VoxelVolume","76199.64571380611"
"original","firstorder","10Percentile","-821.0"
"original","firstorder","90Percentile","-772.0"
"original","firstorder","Energy","41529163341.0"
"original","firstorder","Entropy","1.6952452965600728"
"original","firstorder","InterquartileRange","17.0"
"original","firstorder","Kurtosis","11.612169150415225"
"original","firstorder","Maximum","-769.0"
"original","firstorder","MeanAbsoluteDeviation","17.42672842578118"
"original","firstorder","Mean","-792.7355877763132"
"original","firstorder","Median","-785.0"
"original","firstorder","Minimum","-969.0"
"original","firstorder","Range","200.0"
"original","firstorder","RobustMeanAbsoluteDeviation","7.960077428713475"
"original","firstorder","RootMeanSquared","793.2220039426215"
"original","firstorder","Skewness","-2.749981011206601"
"original","firstorder","TotalEnergy","47944904525.17286"
"original","firstorder","Uniformity","0.4437068726090645"
"original","firstorder","Variance","771.4354116914717"
"original","glcm","Autocorrelation","63.299450176846044"
"original","glcm","ClusterProminence","91.71563283532277"
"original","glcm","ClusterShade","-11.227484745109944"
"original","glcm","ClusterTendency","2.6019607340044266"
"original","glcm","Contrast","1.113461586626709"
"original","glcm","Correlation","0.37920891963557324"
"original","glcm","DifferenceAverage","0.6005619389402764"
"original","glcm","DifferenceEntropy","1.4627987191796699"
"original","glcm","DifferenceVariance","0.749996430354202"
"original","glcm","Id","0.7580173190243494"
"original","glcm","Idm","0.7455586902904756"
"original","glcm","Idmn","0.9876171857887187"
"original","glcm","Idn","0.9440085821137294"
"original","glcm","Imc1","-0.07052617745854291"
"original","glcm","Imc2","0.40455104647602397"
"original","glcm","InverseVariance","0.37065353539551243"
"original","glcm","JointAverage","7.932524700186058"
"original","glcm","JointEnergy","0.2676727862767849"
"original","glcm","JointEntropy","2.898213876824133"
"original","glcm","MCC","0.4256163369401801"
"original","glcm","MaximumProbability","0.4773063151710851"
"original","glcm","SumAverage","15.865049400372117"
"original","glcm","SumEntropy","2.168428158965148"
"original","glcm","SumSquares","0.9288555801577841"
"original","gldm","DependenceEntropy","5.693110131140214"
"original","gldm","DependenceNonUniformity","2682.909337454358"
"original","gldm","DependenceNonUniformityNormalized","0.04064829382686178"
"original","gldm","DependenceVariance","54.59596187046272"
"original","gldm","GrayLevelNonUniformity","29285.984712816084"
"original","gldm","GrayLevelVariance","1.3211749910038997"
"original","gldm","HighGrayLevelEmphasis","62.16628032059149"
"original","gldm","LargeDependenceEmphasis","224.19288517188613"
"original","gldm","LargeDependenceHighGrayLevelEmphasis","14498.086586973319"
"original","gldm","LargeDependenceLowGrayLevelEmphasis","3.515282694910945"
"original","gldm","LowGrayLevelEmphasis","0.020190954227872104"
"original","gldm","SmallDependenceEmphasis","0.056123410746782475"
"original","gldm","SmallDependenceHighGrayLevelEmphasis","2.438216565790394"
"original","gldm","SmallDependenceLowGrayLevelEmphasis","0.0026886878418647445"
"original","glrlm","GrayLevelNonUniformity","10167.739495791571"
"original","glrlm","GrayLevelNonUniformityNormalized","0.28532730506516907"
"original","glrlm","GrayLevelVariance","2.1382831554530553"
"original","glrlm","HighGrayLevelRunEmphasis","59.937532823543506"
"original","glrlm","LongRunEmphasis","6.9383458977455525"
"original","glrlm","LongRunHighGrayLevelEmphasis","442.7384037955841"
"original","glrlm","LongRunLowGrayLevelEmphasis","0.11802859146259724"
"original","glrlm","LowGrayLevelRunEmphasis","0.023784857781655653"
"original","glrlm","RunEntropy","3.7393097377523907"
"original","glrlm","RunLengthNonUniformity","16423.846998251312"
"original","glrlm","RunLengthNonUniformityNormalized","0.4576392244049788"
"original","glrlm","RunPercentage","0.5375792941812668"
"original","glrlm","RunVariance","3.325029371332359"
"original","glrlm","ShortRunEmphasis","0.7018812087736058"
"original","glrlm","ShortRunHighGrayLevelEmphasis","40.5817204300012"
"original","glrlm","ShortRunLowGrayLevelEmphasis","0.01882010196678445"
"original","glszm","GrayLevelNonUniformity","607.1409936164307"
"original","glszm","GrayLevelNonUniformityNormalized","0.16850985112862357"
"original","glszm","GrayLevelVariance","3.5707963473557087"
"original","glszm","HighGrayLevelZoneEmphasis","36.696364140993616"
"original","glszm","LargeAreaEmphasis","417676.5931168471"
"original","glszm","LargeAreaHighGrayLevelEmphasis","27224929.916458506"
"original","glszm","LargeAreaLowGrayLevelEmphasis","6431.696993919607"
"original","glszm","LowGrayLevelZoneEmphasis","0.05628725295897494"
"original","glszm","SizeZoneNonUniformity","1115.5911740216486"
"original","glszm","SizeZoneNonUniformityNormalized","0.30962841355027715"
"original","glszm","SmallAreaEmphasis","0.5733694832024172"
"original","glszm","SmallAreaHighGrayLevelEmphasis","20.686418684204185"
"original","glszm","SmallAreaLowGrayLevelEmphasis","0.03521096756502006"
"original","glszm","ZoneEntropy","5.229696054620435"
"original","glszm","ZonePercentage","0.05458842779873642"
"original","glszm","ZoneVariance","417341.01098608045"
"original","ngtdm","Busyness","82.99139901755471"
"original","ngtdm","Coarseness","0.00011346641736096897"
"original","ngtdm","Complexity","23.578337080442964"
"original","ngtdm","Contrast","0.018794143233106447"
"original","ngtdm","Strength","0.008429777710323973"
"wavelet-LLH","firstorder","10Percentile","-46.473143712514215"
"wavelet-LLH","firstorder","90Percentile","23.52337939786535"
"wavelet-LLH","firstorder","Energy","84978853.33200836"
"wavelet-LLH","firstorder","Entropy","2.3477315859423644"
"wavelet-LLH","firstorder","InterquartileRange","21.475572602153726"
"wavelet-LLH","firstorder","Kurtosis","8.138158796340393"
"wavelet-LLH","firstorder","Maximum","244.3223345598426"
"wavelet-LLH","firstorder","MeanAbsoluteDeviation","21.96590173990534"
"wavelet-LLH","firstorder","Mean","-4.8775308245267235"
"wavelet-LLH","firstorder","Median","-3.1290846333965057"
"wavelet-LLH","firstorder","Minimum","-189.50464578767657"
"wavelet-LLH","firstorder","Range","433.82698034751917"
"wavelet-LLH","firstorder","RobustMeanAbsoluteDeviation","10.507178811302472"
"wavelet-LLH","firstorder","RootMeanSquared","35.88174830045701"
"wavelet-LLH","firstorder","Skewness","0.786146773678809"
"wavelet-LLH","firstorder","TotalEnergy","98107033.27219261"
"wavelet-LLH","firstorder","Uniformity","0.27798591966802993"
"wavelet-LLH","firstorder","Variance","1263.7095541531414"
"wavelet-LLH","glcm","Autocorrelation","68.603363048263"
"wavelet-LLH","glcm","ClusterProminence","162.9540746992187"
"wavelet-LLH","glcm","ClusterShade","4.82978259274482"
"wavelet-LLH","glcm","ClusterTendency","4.135049800546702"
"wavelet-LLH","glcm","Contrast","2.925571866150477"
"wavelet-LLH","glcm","Correlation","0.12928321393570258"
"wavelet-LLH","glcm","DifferenceAverage","1.0184637388122342"
"wavelet-LLH","glcm","DifferenceEntropy","1.8712538561634877"
"wavelet-LLH","glcm","DifferenceVariance","1.8176489340805493"
"wavelet-LLH","glcm","Id","0.6538605091881299"
"wavelet-LLH","glcm","Idm","0.6292931223295393"
"wavelet-LLH","glcm","Idmn","0.9917038764885112"
"wavelet-LLH","glcm","Idn","0.9506561310765529"
"wavelet-LLH","glcm","Imc1","-0.12313474600441136"
"wavelet-LLH","glcm","Imc2","0.5940380028345095"
"wavelet-LLH","glcm","InverseVariance","0.4517770722331855"
"wavelet-LLH","glcm","JointAverage","8.264414624022942"
"wavelet-LLH","glcm","JointEnergy","0.12058871472742928"
"wavelet-LLH","glcm","JointEntropy","4.102206254499798"
"wavelet-LLH","glcm","MCC","0.5364866729605858"
"wavelet-LLH","glcm","MaximumProbability","0.22030725062710446"
"wavelet-LLH","glcm","SumAverage","16.528829248045888"
"wavelet-LLH","glcm","SumEntropy","2.7636095369874316"
"wavelet-LLH","glcm","SumSquares","1.7651554166742949"
"wavelet-LLH","gldm","DependenceEntropy","6.17055967831687"
"wavelet-LLH","gldm","DependenceNonUniformity","3581.0001212066118"
"wavelet-LLH","gldm","DependenceNonUniformityNormalized","0.05425511145260991"
"wavelet-LLH","gldm","DependenceVariance","27.65370958129532"
"wavelet-LLH","gldm","GrayLevelNonUniformity","18347.904655848975"
"wavelet-LLH","gldm","GrayLevelVariance","2.1370809749082205"
"wavelet-LLH","gldm","HighGrayLevelEmphasis","71.00522703513477"
"wavelet-LLH","gldm","LargeDependenceEmphasis","121.56388345984273"
"wavelet-LLH","gldm","LargeDependenceHighGrayLevelEmphasis","8405.273729981971"
"wavelet-LLH","gldm","LargeDependenceLowGrayLevelEmphasis","1.8129195139514558"
"wavelet-LLH","gldm","LowGrayLevelEmphasis","0.016196752850993455"
"wavelet-LLH","gldm","SmallDependenceEmphasis","0.06531316783935627"
"wavelet-LLH","gldm","SmallDependenceHighGrayLevelEmphasis","5.541768120343898"
"wavelet-LLH","gldm","SmallDependenceLowGrayLevelEmphasis","0.0012085626571749976"
"wavelet-LLH","glrlm","GrayLevelNonUniformity","9883.472404199943"
"wavelet-LLH","glrlm","GrayLevelNonUniformityNormalized","0.2234501450862334"
"wavelet-LLH","glrlm","GrayLevelVariance","2.8463416241231183"
"wavelet-LLH","glrlm","HighGrayLevelRunEmphasis","71.98600745973816"
"wavelet-LLH","glrlm","LongRunEmphasis","3.842930121854309"
"wavelet-LLH","glrlm","LongRunHighGrayLevelEmphasis","267.9564022102164"
"wavelet-LLH","glrlm","LongRunLowGrayLevelEmphasis","0.05987646020035289"
"wavelet-LLH","glrlm","LowGrayLevelRunEmphasis","0.016702739372851747"
"wavelet-LLH","glrlm","RunEntropy","3.8985608291225655"
"wavelet-LLH","glrlm","RunLengthNonUniformity","24462.792480697164"
"wavelet-LLH","glrlm","RunLengthNonUniformityNormalized","0.5388968205132119"
"wavelet-LLH","glrlm","RunPercentage","0.6657413008033435"
"wavelet-LLH","glrlm","RunVariance","1.3355454084720766"
"wavelet-LLH","glrlm","ShortRunEmphasis","0.755081298745465"
"wavelet-LLH","glrlm","ShortRunHighGrayLevelEmphasis","54.96473915275215"
"wavelet-LLH","glrlm","ShortRunLowGrayLevelEmphasis","0.0129268790080026"
"wavelet-LLH","glszm","GrayLevelNonUniformity","422.7108547209795"
"wavelet-LLH","glszm","GrayLevelNonUniformityNormalized","0.09953163520625842"
"wavelet-LLH","glszm","GrayLevelVariance","8.47593267819515"
"wavelet-LLH","glszm","HighGrayLevelZoneEmphasis","90.24487873793265"
"wavelet-LLH","glszm","LargeAreaEmphasis","197421.25335530963"
"wavelet-LLH","glszm","LargeAreaHighGrayLevelEmphasis","13647081.92747822"
"wavelet-LLH","glszm","LargeAreaLowGrayLevelEmphasis","2895.659138778515"
"wavelet-LLH","glszm","LowGrayLevelZoneEmphasis","0.019115534516066193"
"wavelet-LLH","glszm","SizeZoneNonUniformity","1116.0779373675537"
"wavelet-LLH","glszm","SizeZoneNonUniformityNormalized","0.26279207378562597"
"wavelet-LLH","glszm","SmallAreaEmphasis","0.5231337236787357"
"wavelet-LLH","glszm","SmallAreaHighGrayLevelEmphasis","49.000399336520466"
"wavelet-LLH","glszm","SmallAreaLowGrayLevelEmphasis","0.00997488799876079"
"wavelet-LLH","glszm","ZoneEntropy","6.204602549170857"
"wavelet-LLH","glszm","ZonePercentage","0.06434556005030075"
"wavelet-LLH","glszm","ZoneVariance","197179.7279444724"
"wavelet-LLH","ngtdm","Busyness","41.47675006451844"
"wavelet-LLH","ngtdm","Coarseness","0.00010381591700900682"
"wavelet-LLH","ngtdm","Complexity","124.79079727760596"
"wavelet-LLH","ngtdm","Contrast","0.011801097362451426"
"wavelet-LLH","ngtdm","Strength","0.019688009307235018"
"wavelet-LHL","firstorder","10Percentile","-21.934573508637342"
"wavelet-LHL","firstorder","90Percentile","18.66520692047293"
"wavelet-LHL","firstorder","Energy","24711734.1861663"
"wavelet-LHL","firstorder","Entropy","1.7034493545568328"
"wavelet-LHL","firstorder","InterquartileRange","19.262004859389698"
"wavelet-LHL","firstorder","Kurtosis","7.723748991614571"
"wavelet-LHL","firstorder","Maximum","161.78145374557914"
"wavelet-LHL","firstorder","MeanAbsoluteDeviation","13.496104823485982"
"wavelet-LHL","firstorder","Mean","-1.4355669635048414"
"wavelet-LHL","firstorder","Median","-1.1281412351251734"
"wavelet-LHL","firstorder","Minimum","-184.36046623675855"
"wavelet-LHL","firstorder","Range","346.1419199823377"
"wavelet-LHL","firstorder","RobustMeanAbsoluteDeviation","8.153604400004946"
"wavelet-LHL","firstorder","RootMeanSquared","19.349501198087633"
"wavelet-LHL","firstorder","Skewness","-0.15786315395498882"
"wavelet-LHL","firstorder","TotalEnergy","28529390.936163854"
"wavelet-LHL","firstorder","Uniformity","0.37920451345267037"
"wavelet-LHL","firstorder","Variance","372.3423441080883"
"wavelet-LHL","glcm","Autocorrelation","71.37865051354878"
"wavelet-LHL","glcm","ClusterProminence","12.871046136280974"
"wavelet-LHL","glcm","ClusterShade","-0.46951034264684266"
"wavelet-LHL","glcm","ClusterTendency","1.3194089885206266"
"wavelet-LHL","glcm","Contrast","1.09069278315537"
"wavelet-LHL","glcm","Correlation","0.0937744757696548"
"wavelet-LHL","glcm","DifferenceAverage","0.717242422995506"
"wavelet-LHL","glcm","DifferenceEntropy","1.4381171682672567"
"wavelet-LHL","glcm","DifferenceVariance","0.5510522121384734"
"wavelet-LHL","glcm","Id","0.6896033226676994"
"wavelet-LHL","glcm","Idm","0.6760660487561547"
"wavelet-LHL","glcm","Idmn","0.9952812421839876"
"wavelet-LHL","glcm","Idn","0.956458349155988"
"wavelet-LHL","glcm","Imc1","-0.060313122108639046"
"wavelet-LHL","glcm","Imc2","0.3748005098747382"
"wavelet-LHL","glcm","InverseVariance","0.5044333752788996"
"wavelet-LHL","glcm","JointAverage","8.44520362941945"
"wavelet-LHL","glcm","JointEnergy","0.17374234554140983"
"wavelet-LHL","glcm","JointEntropy","3.1266069995536885"
"wavelet-LHL","glcm","MCC","0.3428767712835683"
"wavelet-LHL","glcm","MaximumProbability","0.24540348604031806"
"wavelet-LHL","glcm","SumAverage","16.8904072588389"
"wavelet-LHL","glcm","SumEntropy","2.123968289730573"
"wavelet-LHL","glcm","SumSquares","0.6025254429189991"
"wavelet-LHL","gldm","DependenceEntropy","5.462792156149835"
"wavelet-LHL","gldm","DependenceNonUniformity","4222.727103313486"
"wavelet-LHL","gldm","DependenceNonUniformityNormalized","0.06397780560449504"
"wavelet-LHL","gldm","DependenceVariance","19.255697167268252"
"wavelet-LHL","gldm","GrayLevelNonUniformity","25028.635501416604"
"wavelet-LHL","gldm","GrayLevelVariance","0.6906337371038577"
"wavelet-LHL","gldm","HighGrayLevelEmphasis","71.94307834492372"
"wavelet-LHL","gldm","LargeDependenceEmphasis","119.39543657106495"
"wavelet-LHL","gldm","LargeDependenceHighGrayLevelEmphasis","8524.450873445146"
"wavelet-LHL","gldm","LargeDependenceLowGrayLevelEmphasis","1.7004260070733677"
"wavelet-LHL","gldm","LowGrayLevelEmphasis","0.014520085468011453"
"wavelet-LHL","gldm","SmallDependenceEmphasis","0.04908891737420042"
"wavelet-LHL","gldm","SmallDependenceHighGrayLevelEmphasis","3.719086593676054"
"wavelet-LHL","gldm","SmallDependenceLowGrayLevelEmphasis","0.0007969652625359289"
"wavelet-LHL","glrlm","GrayLevelNonUniformity","14673.14982018901"
"wavelet-LHL","glrlm","GrayLevelNonUniformityNormalized","0.33894040083324634"
"wavelet-LHL","glrlm","GrayLevelVariance","0.8785267353587518"
"wavelet-LHL","glrlm","HighGrayLevelRunEmphasis","72.15355383475868"
"wavelet-LHL","glrlm","LongRunEmphasis","3.6025292587286746"
"wavelet-LHL","glrlm","LongRunHighGrayLevelEmphasis","258.1243060740308"
"wavelet-LHL","glrlm","LongRunLowGrayLevelEmphasis","0.05178853177359243"
"wavelet-LHL","glrlm","LowGrayLevelRunEmphasis","0.014662832618526002"
"wavelet-LHL","glrlm","RunEntropy","3.2518188954553957"
"wavelet-LHL","glrlm","RunLengthNonUniformity","22086.100732830608"
"wavelet-LHL","glrlm","RunLengthNonUniformityNormalized","0.4998289767855234"
"wavelet-LHL","glrlm","RunPercentage","0.6535775180382244"
"wavelet-LHL","glrlm","RunVariance","1.0604290323060483"
"wavelet-LHL","glrlm","ShortRunEmphasis","0.7265566701334158"
"wavelet-LHL","glrlm","ShortRunHighGrayLevelEmphasis","52.55158807359411"
"wavelet-LHL","glrlm","ShortRunLowGrayLevelEmphasis","0.010757059595479422"
"wavelet-LHL","glszm","GrayLevelNonUniformity","680.2371329333754"
"wavelet-LHL","glszm","GrayLevelNonUniformityNormalized","0.21478911680877028"
"wavelet-LHL","glszm","GrayLevelVariance","3.8251362502615933"
"wavelet-LHL","glszm","HighGrayLevelZoneEmphasis","76.78812756551942"
"wavelet-LHL","glszm","LargeAreaEmphasis","406182.8629617935"
"wavelet-LHL","glszm","LargeAreaHighGrayLevelEmphasis","29063851.797600254"
"wavelet-LHL","glszm","LargeAreaLowGrayLevelEmphasis","5754.842510569359"
"wavelet-LHL","glszm","LowGrayLevelZoneEmphasis","0.016814068338136774"
"wavelet-LHL","glszm","SizeZoneNonUniformity","881.3574360593622"
"wavelet-LHL","glszm","SizeZoneNonUniformityNormalized","0.2782941067443518"
"wavelet-LHL","glszm","SmallAreaEmphasis","0.5359064623001562"
"wavelet-LHL","glszm","SmallAreaHighGrayLevelEmphasis","42.34543164847901"
"wavelet-LHL","glszm","SmallAreaLowGrayLevelEmphasis","0.009101906580627851"
"wavelet-LHL","glszm","ZoneEntropy","5.135797952182211"
"wavelet-LHL","glszm","ZonePercentage","0.047982667454509645"
"wavelet-LHL","glszm","ZoneVariance","405748.52156389767"
"wavelet-LHL","ngtdm","Busyness","61.97128393584042"
"wavelet-LHL","ngtdm","Coarseness","7.745478419003839e-05"
"wavelet-LHL","ngtdm","Complexity","69.36187086477943"
"wavelet-LHL","ngtdm","Contrast","0.004224463990429819"
"wavelet-LHL","ngtdm","Strength","0.013836717336065743"
"wavelet-LHH","firstorder","10Percentile","-14.835207529941881"
"wavelet-LHH","firstorder","90Percentile","14.773777058366699"
"wavelet-LHH","firstorder","Energy","11434634.706523439"
"wavelet-LHH","firstorder","Entropy","1.359365527881941"
"wavelet-LHH","firstorder","InterquartileRange","14.327450648276951"
"wavelet-LHH","firstorder","Kurtosis","6.0585293614199855"
"wavelet-LHH","firstorder","Maximum","109.88222958003931"
"wavelet-LHH","firstorder","MeanAbsoluteDeviation","9.590719076122564"
"wavelet-LHH","firstorder","Mean","0.0010895525642733797"
"wavelet-LHH","firstorder","Median","0.03911649230418435"
"wavelet-LHH","firstorder","Minimum","-88.08746736685947"
"wavelet-LHH","firstorder","Range","197.96969694689878"
"wavelet-LHH","firstorder","RobustMeanAbsoluteDeviation","6.048463433818768"
"wavelet-LHH","firstorder","RootMeanSquared","13.16222497426253"
"wavelet-LHH","firstorder","Skewness","-0.011608268685946539"
"wavelet-LHH","firstorder","TotalEnergy","13201144.09199396"
"wavelet-LHH","firstorder","Uniformity","0.4422016095460986"
"wavelet-LHH","firstorder","Variance","173.24416508597554"
"wavelet-LHH","glcm","Autocorrelation","20.27240840124006"
"wavelet-LHH","glcm","ClusterProminence","2.1722430204840117"
"wavelet-LHH","glcm","ClusterShade","0.0004503230609585153"
"wavelet-LHH","glcm","ClusterTendency","0.7257055617874789"
"wavelet-LHH","glcm","Contrast","0.7364046686840762"
"wavelet-LHH","glcm","Correlation","-0.008126896641911848"
"wavelet-LHH","glcm","DifferenceAverage","0.601004114435725"
"wavelet-LHH","glcm","DifferenceEntropy","1.2332886750341403"
"wavelet-LHH","glcm","DifferenceVariance","0.362377182356705"
"wavelet-LHH","glcm","Id","0.7190389298796309"
"wavelet-LHH","glcm","Idm","0.7126968290994161"
"wavelet-LHH","glcm","Idmn","0.9912065332876724"
"wavelet-LHH","glcm","Idn","0.9410693122257785"
"wavelet-LHH","glcm","Imc1","-0.037590705397512185"
"wavelet-LHH","glcm","Imc2","0.26742671272311996"
"wavelet-LHH","glcm","InverseVariance","0.5087274422330641"
"wavelet-LHH","glcm","JointAverage","4.50278563620877"
"wavelet-LHH","glcm","JointEnergy","0.2160632580940402"
"wavelet-LHH","glcm","JointEntropy","2.557664561754383"
"wavelet-LHH","glcm","MCC","0.22498730872144404"
"wavelet-LHH","glcm","MaximumProbability","0.2664931326626798"
"wavelet-LHH","glcm","SumAverage","9.00557127241754"
"wavelet-LHH","glcm","SumEntropy","1.7694833024425878"
"wavelet-LHH","glcm","SumSquares","0.3655275576178888"
"wavelet-LHH","gldm","DependenceEntropy","5.011243352782998"
"wavelet-LHH","gldm","DependenceNonUniformity","5203.737299819705"
"wavelet-LHH","gldm","DependenceNonUniformityNormalized","0.07884092086450169"
"wavelet-LHH","gldm","DependenceVariance","15.269879714004668"
"wavelet-LHH","gldm","GrayLevelNonUniformity","29186.632834871143"
"wavelet-LHH","gldm","GrayLevelVariance","0.3951744603666493"
"wavelet-LHH","gldm","HighGrayLevelEmphasis","20.653015772010363"
"wavelet-LHH","gldm","LargeDependenceEmphasis","132.2847597836462"
"wavelet-LHH","gldm","LargeDependenceHighGrayLevelEmphasis","2720.510719209733"
"wavelet-LHH","gldm","LargeDependenceLowGrayLevelEmphasis","6.772704050457318"
"wavelet-LHH","gldm","LowGrayLevelEmphasis","0.05287563906407485"
"wavelet-LHH","gldm","SmallDependenceEmphasis","0.033082271400865414"
"wavelet-LHH","gldm","SmallDependenceHighGrayLevelEmphasis","0.7103773452777381"
"wavelet-LHH","gldm","SmallDependenceLowGrayLevelEmphasis","0.0024179851388246823"
"wavelet-LHH","glrlm","GrayLevelNonUniformity","17081.5963737215"
"wavelet-LHH","glrlm","GrayLevelNonUniformityNormalized","0.4150764141574527"
"wavelet-LHH","glrlm","GrayLevelVariance","0.47157295957516954"
"wavelet-LHH","glrlm","HighGrayLevelRunEmphasis","20.705514108904296"
"wavelet-LHH","glrlm","LongRunEmphasis","4.081349421743861"
"wavelet-LHH","glrlm","LongRunHighGrayLevelEmphasis","84.17898041354516"
"wavelet-LHH","glrlm","LongRunLowGrayLevelEmphasis","0.21178881919263876"
"wavelet-LHH","glrlm","LowGrayLevelRunEmphasis","0.053827437531677146"
"wavelet-LHH","glrlm","RunEntropy","2.985186938397126"
"wavelet-LHH","glrlm","RunLengthNonUniformity","19449.996619087106"
"wavelet-LHH","glrlm","RunLengthNonUniformityNormalized","0.46228410836658335"
"wavelet-LHH","glrlm","RunPercentage","0.6224099370774521"
"wavelet-LHH","glrlm","RunVariance","1.2258925921957877"
"wavelet-LHH","glrlm","ShortRunEmphasis","0.6946570412758286"
"wavelet-LHH","glrlm","ShortRunHighGrayLevelEmphasis","14.42751583438308"
"wavelet-LHH","glrlm","ShortRunLowGrayLevelEmphasis","0.03807719373142929"
"wavelet-LHH","glszm","GrayLevelNonUniformity","583.3081232492997"
"wavelet-LHH","glszm","GrayLevelNonUniformityNormalized","0.32678326232453764"
"wavelet-LHH","glszm","GrayLevelVariance","2.5848726941757096"
"wavelet-LHH","glszm","HighGrayLevelZoneEmphasis","22.038655462184874"
"wavelet-LHH","glszm","LargeAreaEmphasis","867477.1759103641"
"wavelet-LHH","glszm","LargeAreaHighGrayLevelEmphasis","17823390.184313726"
"wavelet-LHH","glszm","LargeAreaLowGrayLevelEmphasis","44358.309019315755"
"wavelet-LHH","glszm","LowGrayLevelZoneEmphasis","0.08355554452821695"
"wavelet-LHH","glszm","SizeZoneNonUniformity","539.1680672268908"
"wavelet-LHH","glszm","SizeZoneNonUniformityNormalized","0.30205493962290797"
"wavelet-LHH","glszm","SmallAreaEmphasis","0.5566336492150467"
"wavelet-LHH","glszm","SmallAreaHighGrayLevelEmphasis","12.153500472223424"
"wavelet-LHH","glszm","SmallAreaLowGrayLevelEmphasis","0.05020472979240907"
"wavelet-LHH","glszm","ZoneEntropy","4.288207770853628"
"wavelet-LHH","glszm","ZonePercentage","0.027044225262488068"
"wavelet-LHH","glszm","ZoneVariance","866109.9165332017"
"wavelet-LHH","ngtdm","Busyness","241.21511458168607"
"wavelet-LHH","ngtdm","Coarseness","6.709086281870718e-05"
"wavelet-LHH","ngtdm","Complexity","22.129576993050602"
"wavelet-LHH","ngtdm","Contrast","0.0062728375578760855"
"wavelet-LHH","ngtdm","Strength","0.0034890420254411613"
"wavelet-HLL","firstorder","10Percentile","-16.87838886614166"
"wavelet-HLL","firstorder","90Percentile","13.741965682697487"
"wavelet-HLL","firstorder","Energy","18262349.654339667"
"wavelet-HLL","firstorder","Entropy","1.5691532242169024"
"wavelet-HLL","firstorder","InterquartileRange","13.193124735924412"
"wavelet-HLL","firstorder","Kurtosis","9.44811558297309"
"wavelet-HLL","firstorder","Maximum","142.26642260484007"
"wavelet-HLL","firstorder","MeanAbsoluteDeviation","10.67741508811289"
"wavelet-HLL","firstorder","Mean","-0.9765638453410279"
"wavelet-HLL","firstorder","Median","-0.7965889549335865"
"wavelet-HLL","firstorder","Minimum","-146.22673104255765"
"wavelet-HLL","firstorder","Range","288.4931536473977"
"wavelet-HLL","firstorder","RobustMeanAbsoluteDeviation","5.697903220837855"
"wavelet-HLL","firstorder","RootMeanSquared","16.63399202494317"
"wavelet-HLL","firstorder","Skewness","0.1522947958762468"
"wavelet-HLL","firstorder","TotalEnergy","21083656.40292611"
"wavelet-HLL","firstorder","Uniformity","0.4079205121225701"
"wavelet-HLL","firstorder","Variance","275.7360137418456"
"wavelet-HLL","glcm","Autocorrelation","41.698194958167385"
"wavelet-HLL","glcm","ClusterProminence","8.993954897865253"
"wavelet-HLL","glcm","ClusterShade","0.13326032767800433"
"wavelet-HLL","glcm","ClusterTendency","1.142731350071464"
"wavelet-HLL","glcm","Contrast","0.8954913498282188"
"wavelet-HLL","glcm","Correlation","0.11989256861998879"
"wavelet-HLL","glcm","DifferenceAverage","0.640162999050764"
"wavelet-HLL","glcm","DifferenceEntropy","1.3355781543365852"
"wavelet-HLL","glcm","DifferenceVariance","0.4710432973604167"
"wavelet-HLL","glcm","Id","0.7127686051556099"
"wavelet-HLL","glcm","Idm","0.703810515528949"
"wavelet-HLL","glcm","Idmn","0.9939874279659696"
"wavelet-HLL","glcm","Idn","0.9520571678109653"
"wavelet-HLL","glcm","Imc1","-0.05542902460371218"
"wavelet-HLL","glcm","Imc2","0.3515089766246863"
"wavelet-HLL","glcm","InverseVariance","0.49699993388952585"
"wavelet-HLL","glcm","JointAverage","6.452626123334126"
"wavelet-HLL","glcm","JointEnergy","0.19420463838414828"
"wavelet-HLL","glcm","JointEntropy","2.8907190330044803"
"wavelet-HLL","glcm","MCC","0.3328401885953669"
"wavelet-HLL","glcm","MaximumProbability","0.2570698438765874"
"wavelet-HLL","glcm","SumAverage","12.905252246668253"
"wavelet-HLL","glcm","SumEntropy","2.0295187183215835"
"wavelet-HLL","glcm","SumSquares","0.5095556749749206"
"wavelet-HLL","gldm","DependenceEntropy","5.399401892836703"
"wavelet-HLL","gldm","DependenceNonUniformity","4262.679196400164"
"wavelet-HLL","gldm","DependenceNonUniformityNormalized","0.06458311283426758"
"wavelet-HLL","gldm","DependenceVariance","19.302147008738572"
"wavelet-HLL","gldm","GrayLevelNonUniformity","26923.977561625987"
"wavelet-HLL","gldm","GrayLevelVariance","0.5750507324918449"
"wavelet-HLL","gldm","HighGrayLevelEmphasis","42.237701316606824"
"wavelet-HLL","gldm","LargeDependenceEmphasis","134.63438025544292"
"wavelet-HLL","gldm","LargeDependenceHighGrayLevelEmphasis","5578.325363998606"
"wavelet-HLL","gldm","LargeDependenceLowGrayLevelEmphasis","3.3376191666872037"
"wavelet-HLL","gldm","LowGrayLevelEmphasis","0.025188948900724546"
"wavelet-HLL","gldm","SmallDependenceEmphasis","0.03753816656611156"
"wavelet-HLL","gldm","SmallDependenceHighGrayLevelEmphasis","1.7151900199799608"
"wavelet-HLL","gldm","SmallDependenceLowGrayLevelEmphasis","0.001122683033420058"
"wavelet-HLL","glrlm","GrayLevelNonUniformity","15325.415626621048"
"wavelet-HLL","glrlm","GrayLevelNonUniformityNormalized","0.3704123520410099"
"wavelet-HLL","glrlm","GrayLevelVariance","0.7321316660416901"
"wavelet-HLL","glrlm","HighGrayLevelRunEmphasis","42.5803648617446"
"wavelet-HLL","glrlm","LongRunEmphasis","3.924615534176164"
"wavelet-HLL","glrlm","LongRunHighGrayLevelEmphasis","164.0086805477242"
"wavelet-HLL","glrlm","LongRunLowGrayLevelEmphasis","0.09802331385741411"
"wavelet-HLL","glrlm","LowGrayLevelRunEmphasis","0.02545248574549458"
"wavelet-HLL","glrlm","RunEntropy","3.2189022450954288"
"wavelet-HLL","glrlm","RunLengthNonUniformity","19804.492771968187"
"wavelet-HLL","glrlm","RunLengthNonUniformityNormalized","0.46970243469611017"
"wavelet-HLL","glrlm","RunPercentage","0.6254121316163951"
"wavelet-HLL","glrlm","RunVariance","1.1904033468393345"
"wavelet-HLL","glrlm","ShortRunEmphasis","0.7022722524772864"
"wavelet-HLL","glrlm","ShortRunHighGrayLevelEmphasis","30.11021091660774"
"wavelet-HLL","glrlm","ShortRunLowGrayLevelEmphasis","0.018082877513063075"
"wavelet-HLL","glszm","GrayLevelNonUniformity","405.15173674588664"
"wavelet-HLL","glszm","GrayLevelNonUniformityNormalized","0.1851698979642992"
"wavelet-HLL","glszm","GrayLevelVariance","3.893566662433282"
"wavelet-HLL","glszm","HighGrayLevelZoneEmphasis","47.02148080438757"
"wavelet-HLL","glszm","LargeAreaEmphasis","634401.6832723949"
"wavelet-HLL","glszm","LargeAreaHighGrayLevelEmphasis","26395019.586380254"
"wavelet-HLL","glszm","LargeAreaLowGrayLevelEmphasis","15606.407257953033"
"wavelet-HLL","glszm","LowGrayLevelZoneEmphasis","0.03270936660864108"
"wavelet-HLL","glszm","SizeZoneNonUniformity","592.7833638025594"
"wavelet-HLL","glszm","SizeZoneNonUniformityNormalized","0.2709247549371844"
"wavelet-HLL","glszm","SmallAreaEmphasis","0.5296249285954644"
"wavelet-HLL","glszm","SmallAreaHighGrayLevelEmphasis","25.453498809672098"
"wavelet-HLL","glszm","SmallAreaLowGrayLevelEmphasis","0.017501003155410696"
"wavelet-HLL","glszm","ZoneEntropy","5.302493290205151"
"wavelet-HLL","glszm","ZonePercentage","0.03315000833295456"
"wavelet-HLL","glszm","ZoneVariance","633491.7014517863"
"wavelet-HLL","ngtdm","Busyness","106.66448603282976"
"wavelet-HLL","ngtdm","Coarseness","7.636045624614643e-05"
"wavelet-HLL","ngtdm","Complexity","39.379796098619636"
"wavelet-HLL","ngtdm","Contrast","0.005044874452622955"
"wavelet-HLL","ngtdm","Strength","0.007846085563782098"
"wavelet-HLH","firstorder","10Percentile","-11.296047248668845"
"wavelet-HLH","firstorder","90Percentile","11.679387319975813"
"wavelet-HLH","firstorder","Energy","8924062.401991041"
"wavelet-HLH","firstorder","Entropy","1.316498614011797"
"wavelet-HLH","firstorder","InterquartileRange","10.20386341673797"
"wavelet-HLH","firstorder","Kurtosis","8.39875206925365"
"wavelet-HLH","firstorder","Maximum","94.46894764376272"
"wavelet-HLH","firstorder","MeanAbsoluteDeviation","7.782141476476118"
"wavelet-HLH","firstorder","Mean","0.027540883619537215"
"wavelet-HLH","firstorder","Median","0.00812306113927009"
"wavelet-HLH","firstorder","Minimum","-101.50249268973728"
"wavelet-HLH","firstorder","Range","195.9714403335"
"wavelet-HLH","firstorder","RobustMeanAbsoluteDeviation","4.385345524518971"
"wavelet-HLH","firstorder","RootMeanSquared","11.627851088128919"
"wavelet-HLH","firstorder","Skewness","-0.10001671742041315"
"wavelet-HLH","firstorder","TotalEnergy","10302719.472745404"
"wavelet-HLH","firstorder","Uniformity","0.45102960633990424"
"wavelet-HLH","firstorder","Variance","135.20616242743037"
"wavelet-HLH","glcm","Autocorrelation","30.267012674094378"
"wavelet-HLH","glcm","ClusterProminence","1.9609557771290063"
"wavelet-HLH","glcm","ClusterShade","-0.013112222975855115"
"wavelet-HLH","glcm","ClusterTendency","0.7021737690522123"
"wavelet-HLH","glcm","Contrast","0.7104135258026518"
"wavelet-HLH","glcm","Correlation","-0.007047722322219193"
"wavelet-HLH","glcm","DifferenceAverage","0.5877885499709508"
"wavelet-HLH","glcm","DifferenceEntropy","1.2239893563489825"
"wavelet-HLH","glcm","DifferenceVariance","0.3568704676871742"
"wavelet-HLH","glcm","Id","0.7238082551165367"
"wavelet-HLH","glcm","Idm","0.7181128265013956"
"wavelet-HLH","glcm","Idmn","0.9915030071174051"
"wavelet-HLH","glcm","Idn","0.9422816876978651"
"wavelet-HLH","glcm","Imc1","-0.029061341293372775"
"wavelet-HLH","glcm","Imc2","0.22625505417142297"
"wavelet-HLH","glcm","InverseVariance","0.5045383462112547"
"wavelet-HLH","glcm","JointAverage","5.501732952578062"
"wavelet-HLH","glcm","JointEnergy","0.21838546266886738"
"wavelet-HLH","glcm","JointEntropy","2.513440434649988"
"wavelet-HLH","glcm","MCC","0.2004813985929657"
"wavelet-HLH","glcm","MaximumProbability","0.25956616118517967"
"wavelet-HLH","glcm","SumAverage","11.003465905156125"
"wavelet-HLH","glcm","SumEntropy","1.7526911562656264"
"wavelet-HLH","glcm","SumSquares","0.35314682371371603"
"wavelet-HLH","gldm","DependenceEntropy","5.007245864140886"
"wavelet-HLH","gldm","DependenceNonUniformity","5195.424101934761"
"wavelet-HLH","gldm","DependenceNonUniformityNormalized","0.07871496904587308"
"wavelet-HLH","gldm","DependenceVariance","15.050186084678327"
"wavelet-HLH","gldm","GrayLevelNonUniformity","29769.307107252702"
"wavelet-HLH","gldm","GrayLevelVariance","0.37350890475485243"
"wavelet-HLH","gldm","HighGrayLevelEmphasis","30.63225913973607"
"wavelet-HLH","gldm","LargeDependenceEmphasis","136.30097116797722"
"wavelet-HLH","gldm","LargeDependenceHighGrayLevelEmphasis","4155.2262321409635"
"wavelet-HLH","gldm","LargeDependenceLowGrayLevelEmphasis","4.626474531805679"
"wavelet-HLH","gldm","LowGrayLevelEmphasis","0.034415504941545695"
"wavelet-HLH","gldm","SmallDependenceEmphasis","0.029368621011147757"
"wavelet-HLH","gldm","SmallDependenceHighGrayLevelEmphasis","0.9287064245010247"
"wavelet-HLH","gldm","SmallDependenceLowGrayLevelEmphasis","0.001212037519675957"
"wavelet-HLH","glrlm","GrayLevelNonUniformity","17353.715459057734"
"wavelet-HLH","glrlm","GrayLevelNonUniformityNormalized","0.42724636610336336"
"wavelet-HLH","glrlm","GrayLevelVariance","0.43964434252755225"
"wavelet-HLH","glrlm","HighGrayLevelRunEmphasis","30.705351564723397"
"wavelet-HLH","glrlm","LongRunEmphasis","4.07422021841339"
"wavelet-HLH","glrlm","LongRunHighGrayLevelEmphasis","124.48377894274107"
"wavelet-HLH","glrlm","LongRunLowGrayLevelEmphasis","0.1391647360981102"
"wavelet-HLH","glrlm","LowGrayLevelRunEmphasis","0.03470067136918506"
"wavelet-HLH","glrlm","RunEntropy","2.9604596579447024"
"wavelet-HLH","glrlm","RunLengthNonUniformity","18844.350160422313"
"wavelet-HLH","glrlm","RunLengthNonUniformityNormalized","0.45532012786550874"
"wavelet-HLH","glrlm","RunPercentage","0.614946406864956"
"wavelet-HLH","glrlm","RunVariance","1.2194979491185665"
"wavelet-HLH","glrlm","ShortRunEmphasis","0.6886039063696215"
"wavelet-HLH","glrlm","ShortRunHighGrayLevelEmphasis","21.194600235864456"
"wavelet-HLH","glrlm","ShortRunLowGrayLevelEmphasis","0.024113522504628157"
"wavelet-HLH","glszm","GrayLevelNonUniformity","424.84657534246577"
"wavelet-HLH","glszm","GrayLevelNonUniformityNormalized","0.29099080502908614"
"wavelet-HLH","glszm","GrayLevelVariance","2.5877439482079185"
"wavelet-HLH","glszm","HighGrayLevelZoneEmphasis","32.35"
"wavelet-HLH","glszm","LargeAreaEmphasis","1080665.2171232877"
"wavelet-HLH","glszm","LargeAreaHighGrayLevelEmphasis","32977768.529452056"
"wavelet-HLH","glszm","LargeAreaLowGrayLevelEmphasis","36603.29746619575"
"wavelet-HLH","glszm","LowGrayLevelZoneEmphasis","0.04558205264602036"
"wavelet-HLH","glszm","SizeZoneNonUniformity","434.1767123287671"
"wavelet-HLH","glszm","SizeZoneNonUniformityNormalized","0.29738130981422406"
"wavelet-HLH","glszm","SmallAreaEmphasis","0.5514789236609728"
"wavelet-HLH","glszm","SmallAreaHighGrayLevelEmphasis","17.846478480706352"
"wavelet-HLH","glszm","SmallAreaLowGrayLevelEmphasis","0.026313096880454967"
"wavelet-HLH","glszm","ZoneEntropy","4.481985512161861"
"wavelet-HLH","glszm","ZonePercentage","0.022120206657273156"
"wavelet-HLH","glszm","ZoneVariance","1078621.4959706324"
"wavelet-HLH","ngtdm","Busyness","198.7098894278611"
"wavelet-HLH","ngtdm","Coarseness","6.651010837563664e-05"
"wavelet-HLH","ngtdm","Complexity","21.653013504887525"
"wavelet-HLH","ngtdm","Contrast","0.005780702089382691"
"wavelet-HLH","ngtdm","Strength","0.003568716988419247"
"wavelet-HHL","firstorder","10Percentile","-10.128865497859785"
"wavelet-HHL","firstorder","90Percentile","10.059612872325225"
"wavelet-HHL","firstorder","Energy","4842146.965588932"
"wavelet-HHL","firstorder","Entropy","1.097274904374752"
"wavelet-HHL","firstorder","InterquartileRange","10.126645358760243"
"wavelet-HHL","firstorder","Kurtosis","4.8487430084911916"
"wavelet-HHL","firstorder","Maximum","58.6019144593339"
"wavelet-HHL","firstorder","MeanAbsoluteDeviation","6.465014954872724"
"wavelet-HHL","firstorder","Mean","0.03465955112739351"
"wavelet-HHL","firstorder","Median","0.10004817199747773"
"wavelet-HHL","firstorder","Minimum","-59.3516773248707"
"wavelet-HHL","firstorder","Range","117.9535917842046"
"wavelet-HHL","firstorder","RobustMeanAbsoluteDeviation","4.250110531667698"
"wavelet-HHL","firstorder","RootMeanSquared","8.565192843981945"
"wavelet-HHL","firstorder","Skewness","-0.026814385020497974"
"wavelet-HHL","firstorder","TotalEnergy","5590198.676909503"
"wavelet-HHL","firstorder","Uniformity","0.4878340450706257"
"wavelet-HHL","firstorder","Variance","73.36132717011515"
"wavelet-HHL","glcm","Autocorrelation","12.28204787350674"
"wavelet-HHL","glcm","ClusterProminence","0.6909559418987846"
"wavelet-HHL","glcm","ClusterShade","-0.005158696966271816"
"wavelet-HHL","glcm","ClusterTendency","0.533681200484663"
"wavelet-HHL","glcm","Contrast","0.5465925273820106"
"wavelet-HHL","glcm","Correlation","-0.011682247302950486"
"wavelet-HHL","glcm","DifferenceAverage","0.5257357827833874"
"wavelet-HHL","glcm","DifferenceEntropy","1.0535767026537317"
"wavelet-HHL","glcm","DifferenceVariance","0.2643104152954793"
"wavelet-HHL","glcm","Id","0.7404831893229379"
"wavelet-HHL","glcm","Idm","0.7392155054852938"
"wavelet-HHL","glcm","Idmn","0.985321496983686"
"wavelet-HHL","glcm","Idn","0.9252612987714911"
"wavelet-HHL","glcm","Imc1","-0.017991940300237"
"wavelet-HHL","glcm","Imc2","0.14516875379752203"
"wavelet-HHL","glcm","InverseVariance","0.5086510757188673"
"wavelet-HHL","glcm","JointAverage","3.505035751511591"
"wavelet-HHL","glcm","JointEnergy","0.2461705281593263"
"wavelet-HHL","glcm","JointEntropy","2.141020869739559"
"wavelet-HHL","glcm","MCC","0.1333555420380554"
"wavelet-HHL","glcm","MaximumProbability","0.27282215440902813"
"wavelet-HHL","glcm","SumAverage","7.010071503023182"
"wavelet-HHL","glcm","SumEntropy","1.5573149907636943"
"wavelet-HHL","glcm","SumSquares","0.27006843196666847"
"wavelet-HHL","gldm","DependenceEntropy","4.791639307011044"
"wavelet-HHL","gldm","DependenceNonUniformity","5674.00804508886"
"wavelet-HHL","gldm","DependenceNonUniformityNormalized","0.08596591132355892"
"wavelet-HHL","gldm","DependenceVariance","12.1020754281937"
"wavelet-HHL","gldm","GrayLevelNonUniformity","32198.51047679651"
"wavelet-HHL","gldm","GrayLevelVariance","0.2753674072608856"
"wavelet-HHL","gldm","HighGrayLevelEmphasis","12.560656333803008"
"wavelet-HHL","gldm","LargeDependenceEmphasis","142.71743708619306"
"wavelet-HHL","gldm","LargeDependenceHighGrayLevelEmphasis","1798.4611457054982"
"wavelet-HHL","gldm","LargeDependenceLowGrayLevelEmphasis","12.292228732869043"
"wavelet-HHL","gldm","LowGrayLevelEmphasis","0.08735089061608312"
"wavelet-HHL","gldm","SmallDependenceEmphasis","0.020119805243956006"
"wavelet-HHL","gldm","SmallDependenceHighGrayLevelEmphasis","0.26375950126167513"
"wavelet-HHL","gldm","SmallDependenceLowGrayLevelEmphasis","0.0022147718206897583"
"wavelet-HHL","glrlm","GrayLevelNonUniformity","18991.51305093209"
"wavelet-HHL","glrlm","GrayLevelNonUniformityNormalized","0.4802874220955614"
"wavelet-HHL","glrlm","GrayLevelVariance","0.2913417321946383"
"wavelet-HHL","glrlm","HighGrayLevelRunEmphasis","12.553978673947245"
"wavelet-HHL","glrlm","LongRunEmphasis","4.109727263535127"
"wavelet-HHL","glrlm","LongRunHighGrayLevelEmphasis","51.72093330304961"
"wavelet-HHL","glrlm","LongRunLowGrayLevelEmphasis","0.35608095233153764"
"wavelet-HHL","glrlm","LowGrayLevelRunEmphasis","0.08800588624753916"
"wavelet-HHL","glrlm","RunEntropy","2.738566154186101"
"wavelet-HHL","glrlm","RunLengthNonUniformity","17323.88828382142"
"wavelet-HHL","glrlm","RunLengthNonUniformityNormalized","0.4326116686512299"
"wavelet-HHL","glrlm","RunPercentage","0.5988958543842412"
"wavelet-HHL","glrlm","RunVariance","1.2122406278591702"
"wavelet-HHL","glrlm","ShortRunEmphasis","0.6667296442759059"
"wavelet-HHL","glrlm","ShortRunHighGrayLevelEmphasis","8.3718795176653"
"wavelet-HHL","glrlm","ShortRunLowGrayLevelEmphasis","0.05914707887655364"
"wavelet-HHL","glszm","GrayLevelNonUniformity","228.9585326953748"
"wavelet-HHL","glszm","GrayLevelNonUniformityNormalized","0.36516512391606826"
"wavelet-HHL","glszm","GrayLevelVariance","2.0193676884686704"
"wavelet-HHL","glszm","HighGrayLevelZoneEmphasis","14.052631578947368"
"wavelet-HHL","glszm","LargeAreaEmphasis","2777022.457735247"
"wavelet-HHL","glszm","LargeAreaHighGrayLevelEmphasis","34934841.41148325"
"wavelet-HHL","glszm","LargeAreaLowGrayLevelEmphasis","239519.11042752082"
"wavelet-HHL","glszm","LowGrayLevelZoneEmphasis","0.14464912280701753"
"wavelet-HHL","glszm","SizeZoneNonUniformity","322.1004784688995"
"wavelet-HHL","glszm","SizeZoneNonUniformityNormalized","0.5137168715612432"
"wavelet-HHL","glszm","SmallAreaEmphasis","0.744383004082632"
"wavelet-HHL","glszm","SmallAreaHighGrayLevelEmphasis","10.362230262912151"
"wavelet-HHL","glszm","SmallAreaLowGrayLevelEmphasis","0.109312608404425"
"wavelet-HHL","glszm","ZoneEntropy","3.1305569807666513"
"wavelet-HHL","glszm","ZonePercentage","0.009499568201445388"
"wavelet-HHL","glszm","ZoneVariance","2765941.1179994354"
"wavelet-HHL","ngtdm","Busyness","569.8714294495956"
"wavelet-HHL","ngtdm","Coarseness","6.096752546439007e-05"
"wavelet-HHL","ngtdm","Complexity","8.750220737721357"
"wavelet-HHL","ngtdm","Contrast","0.00957422176836308"
"wavelet-HHL","ngtdm","Strength","0.0011127723742714178"
"wavelet-HHH","firstorder","10Percentile","-7.676317081112438"
"wavelet-HHH","firstorder","90Percentile","7.690969034333783"
"wavelet-HHH","firstorder","Energy","2736298.798136144"
"wavelet-HHH","firstorder","Entropy","1.0230889417483706"
"wavelet-HHH","firstorder","InterquartileRange","7.775695054164142"
"wavelet-HHH","firstorder","Kurtosis","4.398033678318494"
"wavelet-HHH","firstorder","Maximum","39.353398956208586"
"wavelet-HHH","firstorder","MeanAbsoluteDeviation","4.9032031332761825"
"wavelet-HHH","firstorder","Mean","0.0006130285735580417"
"wavelet-HHH","firstorder","Median","-0.019271262874188178"
"wavelet-HHH","firstorder","Minimum","-40.657186894976846"
"wavelet-HHH","firstorder","Range","80.01058585118543"
"wavelet-HHH","firstorder","RobustMeanAbsoluteDeviation","3.24786009226394"
"wavelet-HHH","firstorder","RootMeanSquared","6.438725672163967"
"wavelet-HHH","firstorder","Skewness","0.023842419637571385"
"wavelet-HHH","firstorder","TotalEnergy","3159023.0593319642"
"wavelet-HHH","firstorder","Uniformity","0.4977519482894192"
"wavelet-HHH","firstorder","Variance","41.4571879055793"
"wavelet-HHH","glcm","Autocorrelation","6.237424046171471"
"wavelet-HHH","glcm","ClusterProminence","0.5167473906799244"
"wavelet-HHH","glcm","ClusterShade","0.002208346251330743"
"wavelet-HHH","glcm","ClusterTendency","0.4958869910747415"
"wavelet-HHH","glcm","Contrast","0.5183213489670427"
"wavelet-HHH","glcm","Correlation","-0.022057967719012514"
"wavelet-HHH","glcm","DifferenceAverage","0.5144340554733968"
"wavelet-HHH","glcm","DifferenceEntropy","1.00828030355828"
"wavelet-HHH","glcm","DifferenceVariance","0.2504283280152303"
"wavelet-HHH","glcm","Id","0.7434218958110558"
"wavelet-HHH","glcm","Idm","0.7431717016126661"
"wavelet-HHH","glcm","Idmn","0.9695813847453044"
"wavelet-HHH","glcm","Idn","0.8972417415035445"
"wavelet-HHH","glcm","Imc1","-0.009945501379910142"
"wavelet-HHH","glcm","Imc2","0.10495766044877809"
"wavelet-HHH","glcm","InverseVariance","0.51111728362211"
"wavelet-HHH","glcm","JointAverage","2.4986061184931376"
"wavelet-HHH","glcm","JointEnergy","0.2515509828027325"
"wavelet-HHH","glcm","JointEntropy","2.0273934700668987"
"wavelet-HHH","glcm","MCC","0.08826452227801086"
"wavelet-HHH","glcm","MaximumProbability","0.2710901428362086"
"wavelet-HHH","glcm","SumAverage","4.997212236986276"
"wavelet-HHH","glcm","SumEntropy","1.4971810834674684"
"wavelet-HHH","glcm","SumSquares","0.253552085010446"
"wavelet-HHH","gldm","DependenceEntropy","4.614788245500014"
"wavelet-HHH","gldm","DependenceNonUniformity","6368.438086147599"
"wavelet-HHH","gldm","DependenceNonUniformityNormalized","0.09648710037646166"
"wavelet-HHH","gldm","DependenceVariance","10.215092309345653"
"wavelet-HHH","gldm","GrayLevelNonUniformity","32853.12184294653"
"wavelet-HHH","gldm","GrayLevelVariance","0.2545132287582169"
"wavelet-HHH","gldm","HighGrayLevelEmphasis","6.497962213838765"
"wavelet-HHH","gldm","LargeDependenceEmphasis","142.4750238625517"
"wavelet-HHH","gldm","LargeDependenceHighGrayLevelEmphasis","922.9399724254959"
"wavelet-HHH","gldm","LargeDependenceLowGrayLevelEmphasis","25.81353393869302"
"wavelet-HHH","gldm","LowGrayLevelEmphasis","0.18150164049782247"
"wavelet-HHH","gldm","SmallDependenceEmphasis","0.014446657916520686"
"wavelet-HHH","gldm","SmallDependenceHighGrayLevelEmphasis","0.09817650797803709"
"wavelet-HHH","gldm","SmallDependenceLowGrayLevelEmphasis","0.0032647654017799043"
"wavelet-HHH","glrlm","GrayLevelNonUniformity","19526.306462467586"
"wavelet-HHH","glrlm","GrayLevelNonUniformityNormalized","0.4962388207167488"
"wavelet-HHH","glrlm","GrayLevelVariance","0.25755178826773995"
"wavelet-HHH","glrlm","HighGrayLevelRunEmphasis","6.507375837371668"
"wavelet-HHH","glrlm","LongRunEmphasis","4.074554483574741"
"wavelet-HHH","glrlm","LongRunHighGrayLevelEmphasis","26.432032507163456"
"wavelet-HHH","glrlm","LongRunLowGrayLevelEmphasis","0.7386730101322885"
"wavelet-HHH","glrlm","LowGrayLevelRunEmphasis","0.18184097437762417"
"wavelet-HHH","glrlm","RunEntropy","2.643140697056445"
"wavelet-HHH","glrlm","RunLengthNonUniformity","17069.023425600437"
"wavelet-HHH","glrlm","RunLengthNonUniformityNormalized","0.43063279286979506"
"wavelet-HHH","glrlm","RunPercentage","0.5961372385171304"
"wavelet-HHH","glrlm","RunVariance","1.203510191076523"
"wavelet-HHH","glrlm","ShortRunEmphasis","0.6660592120703145"
"wavelet-HHH","glrlm","ShortRunHighGrayLevelEmphasis","4.341814602349986"
"wavelet-HHH","glrlm","ShortRunLowGrayLevelEmphasis","0.12139766855157469"
"wavelet-HHH","glszm","GrayLevelNonUniformity","54.7037037037037"
"wavelet-HHH","glszm","GrayLevelNonUniformityNormalized","0.289437585733882"
"wavelet-HHH","glszm","GrayLevelVariance","1.646482461297276"
"wavelet-HHH","glszm","HighGrayLevelZoneEmphasis","7.98941798941799"
"wavelet-HHH","glszm","LargeAreaEmphasis","9445886.703703703"
"wavelet-HHH","glszm","LargeAreaHighGrayLevelEmphasis","61224883.84656084"
"wavelet-HHH","glszm","LargeAreaLowGrayLevelEmphasis","1710323.811287478"
"wavelet-HHH","glszm","LowGrayLevelZoneEmphasis","0.42015726043503826"
"wavelet-HHH","glszm","SizeZoneNonUniformity","126.28042328042328"
"wavelet-HHH","glszm","SizeZoneNonUniformityNormalized","0.6681503877271073"
"wavelet-HHH","glszm","SmallAreaEmphasis","0.8410196249119664"
"wavelet-HHH","glszm","SmallAreaHighGrayLevelEmphasis","6.7792368802083605"
"wavelet-HHH","glszm","SmallAreaLowGrayLevelEmphasis","0.378708001134037"
"wavelet-HHH","glszm","ZoneEntropy","2.79746304289979"
"wavelet-HHH","glszm","ZonePercentage","0.0028635062042634426"
"wavelet-HHH","glszm","ZoneVariance","9323930.543209877"
"wavelet-HHH","ngtdm","Busyness","1541.411567776446"
"wavelet-HHH","ngtdm","Coarseness","5.930841060184532e-05"
"wavelet-HHH","ngtdm","Complexity","3.58810426233702"
"wavelet-HHH","ngtdm","Contrast","0.02186993927722455"
"wavelet-HHH","ngtdm","Strength","0.00035369942240980073"
"wavelet-LLL","firstorder","10Percentile","-2341.3712453879425"
"wavelet-LLL","firstorder","90Percentile","-2196.121447082329"
"wavelet-LLL","firstorder","Energy","333223991623.2722"
"wavelet-LLL","firstorder","Entropy","2.7206198931478713"
"wavelet-LLL","firstorder","InterquartileRange","46.68062856360848"
"wavelet-LLL","firstorder","Kurtosis","9.332624648015322"
"wavelet-LLL","firstorder","Maximum","-2148.03497713574"
"wavelet-LLL","firstorder","MeanAbsoluteDeviation","49.32980684616747"
"wavelet-LLL","firstorder","Mean","-2245.7663296926007"
"wavelet-LLL","firstorder","Median","-2218.6129842496166"
"wavelet-LLL","firstorder","Minimum","-2712.3840608386695"
"wavelet-LLL","firstorder","Range","564.3490837029294"
"wavelet-LLL","firstorder","RobustMeanAbsoluteDeviation","24.412452872139543"
"wavelet-LLL","firstorder","RootMeanSquared","2246.91318818779"
"wavelet-LLL","firstorder","Skewness","-2.4018183717034245"
"wavelet-LLL","firstorder","TotalEnergy","384702969638.25336"
"wavelet-LLL","firstorder","Uniformity","0.25030899411973084"
"wavelet-LLL","firstorder","Variance","5152.467671242297"
"wavelet-LLL","glcm","Autocorrelation","407.43611868839247"
"wavelet-LLL","glcm","ClusterProminence","3784.871012539964"
"wavelet-LLL","glcm","ClusterShade","-198.71029574597853"
"wavelet-LLL","glcm","ClusterTendency","17.640974015770908"
"wavelet-LLL","glcm","Contrast","4.290324700919013"
"wavelet-LLL","glcm","Correlation","0.5783157885733767"
"wavelet-LLL","glcm","DifferenceAverage","1.1519370610395083"
"wavelet-LLL","glcm","DifferenceEntropy","2.090864406766236"
"wavelet-LLL","glcm","DifferenceVariance","2.9261910368797737"
"wavelet-LLL","glcm","Id","0.6704525317614236"
"wavelet-LLL","glcm","Idm","0.6406169023621869"
"wavelet-LLL","glcm","Idmn","0.9930136398162323"
"wavelet-LLL","glcm","Idn","0.9580910371155794"
"wavelet-LLL","glcm","Imc1","-0.13557932322623292"
"wavelet-LLL","glcm","Imc2","0.6513242274989202"
"wavelet-LLL","glcm","InverseVariance","0.34865382944057516"
"wavelet-LLL","glcm","JointAverage","20.101430753682333"
"wavelet-LLL","glcm","JointEnergy","0.13279361698469797"
"wavelet-LLL","glcm","JointEntropy","4.510507695822086"
"wavelet-LLL","glcm","MCC","0.5986507137765918"
"wavelet-LLL","glcm","MaximumProbability","0.3274256009077999"
"wavelet-LLL","glcm","SumAverage","40.202861507364666"
"wavelet-LLL","glcm","SumEntropy","3.2469537272801783"
"wavelet-LLL","glcm","SumSquares","5.482824679172479"
"wavelet-LLL","gldm","DependenceEntropy","6.605033120523242"
"wavelet-LLL","gldm","DependenceNonUniformity","3003.8040846628182"
"wavelet-LLL","gldm","DependenceNonUniformityNormalized","0.04551011445938546"
"wavelet-LLL","gldm","DependenceVariance","59.21883472462799"
"wavelet-LLL","gldm","GrayLevelNonUniformity","16521.144538884597"
"wavelet-LLL","gldm","GrayLevelVariance","8.315331115711707"
"wavelet-LLL","gldm","HighGrayLevelEmphasis","395.16164416768936"
"wavelet-LLL","gldm","LargeDependenceEmphasis","178.65598533399998"
"wavelet-LLL","gldm","LargeDependenceHighGrayLevelEmphasis","78830.76681362969"
"wavelet-LLL","gldm","LargeDependenceLowGrayLevelEmphasis","0.408623053737221"
"wavelet-LLL","gldm","LowGrayLevelEmphasis","0.003126800004910345"
"wavelet-LLL","gldm","SmallDependenceEmphasis","0.10429781036380203"
"wavelet-LLL","gldm","SmallDependenceHighGrayLevelEmphasis","27.776345370192164"
"wavelet-LLL","gldm","SmallDependenceLowGrayLevelEmphasis","0.0006636737059466352"
"wavelet-LLL","glrlm","GrayLevelNonUniformity","6200.183878373686"
"wavelet-LLL","glrlm","GrayLevelNonUniformityNormalized","0.15102513625864009"
"wavelet-LLL","glrlm","GrayLevelVariance","11.260891775784255"
"wavelet-LLL","glrlm","HighGrayLevelRunEmphasis","369.35970655851304"
"wavelet-LLL","glrlm","LongRunEmphasis","5.129875223580967"
"wavelet-LLL","glrlm","LongRunHighGrayLevelEmphasis","2182.3149060187816"
"wavelet-LLL","glrlm","LongRunLowGrayLevelEmphasis","0.013176991551751125"
"wavelet-LLL","glrlm","LowGrayLevelRunEmphasis","0.0036142484261119756"
"wavelet-LLL","glrlm","RunEntropy","4.486970516498211"
"wavelet-LLL","glrlm","RunLengthNonUniformity","22908.585222910315"
"wavelet-LLL","glrlm","RunLengthNonUniformityNormalized","0.5543949381554045"
"wavelet-LLL","glrlm","RunPercentage","0.6181257495288677"
"wavelet-LLL","glrlm","RunVariance","2.3956319105328934"
"wavelet-LLL","glrlm","ShortRunEmphasis","0.770367694321162"
"wavelet-LLL","glrlm","ShortRunHighGrayLevelEmphasis","270.78506093686207"
"wavelet-LLL","glrlm","ShortRunLowGrayLevelEmphasis","0.003050842634042654"
"wavelet-LLL","glszm","GrayLevelNonUniformity","563.3241508424712"
"wavelet-LLL","glszm","GrayLevelNonUniformityNormalized","0.07533085729372442"
"wavelet-LLL","glszm","GrayLevelVariance","15.844722087884646"
"wavelet-LLL","glszm","HighGrayLevelZoneEmphasis","250.87108852634395"
"wavelet-LLL","glszm","LargeAreaEmphasis","103944.04800748863"
"wavelet-LLL","glszm","LargeAreaHighGrayLevelEmphasis","45933338.48997058"
"wavelet-LLL","glszm","LargeAreaLowGrayLevelEmphasis","235.47700869078278"
"wavelet-LLL","glszm","LowGrayLevelZoneEmphasis","0.006651005543201886"
"wavelet-LLL","glszm","SizeZoneNonUniformity","2592.8676116608717"
"wavelet-LLL","glszm","SizeZoneNonUniformityNormalized","0.3467327643301514"
"wavelet-LLL","glszm","SmallAreaEmphasis","0.6088024415190025"
"wavelet-LLL","glszm","SmallAreaHighGrayLevelEmphasis","142.05814314352963"
"wavelet-LLL","glszm","SmallAreaLowGrayLevelEmphasis","0.0045986756066335715"
"wavelet-LLL","glszm","ZoneEntropy","6.1474468571301175"
"wavelet-LLL","glszm","ZonePercentage","0.11329788039937579"
"wavelet-LLL","glszm","ZoneVariance","103866.14460434567"
"wavelet-LLL","ngtdm","Busyness","10.098299096018085"
"wavelet-LLL","ngtdm","Coarseness","0.00012806829936031606"
"wavelet-LLL","ngtdm","Complexity","270.52825061932094"
"wavelet-LLL","ngtdm","Contrast","0.02605969591578733"
"wavelet-LLL","ngtdm","Strength","0.09048236535964393"
