"Image type","Feature Class","Feature Name","Segmentation_2_2_segment_Segment_1"
"diagnostics","Versions","PyRadiomics","v3.0.1.post4+gad5b2de"
"diagnostics","Versions","Numpy","1.19.2"
"diagnostics","Versions","SimpleITK","2.0.2"
"diagnostics","Versions","PyWavelet","1.1.1"
"diagnostics","Versions","Python","3.6.7"
"diagnostics","Configuration","Settings","{'minimumROIDimensions': 2, 'minimumROISize': None, 'normalize': False, 'normalizeScale': 1, 'removeOutliers': None, 'resampledPixelSpacing': None, 'interpolator': 'sitkBSpline', 'preCrop': False, 'padDistance': 5, 'distances': [1], 'force2D': False, 'force2Ddimension': 0, 'resegmentRange': None, 'label': 1, 'additionalInfo': True, 'binWidth': 25.0, 'symmetricalGLCM': True, 'correctMask': True}"
"diagnostics","Configuration","EnabledImageTypes","{'Original': {}, 'Wavelet': {}}"
"diagnostics","Image-original","Hash","5be546510534dd53ab0e2130c9d376e45afcb270"
"diagnostics","Image-original","Dimensionality","3D"
"diagnostics","Image-original","Spacing","(0.7597656249999999, 0.7597656249999999, 5.000000000000001)"
"diagnostics","Image-original","Size","(512, 512, 80)"
"diagnostics","Image-original","Mean","-909.5739803791046"
"diagnostics","Image-original","Minimum","-969.0"
"diagnostics","Image-original","Maximum","-769.0"
"diagnostics","Mask-original","Hash","a9f0962547caeaefd6a8ee44ce16400f33061ce2"
"diagnostics","Mask-original","Spacing","(0.7597656249999999, 0.7597656249999999, 5.000000000000001)"
"diagnostics","Mask-original","Size","(512, 512, 80)"
"diagnostics","Mask-original","BoundingBox","(134, 257, 43, 66, 105, 8)"
"diagnostics","Mask-original","VoxelNum","16721"
"diagnostics","Mask-original","VolumeNum","1"
"diagnostics","Mask-original","CenterOfMassIndex","(163.16960708091622, 314.4188146641947, 46.73930984988936)"
"diagnostics","Mask-original","CenterOfMass","(-80.64334149516326, 175.78460723510096, -562.5534507505533)"
"original","shape","Elongation","0.7287959327290771"
"original","shape","Flatness","0.5644933407437835"
"original","shape","LeastAxisLength","33.87637389384413"
"original","shape","MajorAxisLength","60.01199916585055"
"original","shape","Maximum2DDiameterColumn","56.758064167596295"
"original","shape","Maximum2DDiameterRow","81.42876977155424"
"original","shape","Maximum2DDiameterSlice","63.334565605757255"
"original","shape","Maximum3DDiameter","83.6561345643596"
"original","shape","MeshVolume","48096.67538166051"
"original","shape","MinorAxisLength","43.73650090701265"
"original","shape","Sphericity","0.4562482676340778"
"original","shape","SurfaceArea","14018.222027921845"
"original","shape","SurfaceVolumeRatio","0.2914592727394014"
"original","shape","VoxelVolume","48260.46831130981"
"original","firstorder","10Percentile","-821.0"
"original","firstorder","90Percentile","-778.0"
"original","firstorder","Energy","10571792307.0"
"original","firstorder","Entropy","1.4095876527188054"
"original","firstorder","InterquartileRange","16.0"
"original","firstorder","Kurtosis","10.364794256935655"
"original","firstorder","Maximum","-769.0"
"original","firstorder","MeanAbsoluteDeviation","14.061651849132485"
"original","firstorder","Mean","-794.87608396627"
"original","firstorder","Median","-789.0"
"original","firstorder","Minimum","-969.0"
"original","firstorder","Range","200.0"
"original","firstorder","RobustMeanAbsoluteDeviation","7.701686436735618"
"original","firstorder","RootMeanSquared","795.1392425900963"
"original","firstorder","Skewness","-2.302393633115155"
"original","firstorder","TotalEnergy","30512508081.19863"
"original","firstorder","Uniformity","0.5333165605501344"
"original","firstorder","Variance","418.4262451993369"
"original","glcm","Autocorrelation","61.25804151609412"
"original","glcm","ClusterProminence","19.962813647105936"
"original","glcm","ClusterShade","-3.34773195849403"
"original","glcm","ClusterTendency","1.2672123446856378"
"original","glcm","Contrast","0.6132907446235345"
"original","glcm","Correlation","0.30784390883747054"
"original","glcm","DifferenceAverage","0.39398825379961777"
"original","glcm","DifferenceEntropy","1.1789327504112308"
"original","glcm","DifferenceVariance","0.4560513074443795"
"original","glcm","Id","0.8319244207779536"
"original","glcm","Idm","0.8237573901743589"
"original","glcm","Idmn","0.9929049625920313"
"original","glcm","Idn","0.9624336614435186"
"original","glcm","Imc1","-0.08014832219784415"
"original","glcm","Imc2","0.34961456236250094"
"original","glcm","InverseVariance","0.26598434024741935"
"original","glcm","JointAverage","7.816125371409395"
"original","glcm","JointEnergy","0.42308274346624486"
"original","glcm","JointEntropy","2.2350700158391406"
"original","glcm","MCC","0.3414633011510999"
"original","glcm","MaximumProbability","0.6377578066118302"
"original","glcm","SumAverage","15.632250742818794"
"original","glcm","SumEntropy","1.7357052825639168"
"original","glcm","SumSquares","0.47012577232729313"
"original","gldm","DependenceEntropy","5.467535123650294"
"original","gldm","DependenceNonUniformity","691.5078643621792"
"original","gldm","DependenceNonUniformityNormalized","0.04135565243479333"
"original","gldm","DependenceVariance","70.29545441563869"
"original","gldm","GrayLevelNonUniformity","8917.586208958794"
"original","gldm","GrayLevelVariance","0.6960214050023013"
"original","gldm","HighGrayLevelEmphasis","59.919083786854856"
"original","gldm","LargeDependenceEmphasis","277.5979307457688"
"original","gldm","LargeDependenceHighGrayLevelEmphasis","17652.959811016088"
"original","gldm","LargeDependenceLowGrayLevelEmphasis","4.384658053765888"
"original","gldm","LowGrayLevelEmphasis","0.018179500794906715"
"original","gldm","SmallDependenceEmphasis","0.051411345004494916"
"original","gldm","SmallDependenceHighGrayLevelEmphasis","2.57724845095056"
"original","gldm","SmallDependenceLowGrayLevelEmphasis","0.0016088480056582844"
"original","glrlm","GrayLevelNonUniformity","2650.7177095733987"
"original","glrlm","GrayLevelNonUniformityNormalized","0.31874028301805224"
"original","glrlm","GrayLevelVariance","1.1992349570968157"
"original","glrlm","HighGrayLevelRunEmphasis","56.560730038126536"
"original","glrlm","LongRunEmphasis","13.756060457355147"
"original","glrlm","LongRunHighGrayLevelEmphasis","866.2970469060589"
"original","glrlm","LongRunLowGrayLevelEmphasis","0.2227973064107049"
"original","glrlm","LowGrayLevelRunEmphasis","0.020556443256458428"
"original","glrlm","RunEntropy","3.630095091625759"
"original","glrlm","RunLengthNonUniformity","3791.8496640953254"
"original","glrlm","RunLengthNonUniformityNormalized","0.4501044980640857"
"original","glrlm","RunPercentage","0.48469221108417326"
"original","glrlm","RunVariance","8.499387678744437"
"original","glrlm","ShortRunEmphasis","0.6917918225724746"
"original","glrlm","ShortRunHighGrayLevelEmphasis","37.6351615025675"
"original","glrlm","ShortRunLowGrayLevelEmphasis","0.015370298165303711"
"original","glszm","GrayLevelNonUniformity","174.86396181384248"
"original","glszm","GrayLevelNonUniformityNormalized","0.20866821218835618"
"original","glszm","GrayLevelVariance","3.0831904580174414"
"original","glszm","HighGrayLevelZoneEmphasis","47.64439140811456"
"original","glszm","LargeAreaEmphasis","167242.25417661096"
"original","glszm","LargeAreaHighGrayLevelEmphasis","10693492.483293556"
"original","glszm","LargeAreaLowGrayLevelEmphasis","2616.6229702509486"
"original","glszm","LowGrayLevelZoneEmphasis","0.03390509330665882"
"original","glszm","SizeZoneNonUniformity","249.8090692124105"
"original","glszm","SizeZoneNonUniformityNormalized","0.2981015145732822"
"original","glszm","SmallAreaEmphasis","0.5634796785874816"
"original","glszm","SmallAreaHighGrayLevelEmphasis","27.339840373017182"
"original","glszm","SmallAreaLowGrayLevelEmphasis","0.021422436573283393"
"original","glszm","ZoneEntropy","4.977539314434906"
"original","glszm","ZonePercentage","0.050116619819388794"
"original","glszm","ZoneVariance","166844.11358587613"
"original","ngtdm","Busyness","16.059339796030606"
"original","ngtdm","Coarseness","0.0005730708462946529"
"original","ngtdm","Complexity","16.029577965488766"
"original","ngtdm","Contrast","0.0067684214786250425"
"original","ngtdm","Strength","0.04498465437611496"
"wavelet-LLH","firstorder","10Percentile","-48.16911715501399"
"wavelet-LLH","firstorder","90Percentile","48.73172888472044"
"wavelet-LLH","firstorder","Energy","29202057.626251347"
"wavelet-LLH","firstorder","Entropy","2.6460031164645144"
"wavelet-LLH","firstorder","InterquartileRange","33.24936110267684"
"wavelet-LLH","firstorder","Kurtosis","6.538167901261108"
"wavelet-LLH","firstorder","Maximum","242.05927332937387"
"wavelet-LLH","firstorder","MeanAbsoluteDeviation","28.195869375909762"
"wavelet-LLH","firstorder","Mean","-2.7591864217084354"
"wavelet-LLH","firstorder","Median","-5.097075171685855"
"wavelet-LLH","firstorder","Minimum","-175.5035136213898"
"wavelet-LLH","firstorder","Range","417.56278695076367"
"wavelet-LLH","firstorder","RobustMeanAbsoluteDeviation","15.75479892594377"
"wavelet-LLH","firstorder","RootMeanSquared","41.79031102377522"
"wavelet-LLH","firstorder","Skewness","1.0455427024799886"
"wavelet-LLH","firstorder","TotalEnergy","84283534.2800518"
"wavelet-LLH","firstorder","Uniformity","0.21933378592403202"
"wavelet-LLH","firstorder","Variance","1738.8169857541286"
"wavelet-LLH","glcm","Autocorrelation","67.85552213714936"
"wavelet-LLH","glcm","ClusterProminence","232.62187860615828"
"wavelet-LLH","glcm","ClusterShade","12.335113570515222"
"wavelet-LLH","glcm","ClusterTendency","5.120376830985801"
"wavelet-LLH","glcm","Contrast","4.08098219806108"
"wavelet-LLH","glcm","Correlation","0.04246627663678663"
"wavelet-LLH","glcm","DifferenceAverage","1.228646620488712"
"wavelet-LLH","glcm","DifferenceEntropy","2.067290243637643"
"wavelet-LLH","glcm","DifferenceVariance","2.406722745771904"
"wavelet-LLH","glcm","Id","0.6201254575766068"
"wavelet-LLH","glcm","Idm","0.5867693367786317"
"wavelet-LLH","glcm","Idmn","0.9885996741886681"
"wavelet-LLH","glcm","Idn","0.9416238575442601"
"wavelet-LLH","glcm","Imc1","-0.13983852348195078"
"wavelet-LLH","glcm","Imc2","0.6298833627420906"
"wavelet-LLH","glcm","InverseVariance","0.42874450501176065"
"wavelet-LLH","glcm","JointAverage","8.220975652600684"
"wavelet-LLH","glcm","JointEnergy","0.08489866142638972"
"wavelet-LLH","glcm","JointEntropy","4.55400076859547"
"wavelet-LLH","glcm","MCC","0.5215286720211085"
"wavelet-LLH","glcm","MaximumProbability","0.2012926979111846"
"wavelet-LLH","glcm","SumAverage","16.44195130520137"
"wavelet-LLH","glcm","SumEntropy","2.963259352166333"
"wavelet-LLH","glcm","SumSquares","2.3003397572617206"
"wavelet-LLH","gldm","DependenceEntropy","6.425177985602794"
"wavelet-LLH","gldm","DependenceNonUniformity","1005.9602296513366"
"wavelet-LLH","gldm","DependenceNonUniformityNormalized","0.06016148733038315"
"wavelet-LLH","gldm","DependenceVariance","25.798577405554553"
"wavelet-LLH","gldm","GrayLevelNonUniformity","3667.4802344357395"
"wavelet-LLH","gldm","GrayLevelVariance","2.8685818839756485"
"wavelet-LLH","gldm","HighGrayLevelEmphasis","73.19628012678668"
"wavelet-LLH","gldm","LargeDependenceEmphasis","96.12828180132767"
"wavelet-LLH","gldm","LargeDependenceHighGrayLevelEmphasis","6454.761138687878"
"wavelet-LLH","gldm","LargeDependenceLowGrayLevelEmphasis","1.4923131841835295"
"wavelet-LLH","gldm","LowGrayLevelEmphasis","0.016188985670823185"
"wavelet-LLH","gldm","SmallDependenceEmphasis","0.0759850182045516"
"wavelet-LLH","gldm","SmallDependenceHighGrayLevelEmphasis","6.917090917301212"
"wavelet-LLH","gldm","SmallDependenceLowGrayLevelEmphasis","0.0013383727382218554"
"wavelet-LLH","glrlm","GrayLevelNonUniformity","2176.1395282281705"
"wavelet-LLH","glrlm","GrayLevelNonUniformityNormalized","0.1804641744974946"
"wavelet-LLH","glrlm","GrayLevelVariance","3.5762650969320116"
"wavelet-LLH","glrlm","HighGrayLevelRunEmphasis","75.40153284458081"
"wavelet-LLH","glrlm","LongRunEmphasis","3.6328964092671416"
"wavelet-LLH","glrlm","LongRunHighGrayLevelEmphasis","253.97208697799962"
"wavelet-LLH","glrlm","LongRunLowGrayLevelEmphasis","0.05773432393762519"
"wavelet-LLH","glrlm","LowGrayLevelRunEmphasis","0.01638157728850987"
"wavelet-LLH","glrlm","RunEntropy","3.9484053447820746"
"wavelet-LLH","glrlm","RunLengthNonUniformity","7592.781254676888"
"wavelet-LLH","glrlm","RunLengthNonUniformityNormalized","0.603994999125569"
"wavelet-LLH","glrlm","RunPercentage","0.7159122798139604"
"wavelet-LLH","glrlm","RunVariance","1.3178191274297286"
"wavelet-LLH","glrlm","ShortRunEmphasis","0.7945769730075385"
"wavelet-LLH","glrlm","ShortRunHighGrayLevelEmphasis","61.18019688498391"
"wavelet-LLH","glrlm","ShortRunLowGrayLevelEmphasis","0.013124696042591488"
"wavelet-LLH","glszm","GrayLevelNonUniformity","127.3254716981132"
"wavelet-LLH","glszm","GrayLevelNonUniformityNormalized","0.10009864127210158"
"wavelet-LLH","glszm","GrayLevelVariance","8.84817587812982"
"wavelet-LLH","glszm","HighGrayLevelZoneEmphasis","98.15959119496856"
"wavelet-LLH","glszm","LargeAreaEmphasis","37134.95676100629"
"wavelet-LLH","glszm","LargeAreaHighGrayLevelEmphasis","2448916.4174528304"
"wavelet-LLH","glszm","LargeAreaLowGrayLevelEmphasis","571.8279695294291"
"wavelet-LLH","glszm","LowGrayLevelZoneEmphasis","0.017809117659197786"
"wavelet-LLH","glszm","SizeZoneNonUniformity","301.3443396226415"
"wavelet-LLH","glszm","SizeZoneNonUniformityNormalized","0.2369059273762905"
"wavelet-LLH","glszm","SmallAreaEmphasis","0.4914649908437226"
"wavelet-LLH","glszm","SmallAreaHighGrayLevelEmphasis","49.26274029014092"
"wavelet-LLH","glszm","SmallAreaLowGrayLevelEmphasis","0.009250577101637932"
"wavelet-LLH","glszm","ZoneEntropy","6.319989955322525"
"wavelet-LLH","glszm","ZonePercentage","0.07607200526284313"
"wavelet-LLH","glszm","ZoneVariance","36962.154161598635"
"wavelet-LLH","ngtdm","Busyness","9.364441573608232"
"wavelet-LLH","ngtdm","Coarseness","0.0004856393834244615"
"wavelet-LLH","ngtdm","Complexity","134.89554374572018"
"wavelet-LLH","ngtdm","Contrast","0.017523273146347735"
"wavelet-LLH","ngtdm","Strength","0.0714702054942497"
"wavelet-LHL","firstorder","10Percentile","-15.193647802790117"
"wavelet-LHL","firstorder","90Percentile","13.501850260001323"
"wavelet-LHL","firstorder","Energy","2767950.7582289474"
"wavelet-LHL","firstorder","Entropy","1.335886037640363"
"wavelet-LHL","firstorder","InterquartileRange","14.080101850795304"
"wavelet-LHL","firstorder","Kurtosis","7.276646280060815"
"wavelet-LHL","firstorder","Maximum","124.6537054128693"
"wavelet-LHL","firstorder","MeanAbsoluteDeviation","9.328825810536966"
"wavelet-LHL","firstorder","Mean","-0.7276483734051673"
"wavelet-LHL","firstorder","Median","-0.6214026054835678"
"wavelet-LHL","firstorder","Minimum","-84.90439470737113"
"wavelet-LHL","firstorder","Range","209.55810012024043"
"wavelet-LHL","firstorder","RobustMeanAbsoluteDeviation","5.912422235620411"
"wavelet-LHL","firstorder","RootMeanSquared","12.866133591356471"
"wavelet-LHL","firstorder","Skewness","0.08919278634013128"
"wavelet-LHL","firstorder","TotalEnergy","7988912.137717485"
"wavelet-LHL","firstorder","Uniformity","0.44791851776533065"
"wavelet-LHL","firstorder","Variance","165.00792143531223"
"wavelet-LHL","glcm","Autocorrelation","19.98821669956908"
"wavelet-LHL","glcm","ClusterProminence","2.7613288779811986"
"wavelet-LHL","glcm","ClusterShade","-0.0011743154450737166"
"wavelet-LHL","glcm","ClusterTendency","0.759943767921922"
"wavelet-LHL","glcm","Contrast","0.6708888007795696"
"wavelet-LHL","glcm","Correlation","0.06120723168722039"
"wavelet-LHL","glcm","DifferenceAverage","0.5714062826883207"
"wavelet-LHL","glcm","DifferenceEntropy","1.1753209279778458"
"wavelet-LHL","glcm","DifferenceVariance","0.3283926897107644"
"wavelet-LHL","glcm","Id","0.7288538609306634"
"wavelet-LHL","glcm","Idm","0.723975465199623"
"wavelet-LHL","glcm","Idmn","0.9919532725657343"
"wavelet-LHL","glcm","Idn","0.9437220181870004"
"wavelet-LHL","glcm","Imc1","-0.050070971316349994"
"wavelet-LHL","glcm","Imc2","0.30119883635888794"
"wavelet-LHL","glcm","InverseVariance","0.5015926186846252"
"wavelet-LHL","glcm","JointAverage","4.468327586779159"
"wavelet-LHL","glcm","JointEnergy","0.22297517103137962"
"wavelet-LHL","glcm","JointEntropy","2.5020228928687014"
"wavelet-LHL","glcm","MCC","0.2936484233401648"
"wavelet-LHL","glcm","MaximumProbability","0.27935166369160885"
"wavelet-LHL","glcm","SumAverage","8.93665517355832"
"wavelet-LHL","glcm","SumEntropy","1.7844059550258804"
"wavelet-LHL","glcm","SumSquares","0.3577081421753728"
"wavelet-LHL","gldm","DependenceEntropy","5.23241843693058"
"wavelet-LHL","gldm","DependenceNonUniformity","1101.968243526105"
"wavelet-LHL","gldm","DependenceNonUniformityNormalized","0.06590325001651247"
"wavelet-LHL","gldm","DependenceVariance","17.49936931814831"
"wavelet-LHL","gldm","GrayLevelNonUniformity","7489.645535554094"
"wavelet-LHL","gldm","GrayLevelVariance","0.38539392857318755"
"wavelet-LHL","gldm","HighGrayLevelEmphasis","20.357275282578794"
"wavelet-LHL","gldm","LargeDependenceEmphasis","120.13234854374738"
"wavelet-LHL","gldm","LargeDependenceHighGrayLevelEmphasis","2396.711201483165"
"wavelet-LHL","gldm","LargeDependenceLowGrayLevelEmphasis","6.3438977821851035"
"wavelet-LHL","gldm","LowGrayLevelEmphasis","0.053476284498852715"
"wavelet-LHL","gldm","SmallDependenceEmphasis","0.035082922997737846"
"wavelet-LHL","gldm","SmallDependenceHighGrayLevelEmphasis","0.7591385370480318"
"wavelet-LHL","gldm","SmallDependenceLowGrayLevelEmphasis","0.0022689307704050815"
"wavelet-LHL","glrlm","GrayLevelNonUniformity","4629.309956014483"
"wavelet-LHL","glrlm","GrayLevelNonUniformityNormalized","0.42569153137987215"
"wavelet-LHL","glrlm","GrayLevelVariance","0.4468153639789313"
"wavelet-LHL","glrlm","HighGrayLevelRunEmphasis","20.50686693522245"
"wavelet-LHL","glrlm","LongRunEmphasis","3.752260518063821"
"wavelet-LHL","glrlm","LongRunHighGrayLevelEmphasis","75.5538304536699"
"wavelet-LHL","glrlm","LongRunLowGrayLevelEmphasis","0.19946029196966208"
"wavelet-LHL","glrlm","LowGrayLevelRunEmphasis","0.05393751521190204"
"wavelet-LHL","glrlm","RunEntropy","2.8562351252051412"
"wavelet-LHL","glrlm","RunLengthNonUniformity","5524.618854136583"
"wavelet-LHL","glrlm","RunLengthNonUniformityNormalized","0.49196407651511964"
"wavelet-LHL","glrlm","RunPercentage","0.6488156302760694"
"wavelet-LHL","glrlm","RunVariance","1.0439393516871953"
"wavelet-LHL","glrlm","ShortRunEmphasis","0.7140084769761261"
"wavelet-LHL","glrlm","ShortRunHighGrayLevelEmphasis","14.723560763740066"
"wavelet-LHL","glrlm","ShortRunLowGrayLevelEmphasis","0.038899751395776914"
"wavelet-LHL","glszm","GrayLevelNonUniformity","123.72283813747228"
"wavelet-LHL","glszm","GrayLevelNonUniformityNormalized","0.2743300180431758"
"wavelet-LHL","glszm","GrayLevelVariance","2.249988938107482"
"wavelet-LHL","glszm","HighGrayLevelZoneEmphasis","22.470066518847005"
"wavelet-LHL","glszm","LargeAreaEmphasis","244056.69401330376"
"wavelet-LHL","glszm","LargeAreaHighGrayLevelEmphasis","4913375.614190687"
"wavelet-LHL","glszm","LargeAreaLowGrayLevelEmphasis","12732.794935316675"
"wavelet-LHL","glszm","LowGrayLevelZoneEmphasis","0.07406391601150601"
"wavelet-LHL","glszm","SizeZoneNonUniformity","117.31485587583148"
"wavelet-LHL","glszm","SizeZoneNonUniformityNormalized","0.26012163165372837"
"wavelet-LHL","glszm","SmallAreaEmphasis","0.5021868306768612"
"wavelet-LHL","glszm","SmallAreaHighGrayLevelEmphasis","11.571829989411004"
"wavelet-LHL","glszm","SmallAreaLowGrayLevelEmphasis","0.03810486240568114"
"wavelet-LHL","glszm","ZoneEntropy","4.588615108990803"
"wavelet-LHL","glszm","ZonePercentage","0.026972071048382274"
"wavelet-LHL","glszm","ZoneVariance","242682.10961598024"
"wavelet-LHL","ngtdm","Busyness","59.73820410502723"
"wavelet-LHL","ngtdm","Coarseness","0.0002739715044901305"
"wavelet-LHL","ngtdm","Complexity","20.773864437356515"
"wavelet-LHL","ngtdm","Contrast","0.0057257960563905485"
"wavelet-LHL","ngtdm","Strength","0.014761126285359248"
"wavelet-LHH","firstorder","10Percentile","-11.69702208944268"
"wavelet-LHH","firstorder","90Percentile","11.24201096786066"
"wavelet-LHH","firstorder","Energy","1868767.50799542"
"wavelet-LHH","firstorder","Entropy","1.2328654106508197"
"wavelet-LHH","firstorder","InterquartileRange","10.86309651289137"
"wavelet-LHH","firstorder","Kurtosis","6.74245620278556"
"wavelet-LHH","firstorder","Maximum","82.2110969417938"
"wavelet-LHH","firstorder","MeanAbsoluteDeviation","7.5098453437175685"
"wavelet-LHH","firstorder","Mean","-0.17126591164159954"
"wavelet-LHH","firstorder","Median","-0.028108744152568185"
"wavelet-LHH","firstorder","Minimum","-72.14769255758802"
"wavelet-LHH","firstorder","Range","154.35878949938183"
"wavelet-LHH","firstorder","RobustMeanAbsoluteDeviation","4.585720513055391"
"wavelet-LHH","firstorder","RootMeanSquared","10.57174097837636"
"wavelet-LHH","firstorder","Skewness","-0.1714195458275231"
"wavelet-LHH","firstorder","TotalEnergy","5393672.334239481"
"wavelet-LHH","firstorder","Uniformity","0.4655117564750397"
"wavelet-LHH","firstorder","Variance","111.7323753013915"
"wavelet-LHH","glcm","Autocorrelation","12.245683035842344"
"wavelet-LHH","glcm","ClusterProminence","1.2678687851299146"
"wavelet-LHH","glcm","ClusterShade","-0.0184405806050196"
"wavelet-LHH","glcm","ClusterTendency","0.618060250930477"
"wavelet-LHH","glcm","Contrast","0.6362317377235571"
"wavelet-LHH","glcm","Correlation","-0.016439660330731895"
"wavelet-LHH","glcm","DifferenceAverage","0.5597000639675728"
"wavelet-LHH","glcm","DifferenceEntropy","1.1536232672117963"
"wavelet-LHH","glcm","DifferenceVariance","0.3138781574297299"
"wavelet-LHH","glcm","Id","0.7315408390444215"
"wavelet-LHH","glcm","Idm","0.7276955560175694"
"wavelet-LHH","glcm","Idmn","0.9875183850219021"
"wavelet-LHH","glcm","Idn","0.9310521148213456"
"wavelet-LHH","glcm","Imc1","-0.034279199351058665"
"wavelet-LHH","glcm","Imc2","0.22930319722953701"
"wavelet-LHH","glcm","InverseVariance","0.5048657024789343"
"wavelet-LHH","glcm","JointAverage","3.5000298032839394"
"wavelet-LHH","glcm","JointEnergy","0.23201170110819838"
"wavelet-LHH","glcm","JointEntropy","2.3490095473240413"
"wavelet-LHH","glcm","MCC","0.2125951420152581"
"wavelet-LHH","glcm","MaximumProbability","0.2702119251268129"
"wavelet-LHH","glcm","SumAverage","7.0000596065678815"
"wavelet-LHH","glcm","SumEntropy","1.6561703889863222"
"wavelet-LHH","glcm","SumSquares","0.31357299716350856"
"wavelet-LHH","gldm","DependenceEntropy","5.047633571611483"
"wavelet-LHH","gldm","DependenceNonUniformity","1199.2192452604509"
"wavelet-LHH","gldm","DependenceNonUniformityNormalized","0.0717193496358143"
"wavelet-LHH","gldm","DependenceVariance","15.09453028709804"
"wavelet-LHH","gldm","GrayLevelNonUniformity","7783.8220800191375"
"wavelet-LHH","gldm","GrayLevelVariance","0.3293812783327965"
"wavelet-LHH","gldm","HighGrayLevelEmphasis","12.535255068476765"
"wavelet-LHH","gldm","LargeDependenceEmphasis","119.93738412774356"
"wavelet-LHH","gldm","LargeDependenceHighGrayLevelEmphasis","1506.6150349859458"
"wavelet-LHH","gldm","LargeDependenceLowGrayLevelEmphasis","10.389523727139323"
"wavelet-LHH","gldm","LowGrayLevelEmphasis","0.09026178772846777"
"wavelet-LHH","gldm","SmallDependenceEmphasis","0.030197351142292984"
"wavelet-LHH","gldm","SmallDependenceHighGrayLevelEmphasis","0.38421778042970384"
"wavelet-LHH","gldm","SmallDependenceLowGrayLevelEmphasis","0.004077947789741675"
"wavelet-LHH","glrlm","GrayLevelNonUniformity","4858.773045218993"
"wavelet-LHH","glrlm","GrayLevelNonUniformityNormalized","0.45018927721676316"
"wavelet-LHH","glrlm","GrayLevelVariance","0.36714523813239575"
"wavelet-LHH","glrlm","HighGrayLevelRunEmphasis","12.532527800487063"
"wavelet-LHH","glrlm","LongRunEmphasis","3.8939144422518104"
"wavelet-LHH","glrlm","LongRunHighGrayLevelEmphasis","48.82701354966183"
"wavelet-LHH","glrlm","LongRunLowGrayLevelEmphasis","0.3442827342156275"
"wavelet-LHH","glrlm","LowGrayLevelRunEmphasis","0.09208787298875726"
"wavelet-LHH","glrlm","RunEntropy","2.750140468067242"
"wavelet-LHH","glrlm","RunLengthNonUniformity","5463.328086874691"
"wavelet-LHH","glrlm","RunLengthNonUniformityNormalized","0.48953714618705974"
"wavelet-LHH","glrlm","RunPercentage","0.6446430789472474"
"wavelet-LHH","glrlm","RunVariance","1.0926227302691613"
"wavelet-LHH","glrlm","ShortRunEmphasis","0.7092622099154713"
"wavelet-LHH","glrlm","ShortRunHighGrayLevelEmphasis","8.88729810918113"
"wavelet-LHH","glrlm","ShortRunLowGrayLevelEmphasis","0.06664169702702588"
"wavelet-LHH","glszm","GrayLevelNonUniformity","90.03514376996804"
"wavelet-LHH","glszm","GrayLevelNonUniformityNormalized","0.2876522165174698"
"wavelet-LHH","glszm","GrayLevelVariance","2.0727168798293336"
"wavelet-LHH","glszm","HighGrayLevelZoneEmphasis","13.134185303514377"
"wavelet-LHH","glszm","LargeAreaEmphasis","395814.90415335464"
"wavelet-LHH","glszm","LargeAreaHighGrayLevelEmphasis","4947738.907348243"
"wavelet-LHH","glszm","LargeAreaLowGrayLevelEmphasis","34359.62761490006"
"wavelet-LHH","glszm","LowGrayLevelZoneEmphasis","0.17693154897741845"
"wavelet-LHH","glszm","SizeZoneNonUniformity","98.60383386581469"
"wavelet-LHH","glszm","SizeZoneNonUniformityNormalized","0.31502822321346546"
"wavelet-LHH","glszm","SmallAreaEmphasis","0.5685962354428558"
"wavelet-LHH","glszm","SmallAreaHighGrayLevelEmphasis","7.246745648330439"
"wavelet-LHH","glszm","SmallAreaLowGrayLevelEmphasis","0.11260050824144784"
"wavelet-LHH","glszm","ZoneEntropy","4.21561244566805"
"wavelet-LHH","glszm","ZonePercentage","0.0187189761377908"
"wavelet-LHH","glszm","ZoneVariance","392961.0234257775"
"wavelet-LHH","ngtdm","Busyness","110.7393791066459"
"wavelet-LHH","ngtdm","Coarseness","0.00025803028857807877"
"wavelet-LHH","ngtdm","Complexity","12.412609435305873"
"wavelet-LHH","ngtdm","Contrast","0.008341796413010838"
"wavelet-LHH","ngtdm","Strength","0.0072192876773736585"
"wavelet-HLL","firstorder","10Percentile","-14.257214845021927"
"wavelet-HLL","firstorder","90Percentile","12.033002708743872"
"wavelet-HLL","firstorder","Energy","2587516.5793818706"
"wavelet-HLL","firstorder","Entropy","1.32626988290827"
"wavelet-HLL","firstorder","InterquartileRange","12.063978042024136"
"wavelet-HLL","firstorder","Kurtosis","8.50046573077265"
"wavelet-HLL","firstorder","Maximum","123.33899738023776"
"wavelet-HLL","firstorder","MeanAbsoluteDeviation","8.614729599540334"
"wavelet-HLL","firstorder","Mean","-0.7501358280287009"
"wavelet-HLL","firstorder","Median","-0.5327162870060747"
"wavelet-HLL","firstorder","Minimum","-77.37080456932233"
"wavelet-HLL","firstorder","Range","200.70980194956007"
"wavelet-HLL","firstorder","RobustMeanAbsoluteDeviation","5.140881478032144"
"wavelet-HLL","firstorder","RootMeanSquared","12.439715475207333"
"wavelet-HLL","firstorder","Skewness","0.16323340626184238"
"wavelet-HLL","firstorder","TotalEnergy","7468139.578030472"
"wavelet-HLL","firstorder","Uniformity","0.45073540253987604"
"wavelet-HLL","firstorder","Variance","154.1838173436205"
"wavelet-HLL","glcm","Autocorrelation","19.962691666663332"
"wavelet-HLL","glcm","ClusterProminence","3.0640483235880387"
"wavelet-HLL","glcm","ClusterShade","0.0327966605122365"
"wavelet-HLL","glcm","ClusterTendency","0.7785709336989537"
"wavelet-HLL","glcm","Contrast","0.6524975973206976"
"wavelet-HLL","glcm","Correlation","0.08738349037918398"
"wavelet-HLL","glcm","DifferenceAverage","0.5578493567834177"
"wavelet-HLL","glcm","DifferenceEntropy","1.1746756027825958"
"wavelet-HLL","glcm","DifferenceVariance","0.3299097922120471"
"wavelet-HLL","glcm","Id","0.7347380137630992"
"wavelet-HLL","glcm","Idm","0.7302731238067955"
"wavelet-HLL","glcm","Idmn","0.992175011404266"
"wavelet-HLL","glcm","Idn","0.9450321665948024"
"wavelet-HLL","glcm","Imc1","-0.041976885629114946"
"wavelet-HLL","glcm","Imc2","0.27233896933300866"
"wavelet-HLL","glcm","InverseVariance","0.4931196978942455"
"wavelet-HLL","glcm","JointAverage","4.464432925911218"
"wavelet-HLL","glcm","JointEnergy","0.2226810269619403"
"wavelet-HLL","glcm","JointEntropy","2.4970197721059977"
"wavelet-HLL","glcm","MCC","0.2743052210972055"
"wavelet-HLL","glcm","MaximumProbability","0.27398128215841067"
"wavelet-HLL","glcm","SumAverage","8.928865851822435"
"wavelet-HLL","glcm","SumEntropy","1.803843833219498"
"wavelet-HLL","glcm","SumSquares","0.3577671327549128"
"wavelet-HLL","gldm","DependenceEntropy","5.243899868785435"
"wavelet-HLL","gldm","DependenceNonUniformity","1081.8640631541175"
"wavelet-HLL","gldm","DependenceNonUniformityNormalized","0.06470091879397868"
"wavelet-HLL","gldm","DependenceVariance","18.145994317480817"
"wavelet-HLL","gldm","GrayLevelNonUniformity","7536.7466658692665"
"wavelet-HLL","gldm","GrayLevelVariance","0.3837939748749678"
"wavelet-HLL","gldm","HighGrayLevelEmphasis","20.349261407810538"
"wavelet-HLL","gldm","LargeDependenceEmphasis","125.23216314813708"
"wavelet-HLL","gldm","LargeDependenceHighGrayLevelEmphasis","2488.311105795108"
"wavelet-HLL","gldm","LargeDependenceLowGrayLevelEmphasis","6.63591878553203"
"wavelet-HLL","gldm","LowGrayLevelEmphasis","0.05347850863516758"
"wavelet-HLL","gldm","SmallDependenceEmphasis","0.034978809180516365"
"wavelet-HLL","gldm","SmallDependenceHighGrayLevelEmphasis","0.7690601727311627"
"wavelet-HLL","gldm","SmallDependenceLowGrayLevelEmphasis","0.002290721244053964"
"wavelet-HLL","glrlm","GrayLevelNonUniformity","4595.343672189017"
"wavelet-HLL","glrlm","GrayLevelNonUniformityNormalized","0.42815203830608606"
"wavelet-HLL","glrlm","GrayLevelVariance","0.44847485428498524"
"wavelet-HLL","glrlm","HighGrayLevelRunEmphasis","20.531693250831015"
"wavelet-HLL","glrlm","LongRunEmphasis","3.8391306725162475"
"wavelet-HLL","glrlm","LongRunHighGrayLevelEmphasis","77.25623041386051"
"wavelet-HLL","glrlm","LongRunLowGrayLevelEmphasis","0.20401782561034978"
"wavelet-HLL","glrlm","LowGrayLevelRunEmphasis","0.053900945934558346"
"wavelet-HLL","glrlm","RunEntropy","2.878765245689014"
"wavelet-HLL","glrlm","RunLengthNonUniformity","5354.668622863372"
"wavelet-HLL","glrlm","RunLengthNonUniformityNormalized","0.48450531856128376"
"wavelet-HLL","glrlm","RunPercentage","0.640452126069015"
"wavelet-HLL","glrlm","RunVariance","1.0917287482588027"
"wavelet-HLL","glrlm","ShortRunEmphasis","0.7087721936880708"
"wavelet-HLL","glrlm","ShortRunHighGrayLevelEmphasis","14.664740135706122"
"wavelet-HLL","glrlm","ShortRunLowGrayLevelEmphasis","0.0385477011687565"
"wavelet-HLL","glszm","GrayLevelNonUniformity","117.58181818181818"
"wavelet-HLL","glszm","GrayLevelNonUniformityNormalized","0.2672314049586777"
"wavelet-HLL","glszm","GrayLevelVariance","2.46838326446281"
"wavelet-HLL","glszm","HighGrayLevelZoneEmphasis","23.31590909090909"
"wavelet-HLL","glszm","LargeAreaEmphasis","275364.475"
"wavelet-HLL","glszm","LargeAreaHighGrayLevelEmphasis","5501580.581818182"
"wavelet-HLL","glszm","LargeAreaLowGrayLevelEmphasis","14471.310372659776"
"wavelet-HLL","glszm","LowGrayLevelZoneEmphasis","0.07508902839334387"
"wavelet-HLL","glszm","SizeZoneNonUniformity","131.02272727272728"
"wavelet-HLL","glszm","SizeZoneNonUniformityNormalized","0.2977789256198347"
"wavelet-HLL","glszm","SmallAreaEmphasis","0.5491306922881865"
"wavelet-HLL","glszm","SmallAreaHighGrayLevelEmphasis","12.866905353856586"
"wavelet-HLL","glszm","SmallAreaLowGrayLevelEmphasis","0.04232673751316937"
"wavelet-HLL","glszm","ZoneEntropy","4.508367576820891"
"wavelet-HLL","glszm","ZonePercentage","0.026314215656958316"
"wavelet-HLL","glszm","ZoneVariance","273920.30226756196"
"wavelet-HLL","ngtdm","Busyness","58.45504394752676"
"wavelet-HLL","ngtdm","Coarseness","0.000280046917014266"
"wavelet-HLL","ngtdm","Complexity","20.15642156328638"
"wavelet-HLL","ngtdm","Contrast","0.005538990690003396"
"wavelet-HLL","ngtdm","Strength","0.01519387106601916"
"wavelet-HLH","firstorder","10Percentile","-11.168321318927335"
"wavelet-HLH","firstorder","90Percentile","11.327330169628578"
"wavelet-HLH","firstorder","Energy","1760396.1364253648"
"wavelet-HLH","firstorder","Entropy","1.2121929859702028"
"wavelet-HLH","firstorder","InterquartileRange","9.944952603494183"
"wavelet-HLH","firstorder","Kurtosis","7.20408535740804"
"wavelet-HLH","firstorder","Maximum","61.257325641874736"
"wavelet-HLH","firstorder","MeanAbsoluteDeviation","7.182888416071701"
"wavelet-HLH","firstorder","Mean","0.03773284961736584"
"wavelet-HLH","firstorder","Median","-0.00988483929239145"
"wavelet-HLH","firstorder","Minimum","-80.32515272458986"
"wavelet-HLH","firstorder","Range","141.58247836646458"
"wavelet-HLH","firstorder","RobustMeanAbsoluteDeviation","4.283361672163657"
"wavelet-HLH","firstorder","RootMeanSquared","10.26063124670448"
"wavelet-HLH","firstorder","Skewness","-0.05012770461644531"
"wavelet-HLH","firstorder","TotalEnergy","5080888.819885684"
"wavelet-HLH","firstorder","Uniformity","0.4694859854655058"
"wavelet-HLH","firstorder","Variance","105.27912981290808"
"wavelet-HLH","glcm","Autocorrelation","20.283786099173298"
"wavelet-HLH","glcm","ClusterProminence","1.2023489760339645"
"wavelet-HLH","glcm","ClusterShade","0.0072803636652175084"
"wavelet-HLH","glcm","ClusterTendency","0.6071608566775578"
"wavelet-HLH","glcm","Contrast","0.6203401008648258"
"wavelet-HLH","glcm","Correlation","-0.012456655574598045"
"wavelet-HLH","glcm","DifferenceAverage","0.5549463822255307"
"wavelet-HLH","glcm","DifferenceEntropy","1.1384402374700757"
"wavelet-HLH","glcm","DifferenceVariance","0.3037142129483578"
"wavelet-HLH","glcm","Id","0.7324384186102308"
"wavelet-HLH","glcm","Idm","0.72898686789015"
"wavelet-HLH","glcm","Idmn","0.9877923511647226"
"wavelet-HLH","glcm","Idn","0.9315047937670767"
"wavelet-HLH","glcm","Imc1","-0.030204941051290585"
"wavelet-HLH","glcm","Imc2","0.20678024689968605"
"wavelet-HLH","glcm","InverseVariance","0.5064978654034753"
"wavelet-HLH","glcm","JointAverage","4.504116732810094"
"wavelet-HLH","glcm","JointEnergy","0.23394950434925094"
"wavelet-HLH","glcm","JointEntropy","2.321562125755912"
"wavelet-HLH","glcm","MCC","0.18945382644405112"
"wavelet-HLH","glcm","MaximumProbability","0.26849809713424383"
"wavelet-HLH","glcm","SumAverage","9.008233465620188"
"wavelet-HLH","glcm","SumEntropy","1.6456217147662215"
"wavelet-HLH","glcm","SumSquares","0.3068752393855959"
"wavelet-HLH","gldm","DependenceEntropy","5.035995868923874"
"wavelet-HLH","gldm","DependenceNonUniformity","1196.887566533102"
"wavelet-HLH","gldm","DependenceNonUniformityNormalized","0.07157990350655476"
"wavelet-HLH","gldm","DependenceVariance","15.07964045345658"
"wavelet-HLH","gldm","GrayLevelNonUniformity","7850.275162968722"
"wavelet-HLH","gldm","GrayLevelVariance","0.3210462353942582"
"wavelet-HLH","gldm","HighGrayLevelEmphasis","20.58423539262006"
"wavelet-HLH","gldm","LargeDependenceEmphasis","120.64140900663836"
"wavelet-HLH","gldm","LargeDependenceHighGrayLevelEmphasis","2477.7986364451885"
"wavelet-HLH","gldm","LargeDependenceLowGrayLevelEmphasis","6.177225864430255"
"wavelet-HLH","gldm","LowGrayLevelEmphasis","0.05198335162065544"
"wavelet-HLH","gldm","SmallDependenceEmphasis","0.028162907266462003"
"wavelet-HLH","gldm","SmallDependenceHighGrayLevelEmphasis","0.6108933829096103"
"wavelet-HLH","gldm","SmallDependenceLowGrayLevelEmphasis","0.0017861457879309462"
"wavelet-HLH","glrlm","GrayLevelNonUniformity","4905.154659347397"
"wavelet-HLH","glrlm","GrayLevelNonUniformityNormalized","0.45536810759202856"
"wavelet-HLH","glrlm","GrayLevelVariance","0.3562946502162624"
"wavelet-HLH","glrlm","HighGrayLevelRunEmphasis","20.620107715931514"
"wavelet-HLH","glrlm","LongRunEmphasis","3.9465141230009357"
"wavelet-HLH","glrlm","LongRunHighGrayLevelEmphasis","81.05881378617279"
"wavelet-HLH","glrlm","LongRunLowGrayLevelEmphasis","0.20367004678445838"
"wavelet-HLH","glrlm","LowGrayLevelRunEmphasis","0.052378546056348965"
"wavelet-HLH","glrlm","RunEntropy","2.7321951662255404"
"wavelet-HLH","glrlm","RunLengthNonUniformity","5455.5428532952055"
"wavelet-HLH","glrlm","RunLengthNonUniformityNormalized","0.48898686985736783"
"wavelet-HLH","glrlm","RunPercentage","0.6432951654529311"
"wavelet-HLH","glrlm","RunVariance","1.1219636630921221"
"wavelet-HLH","glrlm","ShortRunEmphasis","0.7082973789798201"
"wavelet-HLH","glrlm","ShortRunHighGrayLevelEmphasis","14.629395763064696"
"wavelet-HLH","glrlm","ShortRunLowGrayLevelEmphasis","0.037391098441841034"
"wavelet-HLH","glszm","GrayLevelNonUniformity","76.79136690647482"
"wavelet-HLH","glszm","GrayLevelNonUniformityNormalized","0.2762279385124993"
"wavelet-HLH","glszm","GrayLevelVariance","2.2277832410330727"
"wavelet-HLH","glszm","HighGrayLevelZoneEmphasis","22.705035971223023"
"wavelet-HLH","glszm","LargeAreaEmphasis","456610.1978417266"
"wavelet-HLH","glszm","LargeAreaHighGrayLevelEmphasis","9347906.723021584"
"wavelet-HLH","glszm","LargeAreaLowGrayLevelEmphasis","23433.02825513059"
"wavelet-HLH","glszm","LowGrayLevelZoneEmphasis","0.07616623028108126"
"wavelet-HLH","glszm","SizeZoneNonUniformity","76.79856115107914"
"wavelet-HLH","glszm","SizeZoneNonUniformityNormalized","0.27625381709021274"
"wavelet-HLH","glszm","SmallAreaEmphasis","0.5269741025017919"
"wavelet-HLH","glszm","SmallAreaHighGrayLevelEmphasis","12.281237781224203"
"wavelet-HLH","glszm","SmallAreaLowGrayLevelEmphasis","0.04446810842708367"
"wavelet-HLH","glszm","ZoneEntropy","4.397364060764562"
"wavelet-HLH","glszm","ZonePercentage","0.016625799892350936"
"wavelet-HLH","glszm","ZoneVariance","452992.47824905545"
"wavelet-HLH","ngtdm","Busyness","87.2213560210839"
"wavelet-HLH","ngtdm","Coarseness","0.00025564972225913243"
"wavelet-HLH","ngtdm","Complexity","12.346941074176595"
"wavelet-HLH","ngtdm","Contrast","0.008076678881142068"
"wavelet-HLH","ngtdm","Strength","0.007246632976852843"
"wavelet-HHL","firstorder","10Percentile","-7.44967487567453"
"wavelet-HHL","firstorder","90Percentile","7.50779031689508"
"wavelet-HHL","firstorder","Energy","627939.6208786238"
"wavelet-HHL","firstorder","Entropy","1.0138706231532624"
"wavelet-HHL","firstorder","InterquartileRange","7.644759965462321"
"wavelet-HHL","firstorder","Kurtosis","4.0801987834433096"
"wavelet-HHL","firstorder","Maximum","36.04398717585773"
"wavelet-HHL","firstorder","MeanAbsoluteDeviation","4.727344344158811"
"wavelet-HHL","firstorder","Mean","0.0025918565027925403"
"wavelet-HHL","firstorder","Median","-0.03729692001780882"
"wavelet-HHL","firstorder","Minimum","-35.80271825188549"
"wavelet-HHL","firstorder","Range","71.84670542774322"
"wavelet-HHL","firstorder","RobustMeanAbsoluteDeviation","3.1867712691972723"
"wavelet-HHL","firstorder","RootMeanSquared","6.128127884700772"
"wavelet-HHL","firstorder","Skewness","0.016606581331021542"
"wavelet-HHL","firstorder","TotalEnergy","1812371.2801165432"
"wavelet-HHL","firstorder","Uniformity","0.49876286268310666"
"wavelet-HHL","firstorder","Variance","37.55394465352703"
"wavelet-HHL","glcm","Autocorrelation","6.234122297790577"
"wavelet-HHL","glcm","ClusterProminence","0.5136775195042154"
"wavelet-HHL","glcm","ClusterShade","0.0039743880993751"
"wavelet-HHL","glcm","ClusterTendency","0.49782299746576186"
"wavelet-HHL","glcm","Contrast","0.5111401678386999"
"wavelet-HHL","glcm","Correlation","-0.013212860009615005"
"wavelet-HHL","glcm","DifferenceAverage","0.5088872457011578"
"wavelet-HHL","glcm","DifferenceEntropy","0.9959314122857013"
"wavelet-HHL","glcm","DifferenceVariance","0.24700627994247998"
"wavelet-HHL","glcm","Id","0.7459271032637008"
"wavelet-HHL","glcm","Idm","0.7457816693631755"
"wavelet-HHL","glcm","Idmn","0.9699738985839944"
"wavelet-HHL","glcm","Idn","0.898297104160508"
"wavelet-HHL","glcm","Imc1","-0.015702541094683848"
"wavelet-HHL","glcm","Imc2","0.12440717305225843"
"wavelet-HHL","glcm","InverseVariance","0.5069609029680021"
"wavelet-HHL","glcm","JointAverage","2.497488947962859"
"wavelet-HHL","glcm","JointEnergy","0.25409034615477516"
"wavelet-HHL","glcm","JointEntropy","2.009208753498215"
"wavelet-HHL","glcm","MCC","0.13258403870887478"
"wavelet-HHL","glcm","MaximumProbability","0.2756375797582011"
"wavelet-HHL","glcm","SumAverage","4.994977895925718"
"wavelet-HHL","glcm","SumEntropy","1.4904108189681753"
"wavelet-HHL","glcm","SumSquares","0.2522407913261155"
"wavelet-HHL","gldm","DependenceEntropy","4.860371584230526"
"wavelet-HHL","gldm","DependenceNonUniformity","1268.1709825967346"
"wavelet-HHL","gldm","DependenceNonUniformityNormalized","0.07584301074078911"
"wavelet-HHL","gldm","DependenceVariance","13.386772305705446"
"wavelet-HHL","gldm","GrayLevelNonUniformity","8339.813826924226"
"wavelet-HHL","gldm","GrayLevelVariance","0.25250472884865044"
"wavelet-HHL","gldm","HighGrayLevelEmphasis","6.4892051910770885"
"wavelet-HHL","gldm","LargeDependenceEmphasis","123.66503199569404"
"wavelet-HHL","gldm","LargeDependenceHighGrayLevelEmphasis","798.8882243884935"
"wavelet-HHL","gldm","LargeDependenceLowGrayLevelEmphasis","22.466920339692603"
"wavelet-HHL","gldm","LowGrayLevelEmphasis","0.18131890038474574"
"wavelet-HHL","gldm","SmallDependenceEmphasis","0.018277025979633797"
"wavelet-HHL","gldm","SmallDependenceHighGrayLevelEmphasis","0.12284217132349828"
"wavelet-HHL","gldm","SmallDependenceLowGrayLevelEmphasis","0.0034354886762001254"
"wavelet-HHL","glrlm","GrayLevelNonUniformity","5284.898416867022"
"wavelet-HHL","glrlm","GrayLevelNonUniformityNormalized","0.49805755727968115"
"wavelet-HHL","glrlm","GrayLevelVariance","0.2539008392103249"
"wavelet-HHL","glrlm","HighGrayLevelRunEmphasis","6.499506542691181"
"wavelet-HHL","glrlm","LongRunEmphasis","3.5761545677245175"
"wavelet-HHL","glrlm","LongRunHighGrayLevelEmphasis","23.163475088878815"
"wavelet-HHL","glrlm","LongRunLowGrayLevelEmphasis","0.6487412124265985"
"wavelet-HHL","glrlm","LowGrayLevelRunEmphasis","0.1812895161924682"
"wavelet-HHL","glrlm","RunEntropy","2.4880304105062314"
"wavelet-HHL","glrlm","RunLengthNonUniformity","5144.658195213969"
"wavelet-HHL","glrlm","RunLengthNonUniformityNormalized","0.4766915681353306"
"wavelet-HHL","glrlm","RunPercentage","0.6345636302576676"
"wavelet-HHL","glrlm","RunVariance","0.9825749263496887"
"wavelet-HHL","glrlm","ShortRunEmphasis","0.7003884617265435"
"wavelet-HHL","glrlm","ShortRunHighGrayLevelEmphasis","4.558900191537139"
"wavelet-HHL","glrlm","ShortRunLowGrayLevelEmphasis","0.12698677441607123"
"wavelet-HHL","glszm","GrayLevelNonUniformity","9.470588235294118"
"wavelet-HHL","glszm","GrayLevelNonUniformityNormalized","0.27854671280276816"
"wavelet-HHL","glszm","GrayLevelVariance","1.0769896193771626"
"wavelet-HHL","glszm","HighGrayLevelZoneEmphasis","8.558823529411764"
"wavelet-HHL","glszm","LargeAreaEmphasis","4079954.6764705884"
"wavelet-HHL","glszm","LargeAreaHighGrayLevelEmphasis","26375206.647058822"
"wavelet-HHL","glszm","LargeAreaLowGrayLevelEmphasis","740672.7173202614"
"wavelet-HHL","glszm","LowGrayLevelZoneEmphasis","0.27961601307189543"
"wavelet-HHL","glszm","SizeZoneNonUniformity","15.470588235294118"
"wavelet-HHL","glszm","SizeZoneNonUniformityNormalized","0.45501730103806226"
"wavelet-HHL","glszm","SmallAreaEmphasis","0.6956120419610132"
"wavelet-HHL","glszm","SmallAreaHighGrayLevelEmphasis","6.4127359332482285"
"wavelet-HHL","glszm","SmallAreaLowGrayLevelEmphasis","0.17816448868436388"
"wavelet-HHL","glszm","ZoneEntropy","3.250831312606969"
"wavelet-HHL","glszm","ZonePercentage","0.00203337120985587"
"wavelet-HHL","glszm","ZoneVariance","3838093.222318339"
"wavelet-HHL","ngtdm","Busyness","389.1247254492071"
"wavelet-HHL","ngtdm","Coarseness","0.00023498773988648645"
"wavelet-HHL","ngtdm","Complexity","3.569396241179205"
"wavelet-HHL","ngtdm","Contrast","0.021526616965462552"
"wavelet-HHL","ngtdm","Strength","0.0014053617112891408"
"wavelet-HHH","firstorder","10Percentile","-5.9551720153553775"
"wavelet-HHH","firstorder","90Percentile","5.921800764778839"
"wavelet-HHH","firstorder","Energy","406275.67049468664"
"wavelet-HHH","firstorder","Entropy","1.0052558979942101"
"wavelet-HHH","firstorder","InterquartileRange","6.044353213498339"
"wavelet-HHH","firstorder","Kurtosis","4.252902214903691"
"wavelet-HHH","firstorder","Maximum","27.845060194572582"
"wavelet-HHH","firstorder","MeanAbsoluteDeviation","3.7745980914482242"
"wavelet-HHH","firstorder","Mean","-0.007695692681449288"
"wavelet-HHH","firstorder","Median","-0.03282011646026524"
"wavelet-HHH","firstorder","Minimum","-28.811994562891552"
"wavelet-HHH","firstorder","Range","56.65705475746414"
"wavelet-HHH","firstorder","RobustMeanAbsoluteDeviation","2.5185235474272"
"wavelet-HHH","firstorder","RootMeanSquared","4.929232286152342"
"wavelet-HHH","firstorder","Skewness","0.03735889388742631"
"wavelet-HHH","firstorder","TotalEnergy","1172600.5694375318"
"wavelet-HHH","firstorder","Uniformity","0.49960903902056275"
"wavelet-HHH","firstorder","Variance","24.297271707160796"
"wavelet-HHH","glcm","Autocorrelation","6.225953102462261"
"wavelet-HHH","glcm","ClusterProminence","0.4911092949655611"
"wavelet-HHH","glcm","ClusterShade","0.0031882914531920752"
"wavelet-HHH","glcm","ClusterTendency","0.4888029826372786"
"wavelet-HHH","glcm","Contrast","0.5127994431864986"
"wavelet-HHH","glcm","Correlation","-0.02393669870876911"
"wavelet-HHH","glcm","DifferenceAverage","0.5123174352505043"
"wavelet-HHH","glcm","DifferenceEntropy","0.9944101008971669"
"wavelet-HHH","glcm","DifferenceVariance","0.247556601631997"
"wavelet-HHH","glcm","Id","0.7439216170307468"
"wavelet-HHH","glcm","Idm","0.7438894831683474"
"wavelet-HHH","glcm","Idmn","0.9698438328937822"
"wavelet-HHH","glcm","Idn","0.8975525798810989"
"wavelet-HHH","glcm","Imc1","-0.008670398605521204"
"wavelet-HHH","glcm","Imc2","0.08680689919910799"
"wavelet-HHH","glcm","InverseVariance","0.5118956783065094"
"wavelet-HHH","glcm","JointAverage","2.496387642945303"
"wavelet-HHH","glcm","JointEnergy","0.2527250339777194"
"wavelet-HHH","glcm","JointEntropy","1.996741821769636"
"wavelet-HHH","glcm","MCC","0.0987965370304176"
"wavelet-HHH","glcm","MaximumProbability","0.2691111596026124"
"wavelet-HHH","glcm","SumAverage","4.992775285890607"
"wavelet-HHH","glcm","SumEntropy","1.4818598282923843"
"wavelet-HHH","glcm","SumSquares","0.2504006064559443"
"wavelet-HHH","gldm","DependenceEntropy","4.759759739448517"
"wavelet-HHH","gldm","DependenceNonUniformity","1358.0659649542492"
"wavelet-HHH","gldm","DependenceNonUniformityNormalized","0.08121918335950297"
"wavelet-HHH","gldm","DependenceVariance","12.23713392981307"
"wavelet-HHH","gldm","GrayLevelNonUniformity","8353.96274146283"
"wavelet-HHH","gldm","GrayLevelVariance","0.25082417909326615"
"wavelet-HHH","gldm","HighGrayLevelEmphasis","6.482746247234017"
"wavelet-HHH","gldm","LargeDependenceEmphasis","121.16051671550744"
"wavelet-HHH","gldm","LargeDependenceHighGrayLevelEmphasis","781.6856647329705"
"wavelet-HHH","gldm","LargeDependenceLowGrayLevelEmphasis","22.039311843390546"
"wavelet-HHH","gldm","LowGrayLevelEmphasis","0.18118932280764707"
"wavelet-HHH","gldm","SmallDependenceEmphasis","0.017385772456614695"
"wavelet-HHH","gldm","SmallDependenceHighGrayLevelEmphasis","0.11561768685277156"
"wavelet-HHH","gldm","SmallDependenceLowGrayLevelEmphasis","0.003161284503097425"
"wavelet-HHH","glrlm","GrayLevelNonUniformity","5319.237015664532"
"wavelet-HHH","glrlm","GrayLevelNonUniformityNormalized","0.49935162005142797"
"wavelet-HHH","glrlm","GrayLevelVariance","0.25130903269515753"
"wavelet-HHH","glrlm","HighGrayLevelRunEmphasis","6.493690929515989"
"wavelet-HHH","glrlm","LongRunEmphasis","3.535865654865029"
"wavelet-HHH","glrlm","LongRunHighGrayLevelEmphasis","22.86723714102739"
"wavelet-HHH","glrlm","LongRunLowGrayLevelEmphasis","0.6418969024435874"
"wavelet-HHH","glrlm","LowGrayLevelRunEmphasis","0.18097023260281003"
"wavelet-HHH","glrlm","RunEntropy","2.4652085758781195"
"wavelet-HHH","glrlm","RunLengthNonUniformity","5192.905081485572"
"wavelet-HHH","glrlm","RunLengthNonUniformityNormalized","0.4804384096893027"
"wavelet-HHH","glrlm","RunPercentage","0.6370524398154325"
"wavelet-HHH","glrlm","RunVariance","0.9793092135942019"
"wavelet-HHH","glrlm","ShortRunEmphasis","0.703926064238619"
"wavelet-HHH","glrlm","ShortRunHighGrayLevelEmphasis","4.579513968239147"
"wavelet-HHH","glrlm","ShortRunLowGrayLevelEmphasis","0.12722169352629314"
"wavelet-HHH","glszm","GrayLevelNonUniformity","9.074074074074074"
"wavelet-HHH","glszm","GrayLevelNonUniformityNormalized","0.33607681755829905"
"wavelet-HHH","glszm","GrayLevelVariance","0.6666666666666666"
"wavelet-HHH","glszm","HighGrayLevelZoneEmphasis","7.777777777777778"
"wavelet-HHH","glszm","LargeAreaEmphasis","5140168.851851852"
"wavelet-HHH","glszm","LargeAreaHighGrayLevelEmphasis","33235230.51851852"
"wavelet-HHH","glszm","LargeAreaLowGrayLevelEmphasis","932971.3827160494"
"wavelet-HHH","glszm","LowGrayLevelZoneEmphasis","0.21604938271604937"
"wavelet-HHH","glszm","SizeZoneNonUniformity","7.666666666666667"
"wavelet-HHH","glszm","SizeZoneNonUniformityNormalized","0.2839506172839506"
"wavelet-HHH","glszm","SmallAreaEmphasis","0.5365217483125218"
"wavelet-HHH","glszm","SmallAreaHighGrayLevelEmphasis","5.011519094721223"
"wavelet-HHH","glszm","SmallAreaLowGrayLevelEmphasis","0.10700423672862358"
"wavelet-HHH","glszm","ZoneEntropy","3.4858259278490045"
"wavelet-HHH","glszm","ZonePercentage","0.0016147359607678966"
"wavelet-HHH","glszm","ZoneVariance","4756640.94924554"
"wavelet-HHH","ngtdm","Busyness","392.20352097043684"
"wavelet-HHH","ngtdm","Coarseness","0.00023305132687866537"
"wavelet-HHH","ngtdm","Complexity","3.5948654964536635"
"wavelet-HHH","ngtdm","Contrast","0.021491585240769173"
"wavelet-HHH","ngtdm","Strength","0.0013967254438659038"
"wavelet-LLL","firstorder","10Percentile","-2333.359211056725"
"wavelet-LLL","firstorder","90Percentile","-2206.1581320010528"
"wavelet-LLL","firstorder","Energy","85171370612.8852"
"wavelet-LLL","firstorder","Entropy","2.83995661904689"
"wavelet-LLL","firstorder","InterquartileRange","63.695577226171736"
"wavelet-LLL","firstorder","Kurtosis","6.301302170073676"
"wavelet-LLL","firstorder","Maximum","-2153.0334838025533"
"wavelet-LLL","firstorder","MeanAbsoluteDeviation","43.05039738765315"
"wavelet-LLL","firstorder","Mean","-2256.2158752729556"
"wavelet-LLL","firstorder","Median","-2235.037079777889"
"wavelet-LLL","firstorder","Minimum","-2636.591518883422"
"wavelet-LLL","firstorder","Range","483.55803508086865"
"wavelet-LLL","firstorder","RobustMeanAbsoluteDeviation","27.99280107112257"
"wavelet-LLL","firstorder","RootMeanSquared","2256.9175550385808"
"wavelet-LLL","firstorder","Skewness","-1.6533472971039935"
"wavelet-LLL","firstorder","TotalEnergy","245823230219.1238"
"wavelet-LLL","firstorder","Uniformity","0.18927587733148477"
"wavelet-LLL","firstorder","Variance","3166.774407612911"
"wavelet-LLL","glcm","Autocorrelation","282.6553185181772"
"wavelet-LLL","glcm","ClusterProminence","843.6301173240962"
"wavelet-LLL","glcm","ClusterShade","-59.00601576584646"
"wavelet-LLL","glcm","ClusterTendency","10.185678249181906"
"wavelet-LLL","glcm","Contrast","3.052727023336447"
"wavelet-LLL","glcm","Correlation","0.47055496595752344"
"wavelet-LLL","glcm","DifferenceAverage","1.1174757596152562"
"wavelet-LLL","glcm","DifferenceEntropy","2.030811521507464"
"wavelet-LLL","glcm","DifferenceVariance","1.7247277358759625"
"wavelet-LLL","glcm","Id","0.6370987576966264"
"wavelet-LLL","glcm","Idm","0.6014948102026305"
"wavelet-LLL","glcm","Idmn","0.9927136257921177"
"wavelet-LLL","glcm","Idn","0.9505602266451204"
"wavelet-LLL","glcm","Imc1","-0.12429828297722453"
"wavelet-LLL","glcm","Imc2","0.5559169713874504"
"wavelet-LLL","glcm","InverseVariance","0.39054242347144047"
"wavelet-LLL","glcm","JointAverage","16.757195257076884"
"wavelet-LLL","glcm","JointEnergy","0.084699311511404"
"wavelet-LLL","glcm","JointEntropy","4.643744586512429"
"wavelet-LLL","glcm","MCC","0.5278808979896051"
"wavelet-LLL","glcm","MaximumProbability","0.21368891720562752"
"wavelet-LLL","glcm","SumAverage","33.514390514153774"
"wavelet-LLL","glcm","SumEntropy","3.2760731334154047"
"wavelet-LLL","glcm","SumSquares","3.309601318129589"
"wavelet-LLL","gldm","DependenceEntropy","6.637687403065709"
"wavelet-LLL","gldm","DependenceNonUniformity","958.9477303988996"
"wavelet-LLL","gldm","DependenceNonUniformityNormalized","0.05734990313969856"
"wavelet-LLL","gldm","DependenceVariance","39.81989454406146"
"wavelet-LLL","gldm","GrayLevelNonUniformity","3164.8819448597574"
"wavelet-LLL","gldm","GrayLevelVariance","5.1702622895923485"
"wavelet-LLL","gldm","HighGrayLevelEmphasis","269.1506488846361"
"wavelet-LLL","gldm","LargeDependenceEmphasis","118.50923987799773"
"wavelet-LLL","gldm","LargeDependenceHighGrayLevelEmphasis","36528.036122241494"
"wavelet-LLL","gldm","LargeDependenceLowGrayLevelEmphasis","0.39117214175869797"
"wavelet-LLL","gldm","LowGrayLevelEmphasis","0.004283537515094857"
"wavelet-LLL","gldm","SmallDependenceEmphasis","0.09070544169993706"
"wavelet-LLL","gldm","SmallDependenceHighGrayLevelEmphasis","18.36496415524402"
"wavelet-LLL","gldm","SmallDependenceLowGrayLevelEmphasis","0.0006685422452931954"
"wavelet-LLL","glrlm","GrayLevelNonUniformity","1730.3740360143233"
"wavelet-LLL","glrlm","GrayLevelNonUniformityNormalized","0.14745369660474333"
"wavelet-LLL","glrlm","GrayLevelVariance","6.009617617952946"
"wavelet-LLL","glrlm","HighGrayLevelRunEmphasis","255.39021251116836"
"wavelet-LLL","glrlm","LongRunEmphasis","3.7538240763976183"
"wavelet-LLL","glrlm","LongRunHighGrayLevelEmphasis","1090.3142915592073"
"wavelet-LLL","glrlm","LongRunLowGrayLevelEmphasis","0.014020218452401726"
"wavelet-LLL","glrlm","LowGrayLevelRunEmphasis","0.004662718579060919"
"wavelet-LLL","glrlm","RunEntropy","4.17174396565169"
"wavelet-LLL","glrlm","RunLengthNonUniformity","7269.179487426951"
"wavelet-LLL","glrlm","RunLengthNonUniformityNormalized","0.603825868675481"
"wavelet-LLL","glrlm","RunPercentage","0.6972807110358692"
"wavelet-LLL","glrlm","RunVariance","1.4661540745025818"
"wavelet-LLL","glrlm","ShortRunEmphasis","0.7982925979141177"
"wavelet-LLL","glrlm","ShortRunHighGrayLevelEmphasis","196.52278306926198"
"wavelet-LLL","glrlm","ShortRunLowGrayLevelEmphasis","0.00393502386138892"
"wavelet-LLL","glszm","GrayLevelNonUniformity","158.91321243523316"
"wavelet-LLL","glszm","GrayLevelNonUniformityNormalized","0.10292306504872614"
"wavelet-LLL","glszm","GrayLevelVariance","9.108821713334585"
"wavelet-LLL","glszm","HighGrayLevelZoneEmphasis","188.98834196891193"
"wavelet-LLL","glszm","LargeAreaEmphasis","26064.437176165804"
"wavelet-LLL","glszm","LargeAreaHighGrayLevelEmphasis","8089078.196891191"
"wavelet-LLL","glszm","LargeAreaLowGrayLevelEmphasis","84.3300810932382"
"wavelet-LLL","glszm","LowGrayLevelZoneEmphasis","0.007878609754755461"
"wavelet-LLL","glszm","SizeZoneNonUniformity","417.3264248704663"
"wavelet-LLL","glszm","SizeZoneNonUniformityNormalized","0.27028913527879944"
"wavelet-LLL","glszm","SmallAreaEmphasis","0.5350102400425856"
"wavelet-LLL","glszm","SmallAreaHighGrayLevelEmphasis","96.81270693255595"
"wavelet-LLL","glszm","SmallAreaLowGrayLevelEmphasis","0.00492116611871153"
"wavelet-LLL","glszm","ZoneEntropy","6.163990613302627"
"wavelet-LLL","glszm","ZonePercentage","0.09233897494169009"
"wavelet-LLL","glszm","ZoneVariance","25947.15557087103"
"wavelet-LLL","ngtdm","Busyness","3.8706174076940836"
"wavelet-LLL","ngtdm","Coarseness","0.0005213391032579922"
"wavelet-LLL","ngtdm","Complexity","185.42642785413057"
"wavelet-LLL","ngtdm","Contrast","0.02183610665094766"
"wavelet-LLL","ngtdm","Strength","0.2130130941448391"
