"Image type","Feature Class","Feature Name","Segmentation_segment_Segment_1"
"diagnostics","Versions","PyRadiomics","v3.0.1.post4+gad5b2de"
"diagnostics","Versions","Numpy","1.19.2"
"diagnostics","Versions","SimpleITK","2.0.2"
"diagnostics","Versions","PyWavelet","1.1.1"
"diagnostics","Versions","Python","3.6.7"
"diagnostics","Configuration","Settings","{'minimumROIDimensions': 2, 'minimumROISize': None, 'normalize': False, 'normalizeScale': 1, 'removeOutliers': None, 'resampledPixelSpacing': None, 'interpolator': 'sitkBSpline', 'preCrop': False, 'padDistance': 5, 'distances': [1], 'force2D': False, 'force2Ddimension': 0, 'resegmentRange': None, 'label': 1, 'additionalInfo': True, 'binWidth': 25.0, 'symmetricalGLCM': True, 'correctMask': True}"
"diagnostics","Configuration","EnabledImageTypes","{'Original': {}, 'Wavelet': {}}"
"diagnostics","Image-original","Hash","7f80ff6c0d5d6250129781cd5e746cbb070b6070"
"diagnostics","Image-original","Dimensionality","3D"
"diagnostics","Image-original","Spacing","(0.759765625, 0.759765625, 2.5)"
"diagnostics","Image-original","Size","(512, 512, 119)"
"diagnostics","Image-original","Mean","-886.0343221456063"
"diagnostics","Image-original","Minimum","-969.0"
"diagnostics","Image-original","Maximum","-769.0"
"diagnostics","Mask-original","Hash","e7f5114a5ffd27409b438641b09803b4aea6dbbf"
"diagnostics","Mask-original","Spacing","(0.759765625, 0.759765625, 2.5)"
"diagnostics","Mask-original","Size","(512, 512, 119)"
"diagnostics","Mask-original","BoundingBox","(177, 272, 67, 222, 98, 16)"
"diagnostics","Mask-original","VoxelNum","13699"
"diagnostics","Mask-original","VolumeNum","5"
"diagnostics","Mask-original","CenterOfMassIndex","(351.5406234031681, 307.9502153441857, 75.44244105409155)"
"diagnostics","Mask-original","CenterOfMass","(81.5354814527976, 173.16998782985982, -569.9038973647712)"
"original","shape","Elongation","0.43216421157002044"
"original","shape","Flatness","0.3310304663247642"
"original","shape","LeastAxisLength","37.100395575298634"
"original","shape","MajorAxisLength","112.0754714428627"
"original","shape","Maximum2DDiameterColumn","57.85323156696157"
"original","shape","Maximum2DDiameterRow","54.46224399214928"
"original","shape","Maximum2DDiameterSlice","177.2795503139129"
"original","shape","Maximum3DDiameter","180.05555022630477"
"original","shape","MeshVolume","19612.03866124153"
"original","shape","MinorAxisLength","48.4350077524431"
"original","shape","Sphericity","0.40208250622001207"
"original","shape","SurfaceArea","8746.831762988555"
"original","shape","SurfaceVolumeRatio","0.44599299002375314"
"original","shape","VoxelVolume","19769.157209396362"
"original","firstorder","10Percentile","-871.0"
"original","firstorder","90Percentile","-779.0"
"original","firstorder","Energy","9121906464.0"
"original","firstorder","Entropy","2.248667285445034"
"original","firstorder","InterquartileRange","56.0"
"original","firstorder","Kurtosis","2.6976355401314556"
"original","firstorder","Maximum","-769.0"
"original","firstorder","MeanAbsoluteDeviation","31.080798150079993"
"original","firstorder","Mean","-815.1957077158917"
"original","firstorder","Median","-801.0"
"original","firstorder","Minimum","-942.0"
"original","firstorder","Range","173.0"
"original","firstorder","RobustMeanAbsoluteDeviation","23.889509879172522"
"original","firstorder","RootMeanSquared","816.0154367901301"
"original","firstorder","Skewness","-0.8621945426463483"
"original","firstorder","TotalEnergy","13163909988.77472"
"original","firstorder","Uniformity","0.2771407980218712"
"original","firstorder","Variance","1337.1512013733625"
"original","glcm","Autocorrelation","38.08394762442816"
"original","glcm","ClusterProminence","123.56813493688648"
"original","glcm","ClusterShade","-15.727212309672609"
"original","glcm","ClusterTendency","6.346648032099553"
"original","glcm","Contrast","0.8257919234760458"
"original","glcm","Correlation","0.7646536597876668"
"original","glcm","DifferenceAverage","0.5355232463908569"
"original","glcm","DifferenceEntropy","1.3693851755906412"
"original","glcm","DifferenceVariance","0.5273985356371869"
"original","glcm","Id","0.7750197051417759"
"original","glcm","Idm","0.7609273366325541"
"original","glcm","Idmn","0.9878661348145218"
"original","glcm","Idn","0.9435797108611366"
"original","glcm","Imc1","-0.31138118094359307"
"original","glcm","Imc2","0.8435418986463501"
"original","glcm","InverseVariance","0.3320321092669048"
"original","glcm","JointAverage","6.057926903783989"
"original","glcm","JointEnergy","0.1957013445416627"
"original","glcm","JointEntropy","3.5574848589773564"
"original","glcm","MCC","0.8071188514360433"
"original","glcm","MaximumProbability","0.41898254688993597"
"original","glcm","SumAverage","12.115853807567976"
"original","glcm","SumEntropy","2.8369600667380017"
"original","glcm","SumSquares","1.7931099888938997"
"original","gldm","DependenceEntropy","6.255955581505904"
"original","gldm","DependenceNonUniformity","610.2146872034455"
"original","gldm","DependenceNonUniformityNormalized","0.04454446946517596"
"original","gldm","DependenceVariance","62.127570479533105"
"original","gldm","GrayLevelNonUniformity","3796.551792101613"
"original","gldm","GrayLevelVariance","2.108193523332867"
"original","gldm","HighGrayLevelEmphasis","36.68764143368129"
"original","gldm","LargeDependenceEmphasis","229.65041243886415"
"original","gldm","LargeDependenceHighGrayLevelEmphasis","10426.378421782612"
"original","gldm","LargeDependenceLowGrayLevelEmphasis","5.684657147934725"
"original","gldm","LowGrayLevelEmphasis","0.040610251211709344"
"original","gldm","SmallDependenceEmphasis","0.03998682335609399"
"original","gldm","SmallDependenceHighGrayLevelEmphasis","1.1471348768229688"
"original","gldm","SmallDependenceLowGrayLevelEmphasis","0.003168596866198563"
"original","glrlm","GrayLevelNonUniformity","1362.7862572368927"
"original","glrlm","GrayLevelNonUniformityNormalized","0.1826111662597912"
"original","glrlm","GrayLevelVariance","2.425305271073728"
"original","glrlm","HighGrayLevelRunEmphasis","31.63696115399463"
"original","glrlm","LongRunEmphasis","9.170724296667299"
"original","glrlm","LongRunHighGrayLevelEmphasis","401.7622409430479"
"original","glrlm","LongRunLowGrayLevelEmphasis","0.25698836344829395"
"original","glrlm","LowGrayLevelRunEmphasis","0.05078866952622833"
"original","glrlm","RunEntropy","4.1027768458176315"
"original","glrlm","RunLengthNonUniformity","3680.2379689036707"
"original","glrlm","RunLengthNonUniformityNormalized","0.478170663687127"
"original","glrlm","RunPercentage","0.540651479333135"
"original","glrlm","RunVariance","5.162286365626964"
"original","glrlm","ShortRunEmphasis","0.7121645448910464"
"original","glrlm","ShortRunHighGrayLevelEmphasis","20.73877259518771"
"original","glrlm","ShortRunLowGrayLevelEmphasis","0.04037899329032153"
"original","glszm","GrayLevelNonUniformity","71.15913978494623"
"original","glszm","GrayLevelNonUniformityNormalized","0.15303040813966934"
"original","glszm","GrayLevelVariance","4.516610012718234"
"original","glszm","HighGrayLevelZoneEmphasis","29.10967741935484"
"original","glszm","LargeAreaEmphasis","75936.84946236559"
"original","glszm","LargeAreaHighGrayLevelEmphasis","3536944.623655914"
"original","glszm","LargeAreaLowGrayLevelEmphasis","1727.0938133183383"
"original","glszm","LowGrayLevelZoneEmphasis","0.09208380879233415"
"original","glszm","SizeZoneNonUniformity","115.09032258064516"
"original","glszm","SizeZoneNonUniformityNormalized","0.24750607006590358"
"original","glszm","SmallAreaEmphasis","0.5101733662835635"
"original","glszm","SmallAreaHighGrayLevelEmphasis","15.398320595891255"
"original","glszm","SmallAreaLowGrayLevelEmphasis","0.05069839719143307"
"original","glszm","ZoneEntropy","5.535252644271024"
"original","glszm","ZonePercentage","0.03394408350974524"
"original","glszm","ZoneVariance","75068.94519135162"
"original","ngtdm","Busyness","17.698768517630405"
"original","ngtdm","Coarseness","0.0009778614814371896"
"original","ngtdm","Complexity","10.645829133053853"
"original","ngtdm","Contrast","0.030973853328773487"
"original","ngtdm","Strength","0.026301255463900493"
"wavelet-LLH","firstorder","10Percentile","-37.418195220383474"
"wavelet-LLH","firstorder","90Percentile","16.642535490944255"
"wavelet-LLH","firstorder","Energy","7248191.526852649"
"wavelet-LLH","firstorder","Entropy","1.9327430357294304"
"wavelet-LLH","firstorder","InterquartileRange","24.093880306705394"
"wavelet-LLH","firstorder","Kurtosis","3.7438149492488626"
"wavelet-LLH","firstorder","Maximum","94.88363386613953"
"wavelet-LLH","firstorder","MeanAbsoluteDeviation","16.409670348955867"
"wavelet-LLH","firstorder","Mean","-8.411988032250816"
"wavelet-LLH","firstorder","Median","-4.1804353824244025"
"wavelet-LLH","firstorder","Minimum","-90.46297982118314"
"wavelet-LLH","firstorder","Range","185.34661368732267"
"wavelet-LLH","firstorder","RobustMeanAbsoluteDeviation","10.66039120037293"
"wavelet-LLH","firstorder","RootMeanSquared","23.002254143028257"
"wavelet-LLH","firstorder","Skewness","-0.21648221735382722"
"wavelet-LLH","firstorder","TotalEnergy","10459934.139584253"
"wavelet-LLH","firstorder","Uniformity","0.3120262358507969"
"wavelet-LLH","firstorder","Variance","458.3421530057296"
"wavelet-LLH","glcm","Autocorrelation","17.659452736897396"
"wavelet-LLH","glcm","ClusterProminence","16.077484035131466"
"wavelet-LLH","glcm","ClusterShade","-0.5204596791297085"
"wavelet-LLH","glcm","ClusterTendency","2.1360886105278873"
"wavelet-LLH","glcm","Contrast","1.034336983961598"
"wavelet-LLH","glcm","Correlation","0.33528565153062895"
"wavelet-LLH","glcm","DifferenceAverage","0.6739670937357741"
"wavelet-LLH","glcm","DifferenceEntropy","1.4338118352768643"
"wavelet-LLH","glcm","DifferenceVariance","0.5371342153780012"
"wavelet-LLH","glcm","Id","0.7139977406039943"
"wavelet-LLH","glcm","Idm","0.698478631484498"
"wavelet-LLH","glcm","Idmn","0.9848631056871228"
"wavelet-LLH","glcm","Idn","0.9288868028988571"
"wavelet-LLH","glcm","Imc1","-0.11789047924739651"
"wavelet-LLH","glcm","Imc2","0.44316474237572834"
"wavelet-LLH","glcm","InverseVariance","0.44037113635481967"
"wavelet-LLH","glcm","JointAverage","4.169405348646385"
"wavelet-LLH","glcm","JointEnergy","0.12953159875191733"
"wavelet-LLH","glcm","JointEntropy","3.5219512313367054"
"wavelet-LLH","glcm","MCC","0.37677766414695724"
"wavelet-LLH","glcm","MaximumProbability","0.25322465276167944"
"wavelet-LLH","glcm","SumAverage","8.33881069729277"
"wavelet-LLH","glcm","SumEntropy","2.5369972825658937"
"wavelet-LLH","glcm","SumSquares","0.7926063986223715"
"wavelet-LLH","gldm","DependenceEntropy","6.097171455298911"
"wavelet-LLH","gldm","DependenceNonUniformity","742.6712168771443"
"wavelet-LLH","gldm","DependenceNonUniformityNormalized","0.05421353506658474"
"wavelet-LLH","gldm","DependenceVariance","27.259815086970896"
"wavelet-LLH","gldm","GrayLevelNonUniformity","4274.447404920067"
"wavelet-LLH","gldm","GrayLevelVariance","0.8586217666246669"
"wavelet-LLH","gldm","HighGrayLevelEmphasis","18.15095992408205"
"wavelet-LLH","gldm","LargeDependenceEmphasis","143.37345791663626"
"wavelet-LLH","gldm","LargeDependenceHighGrayLevelEmphasis","2567.151032922111"
"wavelet-LLH","gldm","LargeDependenceLowGrayLevelEmphasis","9.042534794071898"
"wavelet-LLH","gldm","LowGrayLevelEmphasis","0.07166231471784276"
"wavelet-LLH","gldm","SmallDependenceEmphasis","0.02786713539604872"
"wavelet-LLH","gldm","SmallDependenceHighGrayLevelEmphasis","0.5485553974641936"
"wavelet-LLH","gldm","SmallDependenceLowGrayLevelEmphasis","0.002746192403568013"
"wavelet-LLH","glrlm","GrayLevelNonUniformity","2393.4502604638865"
"wavelet-LLH","glrlm","GrayLevelNonUniformityNormalized","0.2809462682953214"
"wavelet-LLH","glrlm","GrayLevelVariance","1.0231275842684928"
"wavelet-LLH","glrlm","HighGrayLevelRunEmphasis","18.303688162197027"
"wavelet-LLH","glrlm","LongRunEmphasis","5.333976862159575"
"wavelet-LLH","glrlm","LongRunHighGrayLevelEmphasis","94.84972696147136"
"wavelet-LLH","glrlm","LongRunLowGrayLevelEmphasis","0.36301872494845583"
"wavelet-LLH","glrlm","LowGrayLevelRunEmphasis","0.07525185343128445"
"wavelet-LLH","glrlm","RunEntropy","3.5608242685395166"
"wavelet-LLH","glrlm","RunLengthNonUniformity","4484.76555285279"
"wavelet-LLH","glrlm","RunLengthNonUniformityNormalized","0.487664174385503"
"wavelet-LLH","glrlm","RunPercentage","0.624015228511907"
"wavelet-LLH","glrlm","RunVariance","1.9739045680465646"
"wavelet-LLH","glrlm","ShortRunEmphasis","0.7040861848062329"
"wavelet-LLH","glrlm","ShortRunHighGrayLevelEmphasis","12.954142434874967"
"wavelet-LLH","glrlm","ShortRunLowGrayLevelEmphasis","0.05517358277297473"
"wavelet-LLH","glszm","GrayLevelNonUniformity","40.93650793650794"
"wavelet-LLH","glszm","GrayLevelNonUniformityNormalized","0.1624464600655077"
"wavelet-LLH","glszm","GrayLevelVariance","3.370118417737465"
"wavelet-LLH","glszm","HighGrayLevelZoneEmphasis","21.063492063492063"
"wavelet-LLH","glszm","LargeAreaEmphasis","94862.13095238095"
"wavelet-LLH","glszm","LargeAreaHighGrayLevelEmphasis","1690240.603174603"
"wavelet-LLH","glszm","LargeAreaLowGrayLevelEmphasis","5723.126087580535"
"wavelet-LLH","glszm","LowGrayLevelZoneEmphasis","0.13982219905157828"
"wavelet-LLH","glszm","SizeZoneNonUniformity","38.42857142857143"
"wavelet-LLH","glszm","SizeZoneNonUniformityNormalized","0.15249433106575963"
"wavelet-LLH","glszm","SmallAreaEmphasis","0.3639745746450135"
"wavelet-LLH","glszm","SmallAreaHighGrayLevelEmphasis","8.247724299626615"
"wavelet-LLH","glszm","SmallAreaLowGrayLevelEmphasis","0.050094540080889725"
"wavelet-LLH","glszm","ZoneEntropy","5.747665802727931"
"wavelet-LLH","glszm","ZonePercentage","0.018395503321410323"
"wavelet-LLH","glszm","ZoneVariance","91907.00055114637"
"wavelet-LLH","ngtdm","Busyness","40.87618798122971"
"wavelet-LLH","ngtdm","Coarseness","0.0005755902862591163"
"wavelet-LLH","ngtdm","Complexity","14.343697871609859"
"wavelet-LLH","ngtdm","Contrast","0.01582976049522351"
"wavelet-LLH","ngtdm","Strength","0.014085151020588963"
"wavelet-LHL","firstorder","10Percentile","-18.801050830274942"
"wavelet-LHL","firstorder","90Percentile","14.746827646269256"
"wavelet-LHL","firstorder","Energy","2759115.2443958404"
"wavelet-LHL","firstorder","Entropy","1.4197206523200665"
"wavelet-LHL","firstorder","InterquartileRange","16.894469816508447"
"wavelet-LHL","firstorder","Kurtosis","4.146259070402003"
"wavelet-LHL","firstorder","Maximum","69.18746335281416"
"wavelet-LHL","firstorder","MeanAbsoluteDeviation","10.71920135127221"
"wavelet-LHL","firstorder","Mean","-1.8609984465377132"
"wavelet-LHL","firstorder","Median","-1.6247738493218202"
"wavelet-LHL","firstorder","Minimum","-74.98389197429701"
"wavelet-LHL","firstorder","Range","144.17135532711117"
"wavelet-LHL","firstorder","RobustMeanAbsoluteDeviation","7.058975969789124"
"wavelet-LHL","firstorder","RootMeanSquared","14.1918982088929"
"wavelet-LHL","firstorder","Skewness","-0.06295228912096362"
"wavelet-LHL","firstorder","TotalEnergy","3981705.454799871"
"wavelet-LHL","firstorder","Uniformity","0.42775736120166"
"wavelet-LHL","firstorder","Variance","197.94665955356177"
"wavelet-LHL","glcm","Autocorrelation","11.783198257534814"
"wavelet-LHL","glcm","ClusterProminence","3.2776474733423586"
"wavelet-LHL","glcm","ClusterShade","0.003636255728533439"
"wavelet-LHL","glcm","ClusterTendency","0.9161715832223701"
"wavelet-LHL","glcm","Contrast","0.7418300812107288"
"wavelet-LHL","glcm","Correlation","0.10382004987705074"
"wavelet-LHL","glcm","DifferenceAverage","0.6016352134311864"
"wavelet-LHL","glcm","DifferenceEntropy","1.231160039952282"
"wavelet-LHL","glcm","DifferenceVariance","0.3544263702075034"
"wavelet-LHL","glcm","Id","0.7207025091182968"
"wavelet-LHL","glcm","Idm","0.7131490274982075"
"wavelet-LHL","glcm","Idmn","0.9806643920089336"
"wavelet-LHL","glcm","Idn","0.9164659191632439"
"wavelet-LHL","glcm","Imc1","-0.06598002353665285"
"wavelet-LHL","glcm","Imc2","0.3260599652942131"
"wavelet-LHL","glcm","InverseVariance","0.49602449986134534"
"wavelet-LHL","glcm","JointAverage","3.426311309197032"
"wavelet-LHL","glcm","JointEnergy","0.20325300932834595"
"wavelet-LHL","glcm","JointEntropy","2.7202320548980534"
"wavelet-LHL","glcm","MCC","0.2588124410836618"
"wavelet-LHL","glcm","MaximumProbability","0.2727527406960979"
"wavelet-LHL","glcm","SumAverage","6.852622618394064"
"wavelet-LHL","glcm","SumEntropy","1.9246828781490979"
"wavelet-LHL","glcm","SumSquares","0.4145004161082747"
"wavelet-LHL","gldm","DependenceEntropy","5.383129586294004"
"wavelet-LHL","gldm","DependenceNonUniformity","856.6534053580554"
"wavelet-LHL","gldm","DependenceNonUniformityNormalized","0.06253401017286338"
"wavelet-LHL","gldm","DependenceVariance","19.18421210627897"
"wavelet-LHL","gldm","GrayLevelNonUniformity","5859.84809110154"
"wavelet-LHL","gldm","GrayLevelVariance","0.4216714442746106"
"wavelet-LHL","gldm","HighGrayLevelEmphasis","12.148258997007082"
"wavelet-LHL","gldm","LargeDependenceEmphasis","124.50463537484488"
"wavelet-LHL","gldm","LargeDependenceHighGrayLevelEmphasis","1453.685889480984"
"wavelet-LHL","gldm","LargeDependenceLowGrayLevelEmphasis","11.699291452741887"
"wavelet-LHL","gldm","LowGrayLevelEmphasis","0.09719604431791452"
"wavelet-LHL","gldm","SmallDependenceEmphasis","0.03297363172377979"
"wavelet-LHL","gldm","SmallDependenceHighGrayLevelEmphasis","0.4310391054344768"
"wavelet-LHL","gldm","SmallDependenceLowGrayLevelEmphasis","0.0044582516129773025"
"wavelet-LHL","glrlm","GrayLevelNonUniformity","3540.4167491083913"
"wavelet-LHL","glrlm","GrayLevelNonUniformityNormalized","0.4007198259849657"
"wavelet-LHL","glrlm","GrayLevelVariance","0.4900347681444722"
"wavelet-LHL","glrlm","HighGrayLevelRunEmphasis","12.304236171909501"
"wavelet-LHL","glrlm","LongRunEmphasis","3.8479719560721737"
"wavelet-LHL","glrlm","LongRunHighGrayLevelEmphasis","45.93075254373635"
"wavelet-LHL","glrlm","LongRunLowGrayLevelEmphasis","0.3666676149449359"
"wavelet-LHL","glrlm","LowGrayLevelRunEmphasis","0.09915744969505498"
"wavelet-LHL","glrlm","RunEntropy","2.959379127697187"
"wavelet-LHL","glrlm","RunLengthNonUniformity","4407.46343813514"
"wavelet-LHL","glrlm","RunLengthNonUniformityNormalized","0.4810320050632931"
"wavelet-LHL","glrlm","RunPercentage","0.6437471572882918"
"wavelet-LHL","glrlm","RunVariance","1.0912368368735228"
"wavelet-LHL","glrlm","ShortRunEmphasis","0.7052610533588889"
"wavelet-LHL","glrlm","ShortRunHighGrayLevelEmphasis","8.767443327604328"
"wavelet-LHL","glrlm","ShortRunLowGrayLevelEmphasis","0.07138072075147402"
"wavelet-LHL","glszm","GrayLevelNonUniformity","111.42222222222222"
"wavelet-LHL","glszm","GrayLevelNonUniformityNormalized","0.30950617283950616"
"wavelet-LHL","glszm","GrayLevelVariance","2.1128395061728393"
"wavelet-LHL","glszm","HighGrayLevelZoneEmphasis","13.522222222222222"
"wavelet-LHL","glszm","LargeAreaEmphasis","83840.40833333334"
"wavelet-LHL","glszm","LargeAreaHighGrayLevelEmphasis","996987.3361111111"
"wavelet-LHL","glszm","LargeAreaLowGrayLevelEmphasis","7635.861577932099"
"wavelet-LHL","glszm","LowGrayLevelZoneEmphasis","0.16954012345679012"
"wavelet-LHL","glszm","SizeZoneNonUniformity","82.66666666666667"
"wavelet-LHL","glszm","SizeZoneNonUniformityNormalized","0.22962962962962963"
"wavelet-LHL","glszm","SmallAreaEmphasis","0.48546437732946013"
"wavelet-LHL","glszm","SmallAreaHighGrayLevelEmphasis","6.721122052788504"
"wavelet-LHL","glszm","SmallAreaLowGrayLevelEmphasis","0.08575631658938508"
"wavelet-LHL","glszm","ZoneEntropy","4.702223320576647"
"wavelet-LHL","glszm","ZonePercentage","0.0262792904591576"
"wavelet-LHL","glszm","ZoneVariance","82392.3944367284"
"wavelet-LHL","ngtdm","Busyness","107.56520407549326"
"wavelet-LHL","ngtdm","Coarseness","0.0003615480790188757"
"wavelet-LHL","ngtdm","Complexity","8.468661659423317"
"wavelet-LHL","ngtdm","Contrast","0.015090348427550583"
"wavelet-LHL","ngtdm","Strength","0.005456938401181087"
"wavelet-LHH","firstorder","10Percentile","-6.468297408414717"
"wavelet-LHH","firstorder","90Percentile","6.958515072858865"
"wavelet-LHH","firstorder","Energy","425575.61402577406"
"wavelet-LHH","firstorder","Entropy","1.0060280545867013"
"wavelet-LHH","firstorder","InterquartileRange","6.679056026672403"
"wavelet-LHH","firstorder","Kurtosis","4.251405671438342"
"wavelet-LHH","firstorder","Maximum","30.983399350257518"
"wavelet-LHH","firstorder","MeanAbsoluteDeviation","4.246044482863946"
"wavelet-LHH","firstorder","Mean","0.17210837522734398"
"wavelet-LHH","firstorder","Median","0.11696685121721206"
"wavelet-LHH","firstorder","Minimum","-27.802831884632624"
"wavelet-LHH","firstorder","Range","58.78623123489014"
"wavelet-LHH","firstorder","RobustMeanAbsoluteDeviation","2.807213238651263"
"wavelet-LHH","firstorder","RootMeanSquared","5.5737044267698215"
"wavelet-LHH","firstorder","Skewness","0.04947861686731714"
"wavelet-LHH","firstorder","TotalEnergy","614152.2168158927"
"wavelet-LHH","firstorder","Uniformity","0.49968930676816103"
"wavelet-LHH","firstorder","Variance","31.036559744170113"
"wavelet-LHH","glcm","Autocorrelation","6.298158999443943"
"wavelet-LHH","glcm","ClusterProminence","0.511731568005717"
"wavelet-LHH","glcm","ClusterShade","-0.009314205964018791"
"wavelet-LHH","glcm","ClusterTendency","0.506231685155896"
"wavelet-LHH","glcm","Contrast","0.4964484457625258"
"wavelet-LHH","glcm","Correlation","0.009769360543784137"
"wavelet-LHH","glcm","DifferenceAverage","0.4958069770514089"
"wavelet-LHH","glcm","DifferenceEntropy","0.9851426795579662"
"wavelet-LHH","glcm","DifferenceVariance","0.2444073491229914"
"wavelet-LHH","glcm","Id","0.7522034229261484"
"wavelet-LHH","glcm","Idm","0.7521606583454074"
"wavelet-LHH","glcm","Idmn","0.9708084702853417"
"wavelet-LHH","glcm","Idn","0.9008599868800888"
"wavelet-LHH","glcm","Imc1","-0.01882062719987496"
"wavelet-LHH","glcm","Imc2","0.09761347099525919"
"wavelet-LHH","glcm","InverseVariance","0.49524569192918144"
"wavelet-LHH","glcm","JointAverage","2.5091255373505543"
"wavelet-LHH","glcm","JointEnergy","0.2560121195181356"
"wavelet-LHH","glcm","JointEntropy","1.9902307749946657"
"wavelet-LHH","glcm","MCC","0.08334439216034259"
"wavelet-LHH","glcm","MaximumProbability","0.2748643694901893"
"wavelet-LHH","glcm","SumAverage","5.018251074701109"
"wavelet-LHH","glcm","SumEntropy","1.4910038491118027"
"wavelet-LHH","glcm","SumSquares","0.2506700327296055"
"wavelet-LHH","gldm","DependenceEntropy","4.870377747510215"
"wavelet-LHH","gldm","DependenceNonUniformity","1058.3738229067815"
"wavelet-LHH","gldm","DependenceNonUniformityNormalized","0.07725920307371206"
"wavelet-LHH","gldm","DependenceVariance","12.909925595670499"
"wavelet-LHH","gldm","GrayLevelNonUniformity","6845.243813417038"
"wavelet-LHH","gldm","GrayLevelVariance","0.25091975571627084"
"wavelet-LHH","gldm","HighGrayLevelEmphasis","6.551573107526097"
"wavelet-LHH","gldm","LargeDependenceEmphasis","137.53726549383165"
"wavelet-LHH","gldm","LargeDependenceHighGrayLevelEmphasis","909.8852470983284"
"wavelet-LHH","gldm","LargeDependenceLowGrayLevelEmphasis","24.392125134843578"
"wavelet-LHH","gldm","LowGrayLevelEmphasis","0.17931154747710698"
"wavelet-LHH","gldm","SmallDependenceEmphasis","0.015770149658791945"
"wavelet-LHH","gldm","SmallDependenceHighGrayLevelEmphasis","0.1047486975877379"
"wavelet-LHH","gldm","SmallDependenceLowGrayLevelEmphasis","0.002900670434238629"
"wavelet-LHH","glrlm","GrayLevelNonUniformity","4165.511842829283"
"wavelet-LHH","glrlm","GrayLevelNonUniformityNormalized","0.4991954121830462"
"wavelet-LHH","glrlm","GrayLevelVariance","0.25169171517976474"
"wavelet-LHH","glrlm","HighGrayLevelRunEmphasis","6.528163232891919"
"wavelet-LHH","glrlm","LongRunEmphasis","4.56070669982884"
"wavelet-LHH","glrlm","LongRunHighGrayLevelEmphasis","30.060315061432046"
"wavelet-LHH","glrlm","LongRunLowGrayLevelEmphasis","0.8122644336419345"
"wavelet-LHH","glrlm","LowGrayLevelRunEmphasis","0.18008506668138669"
"wavelet-LHH","glrlm","RunEntropy","2.6012921955812445"
"wavelet-LHH","glrlm","RunLengthNonUniformity","3740.5570671525948"
"wavelet-LHH","glrlm","RunLengthNonUniformityNormalized","0.4353765076082196"
"wavelet-LHH","glrlm","RunPercentage","0.6090899391870266"
"wavelet-LHH","glrlm","RunVariance","1.3196646129054814"
"wavelet-LHH","glrlm","ShortRunEmphasis","0.6641493412474464"
"wavelet-LHH","glrlm","ShortRunHighGrayLevelEmphasis","4.321460508157023"
"wavelet-LHH","glrlm","ShortRunLowGrayLevelEmphasis","0.12009308544848304"
"wavelet-LHH","glszm","GrayLevelNonUniformity","17.869565217391305"
"wavelet-LHH","glszm","GrayLevelNonUniformityNormalized","0.388468809073724"
"wavelet-LHH","glszm","GrayLevelVariance","0.5033081285444234"
"wavelet-LHH","glszm","HighGrayLevelZoneEmphasis","7.195652173913044"
"wavelet-LHH","glszm","LargeAreaEmphasis","753337.6304347826"
"wavelet-LHH","glszm","LargeAreaHighGrayLevelEmphasis","4951987.217391305"
"wavelet-LHH","glszm","LargeAreaLowGrayLevelEmphasis","134483.4734299517"
"wavelet-LHH","glszm","LowGrayLevelZoneEmphasis","0.2028985507246377"
"wavelet-LHH","glszm","SizeZoneNonUniformity","15.695652173913043"
"wavelet-LHH","glszm","SizeZoneNonUniformityNormalized","0.34120982986767484"
"wavelet-LHH","glszm","SmallAreaEmphasis","0.6010055069652837"
"wavelet-LHH","glszm","SmallAreaHighGrayLevelEmphasis","4.627468319369803"
"wavelet-LHH","glszm","SmallAreaLowGrayLevelEmphasis","0.1192860812042443"
"wavelet-LHH","glszm","ZoneEntropy","3.5935010047915537"
"wavelet-LHH","glszm","ZonePercentage","0.003357909336447916"
"wavelet-LHH","glszm","ZoneVariance","664650.2008506616"
"wavelet-LHH","ngtdm","Busyness","301.99680320934755"
"wavelet-LHH","ngtdm","Coarseness","0.0002974908664804353"
"wavelet-LHH","ngtdm","Complexity","3.437754527226795"
"wavelet-LHH","ngtdm","Contrast","0.020563819030884285"
"wavelet-LHH","ngtdm","Strength","0.0017826578804167657"
"wavelet-HLL","firstorder","10Percentile","-13.906582302023018"
"wavelet-HLL","firstorder","90Percentile","11.929435135758863"
"wavelet-HLL","firstorder","Energy","2033380.0325444625"
"wavelet-HLL","firstorder","Entropy","1.3214759313843663"
"wavelet-HLL","firstorder","InterquartileRange","11.650529933900792"
"wavelet-HLL","firstorder","Kurtosis","7.35725794317348"
"wavelet-HLL","firstorder","Maximum","91.65463016782147"
"wavelet-HLL","firstorder","MeanAbsoluteDeviation","8.469083127306757"
"wavelet-HLL","firstorder","Mean","-0.7843226792671351"
"wavelet-HLL","firstorder","Median","-0.47715344250329084"
"wavelet-HLL","firstorder","Minimum","-93.68912081389205"
"wavelet-HLL","firstorder","Range","185.34375098171353"
"wavelet-HLL","firstorder","RobustMeanAbsoluteDeviation","5.01789970017458"
"wavelet-HLL","firstorder","RootMeanSquared","12.183297365323932"
"wavelet-HLL","firstorder","Skewness","-0.06699446070328641"
"wavelet-HLL","firstorder","TotalEnergy","2934390.067144972"
"wavelet-HLL","firstorder","Uniformity","0.4500982430697526"
"wavelet-HLL","firstorder","Variance","147.81757262669626"
"wavelet-HLL","glcm","Autocorrelation","19.979523695444435"
"wavelet-HLL","glcm","ClusterProminence","2.8346161722219523"
"wavelet-HLL","glcm","ClusterShade","-0.03397584601781294"
"wavelet-HLL","glcm","ClusterTendency","0.8143267757769597"
"wavelet-HLL","glcm","Contrast","0.6457443348075661"
"wavelet-HLL","glcm","Correlation","0.11482210711518961"
"wavelet-HLL","glcm","DifferenceAverage","0.5483338729950966"
"wavelet-HLL","glcm","DifferenceEntropy","1.1675622922917606"
"wavelet-HLL","glcm","DifferenceVariance","0.3280870716818744"
"wavelet-HLL","glcm","Id","0.7400933910415459"
"wavelet-HLL","glcm","Idm","0.7354246326690304"
"wavelet-HLL","glcm","Idmn","0.9902616049437365"
"wavelet-HLL","glcm","Idn","0.9401053181360506"
"wavelet-HLL","glcm","Imc1","-0.06001789758697155"
"wavelet-HLL","glcm","Imc2","0.30809103153384476"
"wavelet-HLL","glcm","InverseVariance","0.4807033778965773"
"wavelet-HLL","glcm","JointAverage","4.465128663441249"
"wavelet-HLL","glcm","JointEnergy","0.22143781096059872"
"wavelet-HLL","glcm","JointEntropy","2.5266256531649103"
"wavelet-HLL","glcm","MCC","0.2877485906112235"
"wavelet-HLL","glcm","MaximumProbability","0.2738765789694816"
"wavelet-HLL","glcm","SumAverage","8.930257326882495"
"wavelet-HLL","glcm","SumEntropy","1.833502276043999"
"wavelet-HLL","glcm","SumSquares","0.36501777764613147"
"wavelet-HLL","gldm","DependenceEntropy","5.3182445029228855"
"wavelet-HLL","gldm","DependenceNonUniformity","878.7858237827579"
"wavelet-HLL","gldm","DependenceNonUniformityNormalized","0.06414963309604774"
"wavelet-HLL","gldm","DependenceVariance","18.64778090760876"
"wavelet-HLL","gldm","GrayLevelNonUniformity","6165.8958318125415"
"wavelet-HLL","gldm","GrayLevelVariance","0.3749938753113627"
"wavelet-HLL","gldm","HighGrayLevelEmphasis","20.362727206365427"
"wavelet-HLL","gldm","LargeDependenceEmphasis","137.05693846266152"
"wavelet-HLL","gldm","LargeDependenceHighGrayLevelEmphasis","2734.858821811811"
"wavelet-HLL","gldm","LargeDependenceLowGrayLevelEmphasis","7.245963096537493"
"wavelet-HLL","gldm","LowGrayLevelEmphasis","0.05331850540177138"
"wavelet-HLL","gldm","SmallDependenceEmphasis","0.027445056920655044"
"wavelet-HLL","gldm","SmallDependenceHighGrayLevelEmphasis","0.5857081026855936"
"wavelet-HLL","gldm","SmallDependenceLowGrayLevelEmphasis","0.0018324869141102737"
"wavelet-HLL","glrlm","GrayLevelNonUniformity","3649.4929639814704"
"wavelet-HLL","glrlm","GrayLevelNonUniformityNormalized","0.4291229322558561"
"wavelet-HLL","glrlm","GrayLevelVariance","0.4316688384033973"
"wavelet-HLL","glrlm","HighGrayLevelRunEmphasis","20.524344077171015"
"wavelet-HLL","glrlm","LongRunEmphasis","3.973125386591276"
"wavelet-HLL","glrlm","LongRunHighGrayLevelEmphasis","80.17975314654922"
"wavelet-HLL","glrlm","LongRunLowGrayLevelEmphasis","0.21054415558119027"
"wavelet-HLL","glrlm","LowGrayLevelRunEmphasis","0.05370101814315969"
"wavelet-HLL","glrlm","RunEntropy","2.9436243072150265"
"wavelet-HLL","glrlm","RunLengthNonUniformity","3959.5666505907357"
"wavelet-HLL","glrlm","RunLengthNonUniformityNormalized","0.4512990157502555"
"wavelet-HLL","glrlm","RunPercentage","0.6199385693509352"
"wavelet-HLL","glrlm","RunVariance","1.0949975405403285"
"wavelet-HLL","glrlm","ShortRunEmphasis","0.6802422275819893"
"wavelet-HLL","glrlm","ShortRunHighGrayLevelEmphasis","14.068705936358448"
"wavelet-HLL","glrlm","ShortRunLowGrayLevelEmphasis","0.036834337325496985"
"wavelet-HLL","glszm","GrayLevelNonUniformity","68.84269662921348"
"wavelet-HLL","glszm","GrayLevelNonUniformityNormalized","0.2578378150906872"
"wavelet-HLL","glszm","GrayLevelVariance","2.2274965282161343"
"wavelet-HLL","glszm","HighGrayLevelZoneEmphasis","22.426966292134832"
"wavelet-HLL","glszm","LargeAreaEmphasis","118232.468164794"
"wavelet-HLL","glszm","LargeAreaHighGrayLevelEmphasis","2386803.584269663"
"wavelet-HLL","glszm","LargeAreaLowGrayLevelEmphasis","6152.900943553763"
"wavelet-HLL","glszm","LowGrayLevelZoneEmphasis","0.07755820211979923"
"wavelet-HLL","glszm","SizeZoneNonUniformity","69.20973782771536"
"wavelet-HLL","glszm","SizeZoneNonUniformityNormalized","0.25921250122739836"
"wavelet-HLL","glszm","SmallAreaEmphasis","0.5197548014953004"
"wavelet-HLL","glszm","SmallAreaHighGrayLevelEmphasis","11.285220052581499"
"wavelet-HLL","glszm","SmallAreaLowGrayLevelEmphasis","0.04478575287807154"
"wavelet-HLL","glszm","ZoneEntropy","4.741280419493864"
"wavelet-HLL","glszm","ZonePercentage","0.019490473757208554"
"wavelet-HLL","glszm","ZoneVariance","115600.04800179551"
"wavelet-HLL","ngtdm","Busyness","54.64323405502822"
"wavelet-HLL","ngtdm","Coarseness","0.0003494987165089067"
"wavelet-HLL","ngtdm","Complexity","15.18315259156955"
"wavelet-HLL","ngtdm","Contrast","0.0067905166809227235"
"wavelet-HLL","ngtdm","Strength","0.012959327953850795"
"wavelet-HLH","firstorder","10Percentile","-4.945854137808347"
"wavelet-HLH","firstorder","90Percentile","5.162855235894721"
"wavelet-HLH","firstorder","Energy","284237.1876451507"
"wavelet-HLH","firstorder","Entropy","1.0107846229722723"
"wavelet-HLH","firstorder","InterquartileRange","4.5861193022219116"
"wavelet-HLH","firstorder","Kurtosis","7.081385571644114"
"wavelet-HLH","firstorder","Maximum","34.940330021263044"
"wavelet-HLH","firstorder","MeanAbsoluteDeviation","3.235846729261825"
"wavelet-HLH","firstorder","Mean","0.034357823657053706"
"wavelet-HLH","firstorder","Median","0.017969232106165998"
"wavelet-HLH","firstorder","Minimum","-37.99037670540955"
"wavelet-HLH","firstorder","Range","72.9307067266726"
"wavelet-HLH","firstorder","RobustMeanAbsoluteDeviation","1.9676553349616006"
"wavelet-HLH","firstorder","RootMeanSquared","4.555080074128774"
"wavelet-HLH","firstorder","Skewness","0.012601810840637159"
"wavelet-HLH","firstorder","TotalEnergy","410185.38924838876"
"wavelet-HLH","firstorder","Uniformity","0.49905813146008776"
"wavelet-HLH","firstorder","Variance","20.747574021678545"
"wavelet-HLH","glcm","Autocorrelation","6.267868268238643"
"wavelet-HLH","glcm","ClusterProminence","0.5287738135351797"
"wavelet-HLH","glcm","ClusterShade","8.3558784753093e-05"
"wavelet-HLH","glcm","ClusterTendency","0.5168941584500056"
"wavelet-HLH","glcm","Contrast","0.4889023964351481"
"wavelet-HLH","glcm","Correlation","0.027814114438062667"
"wavelet-HLH","glcm","DifferenceAverage","0.48762348799225574"
"wavelet-HLH","glcm","DifferenceEntropy","0.9958416126169378"
"wavelet-HLH","glcm","DifferenceVariance","0.2475686499947959"
"wavelet-HLH","glcm","Id","0.7563994197346146"
"wavelet-HLH","glcm","Idm","0.7563161468481614"
"wavelet-HLH","glcm","Idmn","0.971264109579988"
"wavelet-HLH","glcm","Idn","0.9025177055199608"
"wavelet-HLH","glcm","Imc1","-0.011568004077666377"
"wavelet-HLH","glcm","Imc2","0.07177158052225432"
"wavelet-HLH","glcm","InverseVariance","0.4865232156041176"
"wavelet-HLH","glcm","JointAverage","2.502172622140147"
"wavelet-HLH","glcm","JointEnergy","0.2530172234374332"
"wavelet-HLH","glcm","JointEntropy","2.0053693165603557"
"wavelet-HLH","glcm","MCC","0.1225799887437673"
"wavelet-HLH","glcm","MaximumProbability","0.26456521025182395"
"wavelet-HLH","glcm","SumAverage","5.004345244280294"
"wavelet-HLH","glcm","SumEntropy","1.511600086545349"
"wavelet-HLH","glcm","SumSquares","0.25144913872128843"
"wavelet-HLH","gldm","DependenceEntropy","4.89570611752578"
"wavelet-HLH","gldm","DependenceNonUniformity","1043.0614643404629"
"wavelet-HLH","gldm","DependenceNonUniformityNormalized","0.07614143107821467"
"wavelet-HLH","gldm","DependenceVariance","13.193629038531762"
"wavelet-HLH","gldm","GrayLevelNonUniformity","6836.5973428717425"
"wavelet-HLH","gldm","GrayLevelVariance","0.25189266134065785"
"wavelet-HLH","gldm","HighGrayLevelEmphasis","6.513395138331265"
"wavelet-HLH","gldm","LargeDependenceEmphasis","141.78648076501935"
"wavelet-HLH","gldm","LargeDependenceHighGrayLevelEmphasis","925.1487699832104"
"wavelet-HLH","gldm","LargeDependenceLowGrayLevelEmphasis","25.503831889594533"
"wavelet-HLH","gldm","LowGrayLevelEmphasis","0.180473939703628"
"wavelet-HLH","gldm","SmallDependenceEmphasis","0.014405017193151163"
"wavelet-HLH","gldm","SmallDependenceHighGrayLevelEmphasis","0.09584252683562633"
"wavelet-HLH","gldm","SmallDependenceLowGrayLevelEmphasis","0.0026428487381252464"
"wavelet-HLH","glrlm","GrayLevelNonUniformity","4113.156446646639"
"wavelet-HLH","glrlm","GrayLevelNonUniformityNormalized","0.49848849452253113"
"wavelet-HLH","glrlm","GrayLevelVariance","0.2530366668234412"
"wavelet-HLH","glrlm","HighGrayLevelRunEmphasis","6.511504248025631"
"wavelet-HLH","glrlm","LongRunEmphasis","4.264631625509567"
"wavelet-HLH","glrlm","LongRunHighGrayLevelEmphasis","27.81605234037981"
"wavelet-HLH","glrlm","LongRunLowGrayLevelEmphasis","0.7679084815689383"
"wavelet-HLH","glrlm","LowGrayLevelRunEmphasis","0.18069912886245335"
"wavelet-HLH","glrlm","RunEntropy","2.620797367498144"
"wavelet-HLH","glrlm","RunLengthNonUniformity","3654.4155474843697"
"wavelet-HLH","glrlm","RunLengthNonUniformityNormalized","0.4321968390056586"
"wavelet-HLH","glrlm","RunPercentage","0.6023123529510858"
"wavelet-HLH","glrlm","RunVariance","1.1894013172274447"
"wavelet-HLH","glrlm","ShortRunEmphasis","0.6604201473257919"
"wavelet-HLH","glrlm","ShortRunHighGrayLevelEmphasis","4.303514719477708"
"wavelet-HLH","glrlm","ShortRunLowGrayLevelEmphasis","0.11938192974466334"
"wavelet-HLH","glszm","GrayLevelNonUniformity","12.5"
"wavelet-HLH","glszm","GrayLevelNonUniformityNormalized","0.3472222222222222"
"wavelet-HLH","glszm","GrayLevelVariance","0.6265432098765432"
"wavelet-HLH","glszm","HighGrayLevelZoneEmphasis","7.444444444444445"
"wavelet-HLH","glszm","LargeAreaEmphasis","968317.9722222222"
"wavelet-HLH","glszm","LargeAreaHighGrayLevelEmphasis","6299028.361111111"
"wavelet-HLH","glszm","LargeAreaLowGrayLevelEmphasis","174697.6309799383"
"wavelet-HLH","glszm","LowGrayLevelZoneEmphasis","0.21161265432098764"
"wavelet-HLH","glszm","SizeZoneNonUniformity","10.222222222222221"
"wavelet-HLH","glszm","SizeZoneNonUniformityNormalized","0.2839506172839506"
"wavelet-HLH","glszm","SmallAreaEmphasis","0.5462860706637153"
"wavelet-HLH","glszm","SmallAreaHighGrayLevelEmphasis","4.124191662015806"
"wavelet-HLH","glszm","SmallAreaLowGrayLevelEmphasis","0.11386263984417419"
"wavelet-HLH","glszm","ZoneEntropy","3.790717099931105"
"wavelet-HLH","glszm","ZonePercentage","0.00262792904591576"
"wavelet-HLH","glszm","ZoneVariance","823516.5825617283"
"wavelet-HLH","ngtdm","Busyness","298.9869361281273"
"wavelet-HLH","ngtdm","Coarseness","0.00030386146849605185"
"wavelet-HLH","ngtdm","Complexity","3.36820488834284"
"wavelet-HLH","ngtdm","Contrast","0.020244867621660476"
"wavelet-HLH","ngtdm","Strength","0.0018188248059436863"
"wavelet-HHL","firstorder","10Percentile","-7.559697701847483"
"wavelet-HHL","firstorder","90Percentile","7.592272905607578"
"wavelet-HHL","firstorder","Energy","515164.11753974017"
"wavelet-HHL","firstorder","Entropy","1.013703756545399"
"wavelet-HHL","firstorder","InterquartileRange","7.929023535187323"
"wavelet-HHL","firstorder","Kurtosis","3.725795598347789"
"wavelet-HHL","firstorder","Maximum","32.80215361876415"
"wavelet-HHL","firstorder","MeanAbsoluteDeviation","4.780588017247118"
"wavelet-HHL","firstorder","Mean","0.0385634410251746"
"wavelet-HHL","firstorder","Median","0.06436858917470478"
"wavelet-HHL","firstorder","Minimum","-29.877363082693215"
"wavelet-HHL","firstorder","Range","62.679516701457366"
"wavelet-HHL","firstorder","RobustMeanAbsoluteDeviation","3.2616364542615015"
"wavelet-HHL","firstorder","RootMeanSquared","6.132370277416402"
"wavelet-HHL","firstorder","Skewness","0.01578631035629378"
"wavelet-HHL","firstorder","TotalEnergy","743438.2384322264"
"wavelet-HHL","firstorder","Uniformity","0.49880422897900684"
"wavelet-HHL","firstorder","Variance","37.60447808035641"
"wavelet-HHL","glcm","Autocorrelation","6.2792761253094325"
"wavelet-HHL","glcm","ClusterProminence","0.515532819912877"
"wavelet-HHL","glcm","ClusterShade","-0.005047433419627325"
"wavelet-HHL","glcm","ClusterTendency","0.5014788810683684"
"wavelet-HHL","glcm","Contrast","0.50770575571449"
"wavelet-HHL","glcm","Correlation","-0.006158771509633921"
"wavelet-HHL","glcm","DifferenceAverage","0.5053258100405105"
"wavelet-HHL","glcm","DifferenceEntropy","0.9906959380529762"
"wavelet-HHL","glcm","DifferenceVariance","0.24523939812161702"
"wavelet-HHL","glcm","Id","0.7477337525920746"
"wavelet-HHL","glcm","Idm","0.7475750895471427"
"wavelet-HHL","glcm","Idmn","0.9701769545875119"
"wavelet-HHL","glcm","Idn","0.8990141695143639"
"wavelet-HHL","glcm","Imc1","-0.021451004711134744"
"wavelet-HHL","glcm","Imc2","0.11431245156860714"
"wavelet-HHL","glcm","InverseVariance","0.5032433575757782"
"wavelet-HHL","glcm","JointAverage","2.5061588940810102"
"wavelet-HHL","glcm","JointEnergy","0.2559677327094568"
"wavelet-HHL","glcm","JointEntropy","2.0041386901557625"
"wavelet-HHL","glcm","MCC","0.09755216999006878"
"wavelet-HHL","glcm","MaximumProbability","0.27456286613861025"
"wavelet-HHL","glcm","SumAverage","5.0123177881620204"
"wavelet-HHL","glcm","SumEntropy","1.4882325477385367"
"wavelet-HHL","glcm","SumSquares","0.2522961591957146"
"wavelet-HHL","gldm","DependenceEntropy","4.803666046333833"
"wavelet-HHL","gldm","DependenceNonUniformity","1107.7759690488356"
"wavelet-HHL","gldm","DependenceNonUniformityNormalized","0.08086546237308093"
"wavelet-HHL","gldm","DependenceVariance","11.791743577080656"
"wavelet-HHL","gldm","GrayLevelNonUniformity","6833.119132783415"
"wavelet-HHL","gldm","GrayLevelVariance","0.2524590714800974"
"wavelet-HHL","gldm","HighGrayLevelEmphasis","6.5263887875027375"
"wavelet-HHL","gldm","LargeDependenceEmphasis","130.9296298999927"
"wavelet-HHL","gldm","LargeDependenceHighGrayLevelEmphasis","862.0761369443024"
"wavelet-HHL","gldm","LargeDependenceLowGrayLevelEmphasis","23.334133776999135"
"wavelet-HHL","gldm","LowGrayLevelEmphasis","0.180307666415229"
"wavelet-HHL","gldm","SmallDependenceEmphasis","0.01671590173670056"
"wavelet-HHL","gldm","SmallDependenceHighGrayLevelEmphasis","0.11041897780401182"
"wavelet-HHL","gldm","SmallDependenceLowGrayLevelEmphasis","0.0034382684373689782"
"wavelet-HHL","glrlm","GrayLevelNonUniformity","4220.579885735588"
"wavelet-HHL","glrlm","GrayLevelNonUniformityNormalized","0.49798187267457716"
"wavelet-HHL","glrlm","GrayLevelVariance","0.254045716637544"
"wavelet-HHL","glrlm","HighGrayLevelRunEmphasis","6.5059037724536335"
"wavelet-HHL","glrlm","LongRunEmphasis","3.699245303898338"
"wavelet-HHL","glrlm","LongRunHighGrayLevelEmphasis","24.233369947316667"
"wavelet-HHL","glrlm","LongRunLowGrayLevelEmphasis","0.6634888293715535"
"wavelet-HHL","glrlm","LowGrayLevelRunEmphasis","0.18118551740231353"
"wavelet-HHL","glrlm","RunEntropy","2.5496769395874717"
"wavelet-HHL","glrlm","RunLengthNonUniformity","3838.7912798400134"
"wavelet-HHL","glrlm","RunLengthNonUniformityNormalized","0.4456311305807739"
"wavelet-HHL","glrlm","RunPercentage","0.6186526809929977"
"wavelet-HHL","glrlm","RunVariance","0.9626186393688644"
"wavelet-HHL","glrlm","ShortRunEmphasis","0.6736479420596833"
"wavelet-HHL","glrlm","ShortRunHighGrayLevelEmphasis","4.370438374829388"
"wavelet-HHL","glrlm","ShortRunLowGrayLevelEmphasis","0.12265328214205819"
"wavelet-HHL","glszm","GrayLevelNonUniformity","15.74074074074074"
"wavelet-HHL","glszm","GrayLevelNonUniformityNormalized","0.29149519890260633"
"wavelet-HHL","glszm","GrayLevelVariance","0.8425925925925926"
"wavelet-HHL","glszm","HighGrayLevelZoneEmphasis","7.092592592592593"
"wavelet-HHL","glszm","LargeAreaEmphasis","645206.2777777778"
"wavelet-HHL","glszm","LargeAreaHighGrayLevelEmphasis","4219658.5"
"wavelet-HHL","glszm","LargeAreaLowGrayLevelEmphasis","115778.54822530865"
"wavelet-HHL","glszm","LowGrayLevelZoneEmphasis","0.28446502057613166"
"wavelet-HHL","glszm","SizeZoneNonUniformity","27.59259259259259"
"wavelet-HHL","glszm","SizeZoneNonUniformityNormalized","0.5109739368998628"
"wavelet-HHL","glszm","SmallAreaEmphasis","0.7342809058050198"
"wavelet-HHL","glszm","SmallAreaHighGrayLevelEmphasis","5.353793016225818"
"wavelet-HHL","glszm","SmallAreaLowGrayLevelEmphasis","0.2347854284973918"
"wavelet-HHL","glszm","ZoneEntropy","3.31541770139912"
"wavelet-HHL","glszm","ZonePercentage","0.00394189356887364"
"wavelet-HHL","glszm","ZoneVariance","580850.104595336"
"wavelet-HHL","ngtdm","Busyness","312.84156993096474"
"wavelet-HHL","ngtdm","Coarseness","0.0002894600513616502"
"wavelet-HHL","ngtdm","Complexity","3.536968054154084"
"wavelet-HHL","ngtdm","Contrast","0.021328227369360405"
"wavelet-HHL","ngtdm","Strength","0.0017309931451756258"
"wavelet-HHH","firstorder","10Percentile","-3.032023360447123"
"wavelet-HHH","firstorder","90Percentile","2.95628485411987"
"wavelet-HHH","firstorder","Energy","82214.80238035723"
"wavelet-HHH","firstorder","Entropy","0.9999991351328192"
"wavelet-HHH","firstorder","InterquartileRange","3.1480045171357913"
"wavelet-HHH","firstorder","Kurtosis","4.021724906498339"
"wavelet-HHH","firstorder","Maximum","16.99787458897857"
"wavelet-HHH","firstorder","MeanAbsoluteDeviation","1.9102263861917108"
"wavelet-HHH","firstorder","Mean","-0.0007150492687552807"
"wavelet-HHH","firstorder","Median","0.0047186203365852525"
"wavelet-HHH","firstorder","Minimum","-14.330976453676337"
"wavelet-HHH","firstorder","Range","31.328851042654904"
"wavelet-HHH","firstorder","RobustMeanAbsoluteDeviation","1.3062769138255395"
"wavelet-HHH","firstorder","RootMeanSquared","2.4497996923760303"
"wavelet-HHH","firstorder","Skewness","-0.0003357783013475446"
"wavelet-HHH","firstorder","TotalEnergy","118644.96336935078"
"wavelet-HHH","firstorder","Uniformity","0.5000005994801278"
"wavelet-HHH","firstorder","Variance","6.001518021470237"
"wavelet-HHH","glcm","Autocorrelation","2.245988838956853"
"wavelet-HHH","glcm","ClusterProminence","0.49164643829008087"
"wavelet-HHH","glcm","ClusterShade","-5.007264530151238e-05"
"wavelet-HHH","glcm","ClusterTendency","0.49164644173085686"
"wavelet-HHH","glcm","Contrast","0.5083503531197069"
"wavelet-HHH","glcm","Correlation","-0.016703912535678034"
"wavelet-HHH","glcm","DifferenceAverage","0.5083503531197069"
"wavelet-HHH","glcm","DifferenceEntropy","0.9975623552277196"
"wavelet-HHH","glcm","DifferenceVariance","0.24915885153044753"
"wavelet-HHH","glcm","Id","0.7458248234401466"
"wavelet-HHH","glcm","Idm","0.7458248234401466"
"wavelet-HHH","glcm","Idmn","0.8983299293760586"
"wavelet-HHH","glcm","Idn","0.830549882293431"
"wavelet-HHH","glcm","Imc1","-0.0024376491425639924"
"wavelet-HHH","glcm","Imc2","0.04092932636721794"
"wavelet-HHH","glcm","InverseVariance","0.5083503531197069"
"wavelet-HHH","glcm","JointAverage","1.500054671838902"
"wavelet-HHH","glcm","JointEnergy","0.2508427510442707"
"wavelet-HHH","glcm","JointEntropy","1.9975577274981673"
"wavelet-HHH","glcm","MCC","0.034215984279376714"
"wavelet-HHH","glcm","MaximumProbability","0.25882371760268474"
"wavelet-HHH","glcm","SumAverage","3.000109343677804"
"wavelet-HHH","glcm","SumEntropy","1.4892073743784606"
"wavelet-HHH","glcm","SumSquares","0.24999919871264098"
"wavelet-HHH","gldm","DependenceEntropy","4.69114074503685"
"wavelet-HHH","gldm","DependenceNonUniformity","1187.7731951237317"
"wavelet-HHH","gldm","DependenceNonUniformityNormalized","0.08670510220627284"
"wavelet-HHH","gldm","DependenceVariance","10.567567279961127"
"wavelet-HHH","gldm","GrayLevelNonUniformity","6849.508212278269"
"wavelet-HHH","gldm","GrayLevelVariance","0.2499997002599362"
"wavelet-HHH","gldm","HighGrayLevelEmphasis","2.5016424556536974"
"wavelet-HHH","gldm","LargeDependenceEmphasis","127.98430542375355"
"wavelet-HHH","gldm","LargeDependenceHighGrayLevelEmphasis","319.81502299437915"
"wavelet-HHH","gldm","LargeDependenceLowGrayLevelEmphasis","80.02662603109717"
"wavelet-HHH","gldm","LowGrayLevelEmphasis","0.6245893860865757"
"wavelet-HHH","gldm","SmallDependenceEmphasis","0.014817725209326704"
"wavelet-HHH","gldm","SmallDependenceHighGrayLevelEmphasis","0.03719050740757402"
"wavelet-HHH","gldm","SmallDependenceLowGrayLevelEmphasis","0.009224529659764873"
"wavelet-HHH","glrlm","GrayLevelNonUniformity","4258.335988223169"
"wavelet-HHH","glrlm","GrayLevelNonUniformityNormalized","0.5000032513713257"
"wavelet-HHH","glrlm","GrayLevelVariance","0.24999837431433708"
"wavelet-HHH","glrlm","HighGrayLevelRunEmphasis","2.5023623157655965"
"wavelet-HHH","glrlm","LongRunEmphasis","3.5821621244981894"
"wavelet-HHH","glrlm","LongRunHighGrayLevelEmphasis","8.956653116895332"
"wavelet-HHH","glrlm","LongRunLowGrayLevelEmphasis","2.2385393763989034"
"wavelet-HHH","glrlm","LowGrayLevelRunEmphasis","0.6244094210586009"
"wavelet-HHH","glrlm","RunEntropy","2.5076128518272607"
"wavelet-HHH","glrlm","RunLengthNonUniformity","3893.2870338882594"
"wavelet-HHH","glrlm","RunLengthNonUniformityNormalized","0.45471091738876146"
"wavelet-HHH","glrlm","RunPercentage","0.6216961372812164"
"wavelet-HHH","glrlm","RunVariance","0.9522171168474615"
"wavelet-HHH","glrlm","ShortRunEmphasis","0.68302556248997"
"wavelet-HHH","glrlm","ShortRunHighGrayLevelEmphasis","1.7090917719983172"
"wavelet-HHH","glrlm","ShortRunLowGrayLevelEmphasis","0.4265090101128833"
"wavelet-HHH","glszm","GrayLevelNonUniformity","13.307692307692308"
"wavelet-HHH","glszm","GrayLevelNonUniformityNormalized","0.5118343195266272"
"wavelet-HHH","glszm","GrayLevelVariance","0.2440828402366864"
"wavelet-HHH","glszm","HighGrayLevelZoneEmphasis","2.730769230769231"
"wavelet-HHH","glszm","LargeAreaEmphasis","1345890.423076923"
"wavelet-HHH","glszm","LargeAreaHighGrayLevelEmphasis","3375709.6923076925"
"wavelet-HHH","glszm","LargeAreaLowGrayLevelEmphasis","838435.6057692308"
"wavelet-HHH","glszm","LowGrayLevelZoneEmphasis","0.5673076923076923"
"wavelet-HHH","glszm","SizeZoneNonUniformity","7.769230769230769"
"wavelet-HHH","glszm","SizeZoneNonUniformityNormalized","0.2988165680473373"
"wavelet-HHH","glszm","SmallAreaEmphasis","0.5480791022794043"
"wavelet-HHH","glszm","SmallAreaHighGrayLevelEmphasis","1.5576976612383342"
"wavelet-HHH","glszm","SmallAreaLowGrayLevelEmphasis","0.29567446253967183"
"wavelet-HHH","glszm","ZoneEntropy","3.0710347959641546"
"wavelet-HHH","glszm","ZonePercentage","0.0018979487553836046"
"wavelet-HHH","glszm","ZoneVariance","1068283.0251479293"
"wavelet-HHH","ngtdm","Busyness","3490.277774453057"
"wavelet-HHH","ngtdm","Coarseness","0.00028557206859011335"
"wavelet-HHH","ngtdm","Complexity","0.5112406784992053"
"wavelet-HHH","ngtdm","Contrast","0.1278099930515026"
"wavelet-HHH","ngtdm","Strength","0.00028557212072636846"
"wavelet-LLL","firstorder","10Percentile","-2463.6640381116395"
"wavelet-LLL","firstorder","90Percentile","-2207.478231058627"
"wavelet-LLL","firstorder","Energy","73104800298.29471"
"wavelet-LLL","firstorder","Entropy","3.563846290016106"
"wavelet-LLL","firstorder","InterquartileRange","163.18438792662892"
"wavelet-LLL","firstorder","Kurtosis","2.445691342116845"
"wavelet-LLL","firstorder","Maximum","-2167.549758920224"
"wavelet-LLL","firstorder","MeanAbsoluteDeviation","87.22607613387697"
"wavelet-LLL","firstorder","Mean","-2307.861530172937"
"wavelet-LLL","firstorder","Median","-2275.499894946028"
"wavelet-LLL","firstorder","Minimum","-2626.392500818791"
"wavelet-LLL","firstorder","Range","458.84274189856706"
"wavelet-LLL","firstorder","RobustMeanAbsoluteDeviation","68.75300084568858"
"wavelet-LLL","firstorder","RootMeanSquared","2310.0879498634763"
"wavelet-LLL","firstorder","Skewness","-0.7646179555045965"
"wavelet-LLL","firstorder","TotalEnergy","105498232707.38843"
"wavelet-LLL","firstorder","Uniformity","0.11948493136360186"
"wavelet-LLL","firstorder","Variance","10281.493652268653"
"wavelet-LLL","glcm","Autocorrelation","228.40399327468185"
"wavelet-LLL","glcm","ClusterProminence","7409.1631037068855"
"wavelet-LLL","glcm","ClusterShade","-326.03843964250456"
"wavelet-LLL","glcm","ClusterTendency","52.285930712802575"
"wavelet-LLL","glcm","Contrast","4.205598825795918"
"wavelet-LLL","glcm","Correlation","0.8467274107374432"
"wavelet-LLL","glcm","DifferenceAverage","1.335848012962463"
"wavelet-LLL","glcm","DifferenceEntropy","2.2242564357354215"
"wavelet-LLL","glcm","DifferenceVariance","2.3034119131522357"
"wavelet-LLL","glcm","Id","0.6093646036305197"
"wavelet-LLL","glcm","Idm","0.5656962239857284"
"wavelet-LLL","glcm","Idmn","0.9899948406765614"
"wavelet-LLL","glcm","Idn","0.9419531074535032"
"wavelet-LLL","glcm","Imc1","-0.29211696777134144"
"wavelet-LLL","glcm","Imc2","0.9171111383108305"
"wavelet-LLL","glcm","InverseVariance","0.3540472006804037"
"wavelet-LLL","glcm","JointAverage","14.708441429379933"
"wavelet-LLL","glcm","JointEnergy","0.0569102712407099"
"wavelet-LLL","glcm","JointEntropy","5.829041790740819"
"wavelet-LLL","glcm","MCC","0.8778722369627047"
"wavelet-LLL","glcm","MaximumProbability","0.20446953570365786"
"wavelet-LLL","glcm","SumAverage","29.41688285875986"
"wavelet-LLL","glcm","SumEntropy","4.299028142991658"
"wavelet-LLL","glcm","SumSquares","14.122882384649623"
"wavelet-LLL","gldm","DependenceEntropy","7.244824165146367"
"wavelet-LLL","gldm","DependenceNonUniformity","867.7012190670852"
"wavelet-LLL","gldm","DependenceNonUniformityNormalized","0.06334047879896965"
"wavelet-LLL","gldm","DependenceVariance","45.41084961302439"
"wavelet-LLL","gldm","GrayLevelNonUniformity","1636.8240747499817"
"wavelet-LLL","gldm","GrayLevelVariance","16.53284752245334"
"wavelet-LLL","gldm","HighGrayLevelEmphasis","217.80648222497993"
"wavelet-LLL","gldm","LargeDependenceEmphasis","120.33776188042923"
"wavelet-LLL","gldm","LargeDependenceHighGrayLevelEmphasis","36131.53814147018"
"wavelet-LLL","gldm","LargeDependenceLowGrayLevelEmphasis","0.4657692549718967"
"wavelet-LLL","gldm","LowGrayLevelEmphasis","0.00821594710733733"
"wavelet-LLL","gldm","SmallDependenceEmphasis","0.09499673840796115"
"wavelet-LLL","gldm","SmallDependenceHighGrayLevelEmphasis","13.102837329388713"
"wavelet-LLL","gldm","SmallDependenceLowGrayLevelEmphasis","0.0015495081687903966"
"wavelet-LLL","glrlm","GrayLevelNonUniformity","786.3893656593302"
"wavelet-LLL","glrlm","GrayLevelNonUniformityNormalized","0.08087146922384927"
"wavelet-LLL","glrlm","GrayLevelVariance","16.755868695352788"
"wavelet-LLL","glrlm","HighGrayLevelRunEmphasis","192.08651795085902"
"wavelet-LLL","glrlm","LongRunEmphasis","3.5826347036771984"
"wavelet-LLL","glrlm","LongRunHighGrayLevelEmphasis","941.0484162499836"
"wavelet-LLL","glrlm","LongRunLowGrayLevelEmphasis","0.02084737315828574"
"wavelet-LLL","glrlm","LowGrayLevelRunEmphasis","0.009669042338568131"
"wavelet-LLL","glrlm","RunEntropy","4.837338413122053"
"wavelet-LLL","glrlm","RunLengthNonUniformity","6194.762308379404"
"wavelet-LLL","glrlm","RunLengthNonUniformityNormalized","0.6288423369942365"
"wavelet-LLL","glrlm","RunPercentage","0.7055371812653365"
"wavelet-LLL","glrlm","RunVariance","1.4386198225008897"
"wavelet-LLL","glrlm","ShortRunEmphasis","0.8162568341002518"
"wavelet-LLL","glrlm","ShortRunHighGrayLevelEmphasis","144.71060503757386"
"wavelet-LLL","glrlm","ShortRunLowGrayLevelEmphasis","0.008609465437150007"
"wavelet-LLL","glszm","GrayLevelNonUniformity","95.82973977695167"
"wavelet-LLL","glszm","GrayLevelNonUniformityNormalized","0.07124887715758489"
"wavelet-LLL","glszm","GrayLevelVariance","15.07602935282818"
"wavelet-LLL","glszm","HighGrayLevelZoneEmphasis","125.89665427509294"
"wavelet-LLL","glszm","LargeAreaEmphasis","11932.06468401487"
"wavelet-LLL","glszm","LargeAreaHighGrayLevelEmphasis","3752080.992565056"
"wavelet-LLL","glszm","LargeAreaLowGrayLevelEmphasis","38.760567951482905"
"wavelet-LLL","glszm","LowGrayLevelZoneEmphasis","0.01800583035695824"
"wavelet-LLL","glszm","SizeZoneNonUniformity","314.3040892193309"
"wavelet-LLL","glszm","SizeZoneNonUniformityNormalized","0.23368333770953967"
"wavelet-LLL","glszm","SmallAreaEmphasis","0.4902746860221558"
"wavelet-LLL","glszm","SmallAreaHighGrayLevelEmphasis","59.879161728126796"
"wavelet-LLL","glszm","SmallAreaLowGrayLevelEmphasis","0.010376137751376678"
"wavelet-LLL","glszm","ZoneEntropy","6.7191944488878175"
"wavelet-LLL","glszm","ZonePercentage","0.09818234907657493"
"wavelet-LLL","glszm","ZoneVariance","11828.327808626193"
"wavelet-LLL","ngtdm","Busyness","2.6110343206806195"
"wavelet-LLL","ngtdm","Coarseness","0.0010769819078642188"
"wavelet-LLL","ngtdm","Complexity","149.57319171973714"
"wavelet-LLL","ngtdm","Contrast","0.07729466270537441"
"wavelet-LLL","ngtdm","Strength","0.2083295359342834"
