"Image type","Feature Class","Feature Name","Segmentation_2_3_segment_Segment_1"
"diagnostics","Versions","PyRadiomics","v3.0.1.post4+gad5b2de"
"diagnostics","Versions","Numpy","1.19.2"
"diagnostics","Versions","SimpleITK","2.0.2"
"diagnostics","Versions","PyWavelet","1.1.1"
"diagnostics","Versions","Python","3.6.7"
"diagnostics","Configuration","Settings","{'minimumROIDimensions': 2, 'minimumROISize': None, 'normalize': False, 'normalizeScale': 1, 'removeOutliers': None, 'resampledPixelSpacing': None, 'interpolator': 'sitkBSpline', 'preCrop': False, 'padDistance': 5, 'distances': [1], 'force2D': False, 'force2Ddimension': 0, 'resegmentRange': None, 'label': 1, 'additionalInfo': True, 'binWidth': 25.0, 'symmetricalGLCM': True, 'correctMask': True}"
"diagnostics","Configuration","EnabledImageTypes","{'Original': {}, 'Wavelet': {}}"
"diagnostics","Image-original","Hash","a8c4c2061cbdce491da97ef678fb7731869de440"
"diagnostics","Image-original","Dimensionality","3D"
"diagnostics","Image-original","Spacing","(0.7597656249999999, 0.7597656249999999, 5.000000000000001)"
"diagnostics","Image-original","Size","(512, 512, 97)"
"diagnostics","Image-original","Mean","-898.7154599612521"
"diagnostics","Image-original","Minimum","-969.0"
"diagnostics","Image-original","Maximum","-769.0"
"diagnostics","Mask-original","Hash","5e4733026c868ac19a6a7f996b56690a55a0f9a7"
"diagnostics","Mask-original","Spacing","(0.7597656249999999, 0.7597656249999999, 5.000000000000001)"
"diagnostics","Mask-original","Size","(512, 512, 97)"
"diagnostics","Mask-original","BoundingBox","(145, 198, 64, 226, 131, 17)"
"diagnostics","Mask-original","VoxelNum","30862"
"diagnostics","Mask-original","VolumeNum","3"
"diagnostics","Mask-original","CenterOfMassIndex","(218.98379884647787, 271.7290519084959, 67.96286695612727)"
"diagnostics","Mask-original","CenterOfMass","(-26.95663720453146, 144.65039295391577, -617.5556652193638)"
"original","shape","Elongation","0.7908254990717406"
"original","shape","Flatness","0.5902521229352872"
"original","shape","LeastAxisLength","50.42465479295096"
"original","shape","MajorAxisLength","85.42901047469728"
"original","shape","Maximum2DDiameterColumn","159.08950677119898"
"original","shape","Maximum2DDiameterRow","98.3688291482833"
"original","shape","Maximum2DDiameterSlice","94.2874956701693"
"original","shape","Maximum3DDiameter","180.81292669705445"
"original","shape","MeshVolume","88874.86138979573"
"original","shape","MinorAxisLength","67.55943984385743"
"original","shape","Sphericity","0.3746586049207375"
"original","shape","SurfaceArea","25705.99214182852"
"original","shape","SurfaceVolumeRatio","0.2892380560694746"
"original","shape","VoxelVolume","89074.49153900145"
"original","firstorder","10Percentile","-822.0"
"original","firstorder","90Percentile","-775.0"
"original","firstorder","Energy","19413109404.0"
"original","firstorder","Entropy","1.575266410573431"
"original","firstorder","InterquartileRange","17.0"
"original","firstorder","Kurtosis","10.001641286757158"
"original","firstorder","Maximum","-769.0"
"original","firstorder","MeanAbsoluteDeviation","15.275582161064916"
"original","firstorder","Mean","-792.8005962024496"
"original","firstorder","Median","-786.0"
"original","firstorder","Minimum","-969.0"
"original","firstorder","Range","200.0"
"original","firstorder","RobustMeanAbsoluteDeviation","8.323312638952695"
"original","firstorder","RootMeanSquared","793.1138200739219"
"original","firstorder","Skewness","-2.3101279624641404"
"original","firstorder","TotalEnergy","56030485689.59586"
"original","firstorder","Uniformity","0.47613547093172054"
"original","firstorder","Variance","496.74625328980215"
"original","glcm","Autocorrelation","62.073007873708086"
"original","glcm","ClusterProminence","33.466745037719654"
"original","glcm","ClusterShade","-4.995317759012085"
"original","glcm","ClusterTendency","1.855110115621889"
"original","glcm","Contrast","0.8796753455942897"
"original","glcm","Correlation","0.3403763733934946"
"original","glcm","DifferenceAverage","0.5324987354940244"
"original","glcm","DifferenceEntropy","1.3741148823765277"
"original","glcm","DifferenceVariance","0.5883998517499902"
"original","glcm","Id","0.7780059035613208"
"original","glcm","Idm","0.7663348707181175"
"original","glcm","Idmn","0.9899202203838249"
"original","glcm","Idn","0.949618498742548"
"original","glcm","Imc1","-0.08213047245714836"
"original","glcm","Imc2","0.39151519491619247"
"original","glcm","InverseVariance","0.3423937250402458"
"original","glcm","JointAverage","7.863054961052105"
"original","glcm","JointEnergy","0.2975933877601049"
"original","glcm","JointEntropy","2.7587605651402045"
"original","glcm","MCC","0.37605590543070194"
"original","glcm","MaximumProbability","0.5199907578464826"
"original","glcm","SumAverage","15.72610992210421"
"original","glcm","SumEntropy","2.1068499249914794"
"original","glcm","SumSquares","0.6836963653040444"
"original","gldm","DependenceEntropy","5.699710061565747"
"original","gldm","DependenceNonUniformity","1238.3903829952692"
"original","gldm","DependenceNonUniformityNormalized","0.04012670543047337"
"original","gldm","DependenceVariance","52.71349442929147"
"original","gldm","GrayLevelNonUniformity","14694.492903894758"
"original","gldm","GrayLevelVariance","0.8438462164627565"
"original","gldm","HighGrayLevelEmphasis","61.238027347547145"
"original","gldm","LargeDependenceEmphasis","215.29045428034476"
"original","gldm","LargeDependenceHighGrayLevelEmphasis","13756.121184628346"
"original","gldm","LargeDependenceLowGrayLevelEmphasis","3.39849182824062"
"original","gldm","LowGrayLevelEmphasis","0.018169645750205986"
"original","gldm","SmallDependenceEmphasis","0.04863344991522622"
"original","gldm","SmallDependenceHighGrayLevelEmphasis","2.5451221363569707"
"original","gldm","SmallDependenceLowGrayLevelEmphasis","0.0014436959060001985"
"original","glrlm","GrayLevelNonUniformity","5418.23271331475"
"original","glrlm","GrayLevelNonUniformityNormalized","0.31488007988101885"
"original","glrlm","GrayLevelVariance","1.3253039705093992"
"original","glrlm","HighGrayLevelRunEmphasis","59.39091602936257"
"original","glrlm","LongRunEmphasis","7.71043060696726"
"original","glrlm","LongRunHighGrayLevelEmphasis","485.6368593091091"
"original","glrlm","LongRunLowGrayLevelEmphasis","0.1271234762260327"
"original","glrlm","LowGrayLevelRunEmphasis","0.019948798360164215"
"original","glrlm","RunEntropy","3.5848615482131785"
"original","glrlm","RunLengthNonUniformity","8205.929539096414"
"original","glrlm","RunLengthNonUniformityNormalized","0.4662695866854295"
"original","glrlm","RunPercentage","0.5480551138317972"
"original","glrlm","RunVariance","3.8113924204833207"
"original","glrlm","ShortRunEmphasis","0.7040407598213366"
"original","glrlm","ShortRunHighGrayLevelEmphasis","40.78248253534529"
"original","glrlm","ShortRunLowGrayLevelEmphasis","0.015024100507608336"
"original","glszm","GrayLevelNonUniformity","284.5086705202312"
"original","glszm","GrayLevelNonUniformityNormalized","0.20556984864178557"
"original","glszm","GrayLevelVariance","3.488547374619934"
"original","glszm","HighGrayLevelZoneEmphasis","48.341763005780344"
"original","glszm","LargeAreaEmphasis","302248.2442196532"
"original","glszm","LargeAreaHighGrayLevelEmphasis","19386821.242774565"
"original","glszm","LargeAreaLowGrayLevelEmphasis","4717.721033044935"
"original","glszm","LowGrayLevelZoneEmphasis","0.03496549794050568"
"original","glszm","SizeZoneNonUniformity","381.65895953757223"
"original","glszm","SizeZoneNonUniformityNormalized","0.27576514417454645"
"original","glszm","SmallAreaEmphasis","0.5402675954903202"
"original","glszm","SmallAreaHighGrayLevelEmphasis","26.77050151382005"
"original","glszm","SmallAreaLowGrayLevelEmphasis","0.019097796827082625"
"original","glszm","ZoneEntropy","5.1796630850097225"
"original","glszm","ZonePercentage","0.044844792949257986"
"original","glszm","ZoneVariance","301750.9928894216"
"original","ngtdm","Busyness","37.548114593250865"
"original","ngtdm","Coarseness","0.00025030425196857987"
"original","ngtdm","Complexity","21.01866729876568"
"original","ngtdm","Contrast","0.01029851236528042"
"original","ngtdm","Strength","0.02016606379366376"
"wavelet-LLH","firstorder","10Percentile","-46.862156437427736"
"wavelet-LLH","firstorder","90Percentile","55.839560637368024"
"wavelet-LLH","firstorder","Energy","57459148.40434537"
"wavelet-LLH","firstorder","Entropy","2.6652916134398628"
"wavelet-LLH","firstorder","InterquartileRange","30.30309840914835"
"wavelet-LLH","firstorder","Kurtosis","6.327069651027987"
"wavelet-LLH","firstorder","Maximum","248.78864557658747"
"wavelet-LLH","firstorder","MeanAbsoluteDeviation","28.725712768350185"
"wavelet-LLH","firstorder","Mean","0.4770565254988776"
"wavelet-LLH","firstorder","Median","-3.209519949751618"
"wavelet-LLH","firstorder","Minimum","-197.27076111030235"
"wavelet-LLH","firstorder","Range","446.0594066868898"
"wavelet-LLH","firstorder","RobustMeanAbsoluteDeviation","15.147928680014816"
"wavelet-LLH","firstorder","RootMeanSquared","43.14868444227923"
"wavelet-LLH","firstorder","Skewness","1.0524254444690588"
"wavelet-LLH","firstorder","TotalEnergy","165839687.2652806"
"wavelet-LLH","firstorder","Uniformity","0.22221808954511"
"wavelet-LLH","firstorder","Variance","1861.5813861708684"
"wavelet-LLH","glcm","Autocorrelation","70.92200038212121"
"wavelet-LLH","glcm","ClusterProminence","281.8748868483634"
"wavelet-LLH","glcm","ClusterShade","14.663986855835766"
"wavelet-LLH","glcm","ClusterTendency","5.565420297773429"
"wavelet-LLH","glcm","Contrast","4.534467581591805"
"wavelet-LLH","glcm","Correlation","0.032487985583432535"
"wavelet-LLH","glcm","DifferenceAverage","1.2849907513363388"
"wavelet-LLH","glcm","DifferenceEntropy","2.1076208008442854"
"wavelet-LLH","glcm","DifferenceVariance","2.6824438317446817"
"wavelet-LLH","glcm","Id","0.6171694823723546"
"wavelet-LLH","glcm","Idm","0.5835972480946974"
"wavelet-LLH","glcm","Idmn","0.9873649724821925"
"wavelet-LLH","glcm","Idn","0.9395080348691903"
"wavelet-LLH","glcm","Imc1","-0.14690488016713724"
"wavelet-LLH","glcm","Imc2","0.6436255898057498"
"wavelet-LLH","glcm","InverseVariance","0.42335160272092076"
"wavelet-LLH","glcm","JointAverage","8.405926904945014"
"wavelet-LLH","glcm","JointEnergy","0.09065203205229942"
"wavelet-LLH","glcm","JointEntropy","4.586586249953895"
"wavelet-LLH","glcm","MCC","0.540430971987415"
"wavelet-LLH","glcm","MaximumProbability","0.2055957342947896"
"wavelet-LLH","glcm","SumAverage","16.81185380989003"
"wavelet-LLH","glcm","SumEntropy","2.9787541553330663"
"wavelet-LLH","glcm","SumSquares","2.5249719698413085"
"wavelet-LLH","gldm","DependenceEntropy","6.437524699819231"
"wavelet-LLH","gldm","DependenceNonUniformity","1847.9118657248396"
"wavelet-LLH","gldm","DependenceNonUniformityNormalized","0.059876607663950476"
"wavelet-LLH","gldm","DependenceVariance","26.485428635696234"
"wavelet-LLH","gldm","GrayLevelNonUniformity","6858.094679541184"
"wavelet-LLH","gldm","GrayLevelVariance","3.0945332520429005"
"wavelet-LLH","gldm","HighGrayLevelEmphasis","75.53855874538267"
"wavelet-LLH","gldm","LargeDependenceEmphasis","98.01179443976412"
"wavelet-LLH","gldm","LargeDependenceHighGrayLevelEmphasis","6724.5368738254165"
"wavelet-LLH","gldm","LargeDependenceLowGrayLevelEmphasis","1.4938094940347584"
"wavelet-LLH","gldm","LowGrayLevelEmphasis","0.015783117727060553"
"wavelet-LLH","gldm","SmallDependenceEmphasis","0.07373700337557314"
"wavelet-LLH","gldm","SmallDependenceHighGrayLevelEmphasis","6.957126248561817"
"wavelet-LLH","gldm","SmallDependenceLowGrayLevelEmphasis","0.001186702235008058"
"wavelet-LLH","glrlm","GrayLevelNonUniformity","3975.66795620733"
"wavelet-LLH","glrlm","GrayLevelNonUniformityNormalized","0.17948324526849377"
"wavelet-LLH","glrlm","GrayLevelVariance","3.80316789070224"
"wavelet-LLH","glrlm","HighGrayLevelRunEmphasis","77.91772396327156"
"wavelet-LLH","glrlm","LongRunEmphasis","3.5413179924210776"
"wavelet-LLH","glrlm","LongRunHighGrayLevelEmphasis","254.5470401981073"
"wavelet-LLH","glrlm","LongRunLowGrayLevelEmphasis","0.05524497371481455"
"wavelet-LLH","glrlm","LowGrayLevelRunEmphasis","0.015924128952144515"
"wavelet-LLH","glrlm","RunEntropy","3.988584214809213"
"wavelet-LLH","glrlm","RunLengthNonUniformity","13929.222850244169"
"wavelet-LLH","glrlm","RunLengthNonUniformityNormalized","0.6029877856796685"
"wavelet-LLH","glrlm","RunPercentage","0.7131797630145111"
"wavelet-LLH","glrlm","RunVariance","1.236369437888656"
"wavelet-LLH","glrlm","ShortRunEmphasis","0.7929698126951126"
"wavelet-LLH","glrlm","ShortRunHighGrayLevelEmphasis","63.13138436954114"
"wavelet-LLH","glrlm","ShortRunLowGrayLevelEmphasis","0.01271733599323854"
"wavelet-LLH","glszm","GrayLevelNonUniformity","235.56915598762706"
"wavelet-LLH","glszm","GrayLevelNonUniformityNormalized","0.10409595934053338"
"wavelet-LLH","glszm","GrayLevelVariance","8.181872146769615"
"wavelet-LLH","glszm","HighGrayLevelZoneEmphasis","100.56429518338489"
"wavelet-LLH","glszm","LargeAreaEmphasis","72971.84975695978"
"wavelet-LLH","glszm","LargeAreaHighGrayLevelEmphasis","4993035.959787892"
"wavelet-LLH","glszm","LargeAreaLowGrayLevelEmphasis","1079.429809881918"
"wavelet-LLH","glszm","LowGrayLevelZoneEmphasis","0.0162116703990577"
"wavelet-LLH","glszm","SizeZoneNonUniformity","487.2165267344233"
"wavelet-LLH","glszm","SizeZoneNonUniformityNormalized","0.21529674181812786"
"wavelet-LLH","glszm","SmallAreaEmphasis","0.4692087633162827"
"wavelet-LLH","glszm","SmallAreaHighGrayLevelEmphasis","50.13051386598682"
"wavelet-LLH","glszm","SmallAreaLowGrayLevelEmphasis","0.00748679793996328"
"wavelet-LLH","glszm","ZoneEntropy","6.503791890467909"
"wavelet-LLH","glszm","ZonePercentage","0.07332642084116389"
"wavelet-LLH","glszm","ZoneVariance","72785.86428294009"
"wavelet-LLH","ngtdm","Busyness","18.330223238106086"
"wavelet-LLH","ngtdm","Coarseness","0.0002472772014072509"
"wavelet-LLH","ngtdm","Complexity","144.138162232627"
"wavelet-LLH","ngtdm","Contrast","0.020336090743441088"
"wavelet-LLH","ngtdm","Strength","0.035951374872417494"
"wavelet-LHL","firstorder","10Percentile","-14.734284657499172"
"wavelet-LHL","firstorder","90Percentile","13.312894969734227"
"wavelet-LHL","firstorder","Energy","5097702.13345588"
"wavelet-LHL","firstorder","Entropy","1.3230497544222921"
"wavelet-LHL","firstorder","InterquartileRange","13.913343558828128"
"wavelet-LHL","firstorder","Kurtosis","10.938334834349249"
"wavelet-LHL","firstorder","Maximum","178.44298766171678"
"wavelet-LHL","firstorder","MeanAbsoluteDeviation","9.193875460977901"
"wavelet-LHL","firstorder","Mean","-0.6611814402842794"
"wavelet-LHL","firstorder","Median","-0.6143821337647003"
"wavelet-LHL","firstorder","Minimum","-95.8913911380165"
"wavelet-LHL","firstorder","Range","274.33437879973326"
"wavelet-LHL","firstorder","RobustMeanAbsoluteDeviation","5.803083266002886"
"wavelet-LHL","firstorder","RootMeanSquared","12.85213249808858"
"wavelet-LHL","firstorder","Skewness","0.3561744076541306"
"wavelet-LHL","firstorder","TotalEnergy","14713084.879621068"
"wavelet-LHL","firstorder","Uniformity","0.4508897586161884"
"wavelet-LHL","firstorder","Variance","164.74014885144823"
"wavelet-LHL","glcm","Autocorrelation","20.02874293122913"
"wavelet-LHL","glcm","ClusterProminence","3.901509897455959"
"wavelet-LHL","glcm","ClusterShade","0.16469653630283843"
"wavelet-LHL","glcm","ClusterTendency","0.7731500744544253"
"wavelet-LHL","glcm","Contrast","0.6827948890216555"
"wavelet-LHL","glcm","Correlation","0.061724907447590634"
"wavelet-LHL","glcm","DifferenceAverage","0.5706743236975426"
"wavelet-LHL","glcm","DifferenceEntropy","1.184525298099022"
"wavelet-LHL","glcm","DifferenceVariance","0.34257261949758344"
"wavelet-LHL","glcm","Id","0.7301058251586799"
"wavelet-LHL","glcm","Idm","0.7252002339594994"
"wavelet-LHL","glcm","Idmn","0.9953579165837844"
"wavelet-LHL","glcm","Idn","0.9566816029026756"
"wavelet-LHL","glcm","Imc1","-0.04542568060319785"
"wavelet-LHL","glcm","Imc2","0.28137749104548315"
"wavelet-LHL","glcm","InverseVariance","0.4985366012618501"
"wavelet-LHL","glcm","JointAverage","4.472823822261881"
"wavelet-LHL","glcm","JointEnergy","0.22238190039132835"
"wavelet-LHL","glcm","JointEntropy","2.5071875632695044"
"wavelet-LHL","glcm","MCC","0.30263187525565466"
"wavelet-LHL","glcm","MaximumProbability","0.27648884034731974"
"wavelet-LHL","glcm","SumAverage","8.945647644523765"
"wavelet-LHL","glcm","SumEntropy","1.7905909938040385"
"wavelet-LHL","glcm","SumSquares","0.3639862408690202"
"wavelet-LHL","gldm","DependenceEntropy","5.258856166924428"
"wavelet-LHL","gldm","DependenceNonUniformity","1994.2347871168427"
"wavelet-LHL","gldm","DependenceNonUniformityNormalized","0.06461780789050751"
"wavelet-LHL","gldm","DependenceVariance","18.16312133156108"
"wavelet-LHL","gldm","GrayLevelNonUniformity","13915.359730412805"
"wavelet-LHL","gldm","GrayLevelVariance","0.38474335283501043"
"wavelet-LHL","gldm","HighGrayLevelEmphasis","20.376612014775453"
"wavelet-LHL","gldm","LargeDependenceEmphasis","124.43969930659063"
"wavelet-LHL","gldm","LargeDependenceHighGrayLevelEmphasis","2479.1188840645455"
"wavelet-LHL","gldm","LargeDependenceLowGrayLevelEmphasis","6.5766113355499956"
"wavelet-LHL","gldm","LowGrayLevelEmphasis","0.053408142543877976"
"wavelet-LHL","gldm","SmallDependenceEmphasis","0.03352897282030187"
"wavelet-LHL","gldm","SmallDependenceHighGrayLevelEmphasis","0.7378097018973396"
"wavelet-LHL","gldm","SmallDependenceLowGrayLevelEmphasis","0.0022521177321111227"
"wavelet-LHL","glrlm","GrayLevelNonUniformity","8515.391696646571"
"wavelet-LHL","glrlm","GrayLevelNonUniformityNormalized","0.4290426678280468"
"wavelet-LHL","glrlm","GrayLevelVariance","0.4492092481283179"
"wavelet-LHL","glrlm","HighGrayLevelRunEmphasis","20.54376432224143"
"wavelet-LHL","glrlm","LongRunEmphasis","3.859341040551949"
"wavelet-LHL","glrlm","LongRunHighGrayLevelEmphasis","77.8010364188424"
"wavelet-LHL","glrlm","LongRunLowGrayLevelEmphasis","0.20479871802166605"
"wavelet-LHL","glrlm","LowGrayLevelRunEmphasis","0.05386364196070713"
"wavelet-LHL","glrlm","RunEntropy","2.871547430906076"
"wavelet-LHL","glrlm","RunLengthNonUniformity","9873.27676471231"
"wavelet-LHL","glrlm","RunLengthNonUniformityNormalized","0.48328984031979194"
"wavelet-LHL","glrlm","RunPercentage","0.6419594921312244"
"wavelet-LHL","glrlm","RunVariance","1.1115592919928357"
"wavelet-LHL","glrlm","ShortRunEmphasis","0.7083241273796799"
"wavelet-LHL","glrlm","ShortRunHighGrayLevelEmphasis","14.655277835908556"
"wavelet-LHL","glrlm","ShortRunLowGrayLevelEmphasis","0.038525882954971495"
"wavelet-LHL","glszm","GrayLevelNonUniformity","208.91029023746702"
"wavelet-LHL","glszm","GrayLevelNonUniformityNormalized","0.27560724305734435"
"wavelet-LHL","glszm","GrayLevelVariance","2.677433671444782"
"wavelet-LHL","glszm","HighGrayLevelZoneEmphasis","22.90369393139842"
"wavelet-LHL","glszm","LargeAreaEmphasis","519291.3667546174"
"wavelet-LHL","glszm","LargeAreaHighGrayLevelEmphasis","10428129.48944591"
"wavelet-LHL","glszm","LargeAreaLowGrayLevelEmphasis","27157.465786383327"
"wavelet-LHL","glszm","LowGrayLevelZoneEmphasis","0.07895631058439885"
"wavelet-LHL","glszm","SizeZoneNonUniformity","206.56200527704485"
"wavelet-LHL","glszm","SizeZoneNonUniformityNormalized","0.2725092417902966"
"wavelet-LHL","glszm","SmallAreaEmphasis","0.527685207159205"
"wavelet-LHL","glszm","SmallAreaHighGrayLevelEmphasis","12.584338798833913"
"wavelet-LHL","glszm","SmallAreaLowGrayLevelEmphasis","0.04373312703805404"
"wavelet-LHL","glszm","ZoneEntropy","4.709132315607261"
"wavelet-LHL","glszm","ZonePercentage","0.024560948739550257"
"wavelet-LHL","glszm","ZoneVariance","517633.65230679256"
"wavelet-LHL","ngtdm","Busyness","77.10207156463161"
"wavelet-LHL","ngtdm","Coarseness","0.00014732128712972793"
"wavelet-LHL","ngtdm","Complexity","41.620893659326974"
"wavelet-LHL","ngtdm","Contrast","0.003120075534739296"
"wavelet-LHL","ngtdm","Strength","0.023853483352250134"
"wavelet-LHH","firstorder","10Percentile","-12.178224532009663"
"wavelet-LHH","firstorder","90Percentile","12.20719924856811"
"wavelet-LHH","firstorder","Energy","3761259.7185044102"
"wavelet-LHH","firstorder","Entropy","1.246447805139403"
"wavelet-LHH","firstorder","InterquartileRange","11.891401933534864"
"wavelet-LHH","firstorder","Kurtosis","6.538041609208399"
"wavelet-LHH","firstorder","Maximum","70.8356310325835"
"wavelet-LHH","firstorder","MeanAbsoluteDeviation","7.975840308177916"
"wavelet-LHH","firstorder","Mean","-0.041635675840956926"
"wavelet-LHH","firstorder","Median","-0.010990111825725117"
"wavelet-LHH","firstorder","Minimum","-78.47441229638035"
"wavelet-LHH","firstorder","Range","149.31004332896384"
"wavelet-LHH","firstorder","RobustMeanAbsoluteDeviation","4.997259474824926"
"wavelet-LHH","firstorder","RootMeanSquared","11.039632796075812"
"wavelet-LHH","firstorder","Skewness","-0.16422672395929805"
"wavelet-LHH","firstorder","TotalEnergy","10855819.356227985"
"wavelet-LHH","firstorder","Uniformity","0.4633515124603617"
"wavelet-LHH","firstorder","Variance","121.87175874268993"
"wavelet-LHH","glcm","Autocorrelation","20.241873548888414"
"wavelet-LHH","glcm","ClusterProminence","1.4142755598744752"
"wavelet-LHH","glcm","ClusterShade","-0.025178592359776705"
"wavelet-LHH","glcm","ClusterTendency","0.6330626611533522"
"wavelet-LHH","glcm","Contrast","0.654273380744007"
"wavelet-LHH","glcm","Correlation","-0.017605244664364014"
"wavelet-LHH","glcm","DifferenceAverage","0.5695327995853958"
"wavelet-LHH","glcm","DifferenceEntropy","1.1627038161848928"
"wavelet-LHH","glcm","DifferenceVariance","0.31883457545250654"
"wavelet-LHH","glcm","Id","0.7277837821542993"
"wavelet-LHH","glcm","Idm","0.7235668840591756"
"wavelet-LHH","glcm","Idmn","0.9871889356180744"
"wavelet-LHH","glcm","Idn","0.9299289599870739"
"wavelet-LHH","glcm","Imc1","-0.036305641893206037"
"wavelet-LHH","glcm","Imc2","0.24054520419869777"
"wavelet-LHH","glcm","InverseVariance","0.5092600722137098"
"wavelet-LHH","glcm","JointAverage","4.49968577637428"
"wavelet-LHH","glcm","JointEnergy","0.23036743898358422"
"wavelet-LHH","glcm","JointEntropy","2.3813850052646113"
"wavelet-LHH","glcm","MCC","0.20674169939906092"
"wavelet-LHH","glcm","MaximumProbability","0.2725373698131071"
"wavelet-LHH","glcm","SumAverage","8.99937155274856"
"wavelet-LHH","glcm","SumEntropy","1.6724727897649037"
"wavelet-LHH","glcm","SumSquares","0.32183401047433985"
"wavelet-LHH","gldm","DependenceEntropy","5.01967310719737"
"wavelet-LHH","gldm","DependenceNonUniformity","2263.2340742660876"
"wavelet-LHH","gldm","DependenceNonUniformityNormalized","0.07333400538740482"
"wavelet-LHH","gldm","DependenceVariance","14.528465102316346"
"wavelet-LHH","gldm","GrayLevelNonUniformity","14299.954377551681"
"wavelet-LHH","gldm","GrayLevelVariance","0.3363814890438941"
"wavelet-LHH","gldm","HighGrayLevelEmphasis","20.57063702935649"
"wavelet-LHH","gldm","LargeDependenceEmphasis","118.8062990084894"
"wavelet-LHH","gldm","LargeDependenceHighGrayLevelEmphasis","2434.129771239712"
"wavelet-LHH","gldm","LargeDependenceLowGrayLevelEmphasis","6.100722231259601"
"wavelet-LHH","gldm","LowGrayLevelEmphasis","0.05227506259670178"
"wavelet-LHH","gldm","SmallDependenceEmphasis","0.030129608605907087"
"wavelet-LHH","gldm","SmallDependenceHighGrayLevelEmphasis","0.6426738593054832"
"wavelet-LHH","gldm","SmallDependenceLowGrayLevelEmphasis","0.0019363614878614777"
"wavelet-LHH","glrlm","GrayLevelNonUniformity","8919.325176711793"
"wavelet-LHH","glrlm","GrayLevelNonUniformityNormalized","0.4470682872027948"
"wavelet-LHH","glrlm","GrayLevelVariance","0.37758346487838945"
"wavelet-LHH","glrlm","HighGrayLevelRunEmphasis","20.609629794834333"
"wavelet-LHH","glrlm","LongRunEmphasis","3.8725840620064704"
"wavelet-LHH","glrlm","LongRunHighGrayLevelEmphasis","79.53855135011344"
"wavelet-LHH","glrlm","LongRunLowGrayLevelEmphasis","0.20049659010896623"
"wavelet-LHH","glrlm","LowGrayLevelRunEmphasis","0.05276150128215832"
"wavelet-LHH","glrlm","RunEntropy","2.765464943612851"
"wavelet-LHH","glrlm","RunLengthNonUniformity","10032.210606280081"
"wavelet-LHH","glrlm","RunLengthNonUniformityNormalized","0.4880064079599556"
"wavelet-LHH","glrlm","RunPercentage","0.6457056973225724"
"wavelet-LHH","glrlm","RunVariance","1.1013393163305625"
"wavelet-LHH","glrlm","ShortRunEmphasis","0.7103775407671361"
"wavelet-LHH","glrlm","ShortRunHighGrayLevelEmphasis","14.667789580626165"
"wavelet-LHH","glrlm","ShortRunLowGrayLevelEmphasis","0.03784433695147405"
"wavelet-LHH","glszm","GrayLevelNonUniformity","172.81512605042016"
"wavelet-LHH","glszm","GrayLevelNonUniformityNormalized","0.2904455900007062"
"wavelet-LHH","glszm","GrayLevelVariance","2.19937575030012"
"wavelet-LHH","glszm","HighGrayLevelZoneEmphasis","22.321008403361343"
"wavelet-LHH","glszm","LargeAreaEmphasis","695836.1344537815"
"wavelet-LHH","glszm","LargeAreaHighGrayLevelEmphasis","14265245.231932772"
"wavelet-LHH","glszm","LargeAreaLowGrayLevelEmphasis","35660.38528346577"
"wavelet-LHH","glszm","LowGrayLevelZoneEmphasis","0.07592389336687054"
"wavelet-LHH","glszm","SizeZoneNonUniformity","176.54285714285714"
"wavelet-LHH","glszm","SizeZoneNonUniformityNormalized","0.2967106842737095"
"wavelet-LHH","glszm","SmallAreaEmphasis","0.5532262599830227"
"wavelet-LHH","glszm","SmallAreaHighGrayLevelEmphasis","12.27583262778793"
"wavelet-LHH","glszm","SmallAreaLowGrayLevelEmphasis","0.04390468982366832"
"wavelet-LHH","glszm","ZoneEntropy","4.401883044037522"
"wavelet-LHH","glszm","ZonePercentage","0.019279372691335624"
"wavelet-LHH","glszm","ZoneVariance","693145.750882"
"wavelet-LHH","ngtdm","Busyness","162.67119381448938"
"wavelet-LHH","ngtdm","Coarseness","0.00013774746153935333"
"wavelet-LHH","ngtdm","Complexity","12.648093784585868"
"wavelet-LHH","ngtdm","Contrast","0.00872495804623775"
"wavelet-LHH","ngtdm","Strength","0.0038181955265007917"
"wavelet-HLL","firstorder","10Percentile","-13.416137226402034"
"wavelet-HLL","firstorder","90Percentile","11.99989916333621"
"wavelet-HLL","firstorder","Energy","4505881.889228717"
"wavelet-HLL","firstorder","Entropy","1.307040513351737"
"wavelet-HLL","firstorder","InterquartileRange","12.080625435208667"
"wavelet-HLL","firstorder","Kurtosis","8.425635284249067"
"wavelet-HLL","firstorder","Maximum","124.58084826535662"
"wavelet-HLL","firstorder","MeanAbsoluteDeviation","8.4404279555266"
"wavelet-HLL","firstorder","Mean","-0.6173975723310636"
"wavelet-HLL","firstorder","Median","-0.5662553982770033"
"wavelet-HLL","firstorder","Minimum","-92.26843934202012"
"wavelet-HLL","firstorder","Range","216.84928760737674"
"wavelet-HLL","firstorder","RobustMeanAbsoluteDeviation","5.114293353765064"
"wavelet-HLL","firstorder","RootMeanSquared","12.083086049514264"
"wavelet-HLL","firstorder","Skewness","-0.003200339310947716"
"wavelet-HLL","firstorder","TotalEnergy","13004962.031554768"
"wavelet-HLL","firstorder","Uniformity","0.45400421436193805"
"wavelet-HLL","firstorder","Variance","145.61978871764597"
"wavelet-HLL","glcm","Autocorrelation","20.002982247216682"
"wavelet-HLL","glcm","ClusterProminence","2.5789820821161173"
"wavelet-HLL","glcm","ClusterShade","0.022188077024027628"
"wavelet-HLL","glcm","ClusterTendency","0.7511681776508858"
"wavelet-HLL","glcm","Contrast","0.6561113366539709"
"wavelet-HLL","glcm","Correlation","0.06726639314375242"
"wavelet-HLL","glcm","DifferenceAverage","0.5594444032801579"
"wavelet-HLL","glcm","DifferenceEntropy","1.175057675226466"
"wavelet-HLL","glcm","DifferenceVariance","0.3308036692708588"
"wavelet-HLL","glcm","Id","0.7342121145949937"
"wavelet-HLL","glcm","Idm","0.7296937125295224"
"wavelet-HLL","glcm","Idmn","0.9921327324387731"
"wavelet-HLL","glcm","Idn","0.944890260112664"
"wavelet-HLL","glcm","Imc1","-0.04320984900726194"
"wavelet-HLL","glcm","Imc2","0.27424006868114376"
"wavelet-HLL","glcm","InverseVariance","0.4936712411635833"
"wavelet-HLL","glcm","JointAverage","4.469811571131364"
"wavelet-HLL","glcm","JointEnergy","0.2236004872524395"
"wavelet-HLL","glcm","JointEntropy","2.4861462391813896"
"wavelet-HLL","glcm","MCC","0.2568922734160345"
"wavelet-HLL","glcm","MaximumProbability","0.2751565692260446"
"wavelet-HLL","glcm","SumAverage","8.939623142262729"
"wavelet-HLL","glcm","SumEntropy","1.7837790172860044"
"wavelet-HLL","glcm","SumSquares","0.3518198785762142"
"wavelet-HLL","gldm","DependenceEntropy","5.274099629677676"
"wavelet-HLL","gldm","DependenceNonUniformity","1956.8291750372628"
"wavelet-HLL","gldm","DependenceNonUniformityNormalized","0.06340577976272642"
"wavelet-HLL","gldm","DependenceVariance","18.605166303964232"
"wavelet-HLL","gldm","GrayLevelNonUniformity","14011.478063638131"
"wavelet-HLL","gldm","GrayLevelVariance","0.3710280490420791"
"wavelet-HLL","gldm","HighGrayLevelEmphasis","20.356522584408008"
"wavelet-HLL","gldm","LargeDependenceEmphasis","128.1710193765796"
"wavelet-HLL","gldm","LargeDependenceHighGrayLevelEmphasis","2544.9923206532303"
"wavelet-HLL","gldm","LargeDependenceLowGrayLevelEmphasis","6.79490968730443"
"wavelet-HLL","gldm","LowGrayLevelEmphasis","0.05343693760791686"
"wavelet-HLL","gldm","SmallDependenceEmphasis","0.03092901799309221"
"wavelet-HLL","gldm","SmallDependenceHighGrayLevelEmphasis","0.6609803346920029"
"wavelet-HLL","gldm","SmallDependenceLowGrayLevelEmphasis","0.0021258406016669363"
"wavelet-HLL","glrlm","GrayLevelNonUniformity","8512.281917550896"
"wavelet-HLL","glrlm","GrayLevelNonUniformityNormalized","0.43303658031031284"
"wavelet-HLL","glrlm","GrayLevelVariance","0.42876919878367303"
"wavelet-HLL","glrlm","HighGrayLevelRunEmphasis","20.53766188112997"
"wavelet-HLL","glrlm","LongRunEmphasis","3.948099314733661"
"wavelet-HLL","glrlm","LongRunHighGrayLevelEmphasis","79.36643971497782"
"wavelet-HLL","glrlm","LongRunLowGrayLevelEmphasis","0.20991278811887"
"wavelet-HLL","glrlm","LowGrayLevelRunEmphasis","0.0538641172858089"
"wavelet-HLL","glrlm","RunEntropy","2.8752003145787097"
"wavelet-HLL","glrlm","RunLengthNonUniformity","9691.63867688836"
"wavelet-HLL","glrlm","RunLengthNonUniformityNormalized","0.4789951702385285"
"wavelet-HLL","glrlm","RunPercentage","0.6358703508920603"
"wavelet-HLL","glrlm","RunVariance","1.156825602752117"
"wavelet-HLL","glrlm","ShortRunEmphasis","0.7046379198905066"
"wavelet-HLL","glrlm","ShortRunHighGrayLevelEmphasis","14.57406226323509"
"wavelet-HLL","glrlm","ShortRunLowGrayLevelEmphasis","0.03832709732783983"
"wavelet-HLL","glszm","GrayLevelNonUniformity","173.52380952380952"
"wavelet-HLL","glszm","GrayLevelNonUniformityNormalized","0.2582199546485261"
"wavelet-HLL","glszm","GrayLevelVariance","2.4323979591836733"
"wavelet-HLL","glszm","HighGrayLevelZoneEmphasis","22.044642857142858"
"wavelet-HLL","glszm","LargeAreaEmphasis","593638.9107142857"
"wavelet-HLL","glszm","LargeAreaHighGrayLevelEmphasis","11891345.733630951"
"wavelet-HLL","glszm","LargeAreaLowGrayLevelEmphasis","31120.080648152838"
"wavelet-HLL","glszm","LowGrayLevelZoneEmphasis","0.08337450106255023"
"wavelet-HLL","glszm","SizeZoneNonUniformity","165.46130952380952"
"wavelet-HLL","glszm","SizeZoneNonUniformityNormalized","0.24622218679138322"
"wavelet-HLL","glszm","SmallAreaEmphasis","0.49927337505267777"
"wavelet-HLL","glszm","SmallAreaHighGrayLevelEmphasis","11.062770372495837"
"wavelet-HLL","glszm","SmallAreaLowGrayLevelEmphasis","0.04471459898297975"
"wavelet-HLL","glszm","ZoneEntropy","4.922118030158327"
"wavelet-HLL","glszm","ZonePercentage","0.021774350333743763"
"wavelet-HLL","glszm","ZoneVariance","591529.7504163124"
"wavelet-HLL","ngtdm","Busyness","109.98009926941693"
"wavelet-HLL","ngtdm","Coarseness","0.00014828775221051177"
"wavelet-HLL","ngtdm","Complexity","20.439997495738748"
"wavelet-HLL","ngtdm","Contrast","0.005414462189187623"
"wavelet-HLL","ngtdm","Strength","0.008124427020387221"
"wavelet-HLH","firstorder","10Percentile","-11.00429837954658"
"wavelet-HLH","firstorder","90Percentile","11.008227701896082"
"wavelet-HLH","firstorder","Energy","3330986.799664358"
"wavelet-HLH","firstorder","Entropy","1.221436864486507"
"wavelet-HLH","firstorder","InterquartileRange","10.363744648446854"
"wavelet-HLH","firstorder","Kurtosis","7.661092619409536"
"wavelet-HLH","firstorder","Maximum","76.3060521619128"
"wavelet-HLH","firstorder","MeanAbsoluteDeviation","7.274993644506019"
"wavelet-HLH","firstorder","Mean","-0.009972881157249298"
"wavelet-HLH","firstorder","Median","0.021899900009116374"
"wavelet-HLH","firstorder","Minimum","-77.79606591442966"
"wavelet-HLH","firstorder","Range","154.10211807634246"
"wavelet-HLH","firstorder","RobustMeanAbsoluteDeviation","4.392826493088238"
"wavelet-HLH","firstorder","RootMeanSquared","10.389016173012084"
"wavelet-HLH","firstorder","Skewness","-0.08206788872434868"
"wavelet-HLH","firstorder","TotalEnergy","9613957.472076612"
"wavelet-HLH","firstorder","Uniformity","0.46792100418753885"
"wavelet-HLH","firstorder","Variance","107.93155758474812"
"wavelet-HLH","glcm","Autocorrelation","20.260852947045272"
"wavelet-HLH","glcm","ClusterProminence","1.2692038157058307"
"wavelet-HLH","glcm","ClusterShade","-0.015787753391587073"
"wavelet-HLH","glcm","ClusterTendency","0.6149133715594488"
"wavelet-HLH","glcm","Contrast","0.6315205992679153"
"wavelet-HLH","glcm","Correlation","-0.014625766190113769"
"wavelet-HLH","glcm","DifferenceAverage","0.5594275249741218"
"wavelet-HLH","glcm","DifferenceEntropy","1.1464283241883522"
"wavelet-HLH","glcm","DifferenceVariance","0.30937395789122324"
"wavelet-HLH","glcm","Id","0.731051112692835"
"wavelet-HLH","glcm","Idm","0.72740102832281"
"wavelet-HLH","glcm","Idmn","0.990422749453853"
"wavelet-HLH","glcm","Idn","0.9386100653016491"
"wavelet-HLH","glcm","Imc1","-0.03202934035336046"
"wavelet-HLH","glcm","Imc2","0.2206532439975525"
"wavelet-HLH","glcm","InverseVariance","0.507496429357532"
"wavelet-HLH","glcm","JointAverage","4.501666545225244"
"wavelet-HLH","glcm","JointEnergy","0.23290418275109795"
"wavelet-HLH","glcm","JointEntropy","2.3397110304791444"
"wavelet-HLH","glcm","MCC","0.20141622399678216"
"wavelet-HLH","glcm","MaximumProbability","0.27171341849111263"
"wavelet-HLH","glcm","SumAverage","9.003333090450486"
"wavelet-HLH","glcm","SumEntropy","1.6546303226799688"
"wavelet-HLH","glcm","SumSquares","0.3116084927068411"
"wavelet-HLH","gldm","DependenceEntropy","5.004120384027999"
"wavelet-HLH","gldm","DependenceNonUniformity","2282.8298878880178"
"wavelet-HLH","gldm","DependenceNonUniformityNormalized","0.07396895495716473"
"wavelet-HLH","gldm","DependenceVariance","14.394644632532325"
"wavelet-HLH","gldm","GrayLevelNonUniformity","14440.978031235823"
"wavelet-HLH","gldm","GrayLevelVariance","0.3250437420646003"
"wavelet-HLH","gldm","HighGrayLevelEmphasis","20.57475212235111"
"wavelet-HLH","gldm","LargeDependenceEmphasis","121.28539952044585"
"wavelet-HLH","gldm","LargeDependenceHighGrayLevelEmphasis","2495.4137774609553"
"wavelet-HLH","gldm","LargeDependenceLowGrayLevelEmphasis","6.2002688172265215"
"wavelet-HLH","gldm","LowGrayLevelEmphasis","0.05204337035021384"
"wavelet-HLH","gldm","SmallDependenceEmphasis","0.02741516955688793"
"wavelet-HLH","gldm","SmallDependenceHighGrayLevelEmphasis","0.5823441863539575"
"wavelet-HLH","gldm","SmallDependenceLowGrayLevelEmphasis","0.0017150731847059418"
"wavelet-HLH","glrlm","GrayLevelNonUniformity","8972.25261069559"
"wavelet-HLH","glrlm","GrayLevelNonUniformityNormalized","0.4531908593107908"
"wavelet-HLH","glrlm","GrayLevelVariance","0.3618401810543386"
"wavelet-HLH","glrlm","HighGrayLevelRunEmphasis","20.582831292738607"
"wavelet-HLH","glrlm","LongRunEmphasis","3.9301052276917687"
"wavelet-HLH","glrlm","LongRunHighGrayLevelEmphasis","80.85967810309874"
"wavelet-HLH","glrlm","LongRunLowGrayLevelEmphasis","0.20262979137806242"
"wavelet-HLH","glrlm","LowGrayLevelRunEmphasis","0.052511008166109124"
"wavelet-HLH","glrlm","RunEntropy","2.754138457558772"
"wavelet-HLH","glrlm","RunLengthNonUniformity","9881.966218293488"
"wavelet-HLH","glrlm","RunLengthNonUniformityNormalized","0.48376699913536325"
"wavelet-HLH","glrlm","RunPercentage","0.6408154414440462"
"wavelet-HLH","glrlm","RunVariance","1.1171194295065872"
"wavelet-HLH","glrlm","ShortRunEmphasis","0.7063239634521945"
"wavelet-HLH","glrlm","ShortRunHighGrayLevelEmphasis","14.545865735377914"
"wavelet-HLH","glrlm","ShortRunLowGrayLevelEmphasis","0.03742808007429596"
"wavelet-HLH","glszm","GrayLevelNonUniformity","145.37735849056602"
"wavelet-HLH","glszm","GrayLevelNonUniformityNormalized","0.2742969028123888"
"wavelet-HLH","glszm","GrayLevelVariance","2.1522392310430756"
"wavelet-HLH","glszm","HighGrayLevelZoneEmphasis","21.879245283018868"
"wavelet-HLH","glszm","LargeAreaEmphasis","782477.1169811321"
"wavelet-HLH","glszm","LargeAreaHighGrayLevelEmphasis","16087275.713207547"
"wavelet-HLH","glszm","LargeAreaLowGrayLevelEmphasis","39985.98808146419"
"wavelet-HLH","glszm","LowGrayLevelZoneEmphasis","0.07422705953450563"
"wavelet-HLH","glszm","SizeZoneNonUniformity","143.02264150943395"
"wavelet-HLH","glszm","SizeZoneNonUniformityNormalized","0.26985404058383766"
"wavelet-HLH","glszm","SmallAreaEmphasis","0.5099444707664671"
"wavelet-HLH","glszm","SmallAreaHighGrayLevelEmphasis","11.32615886367984"
"wavelet-HLH","glszm","SmallAreaLowGrayLevelEmphasis","0.039697002158886274"
"wavelet-HLH","glszm","ZoneEntropy","4.515282414959375"
"wavelet-HLH","glszm","ZonePercentage","0.017173222733458622"
"wavelet-HLH","glszm","ZoneVariance","779086.3621075116"
"wavelet-HLH","ngtdm","Busyness","134.48715136908064"
"wavelet-HLH","ngtdm","Coarseness","0.0001381013647416254"
"wavelet-HLH","ngtdm","Complexity","16.193340982388523"
"wavelet-HLH","ngtdm","Contrast","0.0062004093409019564"
"wavelet-HLH","ngtdm","Strength","0.005411374751848433"
"wavelet-HHL","firstorder","10Percentile","-7.60770723485265"
"wavelet-HHL","firstorder","90Percentile","7.626287457258433"
"wavelet-HHL","firstorder","Energy","1200929.8802131508"
"wavelet-HHL","firstorder","Entropy","1.0156690010827967"
"wavelet-HHL","firstorder","InterquartileRange","7.809651845670888"
"wavelet-HHL","firstorder","Kurtosis","4.442983505153309"
"wavelet-HHL","firstorder","Maximum","48.27514427039691"
"wavelet-HHL","firstorder","MeanAbsoluteDeviation","4.812090065941444"
"wavelet-HHL","firstorder","Mean","0.024677523874812982"
"wavelet-HHL","firstorder","Median","0.06140149151195981"
"wavelet-HHL","firstorder","Minimum","-56.24164278889949"
"wavelet-HHL","firstorder","Range","104.5167870592964"
"wavelet-HHL","firstorder","RobustMeanAbsoluteDeviation","3.2503790339020853"
"wavelet-HHL","firstorder","RootMeanSquared","6.23802041655001"
"wavelet-HHL","firstorder","Skewness","-0.0007399275094795473"
"wavelet-HHL","firstorder","TotalEnergy","3466146.667551692"
"wavelet-HHL","firstorder","Uniformity","0.4986145562199892"
"wavelet-HHL","firstorder","Variance","38.912289737110164"
"wavelet-HHL","glcm","Autocorrelation","12.279835685075957"
"wavelet-HHL","glcm","ClusterProminence","0.5128114597965282"
"wavelet-HHL","glcm","ClusterShade","-0.00629150324038131"
"wavelet-HHL","glcm","ClusterTendency","0.49722092868322876"
"wavelet-HHL","glcm","Contrast","0.5112446658884181"
"wavelet-HHL","glcm","Correlation","-0.013856352006411554"
"wavelet-HHL","glcm","DifferenceAverage","0.5090337077390923"
"wavelet-HHL","glcm","DifferenceEntropy","0.9964229547017921"
"wavelet-HHL","glcm","DifferenceVariance","0.2472489963004096"
"wavelet-HHL","glcm","Id","0.7458429490308158"
"wavelet-HHL","glcm","Idm","0.7457042419453864"
"wavelet-HHL","glcm","Idmn","0.9803555089704651"
"wavelet-HHL","glcm","Idn","0.9152130698476694"
"wavelet-HHL","glcm","Imc1","-0.0147189041755376"
"wavelet-HHL","glcm","Imc2","0.12103569776234763"
"wavelet-HHL","glcm","InverseVariance","0.50718119275673"
"wavelet-HHL","glcm","JointAverage","3.504759830218179"
"wavelet-HHL","glcm","JointEnergy","0.2539160666582579"
"wavelet-HHL","glcm","JointEntropy","2.0086208037251088"
"wavelet-HHL","glcm","MCC","0.12254095429235404"
"wavelet-HHL","glcm","MaximumProbability","0.27540739452310264"
"wavelet-HHL","glcm","SumAverage","7.009519660436359"
"wavelet-HHL","glcm","SumEntropy","1.4902310120323807"
"wavelet-HHL","glcm","SumSquares","0.2521163986429117"
"wavelet-HHL","gldm","DependenceEntropy","4.83420649257218"
"wavelet-HHL","gldm","DependenceNonUniformity","2410.201995982114"
"wavelet-HHL","gldm","DependenceNonUniformityNormalized","0.0780961051125045"
"wavelet-HHL","gldm","DependenceVariance","12.719431617128443"
"wavelet-HHL","gldm","GrayLevelNonUniformity","15388.242434061305"
"wavelet-HHL","gldm","GrayLevelVariance","0.2529629947511119"
"wavelet-HHL","gldm","HighGrayLevelEmphasis","12.53269392780766"
"wavelet-HHL","gldm","LargeDependenceEmphasis","125.86306785043095"
"wavelet-HHL","gldm","LargeDependenceHighGrayLevelEmphasis","1586.6150605923142"
"wavelet-HHL","gldm","LargeDependenceLowGrayLevelEmphasis","10.833327752936007"
"wavelet-HHL","gldm","LowGrayLevelEmphasis","0.0867069895376551"
"wavelet-HHL","gldm","SmallDependenceEmphasis","0.017884520457950626"
"wavelet-HHL","gldm","SmallDependenceHighGrayLevelEmphasis","0.22516074213828735"
"wavelet-HHL","gldm","SmallDependenceLowGrayLevelEmphasis","0.0016522906035694696"
"wavelet-HHL","glrlm","GrayLevelNonUniformity","9668.202978917454"
"wavelet-HHL","glrlm","GrayLevelNonUniformityNormalized","0.4977450535390452"
"wavelet-HHL","glrlm","GrayLevelVariance","0.2547339156364662"
"wavelet-HHL","glrlm","HighGrayLevelRunEmphasis","12.509732558897042"
"wavelet-HHL","glrlm","LongRunEmphasis","3.6349818773493707"
"wavelet-HHL","glrlm","LongRunHighGrayLevelEmphasis","45.689044455107286"
"wavelet-HHL","glrlm","LongRunLowGrayLevelEmphasis","0.3139994471033058"
"wavelet-HHL","glrlm","LowGrayLevelRunEmphasis","0.08694235108730151"
"wavelet-HHL","glrlm","RunEntropy","2.513641221746762"
"wavelet-HHL","glrlm","RunLengthNonUniformity","9207.399324532365"
"wavelet-HHL","glrlm","RunLengthNonUniformityNormalized","0.46714941094507545"
"wavelet-HHL","glrlm","RunPercentage","0.6293500097206922"
"wavelet-HHL","glrlm","RunVariance","1.0130667322654647"
"wavelet-HHL","glrlm","ShortRunEmphasis","0.6940034351034973"
"wavelet-HHL","glrlm","ShortRunHighGrayLevelEmphasis","8.669965037193863"
"wavelet-HHL","glrlm","ShortRunLowGrayLevelEmphasis","0.06048128651852004"
"wavelet-HHL","glszm","GrayLevelNonUniformity","19.55"
"wavelet-HHL","glszm","GrayLevelNonUniformityNormalized","0.244375"
"wavelet-HHL","glszm","GrayLevelVariance","1.2743749999999998"
"wavelet-HHL","glszm","HighGrayLevelZoneEmphasis","13.35"
"wavelet-HHL","glszm","LargeAreaEmphasis","5724736.35"
"wavelet-HHL","glszm","LargeAreaHighGrayLevelEmphasis","71936044.925"
"wavelet-HHL","glszm","LargeAreaLowGrayLevelEmphasis","494322.0339861112"
"wavelet-HHL","glszm","LowGrayLevelZoneEmphasis","0.12555902777777778"
"wavelet-HHL","glszm","SizeZoneNonUniformity","38.175"
"wavelet-HHL","glszm","SizeZoneNonUniformityNormalized","0.4771875"
"wavelet-HHL","glszm","SmallAreaEmphasis","0.7155261629470135"
"wavelet-HHL","glszm","SmallAreaHighGrayLevelEmphasis","9.652573615402698"
"wavelet-HHL","glszm","SmallAreaLowGrayLevelEmphasis","0.09926936660837485"
"wavelet-HHL","glszm","ZoneEntropy","3.490485431223339"
"wavelet-HHL","glszm","ZonePercentage","0.002592184563540924"
"wavelet-HHL","glszm","ZoneVariance","5575913.999375001"
"wavelet-HHL","ngtdm","Busyness","356.9457929986918"
"wavelet-HHL","ngtdm","Coarseness","0.00012705331806938305"
"wavelet-HHL","ngtdm","Complexity","6.14148795318854"
"wavelet-HHL","ngtdm","Contrast","0.012976181105422263"
"wavelet-HHL","ngtdm","Strength","0.001583723869148648"
"wavelet-HHH","firstorder","10Percentile","-6.332087264653924"
"wavelet-HHH","firstorder","90Percentile","6.461298994131733"
"wavelet-HHH","firstorder","Energy","849661.3475103718"
"wavelet-HHH","firstorder","Entropy","1.0049366109332079"
"wavelet-HHH","firstorder","InterquartileRange","6.495759303910607"
"wavelet-HHH","firstorder","Kurtosis","4.087921495745779"
"wavelet-HHH","firstorder","Maximum","29.495984332074006"
"wavelet-HHH","firstorder","MeanAbsoluteDeviation","4.040648396623906"
"wavelet-HHH","firstorder","Mean","0.00155303816021055"
"wavelet-HHH","firstorder","Median","-0.03333364038878677"
"wavelet-HHH","firstorder","Minimum","-28.79849577921713"
"wavelet-HHH","firstorder","Range","58.294480111291136"
"wavelet-HHH","firstorder","RobustMeanAbsoluteDeviation","2.715264373261727"
"wavelet-HHH","firstorder","RootMeanSquared","5.2469979860556535"
"wavelet-HHH","firstorder","Skewness","-0.022575060028922865"
"wavelet-HHH","firstorder","TotalEnergy","2452308.7457011594"
"wavelet-HHH","firstorder","Uniformity","0.49963149016414743"
"wavelet-HHH","firstorder","Variance","27.530985453744552"
"wavelet-HHH","glcm","Autocorrelation","6.223445614631443"
"wavelet-HHH","glcm","ClusterProminence","0.49278665509677083"
"wavelet-HHH","glcm","ClusterShade","0.003794210782506686"
"wavelet-HHH","glcm","ClusterTendency","0.4893479451755753"
"wavelet-HHH","glcm","Contrast","0.5131313735305378"
"wavelet-HHH","glcm","Correlation","-0.02371452520613259"
"wavelet-HHH","glcm","DifferenceAverage","0.5124097638757439"
"wavelet-HHH","glcm","DifferenceEntropy","0.9950610786548453"
"wavelet-HHH","glcm","DifferenceVariance","0.24754416085975178"
"wavelet-HHH","glcm","Id","0.7439153863379271"
"wavelet-HHH","glcm","Idm","0.7438672790276074"
"wavelet-HHH","glcm","Idmn","0.9698285358450528"
"wavelet-HHH","glcm","Idn","0.897542100880011"
"wavelet-HHH","glcm","Imc1","-0.0093163154567094"
"wavelet-HHH","glcm","Imc2","0.094462409620473"
"wavelet-HHH","glcm","InverseVariance","0.5117783554277993"
"wavelet-HHH","glcm","JointAverage","2.4958747807534256"
"wavelet-HHH","glcm","JointEnergy","0.25286985913803134"
"wavelet-HHH","glcm","JointEntropy","1.9988511429455724"
"wavelet-HHH","glcm","MCC","0.09329099958079115"
"wavelet-HHH","glcm","MaximumProbability","0.2707327553578361"
"wavelet-HHH","glcm","SumAverage","4.991749561506851"
"wavelet-HHH","glcm","SumEntropy","1.4826081765075745"
"wavelet-HHH","glcm","SumSquares","0.25061982967652824"
"wavelet-HHH","gldm","DependenceEntropy","4.744608209368666"
"wavelet-HHH","gldm","DependenceNonUniformity","2558.13330309118"
"wavelet-HHH","gldm","DependenceNonUniformityNormalized","0.08288942074691141"
"wavelet-HHH","gldm","DependenceVariance","11.794163117157119"
"wavelet-HHH","gldm","GrayLevelNonUniformity","15419.62704944592"
"wavelet-HHH","gldm","GrayLevelVariance","0.25076757203820704"
"wavelet-HHH","gldm","HighGrayLevelEmphasis","6.484900524917374"
"wavelet-HHH","gldm","LargeDependenceEmphasis","123.44280992806688"
"wavelet-HHH","gldm","LargeDependenceHighGrayLevelEmphasis","794.0382671246193"
"wavelet-HHH","gldm","LargeDependenceLowGrayLevelEmphasis","22.520239291037523"
"wavelet-HHH","gldm","LowGrayLevelEmphasis","0.1811329466658026"
"wavelet-HHH","gldm","SmallDependenceEmphasis","0.016574417969711742"
"wavelet-HHH","gldm","SmallDependenceHighGrayLevelEmphasis","0.10892621076801555"
"wavelet-HHH","gldm","SmallDependenceLowGrayLevelEmphasis","0.003085037351969767"
"wavelet-HHH","glrlm","GrayLevelNonUniformity","9741.436995147036"
"wavelet-HHH","glrlm","GrayLevelNonUniformityNormalized","0.4993840340727647"
"wavelet-HHH","glrlm","GrayLevelVariance","0.25123321770034734"
"wavelet-HHH","glrlm","HighGrayLevelRunEmphasis","6.500056893156972"
"wavelet-HHH","glrlm","LongRunEmphasis","3.571376725466502"
"wavelet-HHH","glrlm","LongRunHighGrayLevelEmphasis","23.080761110965835"
"wavelet-HHH","glrlm","LongRunLowGrayLevelEmphasis","0.648790141832382"
"wavelet-HHH","glrlm","LowGrayLevelRunEmphasis","0.18080330089725724"
"wavelet-HHH","glrlm","RunEntropy","2.4878434782972287"
"wavelet-HHH","glrlm","RunLengthNonUniformity","9295.272981308519"
"wavelet-HHH","glrlm","RunLengthNonUniformityNormalized","0.4706375807068036"
"wavelet-HHH","glrlm","RunPercentage","0.6320618335717809"
"wavelet-HHH","glrlm","RunVariance","0.9918136035556027"
"wavelet-HHH","glrlm","ShortRunEmphasis","0.6981284094679944"
"wavelet-HHH","glrlm","ShortRunHighGrayLevelEmphasis","4.546196766468091"
"wavelet-HHH","glrlm","ShortRunLowGrayLevelEmphasis","0.12606569491588504"
"wavelet-HHH","glszm","GrayLevelNonUniformity","9.971428571428572"
"wavelet-HHH","glszm","GrayLevelNonUniformityNormalized","0.28489795918367344"
"wavelet-HHH","glszm","GrayLevelVariance","0.876734693877551"
"wavelet-HHH","glszm","HighGrayLevelZoneEmphasis","7.3428571428571425"
"wavelet-HHH","glszm","LargeAreaEmphasis","13095773.657142857"
"wavelet-HHH","glszm","LargeAreaHighGrayLevelEmphasis","84690025.0"
"wavelet-HHH","glszm","LargeAreaLowGrayLevelEmphasis","2376528.859126984"
"wavelet-HHH","glszm","LowGrayLevelZoneEmphasis","0.2773809523809524"
"wavelet-HHH","glszm","SizeZoneNonUniformity","10.085714285714285"
"wavelet-HHH","glszm","SizeZoneNonUniformityNormalized","0.28816326530612246"
"wavelet-HHH","glszm","SmallAreaEmphasis","0.5497075485954216"
"wavelet-HHH","glszm","SmallAreaHighGrayLevelEmphasis","4.544610419692198"
"wavelet-HHH","glszm","SmallAreaLowGrayLevelEmphasis","0.1782187062870555"
"wavelet-HHH","glszm","ZoneEntropy","3.943289445392762"
"wavelet-HHH","glszm","ZonePercentage","0.0011340807465491543"
"wavelet-HHH","glszm","ZoneVariance","12318252.80489796"
"wavelet-HHH","ngtdm","Busyness","725.9954212843995"
"wavelet-HHH","ngtdm","Coarseness","0.00012580841913007379"
"wavelet-HHH","ngtdm","Complexity","3.607764828299445"
"wavelet-HHH","ngtdm","Contrast","0.021562346102316676"
"wavelet-HHH","ngtdm","Strength","0.0007540608391550203"
"wavelet-LLL","firstorder","10Percentile","-2335.077676704676"
"wavelet-LLL","firstorder","90Percentile","-2199.0608526007263"
"wavelet-LLL","firstorder","Energy","156301478622.153"
"wavelet-LLL","firstorder","Entropy","2.8323734998250045"
"wavelet-LLL","firstorder","InterquartileRange","65.25280852774449"
"wavelet-LLL","firstorder","Kurtosis","6.3071495263469854"
"wavelet-LLL","firstorder","Maximum","-2159.693289055597"
"wavelet-LLL","firstorder","MeanAbsoluteDeviation","45.138167066532574"
"wavelet-LLL","firstorder","Mean","-2249.6733894043978"
"wavelet-LLL","firstorder","Median","-2226.7165618710874"
"wavelet-LLL","firstorder","Minimum","-2679.487412147465"
"wavelet-LLL","firstorder","Range","519.7941230918682"
"wavelet-LLL","firstorder","RobustMeanAbsoluteDeviation","28.969085542920514"
"wavelet-LLL","firstorder","RootMeanSquared","2250.4507330281826"
"wavelet-LLL","firstorder","Skewness","-1.692681971996836"
"wavelet-LLL","firstorder","TotalEnergy","451120301181.4654"
"wavelet-LLL","firstorder","Uniformity","0.200992432416097"
"wavelet-LLL","firstorder","Variance","3498.1427928135863"
"wavelet-LLL","glcm","Autocorrelation","360.4253587436875"
"wavelet-LLL","glcm","ClusterProminence","1312.2324638992022"
"wavelet-LLL","glcm","ClusterShade","-88.81705669761286"
"wavelet-LLL","glcm","ClusterTendency","13.443614199427508"
"wavelet-LLL","glcm","Contrast","3.0547162227626967"
"wavelet-LLL","glcm","Correlation","0.5988340767434204"
"wavelet-LLL","glcm","DifferenceAverage","1.0747925953602278"
"wavelet-LLL","glcm","DifferenceEntropy","2.005566154866105"
"wavelet-LLL","glcm","DifferenceVariance","1.8299047448386314"
"wavelet-LLL","glcm","Id","0.6543735806243256"
"wavelet-LLL","glcm","Idm","0.6218389556699729"
"wavelet-LLL","glcm","Idmn","0.993956114797014"
"wavelet-LLL","glcm","Idn","0.9564951893910117"
"wavelet-LLL","glcm","Imc1","-0.16198081092189703"
"wavelet-LLL","glcm","Imc2","0.6844953156484611"
"wavelet-LLL","glcm","InverseVariance","0.3798966444068812"
"wavelet-LLL","glcm","JointAverage","18.915211959439173"
"wavelet-LLL","glcm","JointEnergy","0.09664225866403617"
"wavelet-LLL","glcm","JointEntropy","4.711730382061256"
"wavelet-LLL","glcm","MCC","0.6237427131058482"
"wavelet-LLL","glcm","MaximumProbability","0.2681224468746064"
"wavelet-LLL","glcm","SumAverage","37.830423918878346"
"wavelet-LLL","glcm","SumEntropy","3.4035180291870066"
"wavelet-LLL","glcm","SumSquares","4.12458260554755"
"wavelet-LLL","gldm","DependenceEntropy","6.688570049168294"
"wavelet-LLL","gldm","DependenceNonUniformity","1638.7725358045493"
"wavelet-LLL","gldm","DependenceNonUniformityNormalized","0.05310001088084211"
"wavelet-LLL","gldm","DependenceVariance","43.8106758754201"
"wavelet-LLL","gldm","GrayLevelNonUniformity","6203.028449225585"
"wavelet-LLL","gldm","GrayLevelVariance","5.681431583186971"
"wavelet-LLL","gldm","HighGrayLevelEmphasis","348.409953988724"
"wavelet-LLL","gldm","LargeDependenceEmphasis","133.50560559911867"
"wavelet-LLL","gldm","LargeDependenceHighGrayLevelEmphasis","52624.074525306205"
"wavelet-LLL","gldm","LargeDependenceLowGrayLevelEmphasis","0.34338733764283796"
"wavelet-LLL","gldm","LowGrayLevelEmphasis","0.00321667775529501"
"wavelet-LLL","gldm","SmallDependenceEmphasis","0.08017303072568585"
"wavelet-LLL","gldm","SmallDependenceHighGrayLevelEmphasis","21.226530634527446"
"wavelet-LLL","gldm","SmallDependenceLowGrayLevelEmphasis","0.0004259062499545238"
"wavelet-LLL","glrlm","GrayLevelNonUniformity","3027.65753031825"
"wavelet-LLL","glrlm","GrayLevelNonUniformityNormalized","0.14463261129910251"
"wavelet-LLL","glrlm","GrayLevelVariance","6.704261932522342"
"wavelet-LLL","glrlm","HighGrayLevelRunEmphasis","330.5914838428661"
"wavelet-LLL","glrlm","LongRunEmphasis","4.014823733898155"
"wavelet-LLL","glrlm","LongRunHighGrayLevelEmphasis","1501.2845385771614"
"wavelet-LLL","glrlm","LongRunLowGrayLevelEmphasis","0.011440689510448217"
"wavelet-LLL","glrlm","LowGrayLevelRunEmphasis","0.0034865537189997294"
"wavelet-LLL","glrlm","RunEntropy","4.278688890837817"
"wavelet-LLL","glrlm","RunLengthNonUniformity","12541.144732693852"
"wavelet-LLL","glrlm","RunLengthNonUniformityNormalized","0.5845138059320587"
"wavelet-LLL","glrlm","RunPercentage","0.6742022801254218"
"wavelet-LLL","glrlm","RunVariance","1.5856688314948149"
"wavelet-LLL","glrlm","ShortRunEmphasis","0.7860701349023638"
"wavelet-LLL","glrlm","ShortRunHighGrayLevelEmphasis","250.5515129063771"
"wavelet-LLL","glrlm","ShortRunLowGrayLevelEmphasis","0.0028880863213483865"
"wavelet-LLL","glszm","GrayLevelNonUniformity","235.75621491579793"
"wavelet-LLL","glszm","GrayLevelNonUniformityNormalized","0.09452935642173133"
"wavelet-LLL","glszm","GrayLevelVariance","10.194712860182804"
"wavelet-LLL","glszm","HighGrayLevelZoneEmphasis","246.9522854851644"
"wavelet-LLL","glszm","LargeAreaEmphasis","60308.451483560544"
"wavelet-LLL","glszm","LargeAreaHighGrayLevelEmphasis","23863569.70970329"
"wavelet-LLL","glszm","LargeAreaLowGrayLevelEmphasis","152.70650262600464"
"wavelet-LLL","glszm","LowGrayLevelZoneEmphasis","0.0056885837428699735"
"wavelet-LLL","glszm","SizeZoneNonUniformity","623.0056134723336"
"wavelet-LLL","glszm","SizeZoneNonUniformityNormalized","0.24980176963606"
"wavelet-LLL","glszm","SmallAreaEmphasis","0.5102061498973962"
"wavelet-LLL","glszm","SmallAreaHighGrayLevelEmphasis","119.42747034478798"
"wavelet-LLL","glszm","SmallAreaLowGrayLevelEmphasis","0.0034125052836613398"
"wavelet-LLL","glszm","ZoneEntropy","6.424505292479937"
"wavelet-LLL","glszm","ZonePercentage","0.08081135376838831"
"wavelet-LLL","glszm","ZoneVariance","60155.32326308079"
"wavelet-LLL","ngtdm","Busyness","4.999773173067431"
"wavelet-LLL","ngtdm","Coarseness","0.0003133049393190929"
"wavelet-LLL","ngtdm","Complexity","223.37359907364626"
"wavelet-LLL","ngtdm","Contrast","0.018758368374317772"
"wavelet-LLL","ngtdm","Strength","0.1777941205737331"
