"Image type","Feature Class","Feature Name","Segmentation_3_segment_Segment_1"
"diagnostics","Versions","PyRadiomics","v3.0.1.post4+gad5b2de"
"diagnostics","Versions","Numpy","1.19.2"
"diagnostics","Versions","SimpleITK","2.0.2"
"diagnostics","Versions","PyWavelet","1.1.1"
"diagnostics","Versions","Python","3.6.7"
"diagnostics","Configuration","Settings","{'minimumROIDimensions': 2, 'minimumROISize': None, 'normalize': False, 'normalizeScale': 1, 'removeOutliers': None, 'resampledPixelSpacing': None, 'interpolator': 'sitkBSpline', 'preCrop': False, 'padDistance': 5, 'distances': [1], 'force2D': False, 'force2Ddimension': 0, 'resegmentRange': None, 'label': 1, 'additionalInfo': True, 'binWidth': 25.0, 'symmetricalGLCM': True, 'correctMask': True}"
"diagnostics","Configuration","EnabledImageTypes","{'Original': {}, 'Wavelet': {}}"
"diagnostics","Image-original","Hash","b51f423994e0de0a5dbbcc8833c38715d02fcb15"
"diagnostics","Image-original","Dimensionality","3D"
"diagnostics","Image-original","Spacing","(0.68359375, 0.68359375, 5.000000002631578)"
"diagnostics","Image-original","Size","(512, 512, 77)"
"diagnostics","Image-original","Mean","-917.1405711979061"
"diagnostics","Image-original","Minimum","-986.0"
"diagnostics","Image-original","Maximum","-769.0"
"diagnostics","Mask-original","Hash","f742f87c50e048c11662f01b8098dbe606e10a3b"
"diagnostics","Mask-original","Spacing","(0.68359375, 0.68359375, 5.000000002631578)"
"diagnostics","Mask-original","Size","(512, 512, 77)"
"diagnostics","Mask-original","BoundingBox","(127, 298, 30, 108, 68, 11)"
"diagnostics","Mask-original","VoxelNum","32442"
"diagnostics","Mask-original","VolumeNum","1"
"diagnostics","Mask-original","CenterOfMassIndex","(181.00024659392145, 333.953547870045, 35.23901115837494)"
"diagnostics","Mask-original","CenterOfMass","(-50.92756567993652, 53.63035511428856, -113.1379521153911)"
"original","shape","Elongation","0.8363730301949235"
"original","shape","Flatness","0.6417189623295204"
"original","shape","LeastAxisLength","38.21069966010816"
"original","shape","MajorAxisLength","59.54428948366825"
"original","shape","Maximum2DDiameterColumn","73.95751982471212"
"original","shape","Maximum2DDiameterRow","63.354618469428615"
"original","shape","Maximum2DDiameterSlice","74.08402914686665"
"original","shape","Maximum3DDiameter","75.06578995239691"
"original","shape","MeshVolume","75637.63463504985"
"original","shape","MinorAxisLength","49.801237826259324"
"original","shape","Sphericity","0.6769229090375408"
"original","shape","SurfaceArea","12777.234683139908"
"original","shape","SurfaceVolumeRatio","0.1689269468141068"
"original","shape","VoxelVolume","75800.80036338147"
"original","firstorder","10Percentile","-855.0"
"original","firstorder","90Percentile","-792.0"
"original","firstorder","Energy","21505173889.0"
"original","firstorder","Entropy","1.9022731732207394"
"original","firstorder","InterquartileRange","18.0"
"original","firstorder","Kurtosis","7.545014236204298"
"original","firstorder","Maximum","-769.0"
"original","firstorder","MeanAbsoluteDeviation","20.135450209358346"
"original","firstorder","Mean","-813.6298933481289"
"original","firstorder","Median","-804.0"
"original","firstorder","Minimum","-974.0"
"original","firstorder","Range","205.0"
"original","firstorder","RobustMeanAbsoluteDeviation","9.368807012144298"
"original","firstorder","RootMeanSquared","814.1748246663752"
"original","firstorder","Skewness","-2.180287162557821"
"original","firstorder","TotalEnergy","50246883445.53026"
"original","firstorder","Uniformity","0.34522520775919835"
"original","firstorder","Variance","887.0417708350592"
"original","glcm","Autocorrelation","51.36831119718931"
"original","glcm","ClusterProminence","105.2013050960532"
"original","glcm","ClusterShade","-13.963547883167946"
"original","glcm","ClusterTendency","3.469204937426581"
"original","glcm","Contrast","1.3095675932395403"
"original","glcm","Correlation","0.41399358350134796"
"original","glcm","DifferenceAverage","0.735935523979482"
"original","glcm","DifferenceEntropy","1.526210472030042"
"original","glcm","DifferenceVariance","0.7454211813046455"
"original","glcm","Id","0.7003943001677402"
"original","glcm","Idm","0.6853139762938502"
"original","glcm","Idmn","0.9851904732973259"
"original","glcm","Idn","0.9310558009364046"
"original","glcm","Imc1","-0.10931644920125848"
"original","glcm","Imc2","0.47015292954013915"
"original","glcm","InverseVariance","0.4627710661154103"
"original","glcm","JointAverage","7.129003062067513"
"original","glcm","JointEnergy","0.1645464686410335"
"original","glcm","JointEntropy","3.2420718615972834"
"original","glcm","MCC","0.46417428285656787"
"original","glcm","MaximumProbability","0.22983960922459057"
"original","glcm","SumAverage","14.258006124135026"
"original","glcm","SumEntropy","2.404418793733513"
"original","glcm","SumSquares","1.1946931326665307"
"original","gldm","DependenceEntropy","5.671469261175567"
"original","gldm","DependenceNonUniformity","1927.3571912952345"
"original","gldm","DependenceNonUniformityNormalized","0.0594093209819134"
"original","gldm","DependenceVariance","21.914871562758496"
"original","gldm","GrayLevelNonUniformity","11199.796190123914"
"original","gldm","GrayLevelVariance","1.556510934076864"
"original","gldm","HighGrayLevelEmphasis","50.269527156155604"
"original","gldm","LargeDependenceEmphasis","147.95740090006782"
"original","gldm","LargeDependenceHighGrayLevelEmphasis","8118.757968066087"
"original","gldm","LargeDependenceLowGrayLevelEmphasis","2.887808188358443"
"original","gldm","LowGrayLevelEmphasis","0.025833980339493474"
"original","gldm","SmallDependenceEmphasis","0.030899076956652304"
"original","gldm","SmallDependenceHighGrayLevelEmphasis","1.0379675009424452"
"original","gldm","SmallDependenceLowGrayLevelEmphasis","0.0016719445383244636"
"original","glrlm","GrayLevelNonUniformity","5789.704543532676"
"original","glrlm","GrayLevelNonUniformityNormalized","0.29520346637094835"
"original","glrlm","GrayLevelVariance","1.954999376605789"
"original","glrlm","HighGrayLevelRunEmphasis","48.01600473528914"
"original","glrlm","LongRunEmphasis","4.548183071690202"
"original","glrlm","LongRunHighGrayLevelEmphasis","237.04001624475575"
"original","glrlm","LongRunLowGrayLevelEmphasis","0.10486195524041814"
"original","glrlm","LowGrayLevelRunEmphasis","0.02897470932534604"
"original","glrlm","RunEntropy","3.6129335073702324"
"original","glrlm","RunLengthNonUniformity","9328.00266445927"
"original","glrlm","RunLengthNonUniformityNormalized","0.4624399791467066"
"original","glrlm","RunPercentage","0.606658984317575"
"original","glrlm","RunVariance","1.5924755748561137"
"original","glrlm","ShortRunEmphasis","0.6972883782904726"
"original","glrlm","ShortRunHighGrayLevelEmphasis","31.795175126835396"
"original","glrlm","ShortRunLowGrayLevelEmphasis","0.0225370347967662"
"original","glszm","GrayLevelNonUniformity","151.14470284237726"
"original","glszm","GrayLevelNonUniformityNormalized","0.1952773938532006"
"original","glszm","GrayLevelVariance","2.6297097530196503"
"original","glszm","HighGrayLevelZoneEmphasis","25.878552971576227"
"original","glszm","LargeAreaEmphasis","456452.42894056847"
"original","glszm","LargeAreaHighGrayLevelEmphasis","25105388.475452196"
"original","glszm","LargeAreaLowGrayLevelEmphasis","8462.454300314275"
"original","glszm","LowGrayLevelZoneEmphasis","0.06985644233767772"
"original","glszm","SizeZoneNonUniformity","172.94315245478037"
"original","glszm","SizeZoneNonUniformityNormalized","0.22344076544545266"
"original","glszm","SmallAreaEmphasis","0.4837463050547874"
"original","glszm","SmallAreaHighGrayLevelEmphasis","13.153718464030941"
"original","glszm","SmallAreaLowGrayLevelEmphasis","0.035028278356835585"
"original","glszm","ZoneEntropy","5.64232292608971"
"original","glszm","ZonePercentage","0.023857961901239136"
"original","glszm","ZoneVariance","454695.58446006855"
"original","ngtdm","Busyness","63.75503727671468"
"original","ngtdm","Coarseness","0.0001763867528423787"
"original","ngtdm","Complexity","25.66742013308301"
"original","ngtdm","Contrast","0.026934865706878714"
"original","ngtdm","Strength","0.010813629639130008"
"wavelet-LLH","firstorder","10Percentile","-51.213685726699424"
"wavelet-LLH","firstorder","90Percentile","42.90126670304968"
"wavelet-LLH","firstorder","Energy","43347723.159234464"
"wavelet-LLH","firstorder","Entropy","2.515507783754721"
"wavelet-LLH","firstorder","InterquartileRange","30.090239835028903"
"wavelet-LLH","firstorder","Kurtosis","4.54851799545832"
"wavelet-LLH","firstorder","Maximum","193.36642169848633"
"wavelet-LLH","firstorder","MeanAbsoluteDeviation","25.198768696663127"
"wavelet-LLH","firstorder","Mean","-5.45321315335923"
"wavelet-LLH","firstorder","Median","-4.726812035464972"
"wavelet-LLH","firstorder","Minimum","-179.19015013332688"
"wavelet-LLH","firstorder","Range","372.55657183181324"
"wavelet-LLH","firstorder","RobustMeanAbsoluteDeviation","14.433941058093282"
"wavelet-LLH","firstorder","RootMeanSquared","36.553531019914786"
"wavelet-LLH","firstorder","Skewness","0.5150861494038406"
"wavelet-LLH","firstorder","TotalEnergy","101282045.16984954"
"wavelet-LLH","firstorder","Uniformity","0.2305182222338671"
"wavelet-LLH","firstorder","Variance","1306.4230963279017"
"wavelet-LLH","glcm","Autocorrelation","67.91232110015372"
"wavelet-LLH","glcm","ClusterProminence","121.02905691602527"
"wavelet-LLH","glcm","ClusterShade","5.3448280178971945"
"wavelet-LLH","glcm","ClusterTendency","4.800275900730557"
"wavelet-LLH","glcm","Contrast","3.05832910080679"
"wavelet-LLH","glcm","Correlation","0.19511394135467006"
"wavelet-LLH","glcm","DifferenceAverage","1.107604697601291"
"wavelet-LLH","glcm","DifferenceEntropy","1.9132813828063238"
"wavelet-LLH","glcm","DifferenceVariance","1.6575682860605654"
"wavelet-LLH","glcm","Id","0.6330364791466834"
"wavelet-LLH","glcm","Idm","0.6022249137327698"
"wavelet-LLH","glcm","Idmn","0.9888922522527354"
"wavelet-LLH","glcm","Idn","0.9404099544387793"
"wavelet-LLH","glcm","Imc1","-0.16271554287741985"
"wavelet-LLH","glcm","Imc2","0.6392174437131614"
"wavelet-LLH","glcm","InverseVariance","0.43689424044369296"
"wavelet-LLH","glcm","JointAverage","8.214324219903704"
"wavelet-LLH","glcm","JointEnergy","0.08677511466913203"
"wavelet-LLH","glcm","JointEntropy","4.439800292723074"
"wavelet-LLH","glcm","MCC","0.5485370366641349"
"wavelet-LLH","glcm","MaximumProbability","0.18897025088314928"
"wavelet-LLH","glcm","SumAverage","16.4286484398074"
"wavelet-LLH","glcm","SumEntropy","2.9915784025914247"
"wavelet-LLH","glcm","SumSquares","1.9646512503843374"
"wavelet-LLH","gldm","DependenceEntropy","6.332809994061966"
"wavelet-LLH","gldm","DependenceNonUniformity","1896.6296159299673"
"wavelet-LLH","gldm","DependenceNonUniformityNormalized","0.05846216681862916"
"wavelet-LLH","gldm","DependenceVariance","22.284705873982823"
"wavelet-LLH","gldm","GrayLevelNonUniformity","7478.472165711115"
"wavelet-LLH","gldm","GrayLevelVariance","2.2040590011644117"
"wavelet-LLH","gldm","HighGrayLevelEmphasis","70.79014857283768"
"wavelet-LLH","gldm","LargeDependenceEmphasis","115.67671536896616"
"wavelet-LLH","gldm","LargeDependenceHighGrayLevelEmphasis","7926.588742987486"
"wavelet-LLH","gldm","LargeDependenceLowGrayLevelEmphasis","1.772367119501483"
"wavelet-LLH","gldm","LowGrayLevelEmphasis","0.016187799449017524"
"wavelet-LLH","gldm","SmallDependenceEmphasis","0.0413166509046209"
"wavelet-LLH","gldm","SmallDependenceHighGrayLevelEmphasis","3.2017687997952495"
"wavelet-LLH","gldm","SmallDependenceLowGrayLevelEmphasis","0.000772238282964344"
"wavelet-LLH","glrlm","GrayLevelNonUniformity","4184.086609569916"
"wavelet-LLH","glrlm","GrayLevelNonUniformityNormalized","0.19340143646203545"
"wavelet-LLH","glrlm","GrayLevelVariance","2.712219261046539"
"wavelet-LLH","glrlm","HighGrayLevelRunEmphasis","71.75222618339252"
"wavelet-LLH","glrlm","LongRunEmphasis","4.567865226529793"
"wavelet-LLH","glrlm","LongRunHighGrayLevelEmphasis","315.45145730655923"
"wavelet-LLH","glrlm","LongRunLowGrayLevelEmphasis","0.07278893815222308"
"wavelet-LLH","glrlm","LowGrayLevelRunEmphasis","0.016487652186641725"
"wavelet-LLH","glrlm","RunEntropy","4.000248864470223"
"wavelet-LLH","glrlm","RunLengthNonUniformity","12345.06382918019"
"wavelet-LLH","glrlm","RunLengthNonUniformityNormalized","0.5349006318660418"
"wavelet-LLH","glrlm","RunPercentage","0.6667709948642074"
"wavelet-LLH","glrlm","RunVariance","1.7169541221633868"
"wavelet-LLH","glrlm","ShortRunEmphasis","0.7418139856950516"
"wavelet-LLH","glrlm","ShortRunHighGrayLevelEmphasis","53.707556874633916"
"wavelet-LLH","glrlm","ShortRunLowGrayLevelEmphasis","0.012454263363895993"
"wavelet-LLH","glszm","GrayLevelNonUniformity","103.78613861386138"
"wavelet-LLH","glszm","GrayLevelNonUniformityNormalized","0.10275855308303107"
"wavelet-LLH","glszm","GrayLevelVariance","7.571140084305461"
"wavelet-LLH","glszm","HighGrayLevelZoneEmphasis","83.14059405940594"
"wavelet-LLH","glszm","LargeAreaEmphasis","212506.39405940595"
"wavelet-LLH","glszm","LargeAreaHighGrayLevelEmphasis","14271483.77029703"
"wavelet-LLH","glszm","LargeAreaLowGrayLevelEmphasis","3248.42947666149"
"wavelet-LLH","glszm","LowGrayLevelZoneEmphasis","0.020121274670572988"
"wavelet-LLH","glszm","SizeZoneNonUniformity","214.81584158415842"
"wavelet-LLH","glszm","SizeZoneNonUniformityNormalized","0.21268895206352317"
"wavelet-LLH","glszm","SmallAreaEmphasis","0.4664651997938049"
"wavelet-LLH","glszm","SmallAreaHighGrayLevelEmphasis","38.012884917272544"
"wavelet-LLH","glszm","SmallAreaLowGrayLevelEmphasis","0.010020709902190813"
"wavelet-LLH","glszm","ZoneEntropy","6.317052310995097"
"wavelet-LLH","glszm","ZonePercentage","0.031132482584304295"
"wavelet-LLH","glszm","ZoneVariance","211474.64877561023"
"wavelet-LLH","ngtdm","Busyness","22.09675903045183"
"wavelet-LLH","ngtdm","Coarseness","0.0002357260423140145"
"wavelet-LLH","ngtdm","Complexity","102.23249629575945"
"wavelet-LLH","ngtdm","Contrast","0.01622728352051144"
"wavelet-LLH","ngtdm","Strength","0.026238455419387637"
"wavelet-LHL","firstorder","10Percentile","-16.462809532118502"
"wavelet-LHL","firstorder","90Percentile","15.460987880622076"
"wavelet-LHL","firstorder","Energy","5751860.626236379"
"wavelet-LHL","firstorder","Entropy","1.3432245080804328"
"wavelet-LHL","firstorder","InterquartileRange","16.332833300110792"
"wavelet-LHL","firstorder","Kurtosis","5.070325395590126"
"wavelet-LHL","firstorder","Maximum","88.3404494413427"
"wavelet-LHL","firstorder","MeanAbsoluteDeviation","10.160634286407662"
"wavelet-LHL","firstorder","Mean","-0.4734340661630113"
"wavelet-LHL","firstorder","Median","-0.46056062151415267"
"wavelet-LHL","firstorder","Minimum","-141.00986174468395"
"wavelet-LHL","firstorder","Range","229.35031118602666"
"wavelet-LHL","firstorder","RobustMeanAbsoluteDeviation","6.800723319535064"
"wavelet-LHL","firstorder","RootMeanSquared","13.315281951173889"
"wavelet-LHL","firstorder","Skewness","-0.05329849690998733"
"wavelet-LHL","firstorder","TotalEnergy","13439234.296508787"
"wavelet-LHL","firstorder","Uniformity","0.44451259374015156"
"wavelet-LHL","firstorder","Variance","177.07259362425347"
"wavelet-LHL","glcm","Autocorrelation","42.01879072262412"
"wavelet-LHL","glcm","ClusterProminence","2.2690340660983117"
"wavelet-LHL","glcm","ClusterShade","-0.01918940955271385"
"wavelet-LHL","glcm","ClusterTendency","0.7551329806312033"
"wavelet-LHL","glcm","Contrast","0.6968873961876982"
"wavelet-LHL","glcm","Correlation","0.03984002637110436"
"wavelet-LHL","glcm","DifferenceAverage","0.5858901744965735"
"wavelet-LHL","glcm","DifferenceEntropy","1.1983400346771729"
"wavelet-LHL","glcm","DifferenceVariance","0.3341065148640889"
"wavelet-LHL","glcm","Id","0.7240950652577663"
"wavelet-LHL","glcm","Idm","0.7180544396741511"
"wavelet-LHL","glcm","Idmn","0.9931846839573433"
"wavelet-LHL","glcm","Idn","0.9475563321675888"
"wavelet-LHL","glcm","Imc1","-0.05136919434146344"
"wavelet-LHL","glcm","Imc2","0.3008234344154555"
"wavelet-LHL","glcm","InverseVariance","0.5018505636491573"
"wavelet-LHL","glcm","JointAverage","6.481066936022136"
"wavelet-LHL","glcm","JointEnergy","0.2182408962385491"
"wavelet-LHL","glcm","JointEntropy","2.5429666291326223"
"wavelet-LHL","glcm","MCC","0.2463642937616033"
"wavelet-LHL","glcm","MaximumProbability","0.2763781468446828"
"wavelet-LHL","glcm","SumAverage","12.962133872044273"
"wavelet-LHL","glcm","SumEntropy","1.7890416129756166"
"wavelet-LHL","glcm","SumSquares","0.36300509420472543"
"wavelet-LHL","gldm","DependenceEntropy","5.123852685943868"
"wavelet-LHL","gldm","DependenceNonUniformity","2351.7585845508906"
"wavelet-LHL","gldm","DependenceNonUniformityNormalized","0.07249117146140469"
"wavelet-LHL","gldm","DependenceVariance","16.24321674313894"
"wavelet-LHL","gldm","GrayLevelNonUniformity","14420.877566117995"
"wavelet-LHL","gldm","GrayLevelVariance","0.3837771187801881"
"wavelet-LHL","gldm","HighGrayLevelEmphasis","42.36412674927563"
"wavelet-LHL","gldm","LargeDependenceEmphasis","148.46131557857098"
"wavelet-LHL","gldm","LargeDependenceHighGrayLevelEmphasis","6250.20273102768"
"wavelet-LHL","gldm","LargeDependenceLowGrayLevelEmphasis","3.6147970874158757"
"wavelet-LHL","gldm","LowGrayLevelEmphasis","0.024541543388150774"
"wavelet-LHL","gldm","SmallDependenceEmphasis","0.02740987606473641"
"wavelet-LHL","gldm","SmallDependenceHighGrayLevelEmphasis","1.1999790933471606"
"wavelet-LHL","gldm","SmallDependenceLowGrayLevelEmphasis","0.0007779671143706935"
"wavelet-LHL","glrlm","GrayLevelNonUniformity","8066.126555600769"
"wavelet-LHL","glrlm","GrayLevelNonUniformityNormalized","0.41559791521615613"
"wavelet-LHL","glrlm","GrayLevelVariance","0.4616137740857718"
"wavelet-LHL","glrlm","HighGrayLevelRunEmphasis","42.491890750217344"
"wavelet-LHL","glrlm","LongRunEmphasis","4.750806895981207"
"wavelet-LHL","glrlm","LongRunHighGrayLevelEmphasis","200.63276652448096"
"wavelet-LHL","glrlm","LongRunLowGrayLevelEmphasis","0.11598170445508756"
"wavelet-LHL","glrlm","LowGrayLevelRunEmphasis","0.024689562414490725"
"wavelet-LHL","glrlm","RunEntropy","3.07486841126917"
"wavelet-LHL","glrlm","RunLengthNonUniformity","8626.174854995972"
"wavelet-LHL","glrlm","RunLengthNonUniformityNormalized","0.428915243030917"
"wavelet-LHL","glrlm","RunPercentage","0.5962071958003159"
"wavelet-LHL","glrlm","RunVariance","1.4615358831708511"
"wavelet-LHL","glrlm","ShortRunEmphasis","0.6617555202967126"
"wavelet-LHL","glrlm","ShortRunHighGrayLevelEmphasis","28.202502604613585"
"wavelet-LHL","glrlm","ShortRunLowGrayLevelEmphasis","0.016452037981955547"
"wavelet-LHL","glszm","GrayLevelNonUniformity","270.391979301423"
"wavelet-LHL","glszm","GrayLevelNonUniformityNormalized","0.3497955747754502"
"wavelet-LHL","glszm","GrayLevelVariance","2.5216483216714165"
"wavelet-LHL","glszm","HighGrayLevelZoneEmphasis","44.71280724450194"
"wavelet-LHL","glszm","LargeAreaEmphasis","596725.4126778784"
"wavelet-LHL","glszm","LargeAreaHighGrayLevelEmphasis","25128538.883570503"
"wavelet-LHL","glszm","LargeAreaLowGrayLevelEmphasis","14508.721712046863"
"wavelet-LHL","glszm","LowGrayLevelZoneEmphasis","0.02994684223169408"
"wavelet-LHL","glszm","SizeZoneNonUniformity","222.28072445019404"
"wavelet-LHL","glszm","SizeZoneNonUniformityNormalized","0.28755591778809064"
"wavelet-LHL","glszm","SmallAreaEmphasis","0.5398712490680093"
"wavelet-LHL","glszm","SmallAreaHighGrayLevelEmphasis","24.21882092649103"
"wavelet-LHL","glszm","SmallAreaLowGrayLevelEmphasis","0.01702420860198433"
"wavelet-LHL","glszm","ZoneEntropy","4.203485665300349"
"wavelet-LHL","glszm","ZonePercentage","0.023827137661056656"
"wavelet-LHL","glszm","ZoneVariance","594964.0197346071"
"wavelet-LHL","ngtdm","Busyness","70.54952058723087"
"wavelet-LHL","ngtdm","Coarseness","0.00014006178382239384"
"wavelet-LHL","ngtdm","Complexity","27.260456297433286"
"wavelet-LHL","ngtdm","Contrast","0.004662532818720108"
"wavelet-LHL","ngtdm","Strength","0.010816978942737544"
"wavelet-LHH","firstorder","10Percentile","-12.438133246085046"
"wavelet-LHH","firstorder","90Percentile","12.310012162751004"
"wavelet-LHH","firstorder","Energy","3393927.843605464"
"wavelet-LHH","firstorder","Entropy","1.152089142334726"
"wavelet-LHH","firstorder","InterquartileRange","12.813213388003167"
"wavelet-LHH","firstorder","Kurtosis","4.3470909194189495"
"wavelet-LHH","firstorder","Maximum","66.22173934462114"
"wavelet-LHH","firstorder","MeanAbsoluteDeviation","7.879448968022817"
"wavelet-LHH","firstorder","Mean","-0.05166449031921852"
"wavelet-LHH","firstorder","Median","0.0504345160036844"
"wavelet-LHH","firstorder","Minimum","-63.278363123826715"
"wavelet-LHH","firstorder","Range","129.50010246844786"
"wavelet-LHH","firstorder","RobustMeanAbsoluteDeviation","5.321005707903405"
"wavelet-LHH","firstorder","RootMeanSquared","10.228159512507592"
"wavelet-LHH","firstorder","Skewness","-0.052552828085762504"
"wavelet-LHH","firstorder","TotalEnergy","7929919.453820958"
"wavelet-LHH","firstorder","Uniformity","0.4790488431891261"
"wavelet-LHH","firstorder","Variance","104.61257779373962"
"wavelet-LHH","glcm","Autocorrelation","12.256243954408612"
"wavelet-LHH","glcm","ClusterProminence","0.8605033820724478"
"wavelet-LHH","glcm","ClusterShade","-0.014087029423992417"
"wavelet-LHH","glcm","ClusterTendency","0.5649258668104911"
"wavelet-LHH","glcm","Contrast","0.5836936005142863"
"wavelet-LHH","glcm","Correlation","-0.01645080372905109"
"wavelet-LHH","glcm","DifferenceAverage","0.5425945429876149"
"wavelet-LHH","glcm","DifferenceEntropy","1.082641208659538"
"wavelet-LHH","glcm","DifferenceVariance","0.2758344463100545"
"wavelet-LHH","glcm","Id","0.7352243018516027"
"wavelet-LHH","glcm","Idm","0.7328048371253625"
"wavelet-LHH","glcm","Idmn","0.9844168159795633"
"wavelet-LHH","glcm","Idn","0.923204510717352"
"wavelet-LHH","glcm","Imc1","-0.039067364484850896"
"wavelet-LHH","glcm","Imc2","0.24698045446728858"
"wavelet-LHH","glcm","InverseVariance","0.5096783452662422"
"wavelet-LHH","glcm","JointAverage","3.5015618500394528"
"wavelet-LHH","glcm","JointEnergy","0.24478750752077139"
"wavelet-LHH","glcm","JointEntropy","2.2197708249623345"
"wavelet-LHH","glcm","MCC","0.2026571087820806"
"wavelet-LHH","glcm","MaximumProbability","0.2893285741436089"
"wavelet-LHH","glcm","SumAverage","7.0031237000789055"
"wavelet-LHH","glcm","SumEntropy","1.5844441743218225"
"wavelet-LHH","glcm","SumSquares","0.28715486683119434"
"wavelet-LHH","gldm","DependenceEntropy","4.711423288044249"
"wavelet-LHH","gldm","DependenceNonUniformity","3019.6430552986867"
"wavelet-LHH","gldm","DependenceNonUniformityNormalized","0.09307820280188296"
"wavelet-LHH","gldm","DependenceVariance","11.019622968596394"
"wavelet-LHH","gldm","GrayLevelNonUniformity","15541.302570741631"
"wavelet-LHH","gldm","GrayLevelVariance","0.29444827975447224"
"wavelet-LHH","gldm","HighGrayLevelEmphasis","12.548116638924851"
"wavelet-LHH","gldm","LargeDependenceEmphasis","150.01559706553235"
"wavelet-LHH","gldm","LargeDependenceHighGrayLevelEmphasis","1888.4332655200049"
"wavelet-LHH","gldm","LargeDependenceLowGrayLevelEmphasis","12.941329817657495"
"wavelet-LHH","gldm","LowGrayLevelEmphasis","0.08822071354691106"
"wavelet-LHH","gldm","SmallDependenceEmphasis","0.018811694484553068"
"wavelet-LHH","gldm","SmallDependenceHighGrayLevelEmphasis","0.24739992197161967"
"wavelet-LHH","gldm","SmallDependenceLowGrayLevelEmphasis","0.00233484984814044"
"wavelet-LHH","glrlm","GrayLevelNonUniformity","8851.849122880933"
"wavelet-LHH","glrlm","GrayLevelNonUniformityNormalized","0.4655729534653202"
"wavelet-LHH","glrlm","GrayLevelVariance","0.32421201079120554"
"wavelet-LHH","glrlm","HighGrayLevelRunEmphasis","12.541420167481899"
"wavelet-LHH","glrlm","LongRunEmphasis","5.132453493964968"
"wavelet-LHH","glrlm","LongRunHighGrayLevelEmphasis","64.55545257896905"
"wavelet-LHH","glrlm","LongRunLowGrayLevelEmphasis","0.44647473038032903"
"wavelet-LHH","glrlm","LowGrayLevelRunEmphasis","0.08944937055187835"
"wavelet-LHH","glrlm","RunEntropy","2.88803312786609"
"wavelet-LHH","glrlm","RunLengthNonUniformity","8140.603570461826"
"wavelet-LHH","glrlm","RunLengthNonUniformityNormalized","0.41340747300933844"
"wavelet-LHH","glrlm","RunPercentage","0.5850132544232785"
"wavelet-LHH","glrlm","RunVariance","1.5971174990832113"
"wavelet-LHH","glrlm","ShortRunEmphasis","0.6462742274855405"
"wavelet-LHH","glrlm","ShortRunHighGrayLevelEmphasis","8.105318785604428"
"wavelet-LHH","glrlm","ShortRunLowGrayLevelEmphasis","0.058709697657379704"
"wavelet-LHH","glszm","GrayLevelNonUniformity","152.92934782608697"
"wavelet-LHH","glszm","GrayLevelNonUniformityNormalized","0.4155688799621928"
"wavelet-LHH","glszm","GrayLevelVariance","2.2391821242911156"
"wavelet-LHH","glszm","HighGrayLevelZoneEmphasis","13.980978260869565"
"wavelet-LHH","glszm","LargeAreaEmphasis","1364790.0380434783"
"wavelet-LHH","glszm","LargeAreaHighGrayLevelEmphasis","17114433.43478261"
"wavelet-LHH","glszm","LargeAreaLowGrayLevelEmphasis","118093.14471542873"
"wavelet-LHH","glszm","LowGrayLevelZoneEmphasis","0.15851600241545893"
"wavelet-LHH","glszm","SizeZoneNonUniformity","136.65217391304347"
"wavelet-LHH","glszm","SizeZoneNonUniformityNormalized","0.37133742911153117"
"wavelet-LHH","glszm","SmallAreaEmphasis","0.624079125787457"
"wavelet-LHH","glszm","SmallAreaHighGrayLevelEmphasis","8.723446071343725"
"wavelet-LHH","glszm","SmallAreaLowGrayLevelEmphasis","0.10465325612453737"
"wavelet-LHH","glszm","ZoneEntropy","3.398362858824213"
"wavelet-LHH","glszm","ZonePercentage","0.011343320387152456"
"wavelet-LHH","glszm","ZoneVariance","1357018.2740725423"
"wavelet-LHH","ngtdm","Busyness","277.7458067769509"
"wavelet-LHH","ngtdm","Coarseness","0.0001263813141629056"
"wavelet-LHH","ngtdm","Complexity","8.80933641101281"
"wavelet-LHH","ngtdm","Contrast","0.01040621102855519"
"wavelet-LHH","ngtdm","Strength","0.0022405500454084006"
"wavelet-HLL","firstorder","10Percentile","-10.776483360606404"
"wavelet-HLL","firstorder","90Percentile","10.162019197713882"
"wavelet-HLL","firstorder","Energy","3323208.439123666"
"wavelet-HLL","firstorder","Entropy","1.2205867386055"
"wavelet-HLL","firstorder","InterquartileRange","9.974282440173543"
"wavelet-HLL","firstorder","Kurtosis","8.226343794623912"
"wavelet-HLL","firstorder","Maximum","76.40398594474819"
"wavelet-HLL","firstorder","MeanAbsoluteDeviation","7.029364720864679"
"wavelet-HLL","firstorder","Mean","-0.2886783383482739"
"wavelet-HLL","firstorder","Median","-0.1683121240066533"
"wavelet-HLL","firstorder","Minimum","-107.93686980096902"
"wavelet-HLL","firstorder","Range","184.3408557457172"
"wavelet-HLL","firstorder","RobustMeanAbsoluteDeviation","4.2195002004304145"
"wavelet-HLL","firstorder","RootMeanSquared","10.121036266311405"
"wavelet-HLL","firstorder","Skewness","-0.10098458080203626"
"wavelet-HLL","firstorder","TotalEnergy","7764683.418405694"
"wavelet-HLL","firstorder","Uniformity","0.46813036752189463"
"wavelet-HLL","firstorder","Variance","102.35203992095917"
"wavelet-HLL","glcm","Autocorrelation","30.136885576702234"
"wavelet-HLL","glcm","ClusterProminence","1.5298611913859532"
"wavelet-HLL","glcm","ClusterShade","-0.009065974469943009"
"wavelet-HLL","glcm","ClusterTendency","0.6575833064914479"
"wavelet-HLL","glcm","Contrast","0.5748656890167525"
"wavelet-HLL","glcm","Correlation","0.06703934581821636"
"wavelet-HLL","glcm","DifferenceAverage","0.5275135788561536"
"wavelet-HLL","glcm","DifferenceEntropy","1.1012108214353147"
"wavelet-HLL","glcm","DifferenceVariance","0.28698876698510634"
"wavelet-HLL","glcm","Id","0.7434667622194076"
"wavelet-HLL","glcm","Idm","0.7409382074430264"
"wavelet-HLL","glcm","Idmn","0.9930440248963952"
"wavelet-HLL","glcm","Idn","0.9476663009920112"
"wavelet-HLL","glcm","Imc1","-0.03564155745075014"
"wavelet-HLL","glcm","Imc2","0.2379959876703549"
"wavelet-HLL","glcm","InverseVariance","0.49211170821565503"
"wavelet-HLL","glcm","JointAverage","5.487823425074416"
"wavelet-HLL","glcm","JointEnergy","0.23491066291208598"
"wavelet-HLL","glcm","JointEntropy","2.3203386881319608"
"wavelet-HLL","glcm","MCC","0.21870846097243807"
"wavelet-HLL","glcm","MaximumProbability","0.27458470338760144"
"wavelet-HLL","glcm","SumAverage","10.97564685014883"
"wavelet-HLL","glcm","SumEntropy","1.698701083655679"
"wavelet-HLL","glcm","SumSquares","0.30811224887705013"
"wavelet-HLL","gldm","DependenceEntropy","4.997057065752657"
"wavelet-HLL","gldm","DependenceNonUniformity","2537.8387892238457"
"wavelet-HLL","gldm","DependenceNonUniformityNormalized","0.07822695238344879"
"wavelet-HLL","gldm","DependenceVariance","14.281029460528366"
"wavelet-HLL","gldm","GrayLevelNonUniformity","15187.085383145306"
"wavelet-HLL","gldm","GrayLevelVariance","0.3247523986516903"
"wavelet-HLL","gldm","HighGrayLevelEmphasis","30.43995438012453"
"wavelet-HLL","gldm","LargeDependenceEmphasis","162.32155847358362"
"wavelet-HLL","gldm","LargeDependenceHighGrayLevelEmphasis","4913.606220331669"
"wavelet-HLL","gldm","LargeDependenceLowGrayLevelEmphasis","5.547108222470525"
"wavelet-HLL","gldm","LowGrayLevelEmphasis","0.03437157259922465"
"wavelet-HLL","gldm","SmallDependenceEmphasis","0.017836042633836282"
"wavelet-HLL","gldm","SmallDependenceHighGrayLevelEmphasis","0.5686116169678779"
"wavelet-HLL","gldm","SmallDependenceLowGrayLevelEmphasis","0.0007124756589137172"
"wavelet-HLL","glrlm","GrayLevelNonUniformity","8325.568222209058"
"wavelet-HLL","glrlm","GrayLevelNonUniformityNormalized","0.4493791540691952"
"wavelet-HLL","glrlm","GrayLevelVariance","0.3718904980783585"
"wavelet-HLL","glrlm","HighGrayLevelRunEmphasis","30.52612976252989"
"wavelet-HLL","glrlm","LongRunEmphasis","4.785271146796706"
"wavelet-HLL","glrlm","LongRunHighGrayLevelEmphasis","145.2238559484335"
"wavelet-HLL","glrlm","LongRunLowGrayLevelEmphasis","0.16389331443679322"
"wavelet-HLL","glrlm","LowGrayLevelRunEmphasis","0.03454228534279582"
"wavelet-HLL","glrlm","RunEntropy","3.0174117464886403"
"wavelet-HLL","glrlm","RunLengthNonUniformity","7652.996142248614"
"wavelet-HLL","glrlm","RunLengthNonUniformityNormalized","0.40242233838648134"
"wavelet-HLL","glrlm","RunPercentage","0.5704926662019321"
"wavelet-HLL","glrlm","RunVariance","1.4234826492447579"
"wavelet-HLL","glrlm","ShortRunEmphasis","0.6356057182763055"
"wavelet-HLL","glrlm","ShortRunHighGrayLevelEmphasis","19.460942738234426"
"wavelet-HLL","glrlm","ShortRunLowGrayLevelEmphasis","0.022096088564203312"
"wavelet-HLL","glszm","GrayLevelNonUniformity","125.26221079691517"
"wavelet-HLL","glszm","GrayLevelNonUniformityNormalized","0.32201082467073305"
"wavelet-HLL","glszm","GrayLevelVariance","2.5581115641583123"
"wavelet-HLL","glszm","HighGrayLevelZoneEmphasis","32.59640102827763"
"wavelet-HLL","glszm","LargeAreaEmphasis","1258107.089974293"
"wavelet-HLL","glszm","LargeAreaHighGrayLevelEmphasis","38133900.10025707"
"wavelet-HLL","glszm","LargeAreaLowGrayLevelEmphasis","42900.90086849497"
"wavelet-HLL","glszm","LowGrayLevelZoneEmphasis","0.0459290935502069"
"wavelet-HLL","glszm","SizeZoneNonUniformity","94.12596401028277"
"wavelet-HLL","glszm","SizeZoneNonUniformityNormalized","0.2419690591523979"
"wavelet-HLL","glszm","SmallAreaEmphasis","0.47591837002042947"
"wavelet-HLL","glszm","SmallAreaHighGrayLevelEmphasis","16.25664595852314"
"wavelet-HLL","glszm","SmallAreaLowGrayLevelEmphasis","0.022868616580765125"
"wavelet-HLL","glszm","ZoneEntropy","4.490518931728086"
"wavelet-HLL","glszm","ZonePercentage","0.011990629430984527"
"wavelet-HLL","glszm","ZoneVariance","1251151.7872469781"
"wavelet-HLL","ngtdm","Busyness","95.37128957799642"
"wavelet-HLL","ngtdm","Coarseness","0.0001376491817400109"
"wavelet-HLL","ngtdm","Complexity","19.87972648861068"
"wavelet-HLL","ngtdm","Contrast","0.004557598369101848"
"wavelet-HLL","ngtdm","Strength","0.007939168869904839"
"wavelet-HLH","firstorder","10Percentile","-8.089950454453447"
"wavelet-HLH","firstorder","90Percentile","8.043067583677573"
"wavelet-HLH","firstorder","Energy","1927787.7602824136"
"wavelet-HLH","firstorder","Entropy","1.1061807536613355"
"wavelet-HLH","firstorder","InterquartileRange","7.7851007026161065"
"wavelet-HLH","firstorder","Kurtosis","8.649242386994462"
"wavelet-HLH","firstorder","Maximum","97.77128501989826"
"wavelet-HLH","firstorder","MeanAbsoluteDeviation","5.401662352513346"
"wavelet-HLH","firstorder","Mean","-0.007791613697860095"
"wavelet-HLH","firstorder","Median","0.0025594414157437614"
"wavelet-HLH","firstorder","Minimum","-60.34277707161908"
"wavelet-HLH","firstorder","Range","158.11406209151733"
"wavelet-HLH","firstorder","RobustMeanAbsoluteDeviation","3.300006175587909"
"wavelet-HLH","firstorder","RootMeanSquared","7.7086051230938875"
"wavelet-HLH","firstorder","Skewness","0.14858541748735035"
"wavelet-HLH","firstorder","TotalEnergy","4504280.104806655"
"wavelet-HLH","firstorder","Uniformity","0.48653052534139624"
"wavelet-HLH","firstorder","Variance","59.422532234545315"
"wavelet-HLH","glcm","Autocorrelation","12.26701202232053"
"wavelet-HLH","glcm","ClusterProminence","0.7320462685866735"
"wavelet-HLH","glcm","ClusterShade","0.008307114774545273"
"wavelet-HLH","glcm","ClusterTendency","0.5382289776097541"
"wavelet-HLH","glcm","Contrast","0.5558243884458903"
"wavelet-HLH","glcm","Correlation","-0.016305611973006826"
"wavelet-HLH","glcm","DifferenceAverage","0.5290063743959584"
"wavelet-HLH","glcm","DifferenceEntropy","1.0638429703368686"
"wavelet-HLH","glcm","DifferenceVariance","0.26917202000996"
"wavelet-HLH","glcm","Id","0.7396827335530616"
"wavelet-HLH","glcm","Idm","0.7381651932807779"
"wavelet-HLH","glcm","Idmn","0.988958026831802"
"wavelet-HLH","glcm","Idn","0.9342368667471994"
"wavelet-HLH","glcm","Imc1","-0.0238568862445244"
"wavelet-HLH","glcm","Imc2","0.18181016400818079"
"wavelet-HLH","glcm","InverseVariance","0.5081261642798618"
"wavelet-HLH","glcm","JointAverage","3.503057230613553"
"wavelet-HLH","glcm","JointEnergy","0.24565612063893705"
"wavelet-HLH","glcm","JointEntropy","2.1549763199973384"
"wavelet-HLH","glcm","MCC","0.16841567533798923"
"wavelet-HLH","glcm","MaximumProbability","0.27534843869565107"
"wavelet-HLH","glcm","SumAverage","7.006114461227105"
"wavelet-HLH","glcm","SumEntropy","1.5593613940739508"
"wavelet-HLH","glcm","SumSquares","0.2735133415139111"
"wavelet-HLH","gldm","DependenceEntropy","4.686665223899203"
"wavelet-HLH","gldm","DependenceNonUniformity","3060.680044386906"
"wavelet-HLH","gldm","DependenceNonUniformityNormalized","0.09434313680990401"
"wavelet-HLH","gldm","DependenceVariance","10.338956339076155"
"wavelet-HLH","gldm","GrayLevelNonUniformity","15784.023303125578"
"wavelet-HLH","gldm","GrayLevelVariance","0.2787237984314591"
"wavelet-HLH","gldm","HighGrayLevelEmphasis","12.543400530176932"
"wavelet-HLH","gldm","LargeDependenceEmphasis","153.44078663460945"
"wavelet-HLH","gldm","LargeDependenceHighGrayLevelEmphasis","1922.1238826212934"
"wavelet-HLH","gldm","LargeDependenceLowGrayLevelEmphasis","13.297887216411747"
"wavelet-HLH","gldm","LowGrayLevelEmphasis","0.08755099244966878"
"wavelet-HLH","gldm","SmallDependenceEmphasis","0.014761752364284505"
"wavelet-HLH","gldm","SmallDependenceHighGrayLevelEmphasis","0.1996193224260961"
"wavelet-HLH","gldm","SmallDependenceLowGrayLevelEmphasis","0.0016109622393288513"
"wavelet-HLH","glrlm","GrayLevelNonUniformity","8972.968312796747"
"wavelet-HLH","glrlm","GrayLevelNonUniformityNormalized","0.4780418371090996"
"wavelet-HLH","glrlm","GrayLevelVariance","0.2974075560740927"
"wavelet-HLH","glrlm","HighGrayLevelRunEmphasis","12.564107372598395"
"wavelet-HLH","glrlm","LongRunEmphasis","4.68523530901894"
"wavelet-HLH","glrlm","LongRunHighGrayLevelEmphasis","58.66884088206673"
"wavelet-HLH","glrlm","LongRunLowGrayLevelEmphasis","0.4081738007074937"
"wavelet-HLH","glrlm","LowGrayLevelRunEmphasis","0.08809859174195138"
"wavelet-HLH","glrlm","RunEntropy","2.8401073931603573"
"wavelet-HLH","glrlm","RunLengthNonUniformity","7879.949578452544"
"wavelet-HLH","glrlm","RunLengthNonUniformityNormalized","0.40981900017493894"
"wavelet-HLH","glrlm","RunPercentage","0.5783647029254576"
"wavelet-HLH","glrlm","RunVariance","1.3805311889550178"
"wavelet-HLH","glrlm","ShortRunEmphasis","0.6423556246584385"
"wavelet-HLH","glrlm","ShortRunHighGrayLevelEmphasis","8.08807800016936"
"wavelet-HLH","glrlm","ShortRunLowGrayLevelEmphasis","0.05701344679937755"
"wavelet-HLH","glszm","GrayLevelNonUniformity","86.49056603773585"
"wavelet-HLH","glszm","GrayLevelNonUniformityNormalized","0.4079743681025276"
"wavelet-HLH","glszm","GrayLevelVariance","2.279725881096476"
"wavelet-HLH","glszm","HighGrayLevelZoneEmphasis","15.471698113207546"
"wavelet-HLH","glszm","LargeAreaEmphasis","2411342.283018868"
"wavelet-HLH","glszm","LargeAreaHighGrayLevelEmphasis","30110686.6745283"
"wavelet-HLH","glszm","LargeAreaLowGrayLevelEmphasis","209534.58685727124"
"wavelet-HLH","glszm","LowGrayLevelZoneEmphasis","0.1461274494074359"
"wavelet-HLH","glszm","SizeZoneNonUniformity","75.65094339622641"
"wavelet-HLH","glszm","SizeZoneNonUniformityNormalized","0.3568440726237095"
"wavelet-HLH","glszm","SmallAreaEmphasis","0.611494908720537"
"wavelet-HLH","glszm","SmallAreaHighGrayLevelEmphasis","9.350892809400555"
"wavelet-HLH","glszm","SmallAreaLowGrayLevelEmphasis","0.09406412882797113"
"wavelet-HLH","glszm","ZoneEntropy","3.511769373664461"
"wavelet-HLH","glszm","ZonePercentage","0.0065347389186856545"
"wavelet-HLH","glszm","ZoneVariance","2387924.6218405124"
"wavelet-HLH","ngtdm","Busyness","224.2585075014409"
"wavelet-HLH","ngtdm","Coarseness","0.00012513572758147094"
"wavelet-HLH","ngtdm","Complexity","12.336597113618339"
"wavelet-HLH","ngtdm","Contrast","0.0068989437169581875"
"wavelet-HLH","ngtdm","Strength","0.0037580951703078515"
"wavelet-HHL","firstorder","10Percentile","-7.056800789458328"
"wavelet-HHL","firstorder","90Percentile","7.150199760868557"
"wavelet-HHL","firstorder","Energy","1085996.7571116798"
"wavelet-HHL","firstorder","Entropy","1.01360247493592"
"wavelet-HHL","firstorder","InterquartileRange","7.3701090325664405"
"wavelet-HHL","firstorder","Kurtosis","4.357132427944064"
"wavelet-HHL","firstorder","Maximum","37.70153303787603"
"wavelet-HHL","firstorder","MeanAbsoluteDeviation","4.489778488852871"
"wavelet-HHL","firstorder","Mean","0.009853595836652868"
"wavelet-HHL","firstorder","Median","0.020468070063908824"
"wavelet-HHL","firstorder","Minimum","-42.52552427209797"
"wavelet-HHL","firstorder","Range","80.227057309974"
"wavelet-HHL","firstorder","RobustMeanAbsoluteDeviation","3.062076668988327"
"wavelet-HHL","firstorder","RootMeanSquared","5.785760527243093"
"wavelet-HHL","firstorder","Skewness","-0.057844928081721744"
"wavelet-HHL","firstorder","TotalEnergy","2537433.6779823103"
"wavelet-HHL","firstorder","Uniformity","0.4987747929857066"
"wavelet-HHL","firstorder","Variance","33.47492778525335"
"wavelet-HHL","glcm","Autocorrelation","6.257764661330937"
"wavelet-HHL","glcm","ClusterProminence","0.5129248560278404"
"wavelet-HHL","glcm","ClusterShade","-0.00392767060492043"
"wavelet-HHL","glcm","ClusterTendency","0.498605509331226"
"wavelet-HHL","glcm","Contrast","0.5087721031013553"
"wavelet-HHL","glcm","Correlation","-0.01003995022818293"
"wavelet-HHL","glcm","DifferenceAverage","0.50678554974643"
"wavelet-HHL","glcm","DifferenceEntropy","0.9944311118256072"
"wavelet-HHL","glcm","DifferenceVariance","0.24679034051319626"
"wavelet-HHL","glcm","Id","0.7469278365454362"
"wavelet-HHL","glcm","Idm","0.7468058804622776"
"wavelet-HHL","glcm","Idmn","0.9701099494112998"
"wavelet-HHL","glcm","Idn","0.8987079106893447"
"wavelet-HHL","glcm","Imc1","-0.016146032885915738"
"wavelet-HHL","glcm","Imc2","0.12297483442710702"
"wavelet-HHL","glcm","InverseVariance","0.5051463009619175"
"wavelet-HHL","glcm","JointAverage","2.502060353899651"
"wavelet-HHL","glcm","JointEnergy","0.2542444521217343"
"wavelet-HHL","glcm","JointEntropy","2.0047892397146123"
"wavelet-HHL","glcm","MCC","0.1625150681452493"
"wavelet-HHL","glcm","MaximumProbability","0.27329857175157823"
"wavelet-HHL","glcm","SumAverage","5.004120707799302"
"wavelet-HHL","glcm","SumEntropy","1.4896081841457252"
"wavelet-HHL","glcm","SumSquares","0.2518444031081453"
"wavelet-HHL","gldm","DependenceEntropy","4.583830105118139"
"wavelet-HHL","gldm","DependenceNonUniformity","3164.6303557117317"
"wavelet-HHL","gldm","DependenceNonUniformityNormalized","0.09754732617322397"
"wavelet-HHL","gldm","DependenceVariance","9.050241090556561"
"wavelet-HHL","gldm","GrayLevelNonUniformity","16181.25183404229"
"wavelet-HHL","gldm","GrayLevelVariance","0.2524644940611147"
"wavelet-HHL","gldm","HighGrayLevelEmphasis","6.508476666050182"
"wavelet-HHL","gldm","LargeDependenceEmphasis","156.97527895937364"
"wavelet-HHL","gldm","LargeDependenceHighGrayLevelEmphasis","1026.3153936255471"
"wavelet-HHL","gldm","LargeDependenceLowGrayLevelEmphasis","28.181897694346834"
"wavelet-HHL","gldm","LowGrayLevelEmphasis","0.1809173122632527"
"wavelet-HHL","gldm","SmallDependenceEmphasis","0.010328883950275812"
"wavelet-HHL","gldm","SmallDependenceHighGrayLevelEmphasis","0.06835692342982831"
"wavelet-HHL","gldm","SmallDependenceLowGrayLevelEmphasis","0.002078440853348425"
"wavelet-HHL","glrlm","GrayLevelNonUniformity","9219.10570144318"
"wavelet-HHL","glrlm","GrayLevelNonUniformityNormalized","0.49794614970811335"
"wavelet-HHL","glrlm","GrayLevelVariance","0.2541168129009538"
"wavelet-HHL","glrlm","HighGrayLevelRunEmphasis","6.496808947104895"
"wavelet-HHL","glrlm","LongRunEmphasis","4.538877588406805"
"wavelet-HHL","glrlm","LongRunHighGrayLevelEmphasis","29.606676204234663"
"wavelet-HHL","glrlm","LongRunLowGrayLevelEmphasis","0.8178753220150733"
"wavelet-HHL","glrlm","LowGrayLevelRunEmphasis","0.1816332378579631"
"wavelet-HHL","glrlm","RunEntropy","2.713430104128081"
"wavelet-HHL","glrlm","RunLengthNonUniformity","7606.244494711587"
"wavelet-HHL","glrlm","RunLengthNonUniformityNormalized","0.40559973579871517"
"wavelet-HHL","glrlm","RunPercentage","0.5706752405476282"
"wavelet-HHL","glrlm","RunVariance","1.3260976429924571"
"wavelet-HHL","glrlm","ShortRunEmphasis","0.632899379296683"
"wavelet-HHL","glrlm","ShortRunHighGrayLevelEmphasis","4.10525544721533"
"wavelet-HHL","glrlm","ShortRunLowGrayLevelEmphasis","0.11545528895188152"
"wavelet-HHL","glszm","GrayLevelNonUniformity","10.414634146341463"
"wavelet-HHL","glszm","GrayLevelNonUniformityNormalized","0.2540154669839381"
"wavelet-HHL","glszm","GrayLevelVariance","1.370612730517549"
"wavelet-HHL","glszm","HighGrayLevelZoneEmphasis","7.439024390243903"
"wavelet-HHL","glszm","LargeAreaEmphasis","12780009.414634146"
"wavelet-HHL","glszm","LargeAreaHighGrayLevelEmphasis","83302970.04878049"
"wavelet-HHL","glszm","LargeAreaLowGrayLevelEmphasis","2301034.1832655827"
"wavelet-HHL","glszm","LowGrayLevelZoneEmphasis","0.38871951219512196"
"wavelet-HHL","glszm","SizeZoneNonUniformity","17.097560975609756"
"wavelet-HHL","glszm","SizeZoneNonUniformityNormalized","0.41701368233194525"
"wavelet-HHL","glszm","SmallAreaEmphasis","0.6682249324355245"
"wavelet-HHL","glszm","SmallAreaHighGrayLevelEmphasis","5.809159892805836"
"wavelet-HHL","glszm","SmallAreaLowGrayLevelEmphasis","0.24371485436975743"
"wavelet-HHL","glszm","ZoneEntropy","3.329858640965219"
"wavelet-HHL","glszm","ZonePercentage","0.0012637938474816595"
"wavelet-HHL","glszm","ZoneVariance","12153903.903628793"
"wavelet-HHL","ngtdm","Busyness","744.6910133184577"
"wavelet-HHL","ngtdm","Coarseness","0.00012204547650442953"
"wavelet-HHL","ngtdm","Complexity","3.5425408901689366"
"wavelet-HHL","ngtdm","Contrast","0.021358051346114595"
"wavelet-HHL","ngtdm","Strength","0.0007299186065143671"
"wavelet-HHH","firstorder","10Percentile","-5.504330226480082"
"wavelet-HHH","firstorder","90Percentile","5.463830647219514"
"wavelet-HHH","firstorder","Energy","655880.9469159109"
"wavelet-HHH","firstorder","Entropy","1.0054210182574037"
"wavelet-HHH","firstorder","InterquartileRange","5.621018908080666"
"wavelet-HHH","firstorder","Kurtosis","4.622912790827766"
"wavelet-HHH","firstorder","Maximum","29.52559034993656"
"wavelet-HHH","firstorder","MeanAbsoluteDeviation","3.4655752033033353"
"wavelet-HHH","firstorder","Mean","0.005354837831656057"
"wavelet-HHH","firstorder","Median","0.022006783655643784"
"wavelet-HHH","firstorder","Minimum","-34.48873216376095"
"wavelet-HHH","firstorder","Range","64.01432251369751"
"wavelet-HHH","firstorder","RobustMeanAbsoluteDeviation","2.3440212817185517"
"wavelet-HHH","firstorder","RootMeanSquared","4.496335378822194"
"wavelet-HHH","firstorder","Skewness","-0.029220627219658887"
"wavelet-HHH","firstorder","TotalEnergy","1532467.1943566536"
"wavelet-HHH","firstorder","Uniformity","0.4995817397071941"
"wavelet-HHH","firstorder","Variance","20.217003164559923"
"wavelet-HHH","glcm","Autocorrelation","6.254951752560171"
"wavelet-HHH","glcm","ClusterProminence","0.4956491082317861"
"wavelet-HHH","glcm","ClusterShade","-0.002406125165292791"
"wavelet-HHH","glcm","ClusterTendency","0.4898398310292674"
"wavelet-HHH","glcm","Contrast","0.5138165298761183"
"wavelet-HHH","glcm","Correlation","-0.02389194481412204"
"wavelet-HHH","glcm","DifferenceAverage","0.5127942285559032"
"wavelet-HHH","glcm","DifferenceEntropy","0.9969878637458254"
"wavelet-HHH","glcm","DifferenceVariance","0.24810000866018886"
"wavelet-HHH","glcm","Id","0.7437689997149979"
"wavelet-HHH","glcm","Idm","0.7437051158540697"
"wavelet-HHH","glcm","Idmn","0.9697946238247626"
"wavelet-HHH","glcm","Idn","0.8974747430497308"
"wavelet-HHH","glcm","Imc1","-0.008990915440129464"
"wavelet-HHH","glcm","Imc2","0.09289534962549273"
"wavelet-HHH","glcm","InverseVariance","0.5119400385269001"
"wavelet-HHH","glcm","JointAverage","2.5021882122973675"
"wavelet-HHH","glcm","JointEnergy","0.2524464425792747"
"wavelet-HHH","glcm","JointEntropy","2.002427252045462"
"wavelet-HHH","glcm","MCC","0.1260385177160477"
"wavelet-HHH","glcm","MaximumProbability","0.26817295507171607"
"wavelet-HHH","glcm","SumAverage","5.004376424594734"
"wavelet-HHH","glcm","SumEntropy","1.4848114494631293"
"wavelet-HHH","glcm","SumSquares","0.2509140902263464"
"wavelet-HHH","gldm","DependenceEntropy","4.430444982116318"
"wavelet-HHH","gldm","DependenceNonUniformity","3586.91720609087"
"wavelet-HHH","gldm","DependenceNonUniformityNormalized","0.1105639974752133"
"wavelet-HHH","gldm","DependenceVariance","7.918438976865386"
"wavelet-HHH","gldm","GrayLevelNonUniformity","16207.43079958079"
"wavelet-HHH","gldm","GrayLevelVariance","0.25085699786889937"
"wavelet-HHH","gldm","HighGrayLevelEmphasis","6.513192774798101"
"wavelet-HHH","gldm","LargeDependenceEmphasis","152.4174835090315"
"wavelet-HHH","gldm","LargeDependenceHighGrayLevelEmphasis","995.3911287836755"
"wavelet-HHH","gldm","LargeDependenceLowGrayLevelEmphasis","27.39072293117975"
"wavelet-HHH","gldm","LowGrayLevelEmphasis","0.1803804567467412"
"wavelet-HHH","gldm","SmallDependenceEmphasis","0.00974841557522464"
"wavelet-HHH","gldm","SmallDependenceHighGrayLevelEmphasis","0.06371617452032093"
"wavelet-HHH","gldm","SmallDependenceLowGrayLevelEmphasis","0.0018328151505140001"
"wavelet-HHH","glrlm","GrayLevelNonUniformity","9331.82711959734"
"wavelet-HHH","glrlm","GrayLevelNonUniformityNormalized","0.4992775897397262"
"wavelet-HHH","glrlm","GrayLevelVariance","0.2514499453058935"
"wavelet-HHH","glrlm","HighGrayLevelRunEmphasis","6.505623802818946"
"wavelet-HHH","glrlm","LongRunEmphasis","4.340568435869518"
"wavelet-HHH","glrlm","LongRunHighGrayLevelEmphasis","28.32177809406158"
"wavelet-HHH","glrlm","LongRunLowGrayLevelEmphasis","0.7810873315497524"
"wavelet-HHH","glrlm","LowGrayLevelRunEmphasis","0.18071965301482024"
"wavelet-HHH","glrlm","RunEntropy","2.677056259126056"
"wavelet-HHH","glrlm","RunLengthNonUniformity","7747.481068832299"
"wavelet-HHH","glrlm","RunLengthNonUniformityNormalized","0.4119449246336284"
"wavelet-HHH","glrlm","RunPercentage","0.5761240177737311"
"wavelet-HHH","glrlm","RunVariance","1.2733027744612762"
"wavelet-HHH","glrlm","ShortRunEmphasis","0.6420851320447797"
"wavelet-HHH","glrlm","ShortRunHighGrayLevelEmphasis","4.174662440400398"
"wavelet-HHH","glrlm","ShortRunLowGrayLevelEmphasis","0.1162153680111465"
"wavelet-HHH","glszm","GrayLevelNonUniformity","4.666666666666667"
"wavelet-HHH","glszm","GrayLevelNonUniformityNormalized","0.25925925925925924"
"wavelet-HHH","glszm","GrayLevelVariance","1.1358024691358022"
"wavelet-HHH","glszm","HighGrayLevelZoneEmphasis","7.666666666666667"
"wavelet-HHH","glszm","LargeAreaEmphasis","29185920.0"
"wavelet-HHH","glszm","LargeAreaHighGrayLevelEmphasis","190428793.83333334"
"wavelet-HHH","glszm","LargeAreaLowGrayLevelEmphasis","5249672.12037037"
"wavelet-HHH","glszm","LowGrayLevelZoneEmphasis","0.3287037037037037"
"wavelet-HHH","glszm","SizeZoneNonUniformity","6.222222222222222"
"wavelet-HHH","glszm","SizeZoneNonUniformityNormalized","0.345679012345679"
"wavelet-HHH","glszm","SmallAreaEmphasis","0.5586419757316844"
"wavelet-HHH","glszm","SmallAreaHighGrayLevelEmphasis","4.625000002739336"
"wavelet-HHH","glszm","SmallAreaLowGrayLevelEmphasis","0.18076989033730373"
"wavelet-HHH","glszm","ZoneEntropy","3.3502090290998936"
"wavelet-HHH","glszm","ZonePercentage","0.000554836323284631"
"wavelet-HHH","glszm","ZoneVariance","25937514.55555556"
"wavelet-HHH","ngtdm","Busyness","754.2484426797496"
"wavelet-HHH","ngtdm","Coarseness","0.00012022213086197057"
"wavelet-HHH","ngtdm","Complexity","3.5917840479701737"
"wavelet-HHH","ngtdm","Contrast","0.021476617079104667"
"wavelet-HHH","ngtdm","Strength","0.0007204975981544555"
"wavelet-LLL","firstorder","10Percentile","-2423.14758038934"
"wavelet-LLL","firstorder","90Percentile","-2248.8732800230173"
"wavelet-LLL","firstorder","Energy","172585956440.45258"
"wavelet-LLL","firstorder","Entropy","2.860623815092784"
"wavelet-LLL","firstorder","InterquartileRange","67.47767751687752"
"wavelet-LLL","firstorder","Kurtosis","6.203173431453304"
"wavelet-LLL","firstorder","Maximum","-2158.6575225316647"
"wavelet-LLL","firstorder","MeanAbsoluteDeviation","58.58143520348776"
"wavelet-LLL","firstorder","Mean","-2305.1149371304964"
"wavelet-LLL","firstorder","Median","-2269.2968650209014"
"wavelet-LLL","firstorder","Minimum","-2697.9914438994065"
"wavelet-LLL","firstorder","Range","539.3339213677418"
"wavelet-LLL","firstorder","RobustMeanAbsoluteDeviation","33.32711387033295"
"wavelet-LLL","firstorder","RootMeanSquared","2306.475877490041"
"wavelet-LLL","firstorder","Skewness","-1.9047949594612736"
"wavelet-LLL","firstorder","TotalEnergy","403247445584.9206"
"wavelet-LLL","firstorder","Uniformity","0.2418985465313255"
"wavelet-LLL","firstorder","Variance","6276.100061320427"
"wavelet-LLL","glcm","Autocorrelation","285.3859550868805"
"wavelet-LLL","glcm","ClusterProminence","4745.620421905823"
"wavelet-LLL","glcm","ClusterShade","-260.5098760114894"
"wavelet-LLL","glcm","ClusterTendency","24.085689947776213"
"wavelet-LLL","glcm","Contrast","5.758238423860202"
"wavelet-LLL","glcm","Correlation","0.569593303161669"
"wavelet-LLL","glcm","DifferenceAverage","1.4052020038921968"
"wavelet-LLL","glcm","DifferenceEntropy","2.229765459222876"
"wavelet-LLL","glcm","DifferenceVariance","3.4963847060499296"
"wavelet-LLL","glcm","Id","0.6405111445012696"
"wavelet-LLL","glcm","Idm","0.603107691431494"
"wavelet-LLL","glcm","Idmn","0.9888946906398313"
"wavelet-LLL","glcm","Idn","0.9456999822633746"
"wavelet-LLL","glcm","Imc1","-0.19088628362934162"
"wavelet-LLL","glcm","Imc2","0.7137251513222028"
"wavelet-LLL","glcm","InverseVariance","0.31485390876328645"
"wavelet-LLL","glcm","JointAverage","16.755451291912774"
"wavelet-LLL","glcm","JointEnergy","0.13555088647275532"
"wavelet-LLL","glcm","JointEntropy","4.626379909221147"
"wavelet-LLL","glcm","MCC","0.5941557331498378"
"wavelet-LLL","glcm","MaximumProbability","0.3420439873332362"
"wavelet-LLL","glcm","SumAverage","33.51090258382555"
"wavelet-LLL","glcm","SumEntropy","3.377884084678838"
"wavelet-LLL","glcm","SumSquares","7.460982092909107"
"wavelet-LLL","gldm","DependenceEntropy","6.561401826821971"
"wavelet-LLL","gldm","DependenceNonUniformity","1555.3915911472782"
"wavelet-LLL","gldm","DependenceNonUniformityNormalized","0.04794376398333266"
"wavelet-LLL","gldm","DependenceVariance","61.35805577255661"
"wavelet-LLL","gldm","GrayLevelNonUniformity","7847.672646569262"
"wavelet-LLL","gldm","GrayLevelVariance","10.069232027310221"
"wavelet-LLL","gldm","HighGrayLevelEmphasis","275.44821527649344"
"wavelet-LLL","gldm","LargeDependenceEmphasis","182.01380925960174"
"wavelet-LLL","gldm","LargeDependenceHighGrayLevelEmphasis","58305.35235188952"
"wavelet-LLL","gldm","LargeDependenceLowGrayLevelEmphasis","0.5938429490231695"
"wavelet-LLL","gldm","LowGrayLevelEmphasis","0.005351652766377733"
"wavelet-LLL","gldm","SmallDependenceEmphasis","0.07706177994160326"
"wavelet-LLL","gldm","SmallDependenceHighGrayLevelEmphasis","14.63375389546682"
"wavelet-LLL","gldm","SmallDependenceLowGrayLevelEmphasis","0.0007141305116276876"
"wavelet-LLL","glrlm","GrayLevelNonUniformity","2544.594771500098"
"wavelet-LLL","glrlm","GrayLevelNonUniformityNormalized","0.12635032622275125"
"wavelet-LLL","glrlm","GrayLevelVariance","12.84301121549387"
"wavelet-LLL","glrlm","HighGrayLevelRunEmphasis","251.92972277108464"
"wavelet-LLL","glrlm","LongRunEmphasis","6.203973917887938"
"wavelet-LLL","glrlm","LongRunHighGrayLevelEmphasis","1894.3445150684743"
"wavelet-LLL","glrlm","LongRunLowGrayLevelEmphasis","0.02441568593816559"
"wavelet-LLL","glrlm","LowGrayLevelRunEmphasis","0.0064496797541391685"
"wavelet-LLL","glrlm","RunEntropy","4.587033932509543"
"wavelet-LLL","glrlm","RunLengthNonUniformity","11800.391760328494"
"wavelet-LLL","glrlm","RunLengthNonUniformityNormalized","0.5695331089346983"
"wavelet-LLL","glrlm","RunPercentage","0.6159868736158731"
"wavelet-LLL","glrlm","RunVariance","3.212613471627747"
"wavelet-LLL","glrlm","ShortRunEmphasis","0.7730750671480764"
"wavelet-LLL","glrlm","ShortRunHighGrayLevelEmphasis","183.38473484277685"
"wavelet-LLL","glrlm","ShortRunLowGrayLevelEmphasis","0.005502065486753743"
"wavelet-LLL","glszm","GrayLevelNonUniformity","199.3175085453855"
"wavelet-LLL","glszm","GrayLevelNonUniformityNormalized","0.07569977536854747"
"wavelet-LLL","glszm","GrayLevelVariance","14.534701902825876"
"wavelet-LLL","glszm","HighGrayLevelZoneEmphasis","175.55374097987087"
"wavelet-LLL","glszm","LargeAreaEmphasis","85693.65666540069"
"wavelet-LLL","glszm","LargeAreaHighGrayLevelEmphasis","27703580.650588684"
"wavelet-LLL","glszm","LargeAreaLowGrayLevelEmphasis","265.5529553462659"
"wavelet-LLL","glszm","LowGrayLevelZoneEmphasis","0.010116821041097278"
"wavelet-LLL","glszm","SizeZoneNonUniformity","624.0117736422332"
"wavelet-LLL","glszm","SizeZoneNonUniformityNormalized","0.23699649587627541"
"wavelet-LLL","glszm","SmallAreaEmphasis","0.4937835754046339"
"wavelet-LLL","glszm","SmallAreaHighGrayLevelEmphasis","83.12140747726394"
"wavelet-LLL","glszm","SmallAreaLowGrayLevelEmphasis","0.005059187672156547"
"wavelet-LLL","glszm","ZoneEntropy","6.693203792991698"
"wavelet-LLL","glszm","ZonePercentage","0.08116022440046852"
"wavelet-LLL","glszm","ZoneVariance","85541.84207166947"
"wavelet-LLL","ngtdm","Busyness","7.312066429660225"
"wavelet-LLL","ngtdm","Coarseness","0.0002419371679939173"
"wavelet-LLL","ngtdm","Complexity","236.9989627504026"
"wavelet-LLL","ngtdm","Contrast","0.04503981632013992"
"wavelet-LLL","ngtdm","Strength","0.0961712859986731"
