"Image type","Feature Class","Feature Name","Segmentation_3_1_segment_Segment_1"
"diagnostics","Versions","PyRadiomics","v3.0.1.post4+gad5b2de"
"diagnostics","Versions","Numpy","1.19.2"
"diagnostics","Versions","SimpleITK","2.0.2"
"diagnostics","Versions","PyWavelet","1.1.1"
"diagnostics","Versions","Python","3.6.7"
"diagnostics","Configuration","Settings","{'minimumROIDimensions': 2, 'minimumROISize': None, 'normalize': False, 'normalizeScale': 1, 'removeOutliers': None, 'resampledPixelSpacing': None, 'interpolator': 'sitkBSpline', 'preCrop': False, 'padDistance': 5, 'distances': [1], 'force2D': False, 'force2Ddimension': 0, 'resegmentRange': None, 'label': 1, 'additionalInfo': True, 'binWidth': 25.0, 'symmetricalGLCM': True, 'correctMask': True}"
"diagnostics","Configuration","EnabledImageTypes","{'Original': {}, 'Wavelet': {}}"
"diagnostics","Image-original","Hash","c479e1661629cab06e50ee32c398a284346c9868"
"diagnostics","Image-original","Dimensionality","3D"
"diagnostics","Image-original","Spacing","(0.7597656249999999, 0.7597656249999999, 5.000000000000001)"
"diagnostics","Image-original","Size","(512, 512, 119)"
"diagnostics","Image-original","Mean","-905.838539572323"
"diagnostics","Image-original","Minimum","-969.0"
"diagnostics","Image-original","Maximum","-769.0"
"diagnostics","Mask-original","Hash","9b31989dd6836b87ab52bd6ca24789b9d132a367"
"diagnostics","Mask-original","Spacing","(0.7597656249999999, 0.7597656249999999, 5.000000000000001)"
"diagnostics","Mask-original","Size","(512, 512, 119)"
"diagnostics","Mask-original","BoundingBox","(316, 329, 91, 54, 55, 6)"
"diagnostics","Mask-original","VoxelNum","6058"
"diagnostics","Mask-original","VolumeNum","1"
"diagnostics","Mask-original","CenterOfMassIndex","(342.63387256520303, 354.1379993397161, 93.37900297127764)"
"diagnostics","Mask-original","CenterOfMass","(65.82143833567179, 204.86187840458894, -653.6549851436116)"
"original","shape","Elongation","0.6599743601841501"
"original","shape","Flatness","0.4758858960366463"
"original","shape","LeastAxisLength","21.545490838398447"
"original","shape","MajorAxisLength","45.274489153465694"
"original","shape","Maximum2DDiameterColumn","43.59049856441188"
"original","shape","Maximum2DDiameterRow","48.405676447386845"
"original","shape","Maximum2DDiameterSlice","41.72490042736863"
"original","shape","Maximum3DDiameter","53.31440146522298"
"original","shape","MeshVolume","17367.101426124573"
"original","shape","MinorAxisLength","29.880002011722766"
"original","shape","Sphericity","0.5528195370402695"
"original","shape","SurfaceArea","5866.588618171931"
"original","shape","SurfaceVolumeRatio","0.3377989495326536"
"original","shape","VoxelVolume","17484.71485137939"
"original","firstorder","10Percentile","-808.0"
"original","firstorder","90Percentile","-777.0"
"original","firstorder","Energy","3779525703.0"
"original","firstorder","Entropy","1.1063081004792332"
"original","firstorder","InterquartileRange","11.0"
"original","firstorder","Kurtosis","11.171053195143267"
"original","firstorder","Maximum","-769.0"
"original","firstorder","MeanAbsoluteDeviation","10.27111145577347"
"original","firstorder","Mean","-789.7152525586002"
"original","firstorder","Median","-786.0"
"original","firstorder","Minimum","-908.0"
"original","firstorder","Range","139.0"
"original","firstorder","RobustMeanAbsoluteDeviation","5.376253270182436"
"original","firstorder","RootMeanSquared","789.8670860979659"
"original","firstorder","Skewness","-2.4431626244255233"
"original","firstorder","TotalEnergy","10908538988.183268"
"original","firstorder","Uniformity","0.6368461317204298"
"original","firstorder","Variance","239.83357719768654"
"original","glcm","Autocorrelation","35.0319799465983"
"original","glcm","ClusterProminence","6.934005256786296"
"original","glcm","ClusterShade","-1.4151764401116655"
"original","glcm","ClusterTendency","0.7752671737705159"
"original","glcm","Contrast","0.49106212552690237"
"original","glcm","Correlation","0.21815221856660433"
"original","glcm","DifferenceAverage","0.3406710264291903"
"original","glcm","DifferenceEntropy","1.0760806920084005"
"original","glcm","DifferenceVariance","0.3707360106243476"
"original","glcm","Id","0.8513638266468517"
"original","glcm","Idm","0.844471639609433"
"original","glcm","Idmn","0.990689406224175"
"original","glcm","Idn","0.9593863730793933"
"original","glcm","Imc1","-0.07027377323008978"
"original","glcm","Imc2","0.2730807427955479"
"original","glcm","InverseVariance","0.2392435982159289"
"original","glcm","JointAverage","5.912767291396193"
"original","glcm","JointEnergy","0.4919799846051717"
"original","glcm","JointEntropy","1.8993916461928841"
"original","glcm","MCC","0.27796443632097634"
"original","glcm","MaximumProbability","0.69161454381011"
"original","glcm","SumAverage","11.825534582792386"
"original","glcm","SumEntropy","1.4926256794447588"
"original","glcm","SumSquares","0.31658232482435456"
"original","gldm","DependenceEntropy","5.07835885282103"
"original","gldm","DependenceNonUniformity","289.49059095411025"
"original","gldm","DependenceNonUniformityNormalized","0.04778649570057944"
"original","gldm","DependenceVariance","55.44087259931806"
"original","gldm","GrayLevelNonUniformity","3858.013865962364"
"original","gldm","GrayLevelVariance","0.3920133602315288"
"original","gldm","HighGrayLevelEmphasis","34.791845493562235"
"original","gldm","LargeDependenceEmphasis","279.27368768570483"
"original","gldm","LargeDependenceHighGrayLevelEmphasis","10026.991251238032"
"original","gldm","LargeDependenceLowGrayLevelEmphasis","7.806102620810622"
"original","gldm","LowGrayLevelEmphasis","0.031054031549892988"
"original","gldm","SmallDependenceEmphasis","0.045575585285395626"
"original","gldm","SmallDependenceHighGrayLevelEmphasis","1.444147895857334"
"original","gldm","SmallDependenceLowGrayLevelEmphasis","0.002317834319431274"
"original","glrlm","GrayLevelNonUniformity","1176.15532884466"
"original","glrlm","GrayLevelNonUniformityNormalized","0.400343102625981"
"original","glrlm","GrayLevelVariance","0.7872386153418822"
"original","glrlm","HighGrayLevelRunEmphasis","33.64795323405604"
"original","glrlm","LongRunEmphasis","15.994829542627459"
"original","glrlm","LongRunHighGrayLevelEmphasis","570.8455890044468"
"original","glrlm","LongRunLowGrayLevelEmphasis","0.45552378001971233"
"original","glrlm","LowGrayLevelRunEmphasis","0.034664532283515036"
"original","glrlm","RunEntropy","3.437396554413268"
"original","glrlm","RunLengthNonUniformity","1024.0134950559443"
"original","glrlm","RunLengthNonUniformityNormalized","0.35401822125649374"
"original","glrlm","RunPercentage","0.46303679813088855"
"original","glrlm","RunVariance","9.353694878701935"
"original","glrlm","ShortRunEmphasis","0.6113926866745631"
"original","glrlm","ShortRunHighGrayLevelEmphasis","19.91907632442977"
"original","glrlm","ShortRunLowGrayLevelEmphasis","0.02334079547303856"
"original","glszm","GrayLevelNonUniformity","83.79452054794521"
"original","glszm","GrayLevelNonUniformityNormalized","0.2869675361231"
"original","glszm","GrayLevelVariance","2.352598986676675"
"original","glszm","HighGrayLevelZoneEmphasis","31.041095890410958"
"original","glszm","LargeAreaEmphasis","78139.16438356164"
"original","glszm","LargeAreaHighGrayLevelEmphasis","2812239.5993150687"
"original","glszm","LargeAreaLowGrayLevelEmphasis","2171.8899057054323"
"original","glszm","LowGrayLevelZoneEmphasis","0.05331417155903457"
"original","glszm","SizeZoneNonUniformity","86.27397260273973"
"original","glszm","SizeZoneNonUniformityNormalized","0.29545881028335524"
"original","glszm","SmallAreaEmphasis","0.5584664415045967"
"original","glszm","SmallAreaHighGrayLevelEmphasis","17.789264924567068"
"original","glszm","SmallAreaLowGrayLevelEmphasis","0.03265828474426235"
"original","glszm","ZoneEntropy","4.375464526701656"
"original","glszm","ZonePercentage","0.04820072631231429"
"original","glszm","ZoneVariance","77708.74399512104"
"original","ngtdm","Busyness","9.256522097399804"
"original","ngtdm","Coarseness","0.0017267824784163402"
"original","ngtdm","Complexity","7.621860354575431"
"original","ngtdm","Contrast","0.005573498906944093"
"original","ngtdm","Strength","0.060921207997602526"
"wavelet-LLH","firstorder","10Percentile","-71.66043337594525"
"wavelet-LLH","firstorder","90Percentile","52.94515558533554"
"wavelet-LLH","firstorder","Energy","14745022.442512667"
"wavelet-LLH","firstorder","Entropy","2.840518936451669"
"wavelet-LLH","firstorder","InterquartileRange","53.349426152354425"
"wavelet-LLH","firstorder","Kurtosis","3.5814412635560013"
"wavelet-LLH","firstorder","Maximum","195.4628540279557"
"wavelet-LLH","firstorder","MeanAbsoluteDeviation","35.4897799070163"
"wavelet-LLH","firstorder","Mean","-17.100754349725282"
"wavelet-LLH","firstorder","Median","-21.145371817088005"
"wavelet-LLH","firstorder","Minimum","-142.11052407551952"
"wavelet-LLH","firstorder","Range","337.5733781034752"
"wavelet-LLH","firstorder","RobustMeanAbsoluteDeviation","23.640068183955517"
"wavelet-LLH","firstorder","RootMeanSquared","49.335335332790855"
"wavelet-LLH","firstorder","Skewness","0.7941237753947281"
"wavelet-LLH","firstorder","TotalEnergy","42557364.29259222"
"wavelet-LLH","firstorder","Uniformity","0.1695814129094989"
"wavelet-LLH","firstorder","Variance","2141.5395130692737"
"wavelet-LLH","glcm","Autocorrelation","32.46566010450757"
"wavelet-LLH","glcm","ClusterProminence","215.68881960486158"
"wavelet-LLH","glcm","ClusterShade","13.70579467125959"
"wavelet-LLH","glcm","ClusterTendency","6.591864677335854"
"wavelet-LLH","glcm","Contrast","6.079943834662519"
"wavelet-LLH","glcm","Correlation","0.0077203552768384705"
"wavelet-LLH","glcm","DifferenceAverage","1.6545266398016678"
"wavelet-LLH","glcm","DifferenceEntropy","2.288416537360613"
"wavelet-LLH","glcm","DifferenceVariance","2.793810618849692"
"wavelet-LLH","glcm","Id","0.5522382739266901"
"wavelet-LLH","glcm","Idm","0.5015757263511597"
"wavelet-LLH","glcm","Idmn","0.9727675617655959"
"wavelet-LLH","glcm","Idn","0.9050088633984489"
"wavelet-LLH","glcm","Imc1","-0.17844795795937976"
"wavelet-LLH","glcm","Imc2","0.7023944336296413"
"wavelet-LLH","glcm","InverseVariance","0.37974731443082693"
"wavelet-LLH","glcm","JointAverage","5.6863000481105255"
"wavelet-LLH","glcm","JointEnergy","0.051025680623638534"
"wavelet-LLH","glcm","JointEntropy","4.998750370684049"
"wavelet-LLH","glcm","MCC","0.5992689883975231"
"wavelet-LLH","glcm","MaximumProbability","0.11844542956477225"
"wavelet-LLH","glcm","SumAverage","11.372600096221047"
"wavelet-LLH","glcm","SumEntropy","3.182316208021864"
"wavelet-LLH","glcm","SumSquares","3.1679521279995937"
"wavelet-LLH","gldm","DependenceEntropy","6.4478767224623335"
"wavelet-LLH","gldm","DependenceNonUniformity","454.18421921426216"
"wavelet-LLH","gldm","DependenceNonUniformityNormalized","0.07497263440314661"
"wavelet-LLH","gldm","DependenceVariance","17.224119742238585"
"wavelet-LLH","gldm","GrayLevelNonUniformity","1027.3241994057444"
"wavelet-LLH","gldm","GrayLevelVariance","3.548110316026185"
"wavelet-LLH","gldm","HighGrayLevelEmphasis","37.31000330141961"
"wavelet-LLH","gldm","LargeDependenceEmphasis","70.04423902277979"
"wavelet-LLH","gldm","LargeDependenceHighGrayLevelEmphasis","2277.8580389567514"
"wavelet-LLH","gldm","LargeDependenceLowGrayLevelEmphasis","2.6336194135267577"
"wavelet-LLH","gldm","LowGrayLevelEmphasis","0.04125790658162109"
"wavelet-LLH","gldm","SmallDependenceEmphasis","0.07575029462965925"
"wavelet-LLH","gldm","SmallDependenceHighGrayLevelEmphasis","3.94536206119719"
"wavelet-LLH","gldm","SmallDependenceLowGrayLevelEmphasis","0.003005775802783023"
"wavelet-LLH","glrlm","GrayLevelNonUniformity","709.110517503298"
"wavelet-LLH","glrlm","GrayLevelNonUniformityNormalized","0.15256661098710347"
"wavelet-LLH","glrlm","GrayLevelVariance","4.036308691013228"
"wavelet-LLH","glrlm","HighGrayLevelRunEmphasis","39.003887219554194"
"wavelet-LLH","glrlm","LongRunEmphasis","3.6489792514527855"
"wavelet-LLH","glrlm","LongRunHighGrayLevelEmphasis","125.48896007553775"
"wavelet-LLH","glrlm","LongRunLowGrayLevelEmphasis","0.14866754022997142"
"wavelet-LLH","glrlm","LowGrayLevelRunEmphasis","0.04155667329096459"
"wavelet-LLH","glrlm","RunEntropy","3.904562111475106"
"wavelet-LLH","glrlm","RunLengthNonUniformity","3294.642531951081"
"wavelet-LLH","glrlm","RunLengthNonUniformityNormalized","0.6632558047639596"
"wavelet-LLH","glrlm","RunPercentage","0.7589328795997664"
"wavelet-LLH","glrlm","RunVariance","1.3332411232240144"
"wavelet-LLH","glrlm","ShortRunEmphasis","0.8214098794695499"
"wavelet-LLH","glrlm","ShortRunHighGrayLevelEmphasis","32.8514085589623"
"wavelet-LLH","glrlm","ShortRunLowGrayLevelEmphasis","0.03442242243783762"
"wavelet-LLH","glszm","GrayLevelNonUniformity","46.90432801822323"
"wavelet-LLH","glszm","GrayLevelNonUniformityNormalized","0.10684357179549711"
"wavelet-LLH","glszm","GrayLevelVariance","7.288837231023085"
"wavelet-LLH","glszm","HighGrayLevelZoneEmphasis","58.22095671981777"
"wavelet-LLH","glszm","LargeAreaEmphasis","9899.047835990888"
"wavelet-LLH","glszm","LargeAreaHighGrayLevelEmphasis","287945.2072892939"
"wavelet-LLH","glszm","LargeAreaLowGrayLevelEmphasis","383.4634661153142"
"wavelet-LLH","glszm","LowGrayLevelZoneEmphasis","0.04089490667221164"
"wavelet-LLH","glszm","SizeZoneNonUniformity","93.82004555808656"
"wavelet-LLH","glszm","SizeZoneNonUniformityNormalized","0.21371308783163226"
"wavelet-LLH","glszm","SmallAreaEmphasis","0.46721008942485936"
"wavelet-LLH","glszm","SmallAreaHighGrayLevelEmphasis","28.447324804805216"
"wavelet-LLH","glszm","SmallAreaLowGrayLevelEmphasis","0.018155751328068365"
"wavelet-LLH","glszm","ZoneEntropy","6.128523901662655"
"wavelet-LLH","glszm","ZonePercentage","0.07246616044899307"
"wavelet-LLH","glszm","ZoneVariance","9708.620409815223"
"wavelet-LLH","ngtdm","Busyness","9.915516582708202"
"wavelet-LLH","ngtdm","Coarseness","0.0010729994810038882"
"wavelet-LLH","ngtdm","Complexity","111.55772137229643"
"wavelet-LLH","ngtdm","Contrast","0.049901277191207113"
"wavelet-LLH","ngtdm","Strength","0.08180680898932048"
"wavelet-LHL","firstorder","10Percentile","-13.385399568809184"
"wavelet-LHL","firstorder","90Percentile","11.787509747681211"
"wavelet-LHL","firstorder","Energy","779139.7582699474"
"wavelet-LHL","firstorder","Entropy","1.248074172311653"
"wavelet-LHL","firstorder","InterquartileRange","12.479769972055319"
"wavelet-LHL","firstorder","Kurtosis","6.885702630652048"
"wavelet-LHL","firstorder","Maximum","93.33716253831837"
"wavelet-LHL","firstorder","MeanAbsoluteDeviation","8.242696854710719"
"wavelet-LHL","firstorder","Mean","-0.5965019541727187"
"wavelet-LHL","firstorder","Median","-0.42881819186205866"
"wavelet-LHL","firstorder","Minimum","-67.79328441944676"
"wavelet-LHL","firstorder","Range","161.13044695776512"
"wavelet-LHL","firstorder","RobustMeanAbsoluteDeviation","5.243274698496541"
"wavelet-LHL","firstorder","RootMeanSquared","11.34078321197445"
"wavelet-LHL","firstorder","Skewness","0.027639671591678454"
"wavelet-LHL","firstorder","TotalEnergy","2248767.9931863155"
"wavelet-LHL","firstorder","Uniformity","0.46385839275034846"
"wavelet-LHL","firstorder","Variance","128.25754927966966"
"wavelet-LHL","glcm","Autocorrelation","12.09968877232919"
"wavelet-LHL","glcm","ClusterProminence","1.6639808895863266"
"wavelet-LHL","glcm","ClusterShade","0.005821825743956788"
"wavelet-LHL","glcm","ClusterTendency","0.6476688575024044"
"wavelet-LHL","glcm","Contrast","0.6548972094136046"
"wavelet-LHL","glcm","Correlation","-0.0053316203188683315"
"wavelet-LHL","glcm","DifferenceAverage","0.5731439845380396"
"wavelet-LHL","glcm","DifferenceEntropy","1.1415647140868077"
"wavelet-LHL","glcm","DifferenceVariance","0.308447498403414"
"wavelet-LHL","glcm","Id","0.7256194534442985"
"wavelet-LHL","glcm","Idm","0.7215061054184742"
"wavelet-LHL","glcm","Idmn","0.9871592505473016"
"wavelet-LHL","glcm","Idn","0.9294420891651269"
"wavelet-LHL","glcm","Imc1","-0.05516103531153771"
"wavelet-LHL","glcm","Imc2","0.3232565969048734"
"wavelet-LHL","glcm","InverseVariance","0.5144717503438551"
"wavelet-LHL","glcm","JointAverage","3.4787199637715394"
"wavelet-LHL","glcm","JointEnergy","0.23494501426439002"
"wavelet-LHL","glcm","JointEntropy","2.371049336866449"
"wavelet-LHL","glcm","MCC","0.27991762816008225"
"wavelet-LHL","glcm","MaximumProbability","0.29000895183120823"
"wavelet-LHL","glcm","SumAverage","6.957439927543078"
"wavelet-LHL","glcm","SumEntropy","1.6704930517112895"
"wavelet-LHL","glcm","SumSquares","0.32564151672900216"
"wavelet-LHL","gldm","DependenceEntropy","4.998024601330364"
"wavelet-LHL","gldm","DependenceNonUniformity","465.88610102344006"
"wavelet-LHL","gldm","DependenceNonUniformityNormalized","0.07690427550733576"
"wavelet-LHL","gldm","DependenceVariance","13.550596462652594"
"wavelet-LHL","gldm","GrayLevelNonUniformity","2810.0541432816112"
"wavelet-LHL","gldm","GrayLevelVariance","0.3389791986585925"
"wavelet-LHL","gldm","HighGrayLevelEmphasis","12.434631891713437"
"wavelet-LHL","gldm","LargeDependenceEmphasis","110.16606140640475"
"wavelet-LHL","gldm","LargeDependenceHighGrayLevelEmphasis","1346.676956091119"
"wavelet-LHL","gldm","LargeDependenceLowGrayLevelEmphasis","9.804475049951751"
"wavelet-LHL","gldm","LowGrayLevelEmphasis","0.09134741340136802"
"wavelet-LHL","gldm","SmallDependenceEmphasis","0.031698981036088904"
"wavelet-LHL","gldm","SmallDependenceHighGrayLevelEmphasis","0.4467635549673482"
"wavelet-LHL","gldm","SmallDependenceLowGrayLevelEmphasis","0.003995865196350792"
"wavelet-LHL","glrlm","GrayLevelNonUniformity","1795.6494709371266"
"wavelet-LHL","glrlm","GrayLevelNonUniformityNormalized","0.44769349551597526"
"wavelet-LHL","glrlm","GrayLevelVariance","0.38112680716806263"
"wavelet-LHL","glrlm","HighGrayLevelRunEmphasis","12.51292797684791"
"wavelet-LHL","glrlm","LongRunEmphasis","3.664817973479695"
"wavelet-LHL","glrlm","LongRunHighGrayLevelEmphasis","45.14915529962331"
"wavelet-LHL","glrlm","LongRunLowGrayLevelEmphasis","0.3302869490850372"
"wavelet-LHL","glrlm","LowGrayLevelRunEmphasis","0.09272283625407611"
"wavelet-LHL","glrlm","RunEntropy","2.711196811967302"
"wavelet-LHL","glrlm","RunLengthNonUniformity","2035.6879181551417"
"wavelet-LHL","glrlm","RunLengthNonUniformityNormalized","0.4909152009788467"
"wavelet-LHL","glrlm","RunPercentage","0.6604108997638215"
"wavelet-LHL","glrlm","RunVariance","0.9736571173901901"
"wavelet-LHL","glrlm","ShortRunEmphasis","0.7108401313652486"
"wavelet-LHL","glrlm","ShortRunHighGrayLevelEmphasis","8.94258927338649"
"wavelet-LHL","glrlm","ShortRunLowGrayLevelEmphasis","0.0670053107951034"
"wavelet-LHL","glszm","GrayLevelNonUniformity","38.03125"
"wavelet-LHL","glszm","GrayLevelNonUniformityNormalized","0.297119140625"
"wavelet-LHL","glszm","GrayLevelVariance","2.40234375"
"wavelet-LHL","glszm","HighGrayLevelZoneEmphasis","15.09375"
"wavelet-LHL","glszm","LargeAreaEmphasis","131554.28125"
"wavelet-LHL","glszm","LargeAreaHighGrayLevelEmphasis","1614287.3359375"
"wavelet-LHL","glszm","LargeAreaLowGrayLevelEmphasis","11629.590185480443"
"wavelet-LHL","glszm","LowGrayLevelZoneEmphasis","0.167761435303288"
"wavelet-LHL","glszm","SizeZoneNonUniformity","45.21875"
"wavelet-LHL","glszm","SizeZoneNonUniformityNormalized","0.353271484375"
"wavelet-LHL","glszm","SmallAreaEmphasis","0.609760135083854"
"wavelet-LHL","glszm","SmallAreaHighGrayLevelEmphasis","9.973215903827734"
"wavelet-LHL","glszm","SmallAreaLowGrayLevelEmphasis","0.09618538381822732"
"wavelet-LHL","glszm","ZoneEntropy","3.9510689626036504"
"wavelet-LHL","glszm","ZonePercentage","0.02112908550676791"
"wavelet-LHL","glszm","ZoneVariance","129314.32983398438"
"wavelet-LHL","ngtdm","Busyness","41.81649482203207"
"wavelet-LHL","ngtdm","Coarseness","0.0006931629744763432"
"wavelet-LHL","ngtdm","Complexity","12.789932503246009"
"wavelet-LHL","ngtdm","Contrast","0.008891371998601325"
"wavelet-LHL","ngtdm","Strength","0.01934791802815756"
"wavelet-LHH","firstorder","10Percentile","-10.582502335148172"
"wavelet-LHH","firstorder","90Percentile","10.505636425861521"
"wavelet-LHH","firstorder","Energy","490201.09508125833"
"wavelet-LHH","firstorder","Entropy","1.118987417219539"
"wavelet-LHH","firstorder","InterquartileRange","10.499162441826673"
"wavelet-LHH","firstorder","Kurtosis","5.271526222856183"
"wavelet-LHH","firstorder","Maximum","53.13276728107161"
"wavelet-LHH","firstorder","MeanAbsoluteDeviation","6.721190079621658"
"wavelet-LHH","firstorder","Mean","-0.0449789487773947"
"wavelet-LHH","firstorder","Median","-0.0631695697126067"
"wavelet-LHH","firstorder","Minimum","-58.697538475993774"
"wavelet-LHH","firstorder","Range","111.83030575706539"
"wavelet-LHH","firstorder","RobustMeanAbsoluteDeviation","4.366368339296878"
"wavelet-LHH","firstorder","RootMeanSquared","8.995441924543636"
"wavelet-LHH","firstorder","Skewness","-0.03126460194334604"
"wavelet-LHH","firstorder","TotalEnergy","1414827.7265318122"
"wavelet-LHH","firstorder","Uniformity","0.48491085567586406"
"wavelet-LHH","firstorder","Variance","80.9159523120042"
"wavelet-LHH","glcm","Autocorrelation","12.251648986925343"
"wavelet-LHH","glcm","ClusterProminence","0.7997573866947282"
"wavelet-LHH","glcm","ClusterShade","0.008890928087795581"
"wavelet-LHH","glcm","ClusterTendency","0.5476050602234689"
"wavelet-LHH","glcm","Contrast","0.5647574433078824"
"wavelet-LHH","glcm","Correlation","-0.015738026553182245"
"wavelet-LHH","glcm","DifferenceAverage","0.5336035282741666"
"wavelet-LHH","glcm","DifferenceEntropy","1.063350316981968"
"wavelet-LHH","glcm","DifferenceVariance","0.26911729766322756"
"wavelet-LHH","glcm","Id","0.7380835382656762"
"wavelet-LHH","glcm","Idm","0.7362979496271218"
"wavelet-LHH","glcm","Idmn","0.9848875456145618"
"wavelet-LHH","glcm","Idn","0.9243120957847796"
"wavelet-LHH","glcm","Imc1","-0.03469456175437013"
"wavelet-LHH","glcm","Imc2","0.22449687829236684"
"wavelet-LHH","glcm","InverseVariance","0.5091331759756283"
"wavelet-LHH","glcm","JointAverage","3.5008458911902673"
"wavelet-LHH","glcm","JointEnergy","0.24768558773112168"
"wavelet-LHH","glcm","JointEntropy","2.16590166202283"
"wavelet-LHH","glcm","MCC","0.21334360083566054"
"wavelet-LHH","glcm","MaximumProbability","0.2844191357253111"
"wavelet-LHH","glcm","SumAverage","7.001691782380535"
"wavelet-LHH","glcm","SumEntropy","1.5615421937705762"
"wavelet-LHH","glcm","SumSquares","0.27809062588283784"
"wavelet-LHH","gldm","DependenceEntropy","4.7858405192412885"
"wavelet-LHH","gldm","DependenceNonUniformity","514.5599207659294"
"wavelet-LHH","gldm","DependenceNonUniformityNormalized","0.08493891065796126"
"wavelet-LHH","gldm","DependenceVariance","11.06626915932385"
"wavelet-LHH","gldm","GrayLevelNonUniformity","2937.589963684384"
"wavelet-LHH","gldm","GrayLevelVariance","0.28399849109101727"
"wavelet-LHH","gldm","HighGrayLevelEmphasis","12.516672169032685"
"wavelet-LHH","gldm","LargeDependenceEmphasis","115.66061406404754"
"wavelet-LHH","gldm","LargeDependenceHighGrayLevelEmphasis","1445.4116870254209"
"wavelet-LHH","gldm","LargeDependenceLowGrayLevelEmphasis","10.048835057408018"
"wavelet-LHH","gldm","LowGrayLevelEmphasis","0.08803180367558049"
"wavelet-LHH","gldm","SmallDependenceEmphasis","0.02267127497780058"
"wavelet-LHH","gldm","SmallDependenceHighGrayLevelEmphasis","0.31023408744453645"
"wavelet-LHH","gldm","SmallDependenceLowGrayLevelEmphasis","0.00232562542832354"
"wavelet-LHH","glrlm","GrayLevelNonUniformity","1866.8702900378316"
"wavelet-LHH","glrlm","GrayLevelNonUniformityNormalized","0.47717689956905274"
"wavelet-LHH","glrlm","GrayLevelVariance","0.30172994660305047"
"wavelet-LHH","glrlm","HighGrayLevelRunEmphasis","12.536848252700493"
"wavelet-LHH","glrlm","LongRunEmphasis","3.958067216725885"
"wavelet-LHH","glrlm","LongRunHighGrayLevelEmphasis","49.52017156850714"
"wavelet-LHH","glrlm","LongRunLowGrayLevelEmphasis","0.3457947772926579"
"wavelet-LHH","glrlm","LowGrayLevelRunEmphasis","0.08858549517517579"
"wavelet-LHH","glrlm","RunEntropy","2.6102213573306177"
"wavelet-LHH","glrlm","RunLengthNonUniformity","1905.553590995562"
"wavelet-LHH","glrlm","RunLengthNonUniformityNormalized","0.47068661570830916"
"wavelet-LHH","glrlm","RunPercentage","0.6451100896462402"
"wavelet-LHH","glrlm","RunVariance","1.0762075715608077"
"wavelet-LHH","glrlm","ShortRunEmphasis","0.6924362944608918"
"wavelet-LHH","glrlm","ShortRunHighGrayLevelEmphasis","8.692448428703402"
"wavelet-LHH","glrlm","ShortRunLowGrayLevelEmphasis","0.06178371058538617"
"wavelet-LHH","glszm","GrayLevelNonUniformity","21.422535211267604"
"wavelet-LHH","glszm","GrayLevelNonUniformityNormalized","0.3017258480460226"
"wavelet-LHH","glszm","GrayLevelVariance","1.8619321563181908"
"wavelet-LHH","glszm","HighGrayLevelZoneEmphasis","15.169014084507042"
"wavelet-LHH","glszm","LargeAreaEmphasis","247678.30985915492"
"wavelet-LHH","glszm","LargeAreaHighGrayLevelEmphasis","3076120.9859154928"
"wavelet-LHH","glszm","LargeAreaLowGrayLevelEmphasis","21638.04305164319"
"wavelet-LHH","glszm","LowGrayLevelZoneEmphasis","0.1315571205007825"
"wavelet-LHH","glszm","SizeZoneNonUniformity","26.549295774647888"
"wavelet-LHH","glszm","SizeZoneNonUniformityNormalized","0.3739337433048998"
"wavelet-LHH","glszm","SmallAreaEmphasis","0.6170105231150647"
"wavelet-LHH","glszm","SmallAreaHighGrayLevelEmphasis","9.778162099098205"
"wavelet-LHH","glszm","SmallAreaLowGrayLevelEmphasis","0.07499578905233227"
"wavelet-LHH","glszm","ZoneEntropy","3.466858946740655"
"wavelet-LHH","glszm","ZonePercentage","0.011720039617035325"
"wavelet-LHH","glszm","ZoneVariance","240398.13449712354"
"wavelet-LHH","ngtdm","Busyness","52.12827665860676"
"wavelet-LHH","ngtdm","Coarseness","0.0006733880991493311"
"wavelet-LHH","ngtdm","Complexity","8.685471404190555"
"wavelet-LHH","ngtdm","Contrast","0.009853221204070148"
"wavelet-LHH","ngtdm","Strength","0.012182588974308498"
"wavelet-HLL","firstorder","10Percentile","-13.44964679911208"
"wavelet-HLL","firstorder","90Percentile","10.701585394502459"
"wavelet-HLL","firstorder","Energy","840143.0647805071"
"wavelet-HLL","firstorder","Entropy","1.3030025519667416"
"wavelet-HLL","firstorder","InterquartileRange","10.87820817349675"
"wavelet-HLL","firstorder","Kurtosis","8.509265965444525"
"wavelet-HLL","firstorder","Maximum","92.70802049509838"
"wavelet-HLL","firstorder","MeanAbsoluteDeviation","7.989716208807105"
"wavelet-HLL","firstorder","Mean","-1.0033783433667594"
"wavelet-HLL","firstorder","Median","-0.8640204450190843"
"wavelet-HLL","firstorder","Minimum","-73.11695668687788"
"wavelet-HLL","firstorder","Range","165.82497718197627"
"wavelet-HLL","firstorder","RobustMeanAbsoluteDeviation","4.634338120017659"
"wavelet-HLL","firstorder","RootMeanSquared","11.776384822251726"
"wavelet-HLL","firstorder","Skewness","-0.0660219899091534"
"wavelet-HLL","firstorder","TotalEnergy","2424836.8970041485"
"wavelet-HLL","firstorder","Uniformity","0.4552907238392469"
"wavelet-HLL","firstorder","Variance","137.6764713818234"
"wavelet-HLL","glcm","Autocorrelation","11.918950899833735"
"wavelet-HLL","glcm","ClusterProminence","2.5496790735786936"
"wavelet-HLL","glcm","ClusterShade","0.017474686204815522"
"wavelet-HLL","glcm","ClusterTendency","0.7624372488591303"
"wavelet-HLL","glcm","Contrast","0.62841694276525"
"wavelet-HLL","glcm","Correlation","0.09525351061066384"
"wavelet-HLL","glcm","DifferenceAverage","0.5493369794040852"
"wavelet-HLL","glcm","DifferenceEntropy","1.1575707510578312"
"wavelet-HLL","glcm","DifferenceVariance","0.3168978323171248"
"wavelet-HLL","glcm","Id","0.7371109120413724"
"wavelet-HLL","glcm","Idm","0.7331031165125393"
"wavelet-HLL","glcm","Idmn","0.9876858022694252"
"wavelet-HLL","glcm","Idn","0.9323804888786404"
"wavelet-HLL","glcm","Imc1","-0.03943174645100061"
"wavelet-HLL","glcm","Imc2","0.2518159980444683"
"wavelet-HLL","glcm","InverseVariance","0.4924207367591053"
"wavelet-HLL","glcm","JointAverage","3.4475272244277737"
"wavelet-HLL","glcm","JointEnergy","0.22368428236346524"
"wavelet-HLL","glcm","JointEntropy","2.4759264101327796"
"wavelet-HLL","glcm","MCC","0.2911136613189279"
"wavelet-HLL","glcm","MaximumProbability","0.2790876146352309"
"wavelet-HLL","glcm","SumAverage","6.895054448855548"
"wavelet-HLL","glcm","SumEntropy","1.8016917368779963"
"wavelet-HLL","glcm","SumSquares","0.3477135479060951"
"wavelet-HLL","gldm","DependenceEntropy","5.0647673302656315"
"wavelet-HLL","gldm","DependenceNonUniformity","443.50346649059094"
"wavelet-HLL","gldm","DependenceNonUniformityNormalized","0.07320955207834119"
"wavelet-HLL","gldm","DependenceVariance","14.926782600374219"
"wavelet-HLL","gldm","GrayLevelNonUniformity","2758.1512050181577"
"wavelet-HLL","gldm","GrayLevelVariance","0.367356366175719"
"wavelet-HLL","gldm","HighGrayLevelEmphasis","12.270881479035985"
"wavelet-HLL","gldm","LargeDependenceEmphasis","121.48861010234401"
"wavelet-HLL","gldm","LargeDependenceHighGrayLevelEmphasis","1430.9909210960714"
"wavelet-HLL","gldm","LargeDependenceLowGrayLevelEmphasis","11.213777175886312"
"wavelet-HLL","gldm","LowGrayLevelEmphasis","0.09441630938718613"
"wavelet-HLL","gldm","SmallDependenceEmphasis","0.028507020679867438"
"wavelet-HLL","gldm","SmallDependenceHighGrayLevelEmphasis","0.3703303823189932"
"wavelet-HLL","gldm","SmallDependenceLowGrayLevelEmphasis","0.004158620839397064"
"wavelet-HLL","glrlm","GrayLevelNonUniformity","1685.272516735572"
"wavelet-HLL","glrlm","GrayLevelNonUniformityNormalized","0.4329545030032436"
"wavelet-HLL","glrlm","GrayLevelVariance","0.42415192302380217"
"wavelet-HLL","glrlm","HighGrayLevelRunEmphasis","12.441645515827629"
"wavelet-HLL","glrlm","LongRunEmphasis","3.8999495852211608"
"wavelet-HLL","glrlm","LongRunHighGrayLevelEmphasis","46.98980704195838"
"wavelet-HLL","glrlm","LongRunLowGrayLevelEmphasis","0.36298559925435936"
"wavelet-HLL","glrlm","LowGrayLevelRunEmphasis","0.09606441739264156"
"wavelet-HLL","glrlm","RunEntropy","2.840869554018517"
"wavelet-HLL","glrlm","RunLengthNonUniformity","1878.178039855289"
"wavelet-HLL","glrlm","RunLengthNonUniformityNormalized","0.4680097722631214"
"wavelet-HLL","glrlm","RunPercentage","0.6414277370038348"
"wavelet-HLL","glrlm","RunVariance","1.07600898152899"
"wavelet-HLL","glrlm","ShortRunEmphasis","0.6931160932583645"
"wavelet-HLL","glrlm","ShortRunHighGrayLevelEmphasis","8.724738904479054"
"wavelet-HLL","glrlm","ShortRunLowGrayLevelEmphasis","0.06802913350311171"
"wavelet-HLL","glszm","GrayLevelNonUniformity","36.16393442622951"
"wavelet-HLL","glszm","GrayLevelNonUniformityNormalized","0.2964256920182747"
"wavelet-HLL","glszm","GrayLevelVariance","2.373555495834453"
"wavelet-HLL","glszm","HighGrayLevelZoneEmphasis","12.80327868852459"
"wavelet-HLL","glszm","LargeAreaEmphasis","135147.83606557376"
"wavelet-HLL","glszm","LargeAreaHighGrayLevelEmphasis","1614493.1557377048"
"wavelet-HLL","glszm","LargeAreaLowGrayLevelEmphasis","12252.905235028438"
"wavelet-HLL","glszm","LowGrayLevelZoneEmphasis","0.20272875543660085"
"wavelet-HLL","glszm","SizeZoneNonUniformity","31.78688524590164"
"wavelet-HLL","glszm","SizeZoneNonUniformityNormalized","0.2605482397205052"
"wavelet-HLL","glszm","SmallAreaEmphasis","0.5056798309349115"
"wavelet-HLL","glszm","SmallAreaHighGrayLevelEmphasis","6.769205485196112"
"wavelet-HLL","glszm","SmallAreaLowGrayLevelEmphasis","0.10374296516664903"
"wavelet-HLL","glszm","ZoneEntropy","4.362829527532567"
"wavelet-HLL","glszm","ZonePercentage","0.020138659623638165"
"wavelet-HLL","glszm","ZoneVariance","132682.14377855416"
"wavelet-HLL","ngtdm","Busyness","38.02556275814488"
"wavelet-HLL","ngtdm","Coarseness","0.0007824539385508545"
"wavelet-HLL","ngtdm","Complexity","11.671941471399343"
"wavelet-HLL","ngtdm","Contrast","0.00886324164979355"
"wavelet-HLL","ngtdm","Strength","0.021299174853909357"
"wavelet-HLH","firstorder","10Percentile","-10.216417468943039"
"wavelet-HLH","firstorder","90Percentile","9.857211276423875"
"wavelet-HLH","firstorder","Energy","552037.228499084"
"wavelet-HLH","firstorder","Entropy","1.1866251068179996"
"wavelet-HLH","firstorder","InterquartileRange","9.277827232308333"
"wavelet-HLH","firstorder","Kurtosis","6.757429514637862"
"wavelet-HLH","firstorder","Maximum","49.822817649045724"
"wavelet-HLH","firstorder","MeanAbsoluteDeviation","6.6625281131332486"
"wavelet-HLH","firstorder","Mean","-0.08214734502905444"
"wavelet-HLH","firstorder","Median","-0.15153347678197468"
"wavelet-HLH","firstorder","Minimum","-59.419091213723064"
"wavelet-HLH","firstorder","Range","109.24190886276878"
"wavelet-HLH","firstorder","RobustMeanAbsoluteDeviation","3.9504208095140942"
"wavelet-HLH","firstorder","RootMeanSquared","9.545958652371366"
"wavelet-HLH","firstorder","Skewness","-0.018787141050559165"
"wavelet-HLH","firstorder","TotalEnergy","1593300.3512136436"
"wavelet-HLH","firstorder","Uniformity","0.4730013849831294"
"wavelet-HLH","firstorder","Variance","91.11857840648842"
"wavelet-HLH","glcm","Autocorrelation","12.177032586476084"
"wavelet-HLH","glcm","ClusterProminence","0.9666856435798206"
"wavelet-HLH","glcm","ClusterShade","-0.004704069565539261"
"wavelet-HLH","glcm","ClusterTendency","0.5887116722582613"
"wavelet-HLH","glcm","Contrast","0.600661528394808"
"wavelet-HLH","glcm","Correlation","-0.011372750803520734"
"wavelet-HLH","glcm","DifferenceAverage","0.5465945224237289"
"wavelet-HLH","glcm","DifferenceEntropy","1.124818438177596"
"wavelet-HLH","glcm","DifferenceVariance","0.2934627145791726"
"wavelet-HLH","glcm","Id","0.7353095381791181"
"wavelet-HLH","glcm","Idm","0.7321020509323524"
"wavelet-HLH","glcm","Idmn","0.9773835289947457"
"wavelet-HLH","glcm","Idn","0.9101590068625194"
"wavelet-HLH","glcm","Imc1","-0.029460258528316387"
"wavelet-HLH","glcm","Imc2","0.1934271663799615"
"wavelet-HLH","glcm","InverseVariance","0.5030529544302904"
"wavelet-HLH","glcm","JointAverage","3.4899843147263527"
"wavelet-HLH","glcm","JointEnergy","0.23561831857180177"
"wavelet-HLH","glcm","JointEntropy","2.284693589628299"
"wavelet-HLH","glcm","MCC","0.16135112891228184"
"wavelet-HLH","glcm","MaximumProbability","0.27225057084138704"
"wavelet-HLH","glcm","SumAverage","6.979968629452705"
"wavelet-HLH","glcm","SumEntropy","1.624339538761661"
"wavelet-HLH","glcm","SumSquares","0.2973433001632673"
"wavelet-HLH","gldm","DependenceEntropy","4.920318148249307"
"wavelet-HLH","gldm","DependenceNonUniformity","475.9798613403764"
"wavelet-HLH","gldm","DependenceNonUniformityNormalized","0.0785704624200027"
"wavelet-HLH","gldm","DependenceVariance","12.898903207150944"
"wavelet-HLH","gldm","GrayLevelNonUniformity","2865.442390227798"
"wavelet-HLH","gldm","GrayLevelVariance","0.3076953867647407"
"wavelet-HLH","gldm","HighGrayLevelEmphasis","12.495378012545395"
"wavelet-HLH","gldm","LargeDependenceEmphasis","117.89204357873886"
"wavelet-HLH","gldm","LargeDependenceHighGrayLevelEmphasis","1455.7984483327832"
"wavelet-HLH","gldm","LargeDependenceLowGrayLevelEmphasis","10.373090266314517"
"wavelet-HLH","gldm","LowGrayLevelEmphasis","0.08921494992846926"
"wavelet-HLH","gldm","SmallDependenceEmphasis","0.025130638313150846"
"wavelet-HLH","gldm","SmallDependenceHighGrayLevelEmphasis","0.32584006570879537"
"wavelet-HLH","gldm","SmallDependenceLowGrayLevelEmphasis","0.0029638487534804155"
"wavelet-HLH","glrlm","GrayLevelNonUniformity","1798.5307681637894"
"wavelet-HLH","glrlm","GrayLevelNonUniformityNormalized","0.46037127418300955"
"wavelet-HLH","glrlm","GrayLevelVariance","0.33576742586551805"
"wavelet-HLH","glrlm","HighGrayLevelRunEmphasis","12.546867505238579"
"wavelet-HLH","glrlm","LongRunEmphasis","3.9260792146237256"
"wavelet-HLH","glrlm","LongRunHighGrayLevelEmphasis","48.759742078646724"
"wavelet-HLH","glrlm","LongRunLowGrayLevelEmphasis","0.3479130410298637"
"wavelet-HLH","glrlm","LowGrayLevelRunEmphasis","0.09002698390689058"
"wavelet-HLH","glrlm","RunEntropy","2.6920175173265943"
"wavelet-HLH","glrlm","RunLengthNonUniformity","1912.366138066425"
"wavelet-HLH","glrlm","RunLengthNonUniformityNormalized","0.4730425938599577"
"wavelet-HLH","glrlm","RunPercentage","0.6443609213500265"
"wavelet-HLH","glrlm","RunVariance","1.0807825017355013"
"wavelet-HLH","glrlm","ShortRunEmphasis","0.695142912169495"
"wavelet-HLH","glrlm","ShortRunHighGrayLevelEmphasis","8.755961602605042"
"wavelet-HLH","glrlm","ShortRunLowGrayLevelEmphasis","0.06325577784402575"
"wavelet-HLH","glszm","GrayLevelNonUniformity","27.955555555555556"
"wavelet-HLH","glszm","GrayLevelNonUniformityNormalized","0.3106172839506173"
"wavelet-HLH","glszm","GrayLevelVariance","1.8913580246913577"
"wavelet-HLH","glszm","HighGrayLevelZoneEmphasis","13.755555555555556"
"wavelet-HLH","glszm","LargeAreaEmphasis","190962.95555555556"
"wavelet-HLH","glszm","LargeAreaHighGrayLevelEmphasis","2365618.3666666667"
"wavelet-HLH","glszm","LargeAreaLowGrayLevelEmphasis","16725.980070987654"
"wavelet-HLH","glszm","LowGrayLevelZoneEmphasis","0.1510679012345679"
"wavelet-HLH","glszm","SizeZoneNonUniformity","27.622222222222224"
"wavelet-HLH","glszm","SizeZoneNonUniformityNormalized","0.30691358024691356"
"wavelet-HLH","glszm","SmallAreaEmphasis","0.5621185463025364"
"wavelet-HLH","glszm","SmallAreaHighGrayLevelEmphasis","7.292688934136461"
"wavelet-HLH","glszm","SmallAreaLowGrayLevelEmphasis","0.08955165212214378"
"wavelet-HLH","glszm","ZoneEntropy","3.8178471314619626"
"wavelet-HLH","glszm","ZonePercentage","0.014856388246946187"
"wavelet-HLH","glszm","ZoneVariance","186432.16987654322"
"wavelet-HLH","ngtdm","Busyness","67.69020060329063"
"wavelet-HLH","ngtdm","Coarseness","0.0006997995714966434"
"wavelet-HLH","ngtdm","Complexity","6.047750642193234"
"wavelet-HLH","ngtdm","Contrast","0.016161854123052977"
"wavelet-HLH","ngtdm","Strength","0.00801026137677544"
"wavelet-HHL","firstorder","10Percentile","-6.238721447980872"
"wavelet-HHL","firstorder","90Percentile","6.306327462893224"
"wavelet-HHL","firstorder","Energy","165646.0805262452"
"wavelet-HHL","firstorder","Entropy","1.0056492235808998"
"wavelet-HHL","firstorder","InterquartileRange","6.366851921114942"
"wavelet-HHL","firstorder","Kurtosis","4.402472775466839"
"wavelet-HHL","firstorder","Maximum","22.85958151339097"
"wavelet-HHL","firstorder","MeanAbsoluteDeviation","3.9945869036191843"
"wavelet-HHL","firstorder","Mean","0.03267585342214633"
"wavelet-HHL","firstorder","Median","0.009964037287049143"
"wavelet-HHL","firstorder","Minimum","-30.796525588057698"
"wavelet-HHL","firstorder","Range","53.65610710144867"
"wavelet-HHL","firstorder","RobustMeanAbsoluteDeviation","2.660193468755471"
"wavelet-HHL","firstorder","RootMeanSquared","5.2290879636922565"
"wavelet-HHL","firstorder","Skewness","-0.046283215307833164"
"wavelet-HHL","firstorder","TotalEnergy","478090.86897491355"
"wavelet-HHL","firstorder","Uniformity","0.49951007325358554"
"wavelet-HHL","firstorder","Variance","27.34229322063436"
"wavelet-HHL","glcm","Autocorrelation","6.2515074517659786"
"wavelet-HHL","glcm","ClusterProminence","0.49906976589687313"
"wavelet-HHL","glcm","ClusterShade","-0.0036852215675024116"
"wavelet-HHL","glcm","ClusterTendency","0.49334087925160053"
"wavelet-HHL","glcm","Contrast","0.5092845363959836"
"wavelet-HHL","glcm","Correlation","-0.015931644542660862"
"wavelet-HHL","glcm","DifferenceAverage","0.508808657942449"
"wavelet-HHL","glcm","DifferenceEntropy","0.9891828264877716"
"wavelet-HHL","glcm","DifferenceVariance","0.24584010194443323"
"wavelet-HHL","glcm","Id","0.7456749841043646"
"wavelet-HHL","glcm","Idm","0.7456432588741289"
"wavelet-HHL","glcm","Idmn","0.9490935099813339"
"wavelet-HHL","glcm","Idn","0.8728216294370644"
"wavelet-HHL","glcm","Imc1","-0.014106320714287666"
"wavelet-HHL","glcm","Imc2","0.1172646837662591"
"wavelet-HHL","glcm","InverseVariance","0.5083922642956064"
"wavelet-HHL","glcm","JointAverage","2.501097833168672"
"wavelet-HHL","glcm","JointEnergy","0.2543038335695909"
"wavelet-HHL","glcm","JointEntropy","1.9936925511002632"
"wavelet-HHL","glcm","MCC","0.1166125926601803"
"wavelet-HHL","glcm","MaximumProbability","0.27314392420140154"
"wavelet-HHL","glcm","SumAverage","5.002195666337343"
"wavelet-HHL","glcm","SumEntropy","1.4826228365490626"
"wavelet-HHL","glcm","SumSquares","0.25065635391189606"
"wavelet-HHL","gldm","DependenceEntropy","4.670352225671913"
"wavelet-HHL","gldm","DependenceNonUniformity","547.8095080884781"
"wavelet-HHL","gldm","DependenceNonUniformityNormalized","0.09042745263923375"
"wavelet-HHL","gldm","DependenceVariance","9.81929081931774"
"wavelet-HHL","gldm","GrayLevelNonUniformity","3026.0320237702213"
"wavelet-HHL","gldm","GrayLevelVariance","0.2509897446724145"
"wavelet-HHL","gldm","HighGrayLevelEmphasis","6.50511720039617"
"wavelet-HHL","gldm","LargeDependenceEmphasis","117.11852096401452"
"wavelet-HHL","gldm","LargeDependenceHighGrayLevelEmphasis","763.6206668867613"
"wavelet-HHL","gldm","LargeDependenceLowGrayLevelEmphasis","21.08210447158945"
"wavelet-HHL","gldm","LowGrayLevelEmphasis","0.18074355306114961"
"wavelet-HHL","gldm","SmallDependenceEmphasis","0.015416306485048471"
"wavelet-HHL","gldm","SmallDependenceHighGrayLevelEmphasis","0.09839896527967106"
"wavelet-HHL","gldm","SmallDependenceLowGrayLevelEmphasis","0.0029987659534649316"
"wavelet-HHL","glrlm","GrayLevelNonUniformity","1935.840208832605"
"wavelet-HHL","glrlm","GrayLevelNonUniformityNormalized","0.49925033860440216"
"wavelet-HHL","glrlm","GrayLevelVariance","0.2515128447701651"
"wavelet-HHL","glrlm","HighGrayLevelRunEmphasis","6.498946103826821"
"wavelet-HHL","glrlm","LongRunEmphasis","3.356791164898131"
"wavelet-HHL","glrlm","LongRunHighGrayLevelEmphasis","21.879395812020405"
"wavelet-HHL","glrlm","LongRunLowGrayLevelEmphasis","0.6049689822766108"
"wavelet-HHL","glrlm","LowGrayLevelRunEmphasis","0.1810904317805823"
"wavelet-HHL","glrlm","RunEntropy","2.4512436160168813"
"wavelet-HHL","glrlm","RunLengthNonUniformity","1831.4432778454402"
"wavelet-HHL","glrlm","RunLengthNonUniformityNormalized","0.46556471767470087"
"wavelet-HHL","glrlm","RunPercentage","0.6400563780887321"
"wavelet-HHL","glrlm","RunVariance","0.8217681026434043"
"wavelet-HHL","glrlm","ShortRunEmphasis","0.6888815421413265"
"wavelet-HHL","glrlm","ShortRunHighGrayLevelEmphasis","4.472550164914924"
"wavelet-HHL","glrlm","ShortRunLowGrayLevelEmphasis","0.12501842875712163"
"wavelet-HHL","glszm","GrayLevelNonUniformity","3.2222222222222223"
"wavelet-HHL","glszm","GrayLevelNonUniformityNormalized","0.35802469135802467"
"wavelet-HHL","glszm","GrayLevelVariance","0.6172839506172839"
"wavelet-HHL","glszm","HighGrayLevelZoneEmphasis","5.555555555555555"
"wavelet-HHL","glszm","LargeAreaEmphasis","2032144.2222222222"
"wavelet-HHL","glszm","LargeAreaHighGrayLevelEmphasis","13235816.888888888"
"wavelet-HHL","glszm","LargeAreaLowGrayLevelEmphasis","366168.6481481481"
"wavelet-HHL","glszm","LowGrayLevelZoneEmphasis","0.3549382716049383"
"wavelet-HHL","glszm","SizeZoneNonUniformity","3.2222222222222223"
"wavelet-HHL","glszm","SizeZoneNonUniformityNormalized","0.35802469135802467"
"wavelet-HHL","glszm","SmallAreaEmphasis","0.5956790366471761"
"wavelet-HHL","glszm","SmallAreaHighGrayLevelEmphasis","3.138889046527175"
"wavelet-HHL","glszm","SmallAreaLowGrayLevelEmphasis","0.22050754897831806"
"wavelet-HHL","glszm","ZoneEntropy","2.725480556997865"
"wavelet-HHL","glszm","ZonePercentage","0.0014856388246946186"
"wavelet-HHL","glszm","ZoneVariance","1579065.6543209874"
"wavelet-HHL","ngtdm","Busyness","257.3828598179719"
"wavelet-HHL","ngtdm","Coarseness","0.0006460507480027049"
"wavelet-HHL","ngtdm","Complexity","2.043215328722502"
"wavelet-HHL","ngtdm","Contrast","0.042828245594021375"
"wavelet-HHL","ngtdm","Strength","0.0022607295549473987"
"wavelet-HHH","firstorder","10Percentile","-5.174114301191847"
"wavelet-HHH","firstorder","90Percentile","5.191674528381153"
"wavelet-HHH","firstorder","Energy","108823.93793851645"
"wavelet-HHH","firstorder","Entropy","0.9999036854832277"
"wavelet-HHH","firstorder","InterquartileRange","5.287581925234763"
"wavelet-HHH","firstorder","Kurtosis","3.7392941023557116"
"wavelet-HHH","firstorder","Maximum","19.213635376451087"
"wavelet-HHH","firstorder","MeanAbsoluteDeviation","3.2763742268375453"
"wavelet-HHH","firstorder","Mean","0.003582827547700502"
"wavelet-HHH","firstorder","Median","-0.057896050873937496"
"wavelet-HHH","firstorder","Minimum","-15.450162295880158"
"wavelet-HHH","firstorder","Range","34.66379767233124"
"wavelet-HHH","firstorder","RobustMeanAbsoluteDeviation","2.1960766762952177"
"wavelet-HHH","firstorder","RootMeanSquared","4.238357481352334"
"wavelet-HHH","firstorder","Skewness","0.06398523443739501"
"wavelet-HHH","firstorder","TotalEnergy","314089.7200163697"
"wavelet-HHH","firstorder","Uniformity","0.5000667586500954"
"wavelet-HHH","firstorder","Variance","17.963661303082063"
"wavelet-HHH","glcm","Autocorrelation","2.2239413985387384"
"wavelet-HHH","glcm","ClusterProminence","0.48817320487653326"
"wavelet-HHH","glcm","ClusterShade","0.006320734283994752"
"wavelet-HHH","glcm","ClusterTendency","0.4881844791819072"
"wavelet-HHH","glcm","Contrast","0.5116246564406364"
"wavelet-HHH","glcm","Correlation","-0.023443936156584872"
"wavelet-HHH","glcm","DifferenceAverage","0.5116246564406364"
"wavelet-HHH","glcm","DifferenceEntropy","0.9907773639010519"
"wavelet-HHH","glcm","DifferenceVariance","0.2468283615189723"
"wavelet-HHH","glcm","Id","0.7441876717796819"
"wavelet-HHH","glcm","Idm","0.7441876717796819"
"wavelet-HHH","glcm","Idmn","0.8976750687118726"
"wavelet-HHH","glcm","Idn","0.8294584478531212"
"wavelet-HHH","glcm","Imc1","-0.009234382679091015"
"wavelet-HHH","glcm","Imc2","0.10783931396241839"
"wavelet-HHH","glcm","InverseVariance","0.5116246564406364"
"wavelet-HHH","glcm","JointAverage","1.493251242253019"
"wavelet-HHH","glcm","JointEnergy","0.2532670706697559"
"wavelet-HHH","glcm","JointEntropy","1.990491672075493"
"wavelet-HHH","glcm","MCC","0.09046052280429981"
"wavelet-HHH","glcm","MaximumProbability","0.276492405948423"
"wavelet-HHH","glcm","SumAverage","2.986502484506038"
"wavelet-HHH","glcm","SumEntropy","1.4788670156348567"
"wavelet-HHH","glcm","SumSquares","0.2499522839056359"
"wavelet-HHH","gldm","DependenceEntropy","4.596718212294348"
"wavelet-HHH","gldm","DependenceNonUniformity","573.3624958732255"
"wavelet-HHH","gldm","DependenceNonUniformityNormalized","0.0946455093881191"
"wavelet-HHH","gldm","DependenceVariance","9.134457370977874"
"wavelet-HHH","gldm","GrayLevelNonUniformity","3029.404423902278"
"wavelet-HHH","gldm","GrayLevelVariance","0.2499666206749523"
"wavelet-HHH","gldm","HighGrayLevelEmphasis","2.4826675470452293"
"wavelet-HHH","gldm","LargeDependenceEmphasis","115.54638494552658"
"wavelet-HHH","gldm","LargeDependenceHighGrayLevelEmphasis","281.93397160779136"
"wavelet-HHH","gldm","LargeDependenceLowGrayLevelEmphasis","73.94948827996038"
"wavelet-HHH","gldm","LowGrayLevelEmphasis","0.6293331132386927"
"wavelet-HHH","gldm","SmallDependenceEmphasis","0.015348936418774337"
"wavelet-HHH","gldm","SmallDependenceHighGrayLevelEmphasis","0.03826343148120642"
"wavelet-HHH","gldm","SmallDependenceLowGrayLevelEmphasis","0.009620312653166312"
"wavelet-HHH","glrlm","GrayLevelNonUniformity","1943.7568268790876"
"wavelet-HHH","glrlm","GrayLevelNonUniformityNormalized","0.5000067487134192"
"wavelet-HHH","glrlm","GrayLevelVariance","0.2499966256432904"
"wavelet-HHH","glrlm","HighGrayLevelRunEmphasis","2.495546359573893"
"wavelet-HHH","glrlm","LongRunEmphasis","3.3665685280119977"
"wavelet-HHH","glrlm","LongRunHighGrayLevelEmphasis","8.316408191107241"
"wavelet-HHH","glrlm","LongRunLowGrayLevelEmphasis","2.1291086122381873"
"wavelet-HHH","glrlm","LowGrayLevelRunEmphasis","0.6261134101065268"
"wavelet-HHH","glrlm","RunEntropy","2.441334829311381"
"wavelet-HHH","glrlm","RunLengthNonUniformity","1838.782856480194"
"wavelet-HHH","glrlm","RunLengthNonUniformityNormalized","0.46645351924391415"
"wavelet-HHH","glrlm","RunPercentage","0.6417070878939483"
"wavelet-HHH","glrlm","RunVariance","0.8395280525820757"
"wavelet-HHH","glrlm","ShortRunEmphasis","0.6919530335997351"
"wavelet-HHH","glrlm","ShortRunHighGrayLevelEmphasis","1.7360699308389074"
"wavelet-HHH","glrlm","ShortRunLowGrayLevelEmphasis","0.43092380928994206"
"wavelet-HHH","glszm","GrayLevelNonUniformity","5.909090909090909"
"wavelet-HHH","glszm","GrayLevelNonUniformityNormalized","0.5371900826446281"
"wavelet-HHH","glszm","GrayLevelVariance","0.23140495867768596"
"wavelet-HHH","glszm","HighGrayLevelZoneEmphasis","2.090909090909091"
"wavelet-HHH","glszm","LargeAreaEmphasis","1657319.8181818181"
"wavelet-HHH","glszm","LargeAreaHighGrayLevelEmphasis","4095530.5454545454"
"wavelet-HHH","glszm","LargeAreaLowGrayLevelEmphasis","1047767.1363636364"
"wavelet-HHH","glszm","LowGrayLevelZoneEmphasis","0.7272727272727273"
"wavelet-HHH","glszm","SizeZoneNonUniformity","3.909090909090909"
"wavelet-HHH","glszm","SizeZoneNonUniformityNormalized","0.35537190082644626"
"wavelet-HHH","glszm","SmallAreaEmphasis","0.5918182017722432"
"wavelet-HHH","glszm","SmallAreaHighGrayLevelEmphasis","1.205454595914672"
"wavelet-HHH","glszm","SmallAreaLowGrayLevelEmphasis","0.4384091032366361"
"wavelet-HHH","glszm","ZoneEntropy","2.550340709546386"
"wavelet-HHH","glszm","ZonePercentage","0.0018157807857378673"
"wavelet-HHH","glszm","ZoneVariance","1354019.2892561983"
"wavelet-HHH","ngtdm","Busyness","1614.029150469438"
"wavelet-HHH","ngtdm","Coarseness","0.0006418159872893284"
"wavelet-HHH","ngtdm","Complexity","0.514387250522667"
"wavelet-HHH","ngtdm","Contrast","0.12858272520793002"
"wavelet-HHH","ngtdm","Strength","0.0006418006012202104"
"wavelet-LLL","firstorder","10Percentile","-2317.236665887584"
"wavelet-LLL","firstorder","90Percentile","-2196.9982422920393"
"wavelet-LLL","firstorder","Energy","30508690522.15956"
"wavelet-LLL","firstorder","Entropy","2.7306537529600936"
"wavelet-LLL","firstorder","InterquartileRange","61.95775444685296"
"wavelet-LLL","firstorder","Kurtosis","4.539193737384372"
"wavelet-LLL","firstorder","Maximum","-2166.6519860791336"
"wavelet-LLL","firstorder","MeanAbsoluteDeviation","39.23431976057398"
"wavelet-LLL","firstorder","Mean","-2243.5759814945127"
"wavelet-LLL","firstorder","Median","-2225.886825763887"
"wavelet-LLL","firstorder","Minimum","-2509.6794318855414"
"wavelet-LLL","firstorder","Range","343.02744580640774"
"wavelet-LLL","firstorder","RobustMeanAbsoluteDeviation","26.646877757737172"
"wavelet-LLL","firstorder","RootMeanSquared","2244.125544376621"
"wavelet-LLL","firstorder","Skewness","-1.3208857240073495"
"wavelet-LLL","firstorder","TotalEnergy","88054763002.46632"
"wavelet-LLL","firstorder","Uniformity","0.19801476668641999"
"wavelet-LLL","firstorder","Variance","2466.274184600343"
"wavelet-LLL","glcm","Autocorrelation","146.69775331983337"
"wavelet-LLL","glcm","ClusterProminence","435.2298856043305"
"wavelet-LLL","glcm","ClusterShade","-37.00358641862958"
"wavelet-LLL","glcm","ClusterTendency","8.839421918744247"
"wavelet-LLL","glcm","Contrast","4.876798253943828"
"wavelet-LLL","glcm","Correlation","0.27684600079471033"
"wavelet-LLL","glcm","DifferenceAverage","1.48125506979698"
"wavelet-LLL","glcm","DifferenceEntropy","2.237194615035517"
"wavelet-LLL","glcm","DifferenceVariance","2.3254011830758596"
"wavelet-LLL","glcm","Id","0.5847697153727365"
"wavelet-LLL","glcm","Idm","0.5361602389354289"
"wavelet-LLL","glcm","Idmn","0.9800800946799766"
"wavelet-LLL","glcm","Idn","0.9182951114876635"
"wavelet-LLL","glcm","Imc1","-0.1344038197534701"
"wavelet-LLL","glcm","Imc2","0.5510591424283772"
"wavelet-LLL","glcm","InverseVariance","0.34730054129854554"
"wavelet-LLL","glcm","JointAverage","12.070212030322807"
"wavelet-LLL","glcm","JointEnergy","0.0769736980834946"
"wavelet-LLL","glcm","JointEntropy","4.718191679969175"
"wavelet-LLL","glcm","MCC","0.4595097432149035"
"wavelet-LLL","glcm","MaximumProbability","0.22134748304098226"
"wavelet-LLL","glcm","SumAverage","24.140424060645607"
"wavelet-LLL","glcm","SumEntropy","3.271416149808097"
"wavelet-LLL","glcm","SumSquares","3.4290550431720184"
"wavelet-LLL","gldm","DependenceEntropy","6.308522135414948"
"wavelet-LLL","gldm","DependenceNonUniformity","401.99273687685707"
"wavelet-LLL","gldm","DependenceNonUniformityNormalized","0.06635733523883411"
"wavelet-LLL","gldm","DependenceVariance","31.61308931675219"
"wavelet-LLL","gldm","GrayLevelNonUniformity","1199.5734565863322"
"wavelet-LLL","gldm","GrayLevelVariance","4.039622621253054"
"wavelet-LLL","gldm","HighGrayLevelEmphasis","142.19329811819082"
"wavelet-LLL","gldm","LargeDependenceEmphasis","97.36810828656323"
"wavelet-LLL","gldm","LargeDependenceHighGrayLevelEmphasis","16185.331627599868"
"wavelet-LLL","gldm","LargeDependenceLowGrayLevelEmphasis","0.605166400102767"
"wavelet-LLL","gldm","LowGrayLevelEmphasis","0.008615131973067713"
"wavelet-LLL","gldm","SmallDependenceEmphasis","0.08231521726386086"
"wavelet-LLL","gldm","SmallDependenceHighGrayLevelEmphasis","8.304524752906923"
"wavelet-LLL","gldm","SmallDependenceLowGrayLevelEmphasis","0.0013958814695117356"
"wavelet-LLL","glrlm","GrayLevelNonUniformity","698.7408180692279"
"wavelet-LLL","glrlm","GrayLevelNonUniformityNormalized","0.156777887549546"
"wavelet-LLL","glrlm","GrayLevelVariance","4.587305578727635"
"wavelet-LLL","glrlm","HighGrayLevelRunEmphasis","134.496276835076"
"wavelet-LLL","glrlm","LongRunEmphasis","3.8776131757338637"
"wavelet-LLL","glrlm","LongRunHighGrayLevelEmphasis","603.9912993695639"
"wavelet-LLL","glrlm","LongRunLowGrayLevelEmphasis","0.028099118189508217"
"wavelet-LLL","glrlm","LowGrayLevelRunEmphasis","0.009475805153817905"
"wavelet-LLL","glrlm","RunEntropy","3.921112333656112"
"wavelet-LLL","glrlm","RunLengthNonUniformity","2942.4185419874584"
"wavelet-LLL","glrlm","RunLengthNonUniformityNormalized","0.6304901310346611"
"wavelet-LLL","glrlm","RunPercentage","0.7265789674175279"
"wavelet-LLL","glrlm","RunVariance","1.5252355370756605"
"wavelet-LLL","glrlm","ShortRunEmphasis","0.8079769698657806"
"wavelet-LLL","glrlm","ShortRunHighGrayLevelEmphasis","104.7067892757773"
"wavelet-LLL","glrlm","ShortRunLowGrayLevelEmphasis","0.008118998427100467"
"wavelet-LLL","glszm","GrayLevelNonUniformity","56.14859437751004"
"wavelet-LLL","glszm","GrayLevelNonUniformityNormalized","0.11274818148094386"
"wavelet-LLL","glszm","GrayLevelVariance","6.49599200012903"
"wavelet-LLL","glszm","HighGrayLevelZoneEmphasis","90.855421686747"
"wavelet-LLL","glszm","LargeAreaEmphasis","10548.052208835341"
"wavelet-LLL","glszm","LargeAreaHighGrayLevelEmphasis","1778569.3514056224"
"wavelet-LLL","glszm","LargeAreaLowGrayLevelEmphasis","62.937879139501256"
"wavelet-LLL","glszm","LowGrayLevelZoneEmphasis","0.01848092606506716"
"wavelet-LLL","glszm","SizeZoneNonUniformity","108.43373493975903"
"wavelet-LLL","glszm","SizeZoneNonUniformityNormalized","0.21773842357381332"
"wavelet-LLL","glszm","SmallAreaEmphasis","0.4741724030032176"
"wavelet-LLL","glszm","SmallAreaHighGrayLevelEmphasis","38.62661496183942"
"wavelet-LLL","glszm","SmallAreaLowGrayLevelEmphasis","0.011489441464641061"
"wavelet-LLL","glszm","ZoneEntropy","6.089438533356452"
"wavelet-LLL","glszm","ZonePercentage","0.0822053482997689"
"wavelet-LLL","glszm","ZoneVariance","10400.073289140495"
"wavelet-LLL","ngtdm","Busyness","3.889399041537823"
"wavelet-LLL","ngtdm","Coarseness","0.0010297365202108796"
"wavelet-LLL","ngtdm","Complexity","130.63348939636603"
"wavelet-LLL","ngtdm","Contrast","0.04332746336245166"
"wavelet-LLL","ngtdm","Strength","0.16180920751252012"
