"Image type","Feature Class","Feature Name","Segmentation_3_2_segment_Segment_1"
"diagnostics","Versions","PyRadiomics","v3.0.1.post4+gad5b2de"
"diagnostics","Versions","Numpy","1.19.2"
"diagnostics","Versions","SimpleITK","2.0.2"
"diagnostics","Versions","PyWavelet","1.1.1"
"diagnostics","Versions","Python","3.6.7"
"diagnostics","Configuration","Settings","{'minimumROIDimensions': 2, 'minimumROISize': None, 'normalize': False, 'normalizeScale': 1, 'removeOutliers': None, 'resampledPixelSpacing': None, 'interpolator': 'sitkBSpline', 'preCrop': False, 'padDistance': 5, 'distances': [1], 'force2D': False, 'force2Ddimension': 0, 'resegmentRange': None, 'label': 1, 'additionalInfo': True, 'binWidth': 25.0, 'symmetricalGLCM': True, 'correctMask': True}"
"diagnostics","Configuration","EnabledImageTypes","{'Original': {}, 'Wavelet': {}}"
"diagnostics","Image-original","Hash","c9f0318924418e87d77b1bda7f506e878dc82dfa"
"diagnostics","Image-original","Dimensionality","3D"
"diagnostics","Image-original","Spacing","(0.7031249999999999, 0.7031249999999999, 2.5000000000000004)"
"diagnostics","Image-original","Size","(512, 512, 134)"
"diagnostics","Image-original","Mean","-896.0519652295468"
"diagnostics","Image-original","Minimum","-952.0"
"diagnostics","Image-original","Maximum","-769.0"
"diagnostics","Mask-original","Hash","1ae22c4f550c55c6072ebe26bf49dba02a426912"
"diagnostics","Mask-original","Spacing","(0.7031249999999999, 0.7031249999999999, 2.5000000000000004)"
"diagnostics","Mask-original","Size","(512, 512, 134)"
"diagnostics","Mask-original","BoundingBox","(299, 372, 33, 95, 62, 21)"
"diagnostics","Mask-original","VoxelNum","35441"
"diagnostics","Mask-original","VolumeNum","1"
"diagnostics","Mask-original","CenterOfMassIndex","(338.8579611184786, 406.7599954854547, 41.024293896899074)"
"diagnostics","Mask-original","CenterOfMass","(57.1795039114302, 218.30312182571026, -260.42926525775226)"
"original","shape","Elongation","0.6224360043980556"
"original","shape","Flatness","0.47256589646616404"
"original","shape","LeastAxisLength","31.058050774839742"
"original","shape","MajorAxisLength","65.7221585541637"
"original","shape","Maximum2DDiameterColumn","72.76420071882876"
"original","shape","Maximum2DDiameterRow","54.35074890238405"
"original","shape","Maximum2DDiameterSlice","63.84514384491685"
"original","shape","Maximum3DDiameter","75.045315086328"
"original","shape","MeshVolume","43746.768951416045"
"original","shape","MinorAxisLength","40.90783777086914"
"original","shape","Sphericity","0.5403247401722235"
"original","shape","SurfaceArea","11112.026270644079"
"original","shape","SurfaceVolumeRatio","0.2540079310310846"
"original","shape","VoxelVolume","43803.726196289055"
"original","firstorder","10Percentile","-842.0"
"original","firstorder","90Percentile","-773.0"
"original","firstorder","Energy","22426430388.0"
"original","firstorder","Entropy","1.96622786607006"
"original","firstorder","InterquartileRange","24.0"
"original","firstorder","Kurtosis","6.513477375272368"
"original","firstorder","Maximum","-769.0"
"original","firstorder","MeanAbsoluteDeviation","22.92356278164672"
"original","firstorder","Mean","-794.8540955390649"
"original","firstorder","Median","-781.0"
"original","firstorder","Minimum","-934.0"
"original","firstorder","Range","165.0"
"original","firstorder","RobustMeanAbsoluteDeviation","12.645678942436595"
"original","firstorder","RootMeanSquared","795.4760206877967"
"original","firstorder","Skewness","-2.0042913214921496"
"original","firstorder","TotalEnergy","27718213827.94189"
"original","firstorder","Uniformity","0.3537055905332936"
"original","firstorder","Variance","989.0662940671116"
"original","glcm","Autocorrelation","47.053981249734775"
"original","glcm","ClusterProminence","129.71338887394455"
"original","glcm","ClusterShade","-16.041656746154793"
"original","glcm","ClusterTendency","4.383398733683543"
"original","glcm","Contrast","1.068608365114695"
"original","glcm","Correlation","0.5995099685497077"
"original","glcm","DifferenceAverage","0.5824554489253647"
"original","glcm","DifferenceEntropy","1.4494538759812117"
"original","glcm","DifferenceVariance","0.7056059321058079"
"original","glcm","Id","0.7705569747613477"
"original","glcm","Idm","0.7549563781512122"
"original","glcm","Idmn","0.984898867346623"
"original","glcm","Idn","0.940166033221997"
"original","glcm","Imc1","-0.20133762293501697"
"original","glcm","Imc2","0.6785245498663984"
"original","glcm","InverseVariance","0.3217781243090537"
"original","glcm","JointAverage","6.798829361090099"
"original","glcm","JointEnergy","0.20221322019110624"
"original","glcm","JointEntropy","3.331853225913623"
"original","glcm","MCC","0.610169373700521"
"original","glcm","MaximumProbability","0.4018781097096793"
"original","glcm","SumAverage","13.597658722180197"
"original","glcm","SumEntropy","2.618720499203031"
"original","glcm","SumSquares","1.3630017746995593"
"original","gldm","DependenceEntropy","6.1499158764272845"
"original","gldm","DependenceNonUniformity","1422.802940097627"
"original","gldm","DependenceNonUniformityNormalized","0.04014567704347019"
"original","gldm","DependenceVariance","59.827037796796034"
"original","gldm","GrayLevelNonUniformity","12535.67983409046"
"original","gldm","GrayLevelVariance","1.6653839557142929"
"original","gldm","HighGrayLevelEmphasis","46.29310685364408"
"original","gldm","LargeDependenceEmphasis","274.0416184644903"
"original","gldm","LargeDependenceHighGrayLevelEmphasis","14178.192037470726"
"original","gldm","LargeDependenceLowGrayLevelEmphasis","5.5949481790214275"
"original","gldm","LowGrayLevelEmphasis","0.029918319904544494"
"original","gldm","SmallDependenceEmphasis","0.027825662775640275"
"original","gldm","SmallDependenceHighGrayLevelEmphasis","0.7974996234877283"
"original","gldm","SmallDependenceLowGrayLevelEmphasis","0.0019513801548535382"
"original","glrlm","GrayLevelNonUniformity","3905.516651908176"
"original","glrlm","GrayLevelNonUniformityNormalized","0.22825575752940747"
"original","glrlm","GrayLevelVariance","2.430632924056756"
"original","glrlm","HighGrayLevelRunEmphasis","41.13680768644998"
"original","glrlm","LongRunEmphasis","12.336979777274426"
"original","glrlm","LongRunHighGrayLevelEmphasis","619.4288903015454"
"original","glrlm","LongRunLowGrayLevelEmphasis","0.2756244833400641"
"original","glrlm","LowGrayLevelRunEmphasis","0.03889962432459408"
"original","glrlm","RunEntropy","4.228609399847609"
"original","glrlm","RunLengthNonUniformity","6959.846239381177"
"original","glrlm","RunLengthNonUniformityNormalized","0.4007422004872929"
"original","glrlm","RunPercentage","0.4755357224249186"
"original","glrlm","RunVariance","7.141892861587857"
"original","glrlm","ShortRunEmphasis","0.6548306949221914"
"original","glrlm","ShortRunHighGrayLevelEmphasis","24.196026766136274"
"original","glrlm","ShortRunLowGrayLevelEmphasis","0.03012358719833609"
"original","glszm","GrayLevelNonUniformity","125.18129496402878"
"original","glszm","GrayLevelNonUniformityNormalized","0.18011697117126443"
"original","glszm","GrayLevelVariance","3.0125438641892237"
"original","glszm","HighGrayLevelZoneEmphasis","22.19568345323741"
"original","glszm","LargeAreaEmphasis","601012.3323741007"
"original","glszm","LargeAreaHighGrayLevelEmphasis","30434896.379856113"
"original","glszm","LargeAreaLowGrayLevelEmphasis","11981.537755542504"
"original","glszm","LowGrayLevelZoneEmphasis","0.09599057080865919"
"original","glszm","SizeZoneNonUniformity","112.13956834532374"
"original","glszm","SizeZoneNonUniformityNormalized","0.16135189689974638"
"original","glszm","SmallAreaEmphasis","0.39672766134143744"
"original","glszm","SmallAreaHighGrayLevelEmphasis","9.015571629494444"
"original","glszm","SmallAreaLowGrayLevelEmphasis","0.04111701079214843"
"original","glszm","ZoneEntropy","6.030686625867771"
"original","glszm","ZonePercentage","0.019610056149657176"
"original","glszm","ZoneVariance","598411.9193913358"
"original","ngtdm","Busyness","50.65302487170489"
"original","ngtdm","Coarseness","0.0002697441537392117"
"original","ngtdm","Complexity","13.823273745950718"
"original","ngtdm","Contrast","0.026384361686048966"
"original","ngtdm","Strength","0.011876180918549141"
"wavelet-LLH","firstorder","10Percentile","-46.66159404303991"
"wavelet-LLH","firstorder","90Percentile","41.79908663204266"
"wavelet-LLH","firstorder","Energy","45057758.869516514"
"wavelet-LLH","firstorder","Entropy","2.4736753220064744"
"wavelet-LLH","firstorder","InterquartileRange","25.080000292879088"
"wavelet-LLH","firstorder","Kurtosis","5.139146623361661"
"wavelet-LLH","firstorder","Maximum","186.55522486247355"
"wavelet-LLH","firstorder","MeanAbsoluteDeviation","23.75418044799109"
"wavelet-LLH","firstorder","Mean","-3.7091606654734033"
"wavelet-LLH","firstorder","Median","-2.840006763148942"
"wavelet-LLH","firstorder","Minimum","-141.50663098056827"
"wavelet-LLH","firstorder","Range","328.0618558430418"
"wavelet-LLH","firstorder","RobustMeanAbsoluteDeviation","12.984721393730197"
"wavelet-LLH","firstorder","RootMeanSquared","35.655933373858744"
"wavelet-LLH","firstorder","Skewness","0.6055620364981421"
"wavelet-LLH","firstorder","TotalEnergy","55689673.895734206"
"wavelet-LLH","firstorder","Uniformity","0.2443412560760087"
"wavelet-LLH","firstorder","Variance","1257.5877119187592"
"wavelet-LLH","glcm","Autocorrelation","39.763038500510795"
"wavelet-LLH","glcm","ClusterProminence","125.36173021128967"
"wavelet-LLH","glcm","ClusterShade","5.427520737128966"
"wavelet-LLH","glcm","ClusterTendency","4.658998914658169"
"wavelet-LLH","glcm","Contrast","3.068241963000647"
"wavelet-LLH","glcm","Correlation","0.1844568826760272"
"wavelet-LLH","glcm","DifferenceAverage","1.0853663569302123"
"wavelet-LLH","glcm","DifferenceEntropy","1.9281632888745006"
"wavelet-LLH","glcm","DifferenceVariance","1.724462198723228"
"wavelet-LLH","glcm","Id","0.6448092676839039"
"wavelet-LLH","glcm","Idm","0.6140944620060433"
"wavelet-LLH","glcm","Idmn","0.9858222072516631"
"wavelet-LLH","glcm","Idn","0.9347005818882285"
"wavelet-LLH","glcm","Imc1","-0.14414112560867234"
"wavelet-LLH","glcm","Imc2","0.5813213249116419"
"wavelet-LLH","glcm","InverseVariance","0.41414468594660997"
"wavelet-LLH","glcm","JointAverage","6.274097963498857"
"wavelet-LLH","glcm","JointEnergy","0.09593584295253817"
"wavelet-LLH","glcm","JointEntropy","4.447435499468773"
"wavelet-LLH","glcm","MCC","0.5029744768268329"
"wavelet-LLH","glcm","MaximumProbability","0.22919760147928483"
"wavelet-LLH","glcm","SumAverage","12.54819592699772"
"wavelet-LLH","glcm","SumEntropy","2.9841144109722575"
"wavelet-LLH","glcm","SumSquares","1.931810219414704"
"wavelet-LLH","gldm","DependenceEntropy","6.473346280470784"
"wavelet-LLH","gldm","DependenceNonUniformity","1809.2769673541943"
"wavelet-LLH","gldm","DependenceNonUniformityNormalized","0.051050392690787344"
"wavelet-LLH","gldm","DependenceVariance","33.678305263692906"
"wavelet-LLH","gldm","GrayLevelNonUniformity","8659.698456589826"
"wavelet-LLH","gldm","GrayLevelVariance","2.126317105849282"
"wavelet-LLH","gldm","HighGrayLevelEmphasis","42.19395615247877"
"wavelet-LLH","gldm","LargeDependenceEmphasis","139.3355435794701"
"wavelet-LLH","gldm","LargeDependenceHighGrayLevelEmphasis","5389.092407099122"
"wavelet-LLH","gldm","LargeDependenceLowGrayLevelEmphasis","3.8617736735175296"
"wavelet-LLH","gldm","LowGrayLevelEmphasis","0.03032956916501589"
"wavelet-LLH","gldm","SmallDependenceEmphasis","0.04265163416843491"
"wavelet-LLH","gldm","SmallDependenceHighGrayLevelEmphasis","2.278246438796986"
"wavelet-LLH","gldm","SmallDependenceLowGrayLevelEmphasis","0.0014853973826527607"
"wavelet-LLH","glrlm","GrayLevelNonUniformity","4375.20630971243"
"wavelet-LLH","glrlm","GrayLevelNonUniformityNormalized","0.19040290546414929"
"wavelet-LLH","glrlm","GrayLevelVariance","2.756305769690156"
"wavelet-LLH","glrlm","HighGrayLevelRunEmphasis","43.840373234024256"
"wavelet-LLH","glrlm","LongRunEmphasis","5.086506429985783"
"wavelet-LLH","glrlm","LongRunHighGrayLevelEmphasis","203.99305975753006"
"wavelet-LLH","glrlm","LongRunLowGrayLevelEmphasis","0.14699131182399208"
"wavelet-LLH","glrlm","LowGrayLevelRunEmphasis","0.03133021292888579"
"wavelet-LLH","glrlm","RunEntropy","4.07340706425864"
"wavelet-LLH","glrlm","RunLengthNonUniformity","12609.686196141014"
"wavelet-LLH","glrlm","RunLengthNonUniformityNormalized","0.5235509940595713"
"wavelet-LLH","glrlm","RunPercentage","0.6431165121664826"
"wavelet-LLH","glrlm","RunVariance","2.1034568359012638"
"wavelet-LLH","glrlm","ShortRunEmphasis","0.7403989467422403"
"wavelet-LLH","glrlm","ShortRunHighGrayLevelEmphasis","33.36532160577846"
"wavelet-LLH","glrlm","ShortRunLowGrayLevelEmphasis","0.023763198561904644"
"wavelet-LLH","glszm","GrayLevelNonUniformity","136.8855678906917"
"wavelet-LLH","glszm","GrayLevelNonUniformityNormalized","0.11689630050443357"
"wavelet-LLH","glszm","GrayLevelVariance","7.288467891493909"
"wavelet-LLH","glszm","HighGrayLevelZoneEmphasis","62.47395388556789"
"wavelet-LLH","glszm","LargeAreaEmphasis","235588.66695132366"
"wavelet-LLH","glszm","LargeAreaHighGrayLevelEmphasis","8969799.53885568"
"wavelet-LLH","glszm","LargeAreaLowGrayLevelEmphasis","6372.395964027006"
"wavelet-LLH","glszm","LowGrayLevelZoneEmphasis","0.039353306474099146"
"wavelet-LLH","glszm","SizeZoneNonUniformity","201.64901793339027"
"wavelet-LLH","glszm","SizeZoneNonUniformityNormalized","0.17220240643329657"
"wavelet-LLH","glszm","SmallAreaEmphasis","0.4111362750856755"
"wavelet-LLH","glszm","SmallAreaHighGrayLevelEmphasis","25.978792655926323"
"wavelet-LLH","glszm","SmallAreaLowGrayLevelEmphasis","0.016034036048337495"
"wavelet-LLH","glszm","ZoneEntropy","6.547001497084752"
"wavelet-LLH","glszm","ZonePercentage","0.03304082841906267"
"wavelet-LLH","glszm","ZoneVariance","234672.66131774063"
"wavelet-LLH","ngtdm","Busyness","36.69358267306359"
"wavelet-LLH","ngtdm","Coarseness","0.00022163044652085713"
"wavelet-LLH","ngtdm","Complexity","74.99781526424132"
"wavelet-LLH","ngtdm","Contrast","0.020320051405431097"
"wavelet-LLH","ngtdm","Strength","0.017938285928730834"
"wavelet-LHL","firstorder","10Percentile","-8.875166393637407"
"wavelet-LHL","firstorder","90Percentile","5.7693576648860905"
"wavelet-LHL","firstorder","Energy","1830194.9570509647"
"wavelet-LHL","firstorder","Entropy","1.0727692144146146"
"wavelet-LHL","firstorder","InterquartileRange","5.655616448872606"
"wavelet-LHL","firstorder","Kurtosis","7.43593008729487"
"wavelet-LHL","firstorder","Maximum","49.2828604004438"
"wavelet-LHL","firstorder","MeanAbsoluteDeviation","4.706740252626644"
"wavelet-LHL","firstorder","Mean","-1.0039170979921292"
"wavelet-LHL","firstorder","Median","-0.6608230932737489"
"wavelet-LHL","firstorder","Minimum","-52.18402367194056"
"wavelet-LHL","firstorder","Range","101.46688407238436"
"wavelet-LHL","firstorder","RobustMeanAbsoluteDeviation","2.5375671302586658"
"wavelet-LHL","firstorder","RootMeanSquared","7.186140324702465"
"wavelet-LHL","firstorder","Skewness","-0.004443548282035236"
"wavelet-LHL","firstorder","TotalEnergy","2262051.262224245"
"wavelet-LHL","firstorder","Uniformity","0.4989622463498354"
"wavelet-LHL","firstorder","Variance","50.632763226673916"
"wavelet-LHL","glcm","Autocorrelation","11.76215771019572"
"wavelet-LHL","glcm","ClusterProminence","0.934597351181838"
"wavelet-LHL","glcm","ClusterShade","0.1203848954840346"
"wavelet-LHL","glcm","ClusterTendency","0.6366274767867662"
"wavelet-LHL","glcm","Contrast","0.4221081237122257"
"wavelet-LHL","glcm","Correlation","0.2024943373281221"
"wavelet-LHL","glcm","DifferenceAverage","0.4152178736405446"
"wavelet-LHL","glcm","DifferenceEntropy","0.9799311440851473"
"wavelet-LHL","glcm","DifferenceVariance","0.24133145400077258"
"wavelet-LHL","glcm","Id","0.7935274926005724"
"wavelet-LHL","glcm","Idm","0.7930797328292876"
"wavelet-LHL","glcm","Idmn","0.9838215670085813"
"wavelet-LHL","glcm","Idn","0.930960205394846"
"wavelet-LHL","glcm","Imc1","-0.0570795037924671"
"wavelet-LHL","glcm","Imc2","0.25784879715199993"
"wavelet-LHL","glcm","InverseVariance","0.40929922466292873"
"wavelet-LHL","glcm","JointAverage","3.4217719169515535"
"wavelet-LHL","glcm","JointEnergy","0.26884440509668844"
"wavelet-LHL","glcm","JointEntropy","2.0718017734810745"
"wavelet-LHL","glcm","MCC","0.2385609565295221"
"wavelet-LHL","glcm","MaximumProbability","0.3682191063770079"
"wavelet-LHL","glcm","SumAverage","6.843543833903107"
"wavelet-LHL","glcm","SumEntropy","1.6320504219967984"
"wavelet-LHL","glcm","SumSquares","0.26468390012474796"
"wavelet-LHL","gldm","DependenceEntropy","5.244532015310386"
"wavelet-LHL","gldm","DependenceNonUniformity","2067.4254958945853"
"wavelet-LHL","gldm","DependenceNonUniformityNormalized","0.05833428785572036"
"wavelet-LHL","gldm","DependenceVariance","23.031035826257074"
"wavelet-LHL","gldm","GrayLevelNonUniformity","17683.720972884512"
"wavelet-LHL","gldm","GrayLevelVariance","0.26676022534546934"
"wavelet-LHL","gldm","HighGrayLevelEmphasis","12.014897999492113"
"wavelet-LHL","gldm","LargeDependenceEmphasis","236.3314522727914"
"wavelet-LHL","gldm","LargeDependenceHighGrayLevelEmphasis","2677.396574588753"
"wavelet-LHL","gldm","LargeDependenceLowGrayLevelEmphasis","22.45961495474482"
"wavelet-LHL","gldm","LowGrayLevelEmphasis","0.09103655057388021"
"wavelet-LHL","gldm","SmallDependenceEmphasis","0.01042155187227486"
"wavelet-LHL","gldm","SmallDependenceHighGrayLevelEmphasis","0.1398725613442067"
"wavelet-LHL","gldm","SmallDependenceLowGrayLevelEmphasis","0.0009910566173720334"
"wavelet-LHL","glrlm","GrayLevelNonUniformity","8122.475595979952"
"wavelet-LHL","glrlm","GrayLevelNonUniformityNormalized","0.4803227678815472"
"wavelet-LHL","glrlm","GrayLevelVariance","0.29055605389903993"
"wavelet-LHL","glrlm","HighGrayLevelRunEmphasis","12.461856720223507"
"wavelet-LHL","glrlm","LongRunEmphasis","8.520071105467215"
"wavelet-LHL","glrlm","LongRunHighGrayLevelEmphasis","97.8793653131852"
"wavelet-LHL","glrlm","LongRunLowGrayLevelEmphasis","0.8022867642473573"
"wavelet-LHL","glrlm","LowGrayLevelRunEmphasis","0.08866839757562194"
"wavelet-LHL","glrlm","RunEntropy","3.2207934631729964"
"wavelet-LHL","glrlm","RunLengthNonUniformity","5587.480303981046"
"wavelet-LHL","glrlm","RunLengthNonUniformityNormalized","0.31576723600048595"
"wavelet-LHL","glrlm","RunPercentage","0.47673815420210836"
"wavelet-LHL","glrlm","RunVariance","3.012762837220933"
"wavelet-LHL","glrlm","ShortRunEmphasis","0.5440309880515801"
"wavelet-LHL","glrlm","ShortRunHighGrayLevelEmphasis","6.990311795880593"
"wavelet-LHL","glrlm","ShortRunLowGrayLevelEmphasis","0.047306626804494496"
"wavelet-LHL","glszm","GrayLevelNonUniformity","42.50326797385621"
"wavelet-LHL","glszm","GrayLevelNonUniformityNormalized","0.27779913708402754"
"wavelet-LHL","glszm","GrayLevelVariance","1.5243709684309454"
"wavelet-LHL","glszm","HighGrayLevelZoneEmphasis","14.352941176470589"
"wavelet-LHL","glszm","LargeAreaEmphasis","4055167.6013071896"
"wavelet-LHL","glszm","LargeAreaHighGrayLevelEmphasis","46634947.7124183"
"wavelet-LHL","glszm","LargeAreaLowGrayLevelEmphasis","380170.25842229486"
"wavelet-LHL","glszm","LowGrayLevelZoneEmphasis","0.12393246187363834"
"wavelet-LHL","glszm","SizeZoneNonUniformity","35.431372549019606"
"wavelet-LHL","glszm","SizeZoneNonUniformityNormalized","0.23157759835960529"
"wavelet-LHL","glszm","SmallAreaEmphasis","0.4855956868017388"
"wavelet-LHL","glszm","SmallAreaHighGrayLevelEmphasis","7.468467448615577"
"wavelet-LHL","glszm","SmallAreaLowGrayLevelEmphasis","0.0561876221906922"
"wavelet-LHL","glszm","ZoneEntropy","4.5448480773555895"
"wavelet-LHL","glszm","ZonePercentage","0.004317033943737479"
"wavelet-LHL","glszm","ZoneVariance","4001510.269469008"
"wavelet-LHL","ngtdm","Busyness","334.0347929787516"
"wavelet-LHL","ngtdm","Coarseness","0.00014740331369551634"
"wavelet-LHL","ngtdm","Complexity","4.713865352011209"
"wavelet-LHL","ngtdm","Contrast","0.01063099112564898"
"wavelet-LHL","ngtdm","Strength","0.0017343236835971386"
"wavelet-LHH","firstorder","10Percentile","-5.216524195177178"
"wavelet-LHH","firstorder","90Percentile","5.744311264562612"
"wavelet-LHH","firstorder","Energy","958308.0098162831"
"wavelet-LHH","firstorder","Entropy","1.0226156009448468"
"wavelet-LHH","firstorder","InterquartileRange","4.50902100385099"
"wavelet-LHH","firstorder","Kurtosis","7.342404401620455"
"wavelet-LHH","firstorder","Maximum","35.92041702847789"
"wavelet-LHH","firstorder","MeanAbsoluteDeviation","3.5202760361368637"
"wavelet-LHH","firstorder","Mean","0.023797504499309306"
"wavelet-LHH","firstorder","Median","-0.04465730177559028"
"wavelet-LHH","firstorder","Minimum","-38.796937918503204"
"wavelet-LHH","firstorder","Range","74.71735494698109"
"wavelet-LHH","firstorder","RobustMeanAbsoluteDeviation","1.982652892917984"
"wavelet-LHH","firstorder","RootMeanSquared","5.199954880983495"
"wavelet-LHH","firstorder","Skewness","-0.24762424988889997"
"wavelet-LHH","firstorder","TotalEnergy","1184432.202073958"
"wavelet-LHH","firstorder","Uniformity","0.49777756831577824"
"wavelet-LHH","firstorder","Variance","27.038964443043685"
"wavelet-LHH","glcm","Autocorrelation","6.220677012000138"
"wavelet-LHH","glcm","ClusterProminence","0.5556686662977783"
"wavelet-LHH","glcm","ClusterShade","-0.0017077002093752785"
"wavelet-LHH","glcm","ClusterTendency","0.5194419687008882"
"wavelet-LHH","glcm","Contrast","0.4991404340019001"
"wavelet-LHH","glcm","Correlation","0.019919975904337098"
"wavelet-LHH","glcm","DifferenceAverage","0.4943684384580702"
"wavelet-LHH","glcm","DifferenceEntropy","0.9879737464229266"
"wavelet-LHH","glcm","DifferenceVariance","0.24389994593062997"
"wavelet-LHH","glcm","Id","0.7535922179860923"
"wavelet-LHH","glcm","Idm","0.753292980325348"
"wavelet-LHH","glcm","Idmn","0.970727811334321"
"wavelet-LHH","glcm","Idn","0.9012832193550268"
"wavelet-LHH","glcm","Imc1","-0.035164158260634744"
"wavelet-LHH","glcm","Imc2","0.1888484655568911"
"wavelet-LHH","glcm","InverseVariance","0.4903713986814892"
"wavelet-LHH","glcm","JointAverage","2.4931104004834954"
"wavelet-LHH","glcm","JointEnergy","0.2584249723239275"
"wavelet-LHH","glcm","JointEntropy","2.0103757340160224"
"wavelet-LHH","glcm","MCC","0.19423661280829851"
"wavelet-LHH","glcm","MaximumProbability","0.2866558453047532"
"wavelet-LHH","glcm","SumAverage","4.986220800966991"
"wavelet-LHH","glcm","SumEntropy","1.4993347795271852"
"wavelet-LHH","glcm","SumSquares","0.254645600675697"
"wavelet-LHH","gldm","DependenceEntropy","4.808384270663989"
"wavelet-LHH","gldm","DependenceNonUniformity","2982.86699020908"
"wavelet-LHH","gldm","DependenceNonUniformityNormalized","0.08416430095677548"
"wavelet-LHH","gldm","DependenceVariance","11.575642825617008"
"wavelet-LHH","gldm","GrayLevelNonUniformity","17641.734798679496"
"wavelet-LHH","gldm","GrayLevelVariance","0.2545161182692499"
"wavelet-LHH","gldm","HighGrayLevelEmphasis","6.467537597697582"
"wavelet-LHH","gldm","LargeDependenceEmphasis","175.592082616179"
"wavelet-LHH","gldm","LargeDependenceHighGrayLevelEmphasis","1128.3223385344656"
"wavelet-LHH","gldm","LargeDependenceLowGrayLevelEmphasis","32.08009986863927"
"wavelet-LHH","gldm","LowGrayLevelEmphasis","0.18274581542406942"
"wavelet-LHH","gldm","SmallDependenceEmphasis","0.009347903598380187"
"wavelet-LHH","gldm","SmallDependenceHighGrayLevelEmphasis","0.059538455097743304"
"wavelet-LHH","gldm","SmallDependenceLowGrayLevelEmphasis","0.0021015555511309163"
"wavelet-LHH","glrlm","GrayLevelNonUniformity","9598.640793935243"
"wavelet-LHH","glrlm","GrayLevelNonUniformityNormalized","0.49600574931085223"
"wavelet-LHH","glrlm","GrayLevelVariance","0.25802197403950405"
"wavelet-LHH","glrlm","HighGrayLevelRunEmphasis","6.482097172640047"
"wavelet-LHH","glrlm","LongRunEmphasis","6.621034066417801"
"wavelet-LHH","glrlm","LongRunHighGrayLevelEmphasis","42.68347772680647"
"wavelet-LHH","glrlm","LongRunLowGrayLevelEmphasis","1.208528439389594"
"wavelet-LHH","glrlm","LowGrayLevelRunEmphasis","0.18331124344913013"
"wavelet-LHH","glrlm","RunEntropy","2.873583809281818"
"wavelet-LHH","glrlm","RunLengthNonUniformity","7662.832681396545"
"wavelet-LHH","glrlm","RunLengthNonUniformityNormalized","0.376477392703935"
"wavelet-LHH","glrlm","RunPercentage","0.5458888336628808"
"wavelet-LHH","glrlm","RunVariance","2.1012228957778936"
"wavelet-LHH","glrlm","ShortRunEmphasis","0.6019383554226334"
"wavelet-LHH","glrlm","ShortRunHighGrayLevelEmphasis","3.9041475245340225"
"wavelet-LHH","glrlm","ShortRunLowGrayLevelEmphasis","0.11098330646346787"
"wavelet-LHH","glszm","GrayLevelNonUniformity","18.404255319148938"
"wavelet-LHH","glszm","GrayLevelNonUniformityNormalized","0.3915799004074242"
"wavelet-LHH","glszm","GrayLevelVariance","1.371661385242191"
"wavelet-LHH","glszm","HighGrayLevelZoneEmphasis","4.957446808510638"
"wavelet-LHH","glszm","LargeAreaEmphasis","13290112.021276595"
"wavelet-LHH","glszm","LargeAreaHighGrayLevelEmphasis","85676967.91489361"
"wavelet-LHH","glszm","LargeAreaLowGrayLevelEmphasis","2419295.49320331"
"wavelet-LHH","glszm","LowGrayLevelZoneEmphasis","0.6312056737588653"
"wavelet-LHH","glszm","SizeZoneNonUniformity","14.957446808510639"
"wavelet-LHH","glszm","SizeZoneNonUniformityNormalized","0.3182435491172476"
"wavelet-LHH","glszm","SmallAreaEmphasis","0.5251756466360464"
"wavelet-LHH","glszm","SmallAreaHighGrayLevelEmphasis","3.025778725503707"
"wavelet-LHH","glszm","SmallAreaLowGrayLevelEmphasis","0.3098273421117571"
"wavelet-LHH","glszm","ZoneEntropy","3.4140918530791686"
"wavelet-LHH","glszm","ZonePercentage","0.0013261476820631472"
"wavelet-LHH","glszm","ZoneVariance","12721499.761883203"
"wavelet-LHH","ngtdm","Busyness","784.0606049865376"
"wavelet-LHH","ngtdm","Coarseness","0.00011716397857918247"
"wavelet-LHH","ngtdm","Complexity","3.3858439979498485"
"wavelet-LHH","ngtdm","Contrast","0.020615673583088422"
"wavelet-LHH","ngtdm","Strength","0.0006988165971721868"
"wavelet-HLL","firstorder","10Percentile","-9.45082450711549"
"wavelet-HLL","firstorder","90Percentile","6.755191860465092"
"wavelet-HLL","firstorder","Energy","2344965.295428855"
"wavelet-HLL","firstorder","Entropy","1.1278807894046476"
"wavelet-HLL","firstorder","InterquartileRange","4.774321408596537"
"wavelet-HLL","firstorder","Kurtosis","9.075774787484416"
"wavelet-HLL","firstorder","Maximum","66.65891939987091"
"wavelet-HLL","firstorder","MeanAbsoluteDeviation","4.972754802286483"
"wavelet-HLL","firstorder","Mean","-0.8688361440830853"
"wavelet-HLL","firstorder","Median","-0.42972006053605094"
"wavelet-HLL","firstorder","Minimum","-54.9329771558634"
"wavelet-HLL","firstorder","Range","121.59189655573431"
"wavelet-HLL","firstorder","RobustMeanAbsoluteDeviation","2.3631468854796442"
"wavelet-HLL","firstorder","RootMeanSquared","8.134207112037489"
"wavelet-HLL","firstorder","Skewness","0.22022218295893378"
"wavelet-HLL","firstorder","TotalEnergy","2898287.794948383"
"wavelet-HLL","firstorder","Uniformity","0.49004039705824626"
"wavelet-HLL","firstorder","Variance","65.4104490962561"
"wavelet-HLL","glcm","Autocorrelation","11.816913541555541"
"wavelet-HLL","glcm","ClusterProminence","1.4032129473584511"
"wavelet-HLL","glcm","ClusterShade","0.17632957032637522"
"wavelet-HLL","glcm","ClusterTendency","0.7121595259664549"
"wavelet-HLL","glcm","Contrast","0.42181937599230207"
"wavelet-HLL","glcm","Correlation","0.25579125200787806"
"wavelet-HLL","glcm","DifferenceAverage","0.4057846684001508"
"wavelet-HLL","glcm","DifferenceEntropy","1.0070547333224837"
"wavelet-HLL","glcm","DifferenceVariance","0.2516281630036218"
"wavelet-HLL","glcm","Id","0.7996811307190097"
"wavelet-HLL","glcm","Idm","0.7987104233721429"
"wavelet-HLL","glcm","Idmn","0.9886720513137911"
"wavelet-HLL","glcm","Idn","0.9423123580298193"
"wavelet-HLL","glcm","Imc1","-0.06565453439893025"
"wavelet-HLL","glcm","Imc2","0.31661198626641557"
"wavelet-HLL","glcm","InverseVariance","0.3926841536454648"
"wavelet-HLL","glcm","JointAverage","3.4269996855006823"
"wavelet-HLL","glcm","JointEnergy","0.2620246142026487"
"wavelet-HLL","glcm","JointEntropy","2.165386615461039"
"wavelet-HLL","glcm","MCC","0.2868994450181343"
"wavelet-HLL","glcm","MaximumProbability","0.37076871508335657"
"wavelet-HLL","glcm","SumAverage","6.853999371001363"
"wavelet-HLL","glcm","SumEntropy","1.715188858324697"
"wavelet-HLL","glcm","SumSquares","0.28349472548968924"
"wavelet-HLL","gldm","DependenceEntropy","5.296568203573036"
"wavelet-HLL","gldm","DependenceNonUniformity","2059.498913687537"
"wavelet-HLL","gldm","DependenceNonUniformityNormalized","0.05811063214038929"
"wavelet-HLL","gldm","DependenceVariance","23.27872408964329"
"wavelet-HLL","gldm","GrayLevelNonUniformity","17367.521712141304"
"wavelet-HLL","gldm","GrayLevelVariance","0.28628021685138316"
"wavelet-HLL","gldm","HighGrayLevelEmphasis","12.058801952540842"
"wavelet-HLL","gldm","LargeDependenceEmphasis","246.08326514488868"
"wavelet-HLL","gldm","LargeDependenceHighGrayLevelEmphasis","2807.3570723173725"
"wavelet-HLL","gldm","LargeDependenceLowGrayLevelEmphasis","23.282999351034114"
"wavelet-HLL","gldm","LowGrayLevelEmphasis","0.09142189366364757"
"wavelet-HLL","gldm","SmallDependenceEmphasis","0.009355790369290101"
"wavelet-HLL","gldm","SmallDependenceHighGrayLevelEmphasis","0.12265230527622904"
"wavelet-HLL","gldm","SmallDependenceLowGrayLevelEmphasis","0.0009928128909044095"
"wavelet-HLL","glrlm","GrayLevelNonUniformity","7684.550477936257"
"wavelet-HLL","glrlm","GrayLevelNonUniformityNormalized","0.4666671240836258"
"wavelet-HLL","glrlm","GrayLevelVariance","0.3239600742839934"
"wavelet-HLL","glrlm","HighGrayLevelRunEmphasis","12.502871650757992"
"wavelet-HLL","glrlm","LongRunEmphasis","8.26703718593577"
"wavelet-HLL","glrlm","LongRunHighGrayLevelEmphasis","95.20401292520515"
"wavelet-HLL","glrlm","LongRunLowGrayLevelEmphasis","0.7793914574950798"
"wavelet-HLL","glrlm","LowGrayLevelRunEmphasis","0.08960416999761975"
"wavelet-HLL","glrlm","RunEntropy","3.3390844371180184"
"wavelet-HLL","glrlm","RunLengthNonUniformity","5163.427277407345"
"wavelet-HLL","glrlm","RunLengthNonUniformityNormalized","0.30236827293770463"
"wavelet-HLL","glrlm","RunPercentage","0.46436005235136185"
"wavelet-HLL","glrlm","RunVariance","2.889848820622638"
"wavelet-HLL","glrlm","ShortRunEmphasis","0.5301278023873274"
"wavelet-HLL","glrlm","ShortRunHighGrayLevelEmphasis","6.832754587444155"
"wavelet-HLL","glrlm","ShortRunLowGrayLevelEmphasis","0.046998718150506075"
"wavelet-HLL","glszm","GrayLevelNonUniformity","39.031496062992126"
"wavelet-HLL","glszm","GrayLevelNonUniformityNormalized","0.30733461466922934"
"wavelet-HLL","glszm","GrayLevelVariance","2.09238018476037"
"wavelet-HLL","glszm","HighGrayLevelZoneEmphasis","14.259842519685039"
"wavelet-HLL","glszm","LargeAreaEmphasis","4813433.7086614175"
"wavelet-HLL","glszm","LargeAreaHighGrayLevelEmphasis","55510930.173228346"
"wavelet-HLL","glszm","LargeAreaLowGrayLevelEmphasis","450181.4224934383"
"wavelet-HLL","glszm","LowGrayLevelZoneEmphasis","0.15393482064741906"
"wavelet-HLL","glszm","SizeZoneNonUniformity","20.41732283464567"
"wavelet-HLL","glszm","SizeZoneNonUniformityNormalized","0.16076632153264306"
"wavelet-HLL","glszm","SmallAreaEmphasis","0.3839682704843838"
"wavelet-HLL","glszm","SmallAreaHighGrayLevelEmphasis","5.236978370655415"
"wavelet-HLL","glszm","SmallAreaLowGrayLevelEmphasis","0.06799876527235178"
"wavelet-HLL","glszm","ZoneEntropy","4.986011991532147"
"wavelet-HLL","glszm","ZonePercentage","0.0035834203323833976"
"wavelet-HLL","glszm","ZoneVariance","4735557.555087111"
"wavelet-HLL","ngtdm","Busyness","233.41025765123138"
"wavelet-HLL","ngtdm","Coarseness","0.00015874536546647757"
"wavelet-HLL","ngtdm","Complexity","6.3566741465643135"
"wavelet-HLL","ngtdm","Contrast","0.00728167815246787"
"wavelet-HLL","ngtdm","Strength","0.002846666690378114"
"wavelet-HLH","firstorder","10Percentile","-5.3355151869041295"
"wavelet-HLH","firstorder","90Percentile","5.560825139786263"
"wavelet-HLH","firstorder","Energy","904130.2894936067"
"wavelet-HLH","firstorder","Entropy","1.017490115741567"
"wavelet-HLH","firstorder","InterquartileRange","3.791587944428909"
"wavelet-HLH","firstorder","Kurtosis","7.362463710661304"
"wavelet-HLH","firstorder","Maximum","34.501711946176655"
"wavelet-HLH","firstorder","MeanAbsoluteDeviation","3.3057953282159525"
"wavelet-HLH","firstorder","Mean","-0.014984486662645614"
"wavelet-HLH","firstorder","Median","-0.0662945462536779"
"wavelet-HLH","firstorder","Minimum","-35.057177220353864"
"wavelet-HLH","firstorder","Range","69.55888916653052"
"wavelet-HLH","firstorder","RobustMeanAbsoluteDeviation","1.75180533365915"
"wavelet-HLH","firstorder","RootMeanSquared","5.050827376282089"
"wavelet-HLH","firstorder","Skewness","-0.17706151194359357"
"wavelet-HLH","firstorder","TotalEnergy","1117470.6031644002"
"wavelet-HLH","firstorder","Uniformity","0.49856712969180755"
"wavelet-HLH","firstorder","Variance","25.510632650160066"
"wavelet-HLH","glcm","Autocorrelation","6.2013172014348275"
"wavelet-HLH","glcm","ClusterProminence","0.5533444942514231"
"wavelet-HLH","glcm","ClusterShade","0.00823606545701862"
"wavelet-HLH","glcm","ClusterTendency","0.5285018636172018"
"wavelet-HLH","glcm","Contrast","0.4848423396370724"
"wavelet-HLH","glcm","Correlation","0.0431231451265085"
"wavelet-HLH","glcm","DifferenceAverage","0.4813044762756048"
"wavelet-HLH","glcm","DifferenceEntropy","0.9857903548205618"
"wavelet-HLH","glcm","DifferenceVariance","0.24327989438418193"
"wavelet-HLH","glcm","Id","0.7599342332677387"
"wavelet-HLH","glcm","Idm","0.7597015481983443"
"wavelet-HLH","glcm","Idmn","0.9715431014423344"
"wavelet-HLH","glcm","Idn","0.9038566709535333"
"wavelet-HLH","glcm","Imc1","-0.03195301384044148"
"wavelet-HLH","glcm","Imc2","0.17798071364677895"
"wavelet-HLH","glcm","InverseVariance","0.4782388082213342"
"wavelet-HLH","glcm","JointAverage","2.4880505091029903"
"wavelet-HLH","glcm","JointEnergy","0.2587203433203899"
"wavelet-HLH","glcm","JointEntropy","2.002839160599291"
"wavelet-HLH","glcm","MCC","0.16558591749536467"
"wavelet-HLH","glcm","MaximumProbability","0.2902065685841652"
"wavelet-HLH","glcm","SumAverage","4.976101018205981"
"wavelet-HLH","glcm","SumEntropy","1.5077335494885362"
"wavelet-HLH","glcm","SumSquares","0.2533360508135685"
"wavelet-HLH","gldm","DependenceEntropy","4.907938351886394"
"wavelet-HLH","gldm","DependenceNonUniformity","2805.1090827008265"
"wavelet-HLH","gldm","DependenceNonUniformityNormalized","0.07914870016931877"
"wavelet-HLH","gldm","DependenceVariance","13.330797336669532"
"wavelet-HLH","gldm","GrayLevelNonUniformity","17669.71764340735"
"wavelet-HLH","gldm","GrayLevelVariance","0.25326459812535695"
"wavelet-HLH","gldm","HighGrayLevelEmphasis","6.436782257836969"
"wavelet-HLH","gldm","LargeDependenceEmphasis","185.1906831071358"
"wavelet-HLH","gldm","LargeDependenceHighGrayLevelEmphasis","1178.8320871307244"
"wavelet-HLH","gldm","LargeDependenceLowGrayLevelEmphasis","34.13571773432528"
"wavelet-HLH","gldm","LowGrayLevelEmphasis","0.18325330988277858"
"wavelet-HLH","gldm","SmallDependenceEmphasis","0.00928639148349024"
"wavelet-HLH","gldm","SmallDependenceHighGrayLevelEmphasis","0.060084300399043535"
"wavelet-HLH","gldm","SmallDependenceLowGrayLevelEmphasis","0.002010854490238137"
"wavelet-HLH","glrlm","GrayLevelNonUniformity","9410.955917543044"
"wavelet-HLH","glrlm","GrayLevelNonUniformityNormalized","0.4968988950890767"
"wavelet-HLH","glrlm","GrayLevelVariance","0.25630042754987287"
"wavelet-HLH","glrlm","HighGrayLevelRunEmphasis","6.471998952428144"
"wavelet-HLH","glrlm","LongRunEmphasis","6.561493532060827"
"wavelet-HLH","glrlm","LongRunHighGrayLevelEmphasis","42.004637323933565"
"wavelet-HLH","glrlm","LongRunLowGrayLevelEmphasis","1.2048686487650644"
"wavelet-HLH","glrlm","LowGrayLevelRunEmphasis","0.18306799037538182"
"wavelet-HLH","glrlm","RunEntropy","2.907002897704655"
"wavelet-HLH","glrlm","RunLengthNonUniformity","7331.774288494544"
"wavelet-HLH","glrlm","RunLengthNonUniformityNormalized","0.3671507674350887"
"wavelet-HLH","glrlm","RunPercentage","0.5342486863324312"
"wavelet-HLH","glrlm","RunVariance","2.0913539908482752"
"wavelet-HLH","glrlm","ShortRunEmphasis","0.5906795366560373"
"wavelet-HLH","glrlm","ShortRunHighGrayLevelEmphasis","3.8420135202762657"
"wavelet-HLH","glrlm","ShortRunLowGrayLevelEmphasis","0.10820887833975387"
"wavelet-HLH","glszm","GrayLevelNonUniformity","14.045454545454545"
"wavelet-HLH","glszm","GrayLevelNonUniformityNormalized","0.31921487603305787"
"wavelet-HLH","glszm","GrayLevelVariance","1.3817148760330578"
"wavelet-HLH","glszm","HighGrayLevelZoneEmphasis","5.659090909090909"
"wavelet-HLH","glszm","LargeAreaEmphasis","14207535.75"
"wavelet-HLH","glszm","LargeAreaHighGrayLevelEmphasis","90655827.54545455"
"wavelet-HLH","glszm","LargeAreaLowGrayLevelEmphasis","2612284.1884469697"
"wavelet-HLH","glszm","LowGrayLevelZoneEmphasis","0.5486111111111112"
"wavelet-HLH","glszm","SizeZoneNonUniformity","13.090909090909092"
"wavelet-HLH","glszm","SizeZoneNonUniformityNormalized","0.2975206611570248"
"wavelet-HLH","glszm","SmallAreaEmphasis","0.5517895796139062"
"wavelet-HLH","glszm","SmallAreaHighGrayLevelEmphasis","3.2011582673016163"
"wavelet-HLH","glszm","SmallAreaLowGrayLevelEmphasis","0.3024331681584073"
"wavelet-HLH","glszm","ZoneEntropy","3.741617779421975"
"wavelet-HLH","glszm","ZonePercentage","0.001241499957676138"
"wavelet-HLH","glszm","ZoneVariance","13558742.113119837"
"wavelet-HLH","ngtdm","Busyness","771.5076101676547"
"wavelet-HLH","ngtdm","Coarseness","0.00011998341553992209"
"wavelet-HLH","ngtdm","Complexity","3.3027318708807996"
"wavelet-HLH","ngtdm","Contrast","0.019991715033691525"
"wavelet-HLH","ngtdm","Strength","0.000716545843164355"
"wavelet-HHL","firstorder","10Percentile","-1.6891133957062747"
"wavelet-HHL","firstorder","90Percentile","1.8095277050585319"
"wavelet-HHL","firstorder","Energy","103079.15013974643"
"wavelet-HHL","firstorder","Entropy","1.0004303731865483"
"wavelet-HHL","firstorder","InterquartileRange","1.5892309973949263"
"wavelet-HHL","firstorder","Kurtosis","15.274892945724078"
"wavelet-HHL","firstorder","Maximum","35.539229769794225"
"wavelet-HHL","firstorder","MeanAbsoluteDeviation","1.1583161669698927"
"wavelet-HHL","firstorder","Mean","0.03040678452832027"
"wavelet-HHL","firstorder","Median","-0.004749248130980301"
"wavelet-HHL","firstorder","Minimum","-19.68717999121805"
"wavelet-HHL","firstorder","Range","55.22640976101228"
"wavelet-HHL","firstorder","RobustMeanAbsoluteDeviation","0.680324968461437"
"wavelet-HHL","firstorder","RootMeanSquared","1.7054242376484525"
"wavelet-HHL","firstorder","Skewness","0.2592895772729426"
"wavelet-HHL","firstorder","TotalEnergy","127401.90370665678"
"wavelet-HHL","firstorder","Uniformity","0.4999777101411405"
"wavelet-HHL","firstorder","Variance","2.9075472578134542"
"wavelet-HHL","glcm","Autocorrelation","2.2592761825720227"
"wavelet-HHL","glcm","ClusterProminence","0.5301641019749"
"wavelet-HHL","glcm","ClusterShade","0.002202412546888239"
"wavelet-HHL","glcm","ClusterTendency","0.5300436081143842"
"wavelet-HHL","glcm","Contrast","0.4700360939497259"
"wavelet-HHL","glcm","Correlation","0.06000119607248701"
"wavelet-HHL","glcm","DifferenceAverage","0.47000794171788995"
"wavelet-HHL","glcm","DifferenceEntropy","0.9883913238690476"
"wavelet-HHL","glcm","DifferenceVariance","0.24603676406853753"
"wavelet-HHL","glcm","Id","0.7650007211796944"
"wavelet-HHL","glcm","Idm","0.7649988443642387"
"wavelet-HHL","glcm","Idmn","0.9529976899388045"
"wavelet-HHL","glcm","Idn","0.8824994221821192"
"wavelet-HHL","glcm","Imc1","-0.011843738978246558"
"wavelet-HHL","glcm","Imc2","0.08334290956206532"
"wavelet-HHL","glcm","InverseVariance","0.46998330851503345"
"wavelet-HHL","glcm","JointAverage","1.4980900998720503"
"wavelet-HHL","glcm","JointEnergy","0.253989202781696"
"wavelet-HHL","glcm","JointEntropy","1.988518004679095"
"wavelet-HHL","glcm","MCC","0.07067585916942648"
"wavelet-HHL","glcm","MaximumProbability","0.268757372281726"
"wavelet-HHL","glcm","SumAverage","2.9961801997441007"
"wavelet-HHL","glcm","SumEntropy","1.5183243928061525"
"wavelet-HHL","glcm","SumSquares","0.2500199255160275"
"wavelet-HHL","gldm","DependenceEntropy","4.799995458471178"
"wavelet-HHL","gldm","DependenceNonUniformity","2979.928698400158"
"wavelet-HHL","gldm","DependenceNonUniformityNormalized","0.08408139438503874"
"wavelet-HHL","gldm","DependenceVariance","11.602652324343532"
"wavelet-HHL","gldm","GrayLevelNonUniformity","17719.71002511216"
"wavelet-HHL","gldm","GrayLevelVariance","0.25005361329057435"
"wavelet-HHL","gldm","HighGrayLevelEmphasis","2.495019892215231"
"wavelet-HHL","gldm","LargeDependenceEmphasis","186.61208769504248"
"wavelet-HHL","gldm","LargeDependenceHighGrayLevelEmphasis","463.2672328658898"
"wavelet-HHL","gldm","LargeDependenceLowGrayLevelEmphasis","117.44833275333967"
"wavelet-HHL","gldm","LowGrayLevelEmphasis","0.6262763779552244"
"wavelet-HHL","gldm","SmallDependenceEmphasis","0.008456882017852801"
"wavelet-HHL","gldm","SmallDependenceHighGrayLevelEmphasis","0.021380647780067756"
"wavelet-HHL","gldm","SmallDependenceLowGrayLevelEmphasis","0.005257291586331288"
"wavelet-HHL","glrlm","GrayLevelNonUniformity","9384.694944731025"
"wavelet-HHL","glrlm","GrayLevelNonUniformityNormalized","0.4999483421720931"
"wavelet-HHL","glrlm","GrayLevelVariance","0.25010668582490025"
"wavelet-HHL","glrlm","HighGrayLevelRunEmphasis","2.500177675386312"
"wavelet-HHL","glrlm","LongRunEmphasis","5.367594349487233"
"wavelet-HHL","glrlm","LongRunHighGrayLevelEmphasis","13.359660261997998"
"wavelet-HHL","glrlm","LongRunLowGrayLevelEmphasis","3.3696377551513668"
"wavelet-HHL","glrlm","LowGrayLevelRunEmphasis","0.625015464945249"
"wavelet-HHL","glrlm","RunEntropy","2.8659928384849236"
"wavelet-HHL","glrlm","RunLengthNonUniformity","6894.6226557823775"
"wavelet-HHL","glrlm","RunLengthNonUniformityNormalized","0.36287054156018567"
"wavelet-HHL","glrlm","RunPercentage","0.5296494933074036"
"wavelet-HHL","glrlm","RunVariance","1.6681672849099602"
"wavelet-HHL","glrlm","ShortRunEmphasis","0.597269322770983"
"wavelet-HHL","glrlm","ShortRunHighGrayLevelEmphasis","1.4957942818006025"
"wavelet-HHL","glrlm","ShortRunLowGrayLevelEmphasis","0.3726979668054052"
"wavelet-HHL","glszm","GrayLevelNonUniformity","8.578947368421053"
"wavelet-HHL","glszm","GrayLevelNonUniformityNormalized","0.4515235457063712"
"wavelet-HHL","glszm","GrayLevelVariance","0.3490304709141274"
"wavelet-HHL","glszm","HighGrayLevelZoneEmphasis","2.8421052631578947"
"wavelet-HHL","glszm","LargeAreaEmphasis","33013691.315789472"
"wavelet-HHL","glszm","LargeAreaHighGrayLevelEmphasis","82195883.57894737"
"wavelet-HHL","glszm","LargeAreaLowGrayLevelEmphasis","20718143.308479533"
"wavelet-HHL","glszm","LowGrayLevelZoneEmphasis","0.597953216374269"
"wavelet-HHL","glszm","SizeZoneNonUniformity","9.526315789473685"
"wavelet-HHL","glszm","SizeZoneNonUniformityNormalized","0.5013850415512465"
"wavelet-HHL","glszm","SmallAreaEmphasis","0.7295321640783341"
"wavelet-HHL","glszm","SmallAreaHighGrayLevelEmphasis","2.176900585637872"
"wavelet-HHL","glszm","SmallAreaLowGrayLevelEmphasis","0.4261695908521924"
"wavelet-HHL","glszm","ZoneEntropy","2.510056460356537"
"wavelet-HHL","glszm","ZonePercentage","0.0005361022544510595"
"wavelet-HHL","glszm","ZoneVariance","29534288.321329646"
"wavelet-HHL","ngtdm","Busyness","2085.849152915155"
"wavelet-HHL","ngtdm","Coarseness","0.00012028289385122071"
"wavelet-HHL","ngtdm","Complexity","1.8772011735548715"
"wavelet-HHL","ngtdm","Contrast","0.039109672212454795"
"wavelet-HHL","ngtdm","Strength","0.0004215656903047212"
"wavelet-HHH","firstorder","10Percentile","-1.4606101154685789"
"wavelet-HHH","firstorder","90Percentile","1.4241661829665566"
"wavelet-HHH","firstorder","Energy","59428.62595103547"
"wavelet-HHH","firstorder","Entropy","0.999938590681761"
"wavelet-HHH","firstorder","InterquartileRange","1.3604023489726016"
"wavelet-HHH","firstorder","Kurtosis","9.344140725115041"
"wavelet-HHH","firstorder","Maximum","15.827884405498544"
"wavelet-HHH","firstorder","MeanAbsoluteDeviation","0.9278468209008582"
"wavelet-HHH","firstorder","Mean","0.0018707523152780646"
"wavelet-HHH","firstorder","Median","0.009549243167703093"
"wavelet-HHH","firstorder","Minimum","-18.215980357361904"
"wavelet-HHH","firstorder","Range","34.04386476286045"
"wavelet-HHH","firstorder","RobustMeanAbsoluteDeviation","0.5741121909568426"
"wavelet-HHH","firstorder","RootMeanSquared","1.2949257314870641"
"wavelet-HHH","firstorder","Skewness","-0.0015271617032218863"
"wavelet-HHH","firstorder","TotalEnergy","73451.51828054615"
"wavelet-HHH","firstorder","Uniformity","0.5000425650918473"
"wavelet-HHH","firstorder","Variance","1.6768291503530826"
"wavelet-HHH","glcm","Autocorrelation","2.259013625488768"
"wavelet-HHH","glcm","ClusterProminence","0.4929393731277431"
"wavelet-HHH","glcm","ClusterShade","-0.004048916255899702"
"wavelet-HHH","glcm","ClusterTendency","0.4929403984934638"
"wavelet-HHH","glcm","Contrast","0.5069879508405706"
"wavelet-HHH","glcm","Correlation","-0.014047894107236473"
"wavelet-HHH","glcm","DifferenceAverage","0.5069879508405706"
"wavelet-HHH","glcm","DifferenceEntropy","0.9939328622314877"
"wavelet-HHH","glcm","DifferenceVariance","0.2479196173740944"
"wavelet-HHH","glcm","Id","0.7465060245797148"
"wavelet-HHH","glcm","Idm","0.7465060245797148"
"wavelet-HHH","glcm","Idmn","0.8986024098318859"
"wavelet-HHH","glcm","Idn","0.8310040163864765"
"wavelet-HHH","glcm","Imc1","-0.006068889951412722"
"wavelet-HHH","glcm","Imc2","0.06604016574677728"
"wavelet-HHH","glcm","InverseVariance","0.5069879508405706"
"wavelet-HHH","glcm","JointAverage","1.5041692003030176"
"wavelet-HHH","glcm","JointEnergy","0.25211620795888834"
"wavelet-HHH","glcm","JointEntropy","1.9938280238037362"
"wavelet-HHH","glcm","MCC","0.05551417050238911"
"wavelet-HHH","glcm","MaximumProbability","0.2656453713654353"
"wavelet-HHH","glcm","SumAverage","3.008338400606035"
"wavelet-HHH","glcm","SumEntropy","1.4868400729631661"
"wavelet-HHH","glcm","SumSquares","0.2499820873335086"
"wavelet-HHH","gldm","DependenceEntropy","4.481246193631435"
"wavelet-HHH","gldm","DependenceNonUniformity","3793.558392821873"
"wavelet-HHH","gldm","DependenceNonUniformityNormalized","0.10703869509387075"
"wavelet-HHH","gldm","DependenceVariance","7.933112881328263"
"wavelet-HHH","gldm","GrayLevelNonUniformity","17722.008549420163"
"wavelet-HHH","gldm","GrayLevelVariance","0.2499787174540763"
"wavelet-HHH","gldm","HighGrayLevelEmphasis","2.513839902937276"
"wavelet-HHH","gldm","LargeDependenceEmphasis","161.6501509551085"
"wavelet-HHH","gldm","LargeDependenceHighGrayLevelEmphasis","409.55049236759686"
"wavelet-HHH","gldm","LargeDependenceLowGrayLevelEmphasis","99.6750656019864"
"wavelet-HHH","gldm","LowGrayLevelEmphasis","0.621540024265681"
"wavelet-HHH","gldm","SmallDependenceEmphasis","0.00873023596695125"
"wavelet-HHH","gldm","SmallDependenceHighGrayLevelEmphasis","0.02168566239859042"
"wavelet-HHH","gldm","SmallDependenceLowGrayLevelEmphasis","0.00549137935904146"
"wavelet-HHH","glrlm","GrayLevelNonUniformity","9952.102560135565"
"wavelet-HHH","glrlm","GrayLevelNonUniformityNormalized","0.5000087418680669"
"wavelet-HHH","glrlm","GrayLevelVariance","0.2499956290659666"
"wavelet-HHH","glrlm","HighGrayLevelRunEmphasis","2.5044746339501107"
"wavelet-HHH","glrlm","LongRunEmphasis","4.67529489530621"
"wavelet-HHH","glrlm","LongRunHighGrayLevelEmphasis","11.791645475811553"
"wavelet-HHH","glrlm","LongRunLowGrayLevelEmphasis","2.896207250179873"
"wavelet-HHH","glrlm","LowGrayLevelRunEmphasis","0.6238813415124723"
"wavelet-HHH","glrlm","RunEntropy","2.7377376481561404"
"wavelet-HHH","glrlm","RunLengthNonUniformity","7924.4122996337355"
"wavelet-HHH","glrlm","RunLengthNonUniformityNormalized","0.3944631075606924"
"wavelet-HHH","glrlm","RunPercentage","0.5616050944907354"
"wavelet-HHH","glrlm","RunVariance","1.4243428782283838"
"wavelet-HHH","glrlm","ShortRunEmphasis","0.6308204970990988"
"wavelet-HHH","glrlm","ShortRunHighGrayLevelEmphasis","1.574018940214592"
"wavelet-HHH","glrlm","ShortRunLowGrayLevelEmphasis","0.3950208863202254"
"wavelet-HHH","glszm","GrayLevelNonUniformity","5.545454545454546"
"wavelet-HHH","glszm","GrayLevelNonUniformityNormalized","0.5041322314049587"
"wavelet-HHH","glszm","GrayLevelVariance","0.24793388429752064"
"wavelet-HHH","glszm","HighGrayLevelZoneEmphasis","2.6363636363636362"
"wavelet-HHH","glszm","LargeAreaEmphasis","57063296.27272727"
"wavelet-HHH","glszm","LargeAreaHighGrayLevelEmphasis","144242927.0"
"wavelet-HHH","glszm","LargeAreaLowGrayLevelEmphasis","35268388.59090909"
"wavelet-HHH","glszm","LowGrayLevelZoneEmphasis","0.5909090909090909"
"wavelet-HHH","glszm","SizeZoneNonUniformity","6.090909090909091"
"wavelet-HHH","glszm","SizeZoneNonUniformityNormalized","0.5537190082644629"
"wavelet-HHH","glszm","SmallAreaEmphasis","0.7373737379532549"
"wavelet-HHH","glszm","SmallAreaHighGrayLevelEmphasis","2.1010101024428014"
"wavelet-HHH","glszm","SmallAreaLowGrayLevelEmphasis","0.3964646468308684"
"wavelet-HHH","glszm","ZoneEntropy","1.9717472571281793"
"wavelet-HHH","glszm","ZonePercentage","0.0003103749894190345"
"wavelet-HHH","glszm","ZoneVariance","46682598.08264463"
"wavelet-HHH","ngtdm","Busyness","8715.94740343323"
"wavelet-HHH","ngtdm","Coarseness","0.00011164199191023723"
"wavelet-HHH","ngtdm","Complexity","0.5054712415322969"
"wavelet-HHH","ngtdm","Contrast","0.12635729107451996"
"wavelet-HHH","ngtdm","Strength","0.00011164178126817358"
"wavelet-LLL","firstorder","10Percentile","-2378.291897769184"
"wavelet-LLL","firstorder","90Percentile","-2185.2874766555906"
"wavelet-LLL","firstorder","Energy","179713144785.78"
"wavelet-LLL","firstorder","Entropy","3.0599534930389902"
"wavelet-LLL","firstorder","InterquartileRange","81.04360052322"
"wavelet-LLL","firstorder","Kurtosis","5.802885630673304"
"wavelet-LLL","firstorder","Maximum","-2153.164976018865"
"wavelet-LLL","firstorder","MeanAbsoluteDeviation","64.42647829023228"
"wavelet-LLL","firstorder","Mean","-2250.211024926626"
"wavelet-LLL","firstorder","Median","-2211.424310938501"
"wavelet-LLL","firstorder","Minimum","-2643.14089636637"
"wavelet-LLL","firstorder","Range","489.9759203475046"
"wavelet-LLL","firstorder","RobustMeanAbsoluteDeviation","38.8790457634192"
"wavelet-LLL","firstorder","RootMeanSquared","2251.836935226396"
"wavelet-LLL","firstorder","Skewness","-1.79407825682461"
"wavelet-LLL","firstorder","TotalEnergy","222118602411.6238"
"wavelet-LLL","firstorder","Uniformity","0.18654482834627661"
"wavelet-LLL","firstorder","Variance","7319.926148470273"
"wavelet-LLL","glcm","Autocorrelation","290.4542636383593"
"wavelet-LLL","glcm","ClusterProminence","6833.876928335513"
"wavelet-LLL","glcm","ClusterShade","-341.7215249493762"
"wavelet-LLL","glcm","ClusterTendency","31.994140949413502"
"wavelet-LLL","glcm","Contrast","5.393998068744896"
"wavelet-LLL","glcm","Correlation","0.7018616286790365"
"wavelet-LLL","glcm","DifferenceAverage","1.3645961144407792"
"wavelet-LLL","glcm","DifferenceEntropy","2.2646870089610682"
"wavelet-LLL","glcm","DifferenceVariance","3.38293206493034"
"wavelet-LLL","glcm","Id","0.6417321721545546"
"wavelet-LLL","glcm","Idm","0.6023844140135053"
"wavelet-LLL","glcm","Idmn","0.9875850864423471"
"wavelet-LLL","glcm","Idn","0.9424519825368158"
"wavelet-LLL","glcm","Imc1","-0.20783876776735638"
"wavelet-LLL","glcm","Imc2","0.7923060263416013"
"wavelet-LLL","glcm","InverseVariance","0.30635347933745377"
"wavelet-LLL","glcm","JointAverage","16.846094934160234"
"wavelet-LLL","glcm","JointEnergy","0.08916444407621864"
"wavelet-LLL","glcm","JointEntropy","5.186943050651395"
"wavelet-LLL","glcm","MCC","0.7220364976923992"
"wavelet-LLL","glcm","MaximumProbability","0.23394652556957723"
"wavelet-LLL","glcm","SumAverage","33.69218986832047"
"wavelet-LLL","glcm","SumEntropy","3.751591684476182"
"wavelet-LLL","glcm","SumSquares","9.347034754539598"
"wavelet-LLL","gldm","DependenceEntropy","6.914663271115147"
"wavelet-LLL","gldm","DependenceNonUniformity","1719.8061849270618"
"wavelet-LLL","gldm","DependenceNonUniformityNormalized","0.048525893313593346"
"wavelet-LLL","gldm","DependenceVariance","66.23661032096328"
"wavelet-LLL","gldm","GrayLevelNonUniformity","6611.335261420389"
"wavelet-LLL","gldm","GrayLevelVariance","11.799467304577014"
"wavelet-LLL","gldm","HighGrayLevelEmphasis","283.7297198160323"
"wavelet-LLL","gldm","LargeDependenceEmphasis","190.51874947095172"
"wavelet-LLL","gldm","LargeDependenceHighGrayLevelEmphasis","65293.067210293164"
"wavelet-LLL","gldm","LargeDependenceLowGrayLevelEmphasis","0.5783603466102856"
"wavelet-LLL","gldm","LowGrayLevelEmphasis","0.005761447497115312"
"wavelet-LLL","gldm","SmallDependenceEmphasis","0.09175002960613367"
"wavelet-LLL","gldm","SmallDependenceHighGrayLevelEmphasis","15.413490355125097"
"wavelet-LLL","gldm","SmallDependenceLowGrayLevelEmphasis","0.0011836499262537692"
"wavelet-LLL","glrlm","GrayLevelNonUniformity","2508.407780953644"
"wavelet-LLL","glrlm","GrayLevelNonUniformityNormalized","0.11463415266128295"
"wavelet-LLL","glrlm","GrayLevelVariance","14.547618204641209"
"wavelet-LLL","glrlm","HighGrayLevelRunEmphasis","251.06405003286972"
"wavelet-LLL","glrlm","LongRunEmphasis","6.065360201140846"
"wavelet-LLL","glrlm","LongRunHighGrayLevelEmphasis","1973.9444911245587"
"wavelet-LLL","glrlm","LongRunLowGrayLevelEmphasis","0.023278576239777454"
"wavelet-LLL","glrlm","LowGrayLevelRunEmphasis","0.007349778915244168"
"wavelet-LLL","glrlm","RunEntropy","4.772032705840707"
"wavelet-LLL","glrlm","RunLengthNonUniformity","12289.585891652592"
"wavelet-LLL","glrlm","RunLengthNonUniformityNormalized","0.5618448699663987"
"wavelet-LLL","glrlm","RunPercentage","0.6096850019425567"
"wavelet-LLL","glrlm","RunVariance","3.1685980047660456"
"wavelet-LLL","glrlm","ShortRunEmphasis","0.7758366207026637"
"wavelet-LLL","glrlm","ShortRunHighGrayLevelEmphasis","179.69788302814473"
"wavelet-LLL","glrlm","ShortRunLowGrayLevelEmphasis","0.006479410696423854"
"wavelet-LLL","glszm","GrayLevelNonUniformity","252.3856594865742"
"wavelet-LLL","glszm","GrayLevelNonUniformityNormalized","0.0744720151922615"
"wavelet-LLL","glszm","GrayLevelVariance","14.34583134420013"
"wavelet-LLL","glszm","HighGrayLevelZoneEmphasis","147.03393331366183"
"wavelet-LLL","glszm","LargeAreaEmphasis","58168.77161404544"
"wavelet-LLL","glszm","LargeAreaHighGrayLevelEmphasis","20027114.652994983"
"wavelet-LLL","glszm","LargeAreaLowGrayLevelEmphasis","169.70896196785833"
"wavelet-LLL","glszm","LowGrayLevelZoneEmphasis","0.014471509868765794"
"wavelet-LLL","glszm","SizeZoneNonUniformity","978.8554145765712"
"wavelet-LLL","glszm","SizeZoneNonUniformityNormalized","0.28883311141238455"
"wavelet-LLL","glszm","SmallAreaEmphasis","0.5510953461238941"
"wavelet-LLL","glszm","SmallAreaHighGrayLevelEmphasis","76.55092296248341"
"wavelet-LLL","glszm","SmallAreaLowGrayLevelEmphasis","0.008429551013632566"
"wavelet-LLL","glszm","ZoneEntropy","6.379247813217828"
"wavelet-LLL","glszm","ZonePercentage","0.09562371264919162"
"wavelet-LLL","glszm","ZoneVariance","58059.40902148053"
"wavelet-LLL","ngtdm","Busyness","7.303765465283814"
"wavelet-LLL","ngtdm","Coarseness","0.0002783714791114032"
"wavelet-LLL","ngtdm","Complexity","172.5715750327257"
"wavelet-LLL","ngtdm","Contrast","0.054574734837387735"
"wavelet-LLL","ngtdm","Strength","0.10394370639114861"
