"Image type","Feature Class","Feature Name","Segmentation_5_segment_Segment_1"
"diagnostics","Versions","PyRadiomics","v3.0.1.post4+gad5b2de"
"diagnostics","Versions","Numpy","1.19.2"
"diagnostics","Versions","SimpleITK","2.0.2"
"diagnostics","Versions","PyWavelet","1.1.1"
"diagnostics","Versions","Python","3.6.7"
"diagnostics","Configuration","Settings","{'minimumROIDimensions': 2, 'minimumROISize': None, 'normalize': False, 'normalizeScale': 1, 'removeOutliers': None, 'resampledPixelSpacing': None, 'interpolator': 'sitkBSpline', 'preCrop': False, 'padDistance': 5, 'distances': [1], 'force2D': False, 'force2Ddimension': 0, 'resegmentRange': None, 'label': 1, 'additionalInfo': True, 'binWidth': 25.0, 'symmetricalGLCM': True, 'correctMask': True}"
"diagnostics","Configuration","EnabledImageTypes","{'Original': {}, 'Wavelet': {}}"
"diagnostics","Image-original","Hash","17011a15483a41fa6d9e6d25a520f78932783ba2"
"diagnostics","Image-original","Dimensionality","3D"
"diagnostics","Image-original","Spacing","(0.68359375, 0.68359375, 2.0)"
"diagnostics","Image-original","Size","(512, 512, 228)"
"diagnostics","Image-original","Mean","-881.6223495215701"
"diagnostics","Image-original","Minimum","-952.0"
"diagnostics","Image-original","Maximum","-769.0"
"diagnostics","Mask-original","Hash","af919e7306072228379b7ba4354d1ea25cf97f0c"
"diagnostics","Mask-original","Spacing","(0.68359375, 0.68359375, 2.0)"
"diagnostics","Mask-original","Size","(512, 512, 228)"
"diagnostics","Mask-original","BoundingBox","(155, 204, 35, 243, 172, 34)"
"diagnostics","Mask-original","VoxelNum","43212"
"diagnostics","Mask-original","VolumeNum","3"
"diagnostics","Mask-original","CenterOfMassIndex","(359.2501157085995, 332.1485235582708, 49.36936499120615)"
"diagnostics","Mask-original","CenterOfMass","(67.76188978517544, 52.39645177616171, -218.1621490175878)"
"original","shape","Elongation","0.6972580643401673"
"original","shape","Flatness","0.506162620921225"
"original","shape","LeastAxisLength","42.347203328851094"
"original","shape","MajorAxisLength","83.66323702800975"
"original","shape","Maximum2DDiameterColumn","59.2908537168479"
"original","shape","Maximum2DDiameterRow","84.97202774241195"
"original","shape","Maximum2DDiameterSlice","170.30267249635108"
"original","shape","Maximum3DDiameter","198.41788323467495"
"original","shape","MeshVolume","40315.097173055015"
"original","shape","MinorAxisLength","58.334866706582694"
"original","shape","Sphericity","0.5253798277197966"
"original","shape","SurfaceArea","10822.373994716798"
"original","shape","SurfaceVolumeRatio","0.26844469574911595"
"original","shape","VoxelVolume","40385.97106933594"
"original","firstorder","10Percentile","-786.0"
"original","firstorder","90Percentile","-769.0"
"original","firstorder","Energy","26172801265.0"
"original","firstorder","Entropy","1.2289176457755708"
"original","firstorder","InterquartileRange","7.0"
"original","firstorder","Kurtosis","22.05392529868345"
"original","firstorder","Maximum","-769.0"
"original","firstorder","MeanAbsoluteDeviation","11.360907058894194"
"original","firstorder","Mean","-777.9409654725539"
"original","firstorder","Median","-771.0"
"original","firstorder","Minimum","-952.0"
"original","firstorder","Range","183.0"
"original","firstorder","RobustMeanAbsoluteDeviation","3.2680270617455403"
"original","firstorder","RootMeanSquared","778.2567928903054"
"original","firstorder","Skewness","-4.16769443543342"
"original","firstorder","TotalEnergy","24461121787.7388"
"original","firstorder","Uniformity","0.5740661445236589"
"original","firstorder","Variance","491.4899195343999"
"original","glcm","Autocorrelation","74.98101675423217"
"original","glcm","ClusterProminence","93.38664419098697"
"original","glcm","ClusterShade","-11.0546985463091"
"original","glcm","ClusterTendency","1.990965607807741"
"original","glcm","Contrast","0.7846583442379506"
"original","glcm","Correlation","0.41437413521966404"
"original","glcm","DifferenceAverage","0.44915972384738734"
"original","glcm","DifferenceEntropy","1.2405217083546642"
"original","glcm","DifferenceVariance","0.5806334434543329"
"original","glcm","Id","0.8124236292337935"
"original","glcm","Idm","0.8051129743266364"
"original","glcm","Idmn","0.991246538415528"
"original","glcm","Idn","0.9577171499285586"
"original","glcm","Imc1","-0.07705678389638396"
"original","glcm","Imc2","0.36328835244300417"
"original","glcm","InverseVariance","0.3074195264299994"
"original","glcm","JointAverage","8.641685201817896"
"original","glcm","JointEnergy","0.3994427969415223"
"original","glcm","JointEntropy","2.0908881062316786"
"original","glcm","MCC","0.47922632356367634"
"original","glcm","MaximumProbability","0.5976373670919789"
"original","glcm","SumAverage","17.283370403635793"
"original","glcm","SumEntropy","1.6158552586691581"
"original","glcm","SumSquares","0.6939059880114229"
"original","gldm","DependenceEntropy","5.03603960941685"
"original","gldm","DependenceNonUniformity","2043.321762473387"
"original","gldm","DependenceNonUniformityNormalized","0.04728597987765868"
"original","gldm","DependenceVariance","58.048447817176076"
"original","gldm","GrayLevelNonUniformity","24806.546237156344"
"original","gldm","GrayLevelVariance","0.9817566686562162"
"original","gldm","HighGrayLevelEmphasis","74.22100342497454"
"original","gldm","LargeDependenceEmphasis","316.0740997870962"
"original","gldm","LargeDependenceHighGrayLevelEmphasis","25403.163380542443"
"original","gldm","LargeDependenceLowGrayLevelEmphasis","3.9655751682032503"
"original","gldm","LowGrayLevelEmphasis","0.015555977251304524"
"original","gldm","SmallDependenceEmphasis","0.03307641163523133"
"original","gldm","SmallDependenceHighGrayLevelEmphasis","1.556232186061373"
"original","gldm","SmallDependenceLowGrayLevelEmphasis","0.001271813495808062"
"original","glrlm","GrayLevelNonUniformity","6666.377664903711"
"original","glrlm","GrayLevelNonUniformityNormalized","0.3661583941807568"
"original","glrlm","GrayLevelVariance","1.6907640977715523"
"original","glrlm","HighGrayLevelRunEmphasis","67.10574787348466"
"original","glrlm","LongRunEmphasis","12.397178163070386"
"original","glrlm","LongRunHighGrayLevelEmphasis","981.3062638812055"
"original","glrlm","LongRunLowGrayLevelEmphasis","0.1630611101685659"
"original","glrlm","LowGrayLevelRunEmphasis","0.019204392904421122"
"original","glrlm","RunEntropy","3.678597202328317"
"original","glrlm","RunLengthNonUniformity","6680.009983696809"
"original","glrlm","RunLengthNonUniformityNormalized","0.3642070037059252"
"original","glrlm","RunPercentage","0.42064704248819773"
"original","glrlm","RunVariance","6.518864524302483"
"original","glrlm","ShortRunEmphasis","0.6253887931330337"
"original","glrlm","ShortRunHighGrayLevelEmphasis","38.21038914993498"
"original","glrlm","ShortRunLowGrayLevelEmphasis","0.01404821434156417"
"original","glszm","GrayLevelNonUniformity","220.23961661341852"
"original","glszm","GrayLevelNonUniformityNormalized","0.17591023691167615"
"original","glszm","GrayLevelVariance","2.85097007726934"
"original","glszm","HighGrayLevelZoneEmphasis","38.21166134185304"
"original","glszm","LargeAreaEmphasis","583267.2699680511"
"original","glszm","LargeAreaHighGrayLevelEmphasis","46609031.4456869"
"original","glszm","LargeAreaLowGrayLevelEmphasis","7323.853607501996"
"original","glszm","LowGrayLevelZoneEmphasis","0.04778503349038112"
"original","glszm","SizeZoneNonUniformity","354.13578274760386"
"original","glszm","SizeZoneNonUniformityNormalized","0.2828560565076708"
"original","glszm","SmallAreaEmphasis","0.5458251369911242"
"original","glszm","SmallAreaHighGrayLevelEmphasis","20.545513340792994"
"original","glszm","SmallAreaLowGrayLevelEmphasis","0.028990924722455874"
"original","glszm","ZoneEntropy","5.174262332016387"
"original","glszm","ZonePercentage","0.02897343330556327"
"original","glszm","ZoneVariance","582076.0277485736"
"original","ngtdm","Busyness","55.44791866545352"
"original","ngtdm","Coarseness","0.00014344850970244885"
"original","ngtdm","Complexity","22.597974766640544"
"original","ngtdm","Contrast","0.011544467698434436"
"original","ngtdm","Strength","0.01998283711254561"
"wavelet-LLH","firstorder","10Percentile","-33.415644457934874"
"wavelet-LLH","firstorder","90Percentile","7.093731928451495"
"wavelet-LLH","firstorder","Energy","30499183.737006404"
"wavelet-LLH","firstorder","Entropy","1.9398629559741396"
"wavelet-LLH","firstorder","InterquartileRange","8.144652432051682"
"wavelet-LLH","firstorder","Kurtosis","9.800268941965221"
"wavelet-LLH","firstorder","Maximum","204.8347106398247"
"wavelet-LLH","firstorder","MeanAbsoluteDeviation","14.311632535485458"
"wavelet-LLH","firstorder","Mean","-4.282063339405008"
"wavelet-LLH","firstorder","Median","-1.2859230746325494"
"wavelet-LLH","firstorder","Minimum","-173.39545731241253"
"wavelet-LLH","firstorder","Range","378.23016795223725"
"wavelet-LLH","firstorder","RobustMeanAbsoluteDeviation","5.0263774575320594"
"wavelet-LLH","firstorder","RootMeanSquared","26.566963827193867"
"wavelet-LLH","firstorder","Skewness","0.2611051165153932"
"wavelet-LLH","firstorder","TotalEnergy","28504562.437311437"
"wavelet-LLH","firstorder","Uniformity","0.3533774227332826"
"wavelet-LLH","firstorder","Variance","687.467500552751"
"wavelet-LLH","glcm","Autocorrelation","53.38085982321641"
"wavelet-LLH","glcm","ClusterProminence","61.66952429332977"
"wavelet-LLH","glcm","ClusterShade","-0.07969761727068238"
"wavelet-LLH","glcm","ClusterTendency","2.576398463116111"
"wavelet-LLH","glcm","Contrast","1.7386108026145357"
"wavelet-LLH","glcm","Correlation","0.16787259873040478"
"wavelet-LLH","glcm","DifferenceAverage","0.7912645449999862"
"wavelet-LLH","glcm","DifferenceEntropy","1.5699228916663126"
"wavelet-LLH","glcm","DifferenceVariance","1.0709445384736211"
"wavelet-LLH","glcm","Id","0.6926870887444088"
"wavelet-LLH","glcm","Idm","0.6781401722100603"
"wavelet-LLH","glcm","Idmn","0.9936621908229184"
"wavelet-LLH","glcm","Idn","0.9561254592077435"
"wavelet-LLH","glcm","Imc1","-0.14262093972755396"
"wavelet-LLH","glcm","Imc2","0.6027549582092834"
"wavelet-LLH","glcm","InverseVariance","0.4747554889191796"
"wavelet-LLH","glcm","JointAverage","7.2918701118553635"
"wavelet-LLH","glcm","JointEnergy","0.16897161087880933"
"wavelet-LLH","glcm","JointEntropy","3.3814200659276232"
"wavelet-LLH","glcm","MCC","0.5836376395284727"
"wavelet-LLH","glcm","MaximumProbability","0.259589766944538"
"wavelet-LLH","glcm","SumAverage","14.583740223710722"
"wavelet-LLH","glcm","SumEntropy","2.3798574190883413"
"wavelet-LLH","glcm","SumSquares","1.0787523164326613"
"wavelet-LLH","gldm","DependenceEntropy","5.651575858570354"
"wavelet-LLH","gldm","DependenceNonUniformity","2690.135332777932"
"wavelet-LLH","gldm","DependenceNonUniformityNormalized","0.0622543583443935"
"wavelet-LLH","gldm","DependenceVariance","21.95305181897003"
"wavelet-LLH","gldm","GrayLevelNonUniformity","15270.145191150606"
"wavelet-LLH","gldm","GrayLevelVariance","1.2683632144713077"
"wavelet-LLH","gldm","HighGrayLevelEmphasis","54.5872211422753"
"wavelet-LLH","gldm","LargeDependenceEmphasis","147.38558733685088"
"wavelet-LLH","gldm","LargeDependenceHighGrayLevelEmphasis","7918.969707488661"
"wavelet-LLH","gldm","LargeDependenceLowGrayLevelEmphasis","2.8269694080036007"
"wavelet-LLH","gldm","LowGrayLevelEmphasis","0.020649256007312468"
"wavelet-LLH","gldm","SmallDependenceEmphasis","0.036212162306936135"
"wavelet-LLH","gldm","SmallDependenceHighGrayLevelEmphasis","2.2696514234517875"
"wavelet-LLH","gldm","SmallDependenceLowGrayLevelEmphasis","0.0009593029790437854"
"wavelet-LLH","glrlm","GrayLevelNonUniformity","7760.840032811597"
"wavelet-LLH","glrlm","GrayLevelNonUniformityNormalized","0.29395258747050607"
"wavelet-LLH","glrlm","GrayLevelVariance","1.7584389609862972"
"wavelet-LLH","glrlm","HighGrayLevelRunEmphasis","55.04700098832434"
"wavelet-LLH","glrlm","LongRunEmphasis","4.698468958065195"
"wavelet-LLH","glrlm","LongRunHighGrayLevelEmphasis","252.91948725731757"
"wavelet-LLH","glrlm","LongRunLowGrayLevelEmphasis","0.09368935652734718"
"wavelet-LLH","glrlm","LowGrayLevelRunEmphasis","0.021445438519319245"
"wavelet-LLH","glrlm","RunEntropy","3.7255252948020288"
"wavelet-LLH","glrlm","RunLengthNonUniformity","12575.072266067065"
"wavelet-LLH","glrlm","RunLengthNonUniformityNormalized","0.459661651920976"
"wavelet-LLH","glrlm","RunPercentage","0.6077051246448636"
"wavelet-LLH","glrlm","RunVariance","1.6082295608747113"
"wavelet-LLH","glrlm","ShortRunEmphasis","0.6912271524514598"
"wavelet-LLH","glrlm","ShortRunHighGrayLevelEmphasis","38.27438107340291"
"wavelet-LLH","glrlm","ShortRunLowGrayLevelEmphasis","0.01538984034183132"
"wavelet-LLH","glszm","GrayLevelNonUniformity","142.731142643764"
"wavelet-LLH","glszm","GrayLevelNonUniformityNormalized","0.10659532684373713"
"wavelet-LLH","glszm","GrayLevelVariance","7.477183880382906"
"wavelet-LLH","glszm","HighGrayLevelZoneEmphasis","68.36146377893951"
"wavelet-LLH","glszm","LargeAreaEmphasis","336468.8917102315"
"wavelet-LLH","glszm","LargeAreaHighGrayLevelEmphasis","18145952.71919343"
"wavelet-LLH","glszm","LargeAreaLowGrayLevelEmphasis","6347.370963114896"
"wavelet-LLH","glszm","LowGrayLevelZoneEmphasis","0.029276448696336246"
"wavelet-LLH","glszm","SizeZoneNonUniformity","336.0769230769231"
"wavelet-LLH","glszm","SizeZoneNonUniformityNormalized","0.25099098063997244"
"wavelet-LLH","glszm","SmallAreaEmphasis","0.5103741752785764"
"wavelet-LLH","glszm","SmallAreaHighGrayLevelEmphasis","35.8199618167007"
"wavelet-LLH","glszm","SmallAreaLowGrayLevelEmphasis","0.014902989137024161"
"wavelet-LLH","glszm","ZoneEntropy","6.116512935180344"
"wavelet-LLH","glszm","ZonePercentage","0.03098676293622142"
"wavelet-LLH","glszm","ZoneVariance","335427.41975245986"
"wavelet-LLH","ngtdm","Busyness","39.642955712745746"
"wavelet-LLH","ngtdm","Coarseness","0.0001336756139566537"
"wavelet-LLH","ngtdm","Complexity","84.11242435028085"
"wavelet-LLH","ngtdm","Contrast","0.007367495736055276"
"wavelet-LLH","ngtdm","Strength","0.025448332921361217"
"wavelet-LHL","firstorder","10Percentile","-9.720548569448614"
"wavelet-LHL","firstorder","90Percentile","8.962693821098176"
"wavelet-LHL","firstorder","Energy","5668397.381932517"
"wavelet-LHL","firstorder","Entropy","1.2830323374778114"
"wavelet-LHL","firstorder","InterquartileRange","8.27345568473678"
"wavelet-LHL","firstorder","Kurtosis","18.602605212282295"
"wavelet-LHL","firstorder","Maximum","145.93779449203691"
"wavelet-LHL","firstorder","MeanAbsoluteDeviation","6.79798096482917"
"wavelet-LHL","firstorder","Mean","-0.8741166641180492"
"wavelet-LHL","firstorder","Median","-0.8313711989054118"
"wavelet-LHL","firstorder","Minimum","-121.71450519596726"
"wavelet-LHL","firstorder","Range","267.6522996880042"
"wavelet-LHL","firstorder","RobustMeanAbsoluteDeviation","3.558397651817462"
"wavelet-LHL","firstorder","RootMeanSquared","11.453229433341347"
"wavelet-LHL","firstorder","Skewness","-0.4667668376617875"
"wavelet-LHL","firstorder","TotalEnergy","5297688.8983668005"
"wavelet-LHL","firstorder","Uniformity","0.46482760406214285"
"wavelet-LHL","firstorder","Variance","130.41238451026769"
"wavelet-LHL","glcm","Autocorrelation","29.54637706852413"
"wavelet-LHL","glcm","ClusterProminence","3.6825489859309775"
"wavelet-LHL","glcm","ClusterShade","-0.12766560602659988"
"wavelet-LHL","glcm","ClusterTendency","0.719036586595267"
"wavelet-LHL","glcm","Contrast","0.6537881344946043"
"wavelet-LHL","glcm","Correlation","0.04566401392991115"
"wavelet-LHL","glcm","DifferenceAverage","0.5576272504329495"
"wavelet-LHL","glcm","DifferenceEntropy","1.1270600978931489"
"wavelet-LHL","glcm","DifferenceVariance","0.32437997716674466"
"wavelet-LHL","glcm","Id","0.7334265739268899"
"wavelet-LHL","glcm","Idm","0.7300261647340242"
"wavelet-LHL","glcm","Idmn","0.9947347789070947"
"wavelet-LHL","glcm","Idn","0.9540949803580451"
"wavelet-LHL","glcm","Imc1","-0.063279082222447"
"wavelet-LHL","glcm","Imc2","0.34510072309020284"
"wavelet-LHL","glcm","InverseVariance","0.5038725578509219"
"wavelet-LHL","glcm","JointAverage","5.434157058890943"
"wavelet-LHL","glcm","JointEnergy","0.2431298487862983"
"wavelet-LHL","glcm","JointEntropy","2.359858077034698"
"wavelet-LHL","glcm","MCC","0.35383403574526046"
"wavelet-LHL","glcm","MaximumProbability","0.30496466030347835"
"wavelet-LHL","glcm","SumAverage","10.868314117781884"
"wavelet-LHL","glcm","SumEntropy","1.6966749654388695"
"wavelet-LHL","glcm","SumSquares","0.3432061802724679"
"wavelet-LHL","gldm","DependenceEntropy","4.988532149587897"
"wavelet-LHL","gldm","DependenceNonUniformity","3264.5986762936222"
"wavelet-LHL","gldm","DependenceNonUniformityNormalized","0.07554842812861294"
"wavelet-LHL","gldm","DependenceVariance","15.287621579501492"
"wavelet-LHL","gldm","GrayLevelNonUniformity","20086.130426733314"
"wavelet-LHL","gldm","GrayLevelVariance","0.38086004236552073"
"wavelet-LHL","gldm","HighGrayLevelEmphasis","29.859437193372212"
"wavelet-LHL","gldm","LargeDependenceEmphasis","160.62366935110617"
"wavelet-LHL","gldm","LargeDependenceHighGrayLevelEmphasis","4643.0695640099975"
"wavelet-LHL","gldm","LargeDependenceLowGrayLevelEmphasis","5.738772585973886"
"wavelet-LHL","gldm","LowGrayLevelEmphasis","0.035624643078523685"
"wavelet-LHL","gldm","SmallDependenceEmphasis","0.021496478917669228"
"wavelet-LHL","gldm","SmallDependenceHighGrayLevelEmphasis","0.6990573682883449"
"wavelet-LHL","gldm","SmallDependenceLowGrayLevelEmphasis","0.001027573398525893"
"wavelet-LHL","glrlm","GrayLevelNonUniformity","10850.251464880716"
"wavelet-LHL","glrlm","GrayLevelNonUniformityNormalized","0.4350114319788132"
"wavelet-LHL","glrlm","GrayLevelVariance","0.47376450766817907"
"wavelet-LHL","glrlm","HighGrayLevelRunEmphasis","30.274900210919988"
"wavelet-LHL","glrlm","LongRunEmphasis","5.385031997042399"
"wavelet-LHL","glrlm","LongRunHighGrayLevelEmphasis","157.82261828580735"
"wavelet-LHL","glrlm","LongRunLowGrayLevelEmphasis","0.19193370464435575"
"wavelet-LHL","glrlm","LowGrayLevelRunEmphasis","0.03584863870009994"
"wavelet-LHL","glrlm","RunEntropy","3.1078500262185473"
"wavelet-LHL","glrlm","RunLengthNonUniformity","10676.555652826279"
"wavelet-LHL","glrlm","RunLengthNonUniformityNormalized","0.4100856817819813"
"wavelet-LHL","glrlm","RunPercentage","0.5747869181637579"
"wavelet-LHL","glrlm","RunVariance","1.7542277139981097"
"wavelet-LHL","glrlm","ShortRunEmphasis","0.6436613593964442"
"wavelet-LHL","glrlm","ShortRunHighGrayLevelEmphasis","19.711845773980823"
"wavelet-LHL","glrlm","ShortRunLowGrayLevelEmphasis","0.023323336819049786"
"wavelet-LHL","glszm","GrayLevelNonUniformity","164.50862068965517"
"wavelet-LHL","glszm","GrayLevelNonUniformityNormalized","0.2363629607609988"
"wavelet-LHL","glszm","GrayLevelVariance","3.6595240454485403"
"wavelet-LHL","glszm","HighGrayLevelZoneEmphasis","33.5"
"wavelet-LHL","glszm","LargeAreaEmphasis","856468.0890804598"
"wavelet-LHL","glszm","LargeAreaHighGrayLevelEmphasis","25139059.281609196"
"wavelet-LHL","glszm","LargeAreaLowGrayLevelEmphasis","30117.607477293768"
"wavelet-LHL","glszm","LowGrayLevelZoneEmphasis","0.058086056007616904"
"wavelet-LHL","glszm","SizeZoneNonUniformity","201.29885057471265"
"wavelet-LHL","glszm","SizeZoneNonUniformityNormalized","0.2892224864579205"
"wavelet-LHL","glszm","SmallAreaEmphasis","0.5464498572119093"
"wavelet-LHL","glszm","SmallAreaHighGrayLevelEmphasis","19.05539885881002"
"wavelet-LHL","glszm","SmallAreaLowGrayLevelEmphasis","0.03258761076766975"
"wavelet-LHL","glszm","ZoneEntropy","4.804961973427362"
"wavelet-LHL","glszm","ZonePercentage","0.016106637045265205"
"wavelet-LHL","glszm","ZoneVariance","852613.3919936584"
"wavelet-LHL","ngtdm","Busyness","102.49200526798751"
"wavelet-LHL","ngtdm","Coarseness","0.00010180897719648395"
"wavelet-LHL","ngtdm","Complexity","31.408644741678284"
"wavelet-LHL","ngtdm","Contrast","0.003711797837907584"
"wavelet-LHL","ngtdm","Strength","0.01016906831879811"
"wavelet-LHH","firstorder","10Percentile","-7.817764773261365"
"wavelet-LHH","firstorder","90Percentile","7.298052357061724"
"wavelet-LHH","firstorder","Energy","2993165.133899537"
"wavelet-LHH","firstorder","Entropy","1.1576053615359412"
"wavelet-LHH","firstorder","InterquartileRange","6.7968526575642105"
"wavelet-LHH","firstorder","Kurtosis","13.73207124415917"
"wavelet-LHH","firstorder","Maximum","77.26896461329304"
"wavelet-LHH","firstorder","MeanAbsoluteDeviation","5.286781198828611"
"wavelet-LHH","firstorder","Mean","0.021560143136127183"
"wavelet-LHH","firstorder","Median","0.11947377990655088"
"wavelet-LHH","firstorder","Minimum","-92.50250820104937"
"wavelet-LHH","firstorder","Range","169.77147281434242"
"wavelet-LHH","firstorder","RobustMeanAbsoluteDeviation","2.9191515410328734"
"wavelet-LHH","firstorder","RootMeanSquared","8.322679203301467"
"wavelet-LHH","firstorder","Skewness","-0.04936093127176258"
"wavelet-LHH","firstorder","TotalEnergy","2797414.6187034096"
"wavelet-LHH","firstorder","Uniformity","0.4792631552997958"
"wavelet-LHH","firstorder","Variance","69.2665242812947"
"wavelet-LHH","glcm","Autocorrelation","20.370529442626417"
"wavelet-LHH","glcm","ClusterProminence","1.0247959897244356"
"wavelet-LHH","glcm","ClusterShade","-0.013623323185220724"
"wavelet-LHH","glcm","ClusterTendency","0.5671956324140631"
"wavelet-LHH","glcm","Contrast","0.5797467231665483"
"wavelet-LHH","glcm","Correlation","-0.011215771447331666"
"wavelet-LHH","glcm","DifferenceAverage","0.5359337811052294"
"wavelet-LHH","glcm","DifferenceEntropy","1.077046794594946"
"wavelet-LHH","glcm","DifferenceVariance","0.2799944422027576"
"wavelet-LHH","glcm","Id","0.7384048523832897"
"wavelet-LHH","glcm","Idm","0.7363142884108916"
"wavelet-LHH","glcm","Idmn","0.99117239832645"
"wavelet-LHH","glcm","Idn","0.9409138419274305"
"wavelet-LHH","glcm","Imc1","-0.04134290254909371"
"wavelet-LHH","glcm","Imc2","0.25881905900552366"
"wavelet-LHH","glcm","InverseVariance","0.5056859011811046"
"wavelet-LHH","glcm","JointAverage","4.513719793684969"
"wavelet-LHH","glcm","JointEnergy","0.2471280629571935"
"wavelet-LHH","glcm","JointEntropy","2.1994331983943183"
"wavelet-LHH","glcm","MCC","0.23796247219233993"
"wavelet-LHH","glcm","MaximumProbability","0.293733517728901"
"wavelet-LHH","glcm","SumAverage","9.027439587369937"
"wavelet-LHH","glcm","SumEntropy","1.5793759152142426"
"wavelet-LHH","glcm","SumSquares","0.2867355888951528"
"wavelet-LHH","gldm","DependenceEntropy","4.668564106470033"
"wavelet-LHH","gldm","DependenceNonUniformity","4223.5071276497265"
"wavelet-LHH","gldm","DependenceNonUniformityNormalized","0.09773921891256426"
"wavelet-LHH","gldm","DependenceVariance","10.654863249894015"
"wavelet-LHH","gldm","GrayLevelNonUniformity","20709.919466814772"
"wavelet-LHH","gldm","GrayLevelVariance","0.3003007785223315"
"wavelet-LHH","gldm","HighGrayLevelEmphasis","20.66000185133759"
"wavelet-LHH","gldm","LargeDependenceEmphasis","159.24516338054244"
"wavelet-LHH","gldm","LargeDependenceHighGrayLevelEmphasis","3315.059289086365"
"wavelet-LHH","gldm","LargeDependenceLowGrayLevelEmphasis","8.040118239659481"
"wavelet-LHH","gldm","LowGrayLevelEmphasis","0.0515870162842668"
"wavelet-LHH","gldm","SmallDependenceEmphasis","0.015941193444913095"
"wavelet-LHH","gldm","SmallDependenceHighGrayLevelEmphasis","0.3454939947740562"
"wavelet-LHH","gldm","SmallDependenceLowGrayLevelEmphasis","0.0010376905702198253"
"wavelet-LHH","glrlm","GrayLevelNonUniformity","11472.807356896987"
"wavelet-LHH","glrlm","GrayLevelNonUniformityNormalized","0.46545908760604426"
"wavelet-LHH","glrlm","GrayLevelVariance","0.33504136451467265"
"wavelet-LHH","glrlm","HighGrayLevelRunEmphasis","20.614606188340474"
"wavelet-LHH","glrlm","LongRunEmphasis","5.244952497842362"
"wavelet-LHH","glrlm","LongRunHighGrayLevelEmphasis","108.84106566803135"
"wavelet-LHH","glrlm","LongRunLowGrayLevelEmphasis","0.2671652309608307"
"wavelet-LHH","glrlm","LowGrayLevelRunEmphasis","0.052210577658181156"
"wavelet-LHH","glrlm","RunEntropy","2.956480458149521"
"wavelet-LHH","glrlm","RunLengthNonUniformity","10206.992823457536"
"wavelet-LHH","glrlm","RunLengthNonUniformityNormalized","0.39993327409057794"
"wavelet-LHH","glrlm","RunPercentage","0.5696245344954036"
"wavelet-LHH","glrlm","RunVariance","1.6275934057415564"
"wavelet-LHH","glrlm","ShortRunEmphasis","0.6352063565219926"
"wavelet-LHH","glrlm","ShortRunHighGrayLevelEmphasis","13.08104691012768"
"wavelet-LHH","glrlm","ShortRunLowGrayLevelEmphasis","0.03359251244266226"
"wavelet-LHH","glszm","GrayLevelNonUniformity","132.70618556701032"
"wavelet-LHH","glszm","GrayLevelNonUniformityNormalized","0.3420262514613668"
"wavelet-LHH","glszm","GrayLevelVariance","2.672620629184823"
"wavelet-LHH","glszm","HighGrayLevelZoneEmphasis","22.853092783505154"
"wavelet-LHH","glszm","LargeAreaEmphasis","1592590.087628866"
"wavelet-LHH","glszm","LargeAreaHighGrayLevelEmphasis","33023493.335051548"
"wavelet-LHH","glszm","LargeAreaLowGrayLevelEmphasis","80682.12477571549"
"wavelet-LHH","glszm","LowGrayLevelZoneEmphasis","0.08221905536269491"
"wavelet-LHH","glszm","SizeZoneNonUniformity","120.02061855670104"
"wavelet-LHH","glszm","SizeZoneNonUniformityNormalized","0.3093314911255181"
"wavelet-LHH","glszm","SmallAreaEmphasis","0.5714693713472804"
"wavelet-LHH","glszm","SmallAreaHighGrayLevelEmphasis","13.194136865901298"
"wavelet-LHH","glszm","SmallAreaLowGrayLevelEmphasis","0.04725261449010554"
"wavelet-LHH","glszm","ZoneEntropy","4.1210896184721495"
"wavelet-LHH","glszm","ZonePercentage","0.0089789873183375"
"wavelet-LHH","glszm","ZoneVariance","1580186.5581358275"
"wavelet-LHH","ngtdm","Busyness","191.87140574658483"
"wavelet-LHH","ngtdm","Coarseness","9.55733890884764e-05"
"wavelet-LHH","ngtdm","Complexity","16.098779032132036"
"wavelet-LHH","ngtdm","Contrast","0.005659784111742526"
"wavelet-LHH","ngtdm","Strength","0.0038944155341893707"
"wavelet-HLL","firstorder","10Percentile","-8.477773059506548"
"wavelet-HLL","firstorder","90Percentile","7.1524646873690205"
"wavelet-HLL","firstorder","Energy","5122749.58736321"
"wavelet-HLL","firstorder","Entropy","1.2809646279718407"
"wavelet-HLL","firstorder","InterquartileRange","6.498949329066213"
"wavelet-HLL","firstorder","Kurtosis","21.85652781430841"
"wavelet-HLL","firstorder","Maximum","142.00951983373406"
"wavelet-HLL","firstorder","MeanAbsoluteDeviation","6.010064270488876"
"wavelet-HLL","firstorder","Mean","-0.703555586118981"
"wavelet-HLL","firstorder","Median","-0.5647907935730998"
"wavelet-HLL","firstorder","Minimum","-101.14622901364604"
"wavelet-HLL","firstorder","Range","243.1557488473801"
"wavelet-HLL","firstorder","RobustMeanAbsoluteDeviation","2.8326526851488887"
"wavelet-HLL","firstorder","RootMeanSquared","10.888031779472655"
"wavelet-HLL","firstorder","Skewness","0.21813123961492428"
"wavelet-HLL","firstorder","TotalEnergy","4787726.016632028"
"wavelet-HLL","firstorder","Uniformity","0.4636304543799904"
"wavelet-HLL","firstorder","Variance","118.05424556804728"
"wavelet-HLL","glcm","Autocorrelation","29.654330145342286"
"wavelet-HLL","glcm","ClusterProminence","3.7096363497167184"
"wavelet-HLL","glcm","ClusterShade","0.044322989430804816"
"wavelet-HLL","glcm","ClusterTendency","0.7355230843373638"
"wavelet-HLL","glcm","Contrast","0.639304011124739"
"wavelet-HLL","glcm","Correlation","0.06882124467544312"
"wavelet-HLL","glcm","DifferenceAverage","0.5476803988982236"
"wavelet-HLL","glcm","DifferenceEntropy","1.1280527636926718"
"wavelet-HLL","glcm","DifferenceVariance","0.3251535831477552"
"wavelet-HLL","glcm","Id","0.7376525964151004"
"wavelet-HLL","glcm","Idm","0.7345078567593935"
"wavelet-HLL","glcm","Idmn","0.9948526158956972"
"wavelet-HLL","glcm","Idn","0.9548944076666016"
"wavelet-HLL","glcm","Imc1","-0.05811148537533003"
"wavelet-HLL","glcm","Imc2","0.3340833513357993"
"wavelet-HLL","glcm","InverseVariance","0.4975525604599567"
"wavelet-HLL","glcm","JointAverage","5.443369762653067"
"wavelet-HLL","glcm","JointEnergy","0.23824270121184765"
"wavelet-HLL","glcm","JointEntropy","2.377781978248641"
"wavelet-HLL","glcm","MCC","0.36094875469766846"
"wavelet-HLL","glcm","MaximumProbability","0.299675057036899"
"wavelet-HLL","glcm","SumAverage","10.886739525306133"
"wavelet-HLL","glcm","SumEntropy","1.7248235791068656"
"wavelet-HLL","glcm","SumSquares","0.3437067738655258"
"wavelet-HLL","gldm","DependenceEntropy","5.015830858855257"
"wavelet-HLL","gldm","DependenceNonUniformity","3305.1244561695826"
"wavelet-HLL","gldm","DependenceNonUniformityNormalized","0.07648626437493249"
"wavelet-HLL","gldm","DependenceVariance","15.126646214296104"
"wavelet-HLL","gldm","GrayLevelNonUniformity","20034.39919466815"
"wavelet-HLL","gldm","GrayLevelVariance","0.3774136805279377"
"wavelet-HLL","gldm","HighGrayLevelEmphasis","30.013005646579654"
"wavelet-HLL","gldm","LargeDependenceEmphasis","164.79649171526427"
"wavelet-HLL","gldm","LargeDependenceHighGrayLevelEmphasis","4798.747940386929"
"wavelet-HLL","gldm","LargeDependenceLowGrayLevelEmphasis","5.849088241279876"
"wavelet-HLL","gldm","LowGrayLevelEmphasis","0.03522941485045603"
"wavelet-HLL","gldm","SmallDependenceEmphasis","0.019839008485240853"
"wavelet-HLL","gldm","SmallDependenceHighGrayLevelEmphasis","0.6693714124769164"
"wavelet-HLL","gldm","SmallDependenceLowGrayLevelEmphasis","0.0008655651324088008"
"wavelet-HLL","glrlm","GrayLevelNonUniformity","10749.238218676444"
"wavelet-HLL","glrlm","GrayLevelNonUniformityNormalized","0.4368906239689361"
"wavelet-HLL","glrlm","GrayLevelVariance","0.4634058449788653"
"wavelet-HLL","glrlm","HighGrayLevelRunEmphasis","30.43095975481043"
"wavelet-HLL","glrlm","LongRunEmphasis","5.141958773495512"
"wavelet-HLL","glrlm","LongRunHighGrayLevelEmphasis","151.55473014688474"
"wavelet-HLL","glrlm","LongRunLowGrayLevelEmphasis","0.18194762675745507"
"wavelet-HLL","glrlm","LowGrayLevelRunEmphasis","0.035284449514747594"
"wavelet-HLL","glrlm","RunEntropy","3.120780231976061"
"wavelet-HLL","glrlm","RunLengthNonUniformity","10258.998272418483"
"wavelet-HLL","glrlm","RunLengthNonUniformityNormalized","0.40237988665798385"
"wavelet-HLL","glrlm","RunPercentage","0.5679245081494457"
"wavelet-HLL","glrlm","RunVariance","1.6213408593716614"
"wavelet-HLL","glrlm","ShortRunEmphasis","0.6372586432777414"
"wavelet-HLL","glrlm","ShortRunHighGrayLevelEmphasis","19.625729643816076"
"wavelet-HLL","glrlm","ShortRunLowGrayLevelEmphasis","0.0226132119452657"
"wavelet-HLL","glszm","GrayLevelNonUniformity","134.75666666666666"
"wavelet-HLL","glszm","GrayLevelNonUniformityNormalized","0.22459444444444446"
"wavelet-HLL","glszm","GrayLevelVariance","3.8464888888888886"
"wavelet-HLL","glszm","HighGrayLevelZoneEmphasis","35.806666666666665"
"wavelet-HLL","glszm","LargeAreaEmphasis","1004330.8166666667"
"wavelet-HLL","glszm","LargeAreaHighGrayLevelEmphasis","29656980.106666666"
"wavelet-HLL","glszm","LargeAreaLowGrayLevelEmphasis","35119.79133560488"
"wavelet-HLL","glszm","LowGrayLevelZoneEmphasis","0.051501166931546626"
"wavelet-HLL","glszm","SizeZoneNonUniformity","183.46666666666667"
"wavelet-HLL","glszm","SizeZoneNonUniformityNormalized","0.30577777777777776"
"wavelet-HLL","glszm","SmallAreaEmphasis","0.5646923684383861"
"wavelet-HLL","glszm","SmallAreaHighGrayLevelEmphasis","21.337331254571993"
"wavelet-HLL","glszm","SmallAreaLowGrayLevelEmphasis","0.029493484418429836"
"wavelet-HLL","glszm","ZoneEntropy","4.8467107178671744"
"wavelet-HLL","glszm","ZonePercentage","0.013885031935573451"
"wavelet-HLL","glszm","ZoneVariance","999143.9362666667"
"wavelet-HLL","ngtdm","Busyness","100.90323478743167"
"wavelet-HLL","ngtdm","Coarseness","0.00010337985588480066"
"wavelet-HLL","ngtdm","Complexity","30.782360698334177"
"wavelet-HLL","ngtdm","Contrast","0.0036024937138622016"
"wavelet-HLL","ngtdm","Strength","0.01036367891220686"
"wavelet-HLH","firstorder","10Percentile","-6.43255821773451"
"wavelet-HLH","firstorder","90Percentile","6.09345343343796"
"wavelet-HLH","firstorder","Energy","2712745.350059407"
"wavelet-HLH","firstorder","Entropy","1.1609544201308128"
"wavelet-HLH","firstorder","InterquartileRange","5.401034719316396"
"wavelet-HLH","firstorder","Kurtosis","15.973614744217592"
"wavelet-HLH","firstorder","Maximum","78.68223533764515"
"wavelet-HLH","firstorder","MeanAbsoluteDeviation","4.659143135080925"
"wavelet-HLH","firstorder","Mean","0.008818940258939612"
"wavelet-HLH","firstorder","Median","0.03450443222445907"
"wavelet-HLH","firstorder","Minimum","-74.96094618844596"
"wavelet-HLH","firstorder","Range","153.6431815260911"
"wavelet-HLH","firstorder","RobustMeanAbsoluteDeviation","2.3363068152046877"
"wavelet-HLH","firstorder","RootMeanSquared","7.923231224133796"
"wavelet-HLH","firstorder","Skewness","0.11007140149365485"
"wavelet-HLH","firstorder","TotalEnergy","2535334.0559560955"
"wavelet-HLH","firstorder","Uniformity","0.4787600462119775"
"wavelet-HLH","firstorder","Variance","62.77751525738145"
"wavelet-HLH","glcm","Autocorrelation","12.285783360083153"
"wavelet-HLH","glcm","ClusterProminence","1.1056387082969747"
"wavelet-HLH","glcm","ClusterShade","0.0018119786363274943"
"wavelet-HLH","glcm","ClusterTendency","0.5769168074015855"
"wavelet-HLH","glcm","Contrast","0.5883152390450016"
"wavelet-HLH","glcm","Correlation","-0.01033783483121594"
"wavelet-HLH","glcm","DifferenceAverage","0.5387192677185852"
"wavelet-HLH","glcm","DifferenceEntropy","1.0948753650545127"
"wavelet-HLH","glcm","DifferenceVariance","0.2885443141953724"
"wavelet-HLH","glcm","Id","0.7377941792409517"
"wavelet-HLH","glcm","Idm","0.7354984194576938"
"wavelet-HLH","glcm","Idmn","0.9884044076106302"
"wavelet-HLH","glcm","Idn","0.9333090316570156"
"wavelet-HLH","glcm","Imc1","-0.03573381274727482"
"wavelet-HLH","glcm","Imc2","0.24561293294587339"
"wavelet-HLH","glcm","InverseVariance","0.5051170530568337"
"wavelet-HLH","glcm","JointAverage","3.5055145082663373"
"wavelet-HLH","glcm","JointEnergy","0.24298615228092066"
"wavelet-HLH","glcm","JointEntropy","2.227191525149212"
"wavelet-HLH","glcm","MCC","0.2597009211500368"
"wavelet-HLH","glcm","MaximumProbability","0.2810866052735067"
"wavelet-HLH","glcm","SumAverage","7.0110290165326745"
"wavelet-HLH","glcm","SumEntropy","1.5982077111791173"
"wavelet-HLH","glcm","SumSquares","0.2913080116116467"
"wavelet-HLH","gldm","DependenceEntropy","4.711815938486115"
"wavelet-HLH","gldm","DependenceNonUniformity","4180.870498935481"
"wavelet-HLH","gldm","DependenceNonUniformityNormalized","0.09675253399369343"
"wavelet-HLH","gldm","DependenceVariance","10.821384466256228"
"wavelet-HLH","gldm","GrayLevelNonUniformity","20688.179116911968"
"wavelet-HLH","gldm","GrayLevelVariance","0.3020072907835357"
"wavelet-HLH","gldm","HighGrayLevelEmphasis","12.579399240951588"
"wavelet-HLH","gldm","LargeDependenceEmphasis","159.18045913172267"
"wavelet-HLH","gldm","LargeDependenceHighGrayLevelEmphasis","2002.235559566787"
"wavelet-HLH","gldm","LargeDependenceLowGrayLevelEmphasis","13.756588791368317"
"wavelet-HLH","gldm","LowGrayLevelEmphasis","0.08863914775080324"
"wavelet-HLH","gldm","SmallDependenceEmphasis","0.014883137167712543"
"wavelet-HLH","gldm","SmallDependenceHighGrayLevelEmphasis","0.20301576080564324"
"wavelet-HLH","gldm","SmallDependenceLowGrayLevelEmphasis","0.0019619127743458345"
"wavelet-HLH","glrlm","GrayLevelNonUniformity","11476.633970181458"
"wavelet-HLH","glrlm","GrayLevelNonUniformityNormalized","0.4656163162201449"
"wavelet-HLH","glrlm","GrayLevelVariance","0.3355092873148697"
"wavelet-HLH","glrlm","HighGrayLevelRunEmphasis","12.59512470966579"
"wavelet-HLH","glrlm","LongRunEmphasis","4.968922179192983"
"wavelet-HLH","glrlm","LongRunHighGrayLevelEmphasis","62.51720608481599"
"wavelet-HLH","glrlm","LongRunLowGrayLevelEmphasis","0.4339437788321791"
"wavelet-HLH","glrlm","LowGrayLevelRunEmphasis","0.09007056356226889"
"wavelet-HLH","glrlm","RunEntropy","2.95225304423006"
"wavelet-HLH","glrlm","RunLengthNonUniformity","10160.633982080904"
"wavelet-HLH","glrlm","RunLengthNonUniformityNormalized","0.4011515390512256"
"wavelet-HLH","glrlm","RunPercentage","0.5699894616167873"
"wavelet-HLH","glrlm","RunVariance","1.5305370037945683"
"wavelet-HLH","glrlm","ShortRunEmphasis","0.6378009977763501"
"wavelet-HLH","glrlm","ShortRunHighGrayLevelEmphasis","8.04939863255981"
"wavelet-HLH","glrlm","ShortRunLowGrayLevelEmphasis","0.058524448409612045"
"wavelet-HLH","glszm","GrayLevelNonUniformity","110.34769230769231"
"wavelet-HLH","glszm","GrayLevelNonUniformityNormalized","0.3395313609467456"
"wavelet-HLH","glszm","GrayLevelVariance","2.713315976331361"
"wavelet-HLH","glszm","HighGrayLevelZoneEmphasis","15.430769230769231"
"wavelet-HLH","glszm","LargeAreaEmphasis","1905222.96"
"wavelet-HLH","glszm","LargeAreaHighGrayLevelEmphasis","23868227.64"
"wavelet-HLH","glszm","LargeAreaLowGrayLevelEmphasis","165018.52652433282"
"wavelet-HLH","glszm","LowGrayLevelZoneEmphasis","0.1916311704168847"
"wavelet-HLH","glszm","SizeZoneNonUniformity","87.3876923076923"
"wavelet-HLH","glszm","SizeZoneNonUniformityNormalized","0.2688852071005917"
"wavelet-HLH","glszm","SmallAreaEmphasis","0.528928178190491"
"wavelet-HLH","glszm","SmallAreaHighGrayLevelEmphasis","8.134858021602318"
"wavelet-HLH","glszm","SmallAreaLowGrayLevelEmphasis","0.1141424248484838"
"wavelet-HLH","glszm","ZoneEntropy","4.31232775754472"
"wavelet-HLH","glszm","ZonePercentage","0.007521058965102286"
"wavelet-HLH","glszm","ZoneVariance","1887544.5984"
"wavelet-HLH","ngtdm","Busyness","295.12031893032724"
"wavelet-HLH","ngtdm","Coarseness","9.557597969787361e-05"
"wavelet-HLH","ngtdm","Complexity","12.412123379983475"
"wavelet-HLH","ngtdm","Contrast","0.007598231823810396"
"wavelet-HLH","ngtdm","Strength","0.0027889477451331296"
"wavelet-HHL","firstorder","10Percentile","-4.903558952660418"
"wavelet-HHL","firstorder","90Percentile","4.553249555282914"
"wavelet-HHL","firstorder","Energy","939469.5481862682"
"wavelet-HHL","firstorder","Entropy","1.019960745910189"
"wavelet-HHL","firstorder","InterquartileRange","4.4474603289620385"
"wavelet-HHL","firstorder","Kurtosis","9.852319189352567"
"wavelet-HHL","firstorder","Maximum","37.44327114718203"
"wavelet-HHL","firstorder","MeanAbsoluteDeviation","3.1748415190294264"
"wavelet-HHL","firstorder","Mean","0.02412749616956876"
"wavelet-HHL","firstorder","Median","0.1637198645265589"
"wavelet-HHL","firstorder","Minimum","-47.11070372501812"
"wavelet-HHL","firstorder","Range","84.55397487220014"
"wavelet-HHL","firstorder","RobustMeanAbsoluteDeviation","1.8861883915257658"
"wavelet-HHL","firstorder","RootMeanSquared","4.662718212778374"
"wavelet-HHL","firstorder","Skewness","-0.01801583446770869"
"wavelet-HHL","firstorder","TotalEnergy","878029.0195680073"
"wavelet-HHL","firstorder","Uniformity","0.4988562200123219"
"wavelet-HHL","firstorder","Variance","21.740358995703748"
"wavelet-HHL","glcm","Autocorrelation","6.360677322564176"
"wavelet-HHL","glcm","ClusterProminence","0.5160202221351147"
"wavelet-HHL","glcm","ClusterShade","-0.020060584566360815"
"wavelet-HHL","glcm","ClusterTendency","0.49813307457336403"
"wavelet-HHL","glcm","Contrast","0.5104061571551063"
"wavelet-HHL","glcm","Correlation","-0.012071514650779245"
"wavelet-HHL","glcm","DifferenceAverage","0.5077778753018489"
"wavelet-HHL","glcm","DifferenceEntropy","0.9971332277471288"
"wavelet-HHL","glcm","DifferenceVariance","0.24721905497822716"
"wavelet-HHL","glcm","Id","0.7465423985301372"
"wavelet-HHL","glcm","Idm","0.7463738905344013"
"wavelet-HHL","glcm","Idmn","0.9700241951784137"
"wavelet-HHL","glcm","Idn","0.8985312673867981"
"wavelet-HHL","glcm","Imc1","-0.016011811132918503"
"wavelet-HHL","glcm","Imc2","0.1357113716267569"
"wavelet-HHL","glcm","InverseVariance","0.5055415084059074"
"wavelet-HHL","glcm","JointAverage","2.5226465077749913"
"wavelet-HHL","glcm","JointEnergy","0.2549900656027632"
"wavelet-HHL","glcm","JointEntropy","2.009883923481178"
"wavelet-HHL","glcm","MCC","0.12224839150344136"
"wavelet-HHL","glcm","MaximumProbability","0.28776069435381124"
"wavelet-HHL","glcm","SumAverage","5.045293015549983"
"wavelet-HHL","glcm","SumEntropy","1.4908515905519302"
"wavelet-HHL","glcm","SumSquares","0.2521348079321175"
"wavelet-HHL","gldm","DependenceEntropy","4.517254230106632"
"wavelet-HHL","gldm","DependenceNonUniformity","4369.00652596501"
"wavelet-HHL","gldm","DependenceNonUniformityNormalized","0.10110632523292164"
"wavelet-HHL","gldm","DependenceVariance","8.730771767082881"
"wavelet-HHL","gldm","GrayLevelNonUniformity","21556.574979172452"
"wavelet-HHL","gldm","GrayLevelVariance","0.2536348839532397"
"wavelet-HHL","gldm","HighGrayLevelEmphasis","6.614158104230307"
"wavelet-HHL","gldm","LargeDependenceEmphasis","163.30635008793854"
"wavelet-HHL","gldm","LargeDependenceHighGrayLevelEmphasis","1113.9555447560863"
"wavelet-HHL","gldm","LargeDependenceLowGrayLevelEmphasis","28.030507536486773"
"wavelet-HHL","gldm","LowGrayLevelEmphasis","0.17810671161302932"
"wavelet-HHL","gldm","SmallDependenceEmphasis","0.010452411369889622"
"wavelet-HHL","gldm","SmallDependenceHighGrayLevelEmphasis","0.07245140635238143"
"wavelet-HHL","gldm","SmallDependenceLowGrayLevelEmphasis","0.002262489648497379"
"wavelet-HHL","glrlm","GrayLevelNonUniformity","12018.721648595889"
"wavelet-HHL","glrlm","GrayLevelNonUniformityNormalized","0.49637927694295125"
"wavelet-HHL","glrlm","GrayLevelVariance","0.2572909693228719"
"wavelet-HHL","glrlm","HighGrayLevelRunEmphasis","6.527991783708686"
"wavelet-HHL","glrlm","LongRunEmphasis","4.803070887215245"
"wavelet-HHL","glrlm","LongRunHighGrayLevelEmphasis","32.34896688296113"
"wavelet-HHL","glrlm","LongRunLowGrayLevelEmphasis","0.8372270810040329"
"wavelet-HHL","glrlm","LowGrayLevelRunEmphasis","0.18105740208523058"
"wavelet-HHL","glrlm","RunEntropy","2.7853860589886676"
"wavelet-HHL","glrlm","RunLengthNonUniformity","9565.658018732543"
"wavelet-HHL","glrlm","RunLengthNonUniformityNormalized","0.3893951155115607"
"wavelet-HHL","glrlm","RunPercentage","0.5602752796587842"
"wavelet-HHL","glrlm","RunVariance","1.4591518023064256"
"wavelet-HHL","glrlm","ShortRunEmphasis","0.6277975047582842"
"wavelet-HHL","glrlm","ShortRunHighGrayLevelEmphasis","4.054434065015813"
"wavelet-HHL","glrlm","ShortRunLowGrayLevelEmphasis","0.11533892372183564"
"wavelet-HHL","glszm","GrayLevelNonUniformity","30.51063829787234"
"wavelet-HHL","glszm","GrayLevelNonUniformityNormalized","0.3245812584880036"
"wavelet-HHL","glszm","GrayLevelVariance","1.6794929832503396"
"wavelet-HHL","glszm","HighGrayLevelZoneEmphasis","9.212765957446809"
"wavelet-HHL","glszm","LargeAreaEmphasis","6829765.893617021"
"wavelet-HHL","glszm","LargeAreaHighGrayLevelEmphasis","45875414.095744684"
"wavelet-HHL","glszm","LargeAreaLowGrayLevelEmphasis","1191987.8206264777"
"wavelet-HHL","glszm","LowGrayLevelZoneEmphasis","0.3634013002364066"
"wavelet-HHL","glszm","SizeZoneNonUniformity","55.57446808510638"
"wavelet-HHL","glszm","SizeZoneNonUniformityNormalized","0.5912177455862381"
"wavelet-HHL","glszm","SmallAreaEmphasis","0.7935882564271398"
"wavelet-HHL","glszm","SmallAreaHighGrayLevelEmphasis","7.479984647372321"
"wavelet-HHL","glszm","SmallAreaLowGrayLevelEmphasis","0.29284883545142826"
"wavelet-HHL","glszm","ZoneEntropy","2.8687002622126796"
"wavelet-HHL","glszm","ZonePercentage","0.0021753216699065075"
"wavelet-HHL","glszm","ZoneVariance","6618439.847442282"
"wavelet-HHL","ngtdm","Busyness","965.5901804798342"
"wavelet-HHL","ngtdm","Coarseness","9.19636537573319e-05"
"wavelet-HHL","ngtdm","Complexity","3.5336724116620184"
"wavelet-HHL","ngtdm","Contrast","0.021448981041137585"
"wavelet-HHL","ngtdm","Strength","0.0005488061265307235"
"wavelet-HHH","firstorder","10Percentile","-3.916221430010452"
"wavelet-HHH","firstorder","90Percentile","4.1646790611846605"
"wavelet-HHH","firstorder","Energy","633215.8310947972"
"wavelet-HHH","firstorder","Entropy","1.0071891211260626"
"wavelet-HHH","firstorder","InterquartileRange","3.821694108729993"
"wavelet-HHH","firstorder","Kurtosis","8.885229492205513"
"wavelet-HHH","firstorder","Maximum","38.893108570145756"
"wavelet-HHH","firstorder","MeanAbsoluteDeviation","2.670565385300171"
"wavelet-HHH","firstorder","Mean","-0.006695034191095383"
"wavelet-HHH","firstorder","Median","-0.07525480702084429"
"wavelet-HHH","firstorder","Minimum","-32.782354501138435"
"wavelet-HHH","firstorder","Range","71.67546307128418"
"wavelet-HHH","firstorder","RobustMeanAbsoluteDeviation","1.6232175478595476"
"wavelet-HHH","firstorder","RootMeanSquared","3.828015594896383"
"wavelet-HHH","firstorder","Skewness","-0.07672200990854428"
"wavelet-HHH","firstorder","TotalEnergy","591804.0413598072"
"wavelet-HHH","firstorder","Uniformity","0.49960567927410776"
"wavelet-HHH","firstorder","Variance","14.653658571287083"
"wavelet-HHH","glcm","Autocorrelation","6.185918076717609"
"wavelet-HHH","glcm","ClusterProminence","0.49449634256835656"
"wavelet-HHH","glcm","ClusterShade","0.01016073907498647"
"wavelet-HHH","glcm","ClusterTendency","0.4892776186789892"
"wavelet-HHH","glcm","Contrast","0.5138755900107053"
"wavelet-HHH","glcm","Correlation","-0.024490054778267465"
"wavelet-HHH","glcm","DifferenceAverage","0.5128462383357199"
"wavelet-HHH","glcm","DifferenceEntropy","0.9918877428253486"
"wavelet-HHH","glcm","DifferenceVariance","0.2462650886144511"
"wavelet-HHH","glcm","Id","0.7437454612716332"
"wavelet-HHH","glcm","Idm","0.7436798159996388"
"wavelet-HHH","glcm","Idmn","0.9697909459528922"
"wavelet-HHH","glcm","Idn","0.8974647236927263"
"wavelet-HHH","glcm","Imc1","-0.013947241687846014"
"wavelet-HHH","glcm","Imc2","0.13236967853028464"
"wavelet-HHH","glcm","InverseVariance","0.5119736828095954"
"wavelet-HHH","glcm","JointAverage","2.4883864804787303"
"wavelet-HHH","glcm","JointEnergy","0.2545256364450938"
"wavelet-HHH","glcm","JointEntropy","1.9967114815573264"
"wavelet-HHH","glcm","MCC","0.11667529164599529"
"wavelet-HHH","glcm","MaximumProbability","0.28244669102670583"
"wavelet-HHH","glcm","SumAverage","4.976772960957461"
"wavelet-HHH","glcm","SumEntropy","1.4788000947011644"
"wavelet-HHH","glcm","SumSquares","0.2507883021724236"
"wavelet-HHH","gldm","DependenceEntropy","4.365874863245031"
"wavelet-HHH","gldm","DependenceNonUniformity","5024.800564657965"
"wavelet-HHH","gldm","DependenceNonUniformityNormalized","0.1162825271836056"
"wavelet-HHH","gldm","DependenceVariance","7.35405634612709"
"wavelet-HHH","gldm","GrayLevelNonUniformity","21588.960612792744"
"wavelet-HHH","gldm","GrayLevelVariance","0.25112933006899485"
"wavelet-HHH","gldm","HighGrayLevelEmphasis","6.446403776728687"
"wavelet-HHH","gldm","LargeDependenceEmphasis","158.53841525502176"
"wavelet-HHH","gldm","LargeDependenceHighGrayLevelEmphasis","1003.2141997593261"
"wavelet-HHH","gldm","LargeDependenceLowGrayLevelEmphasis","29.383454441667443"
"wavelet-HHH","gldm","LowGrayLevelEmphasis","0.18234036070227405"
"wavelet-HHH","gldm","SmallDependenceEmphasis","0.009233933361282783"
"wavelet-HHH","gldm","SmallDependenceHighGrayLevelEmphasis","0.060393277836994726"
"wavelet-HHH","gldm","SmallDependenceLowGrayLevelEmphasis","0.001910988469043592"
"wavelet-HHH","glrlm","GrayLevelNonUniformity","12192.584460033202"
"wavelet-HHH","glrlm","GrayLevelNonUniformityNormalized","0.4988986330561097"
"wavelet-HHH","glrlm","GrayLevelVariance","0.25220763519795575"
"wavelet-HHH","glrlm","HighGrayLevelRunEmphasis","6.495142490442587"
"wavelet-HHH","glrlm","LongRunEmphasis","4.629660470636475"
"wavelet-HHH","glrlm","LongRunHighGrayLevelEmphasis","29.542511144233238"
"wavelet-HHH","glrlm","LongRunLowGrayLevelEmphasis","0.85174099132409"
"wavelet-HHH","glrlm","LowGrayLevelRunEmphasis","0.18121374034935783"
"wavelet-HHH","glrlm","RunEntropy","2.7453007603180946"
"wavelet-HHH","glrlm","RunLengthNonUniformity","9703.409037549653"
"wavelet-HHH","glrlm","RunLengthNonUniformityNormalized","0.3926265612009941"
"wavelet-HHH","glrlm","RunPercentage","0.5655498116620028"
"wavelet-HHH","glrlm","RunVariance","1.4094946070549095"
"wavelet-HHH","glrlm","ShortRunEmphasis","0.6350707642773544"
"wavelet-HHH","glrlm","ShortRunHighGrayLevelEmphasis","4.151332197628966"
"wavelet-HHH","glrlm","ShortRunLowGrayLevelEmphasis","0.11453699999483861"
"wavelet-HHH","glszm","GrayLevelNonUniformity","10.567567567567568"
"wavelet-HHH","glszm","GrayLevelNonUniformityNormalized","0.2856099342585829"
"wavelet-HHH","glszm","GrayLevelVariance","1.481373265157049"
"wavelet-HHH","glszm","HighGrayLevelZoneEmphasis","6.513513513513513"
"wavelet-HHH","glszm","LargeAreaEmphasis","17365198.972972974"
"wavelet-HHH","glszm","LargeAreaHighGrayLevelEmphasis","110918378.05405405"
"wavelet-HHH","glszm","LargeAreaLowGrayLevelEmphasis","3189700.70045045"
"wavelet-HHH","glszm","LowGrayLevelZoneEmphasis","0.48592342342342343"
"wavelet-HHH","glszm","SizeZoneNonUniformity","21.486486486486488"
"wavelet-HHH","glszm","SizeZoneNonUniformityNormalized","0.5807158509861212"
"wavelet-HHH","glszm","SmallAreaEmphasis","0.7695214502748109"
"wavelet-HHH","glszm","SmallAreaHighGrayLevelEmphasis","5.015027478946468"
"wavelet-HHH","glszm","SmallAreaLowGrayLevelEmphasis","0.4253475732190926"
"wavelet-HHH","glszm","ZoneEntropy","2.863162989598313"
"wavelet-HHH","glszm","ZonePercentage","0.0008562436360270296"
"wavelet-HHH","glszm","ZoneVariance","16001227.50182615"
"wavelet-HHH","ngtdm","Busyness","1020.8844437163638"
"wavelet-HHH","ngtdm","Coarseness","9.037416026755444e-05"
"wavelet-HHH","ngtdm","Complexity","3.5884204722768795"
"wavelet-HHH","ngtdm","Contrast","0.021490074608352127"
"wavelet-HHH","ngtdm","Strength","0.0005413109395751574"
"wavelet-LLL","firstorder","10Percentile","-2250.35355094156"
"wavelet-LLL","firstorder","90Percentile","-2175.0591393144714"
"wavelet-LLL","firstorder","Energy","209598375694.25296"
"wavelet-LLL","firstorder","Entropy","1.7147408616043103"
"wavelet-LLL","firstorder","InterquartileRange","11.863504277966058"
"wavelet-LLL","firstorder","Kurtosis","18.227922648791665"
"wavelet-LLL","firstorder","Maximum","-2134.5466784382484"
"wavelet-LLL","firstorder","MeanAbsoluteDeviation","32.65731351294736"
"wavelet-LLL","firstorder","Mean","-2201.6211271860197"
"wavelet-LLL","firstorder","Median","-2183.278035770899"
"wavelet-LLL","firstorder","Minimum","-2693.498507898761"
"wavelet-LLL","firstorder","Range","558.9518294605127"
"wavelet-LLL","firstorder","RobustMeanAbsoluteDeviation","8.282917673294484"
"wavelet-LLL","firstorder","RootMeanSquared","2202.377556248029"
"wavelet-LLL","firstorder","Skewness","-3.680396564147832"
"wavelet-LLL","firstorder","TotalEnergy","195890815906.87552"
"wavelet-LLL","firstorder","Uniformity","0.5351390393432717"
"wavelet-LLL","firstorder","Variance","3331.3125931999407"
"wavelet-LLL","glcm","Autocorrelation","425.24876920310066"
"wavelet-LLL","glcm","ClusterProminence","3243.2553110657323"
"wavelet-LLL","glcm","ClusterShade","-161.63532229501908"
"wavelet-LLL","glcm","ClusterTendency","11.165989190989999"
"wavelet-LLL","glcm","Contrast","2.6839175161381656"
"wavelet-LLL","glcm","Correlation","0.5846988736206765"
"wavelet-LLL","glcm","DifferenceAverage","0.6580684637944819"
"wavelet-LLL","glcm","DifferenceEntropy","1.4791521411249744"
"wavelet-LLL","glcm","DifferenceVariance","2.227781721012464"
"wavelet-LLL","glcm","Id","0.8231644169470269"
"wavelet-LLL","glcm","Idm","0.8065182829182909"
"wavelet-LLL","glcm","Idmn","0.9952965745379065"
"wavelet-LLL","glcm","Idn","0.9754541118547944"
"wavelet-LLL","glcm","Imc1","-0.2000706239822063"
"wavelet-LLL","glcm","Imc2","0.6428382012960345"
"wavelet-LLL","glcm","InverseVariance","0.17529655133072233"
"wavelet-LLL","glcm","JointAverage","20.569935484089015"
"wavelet-LLL","glcm","JointEnergy","0.4585102792249863"
"wavelet-LLL","glcm","JointEntropy","2.631667514370602"
"wavelet-LLL","glcm","MCC","0.662049484983995"
"wavelet-LLL","glcm","MaximumProbability","0.6712596413184033"
"wavelet-LLL","glcm","SumAverage","41.139870968178016"
"wavelet-LLL","glcm","SumEntropy","1.9762244527019834"
"wavelet-LLL","glcm","SumSquares","3.4624766767820407"
"wavelet-LLL","gldm","DependenceEntropy","5.020776765672908"
"wavelet-LLL","gldm","DependenceNonUniformity","4553.456586133481"
"wavelet-LLL","gldm","DependenceNonUniformityNormalized","0.10537481685951776"
"wavelet-LLL","gldm","DependenceVariance","91.78412801952317"
"wavelet-LLL","gldm","GrayLevelNonUniformity","23124.428168101455"
"wavelet-LLL","gldm","GrayLevelVariance","5.224915665214788"
"wavelet-LLL","gldm","HighGrayLevelEmphasis","418.859483476812"
"wavelet-LLL","gldm","LargeDependenceEmphasis","401.0969175229103"
"wavelet-LLL","gldm","LargeDependenceHighGrayLevelEmphasis","176981.39229843562"
"wavelet-LLL","gldm","LargeDependenceLowGrayLevelEmphasis","0.9113898689854341"
"wavelet-LLL","gldm","LowGrayLevelEmphasis","0.0027979859448766992"
"wavelet-LLL","gldm","SmallDependenceEmphasis","0.06297532905039029"
"wavelet-LLL","gldm","SmallDependenceHighGrayLevelEmphasis","17.711613674540448"
"wavelet-LLL","gldm","SmallDependenceLowGrayLevelEmphasis","0.0003677773962531026"
"wavelet-LLL","glrlm","GrayLevelNonUniformity","2879.677749299558"
"wavelet-LLL","glrlm","GrayLevelNonUniformityNormalized","0.1813061145623473"
"wavelet-LLL","glrlm","GrayLevelVariance","11.789359203754262"
"wavelet-LLL","glrlm","HighGrayLevelRunEmphasis","379.63558711296315"
"wavelet-LLL","glrlm","LongRunEmphasis","29.41843379352803"
"wavelet-LLL","glrlm","LongRunHighGrayLevelEmphasis","12910.83367211793"
"wavelet-LLL","glrlm","LongRunLowGrayLevelEmphasis","0.0683587852616877"
"wavelet-LLL","glrlm","LowGrayLevelRunEmphasis","0.003703290532611252"
"wavelet-LLL","glrlm","RunEntropy","4.709340951636401"
"wavelet-LLL","glrlm","RunLengthNonUniformity","7627.985634286088"
"wavelet-LLL","glrlm","RunLengthNonUniformityNormalized","0.48119118265184047"
"wavelet-LLL","glrlm","RunPercentage","0.36202728586788563"
"wavelet-LLL","glrlm","RunVariance","21.112024593367103"
"wavelet-LLL","glrlm","ShortRunEmphasis","0.71455654779451"
"wavelet-LLL","glrlm","ShortRunHighGrayLevelEmphasis","255.05732164208712"
"wavelet-LLL","glrlm","ShortRunLowGrayLevelEmphasis","0.003007856770111063"
"wavelet-LLL","glszm","GrayLevelNonUniformity","240.74751491053678"
"wavelet-LLL","glszm","GrayLevelNonUniformityNormalized","0.079770548346765"
"wavelet-LLL","glszm","GrayLevelVariance","16.018720568130867"
"wavelet-LLL","glszm","HighGrayLevelZoneEmphasis","266.6921802518224"
"wavelet-LLL","glszm","LargeAreaEmphasis","237321.03247183564"
"wavelet-LLL","glszm","LargeAreaHighGrayLevelEmphasis","104720830.03379722"
"wavelet-LLL","glszm","LargeAreaLowGrayLevelEmphasis","537.8712337404306"
"wavelet-LLL","glszm","LowGrayLevelZoneEmphasis","0.006258123115789334"
"wavelet-LLL","glszm","SizeZoneNonUniformity","1021.4758117958913"
"wavelet-LLL","glszm","SizeZoneNonUniformityNormalized","0.3384611702438341"
"wavelet-LLL","glszm","SmallAreaEmphasis","0.6005029148991798"
"wavelet-LLL","glszm","SmallAreaHighGrayLevelEmphasis","151.49265581389616"
"wavelet-LLL","glszm","SmallAreaLowGrayLevelEmphasis","0.003845783151930455"
"wavelet-LLL","glszm","ZoneEntropy","6.0437646701308765"
"wavelet-LLL","glszm","ZonePercentage","0.06984171063593446"
"wavelet-LLL","glszm","ZoneVariance","237116.02472902808"
"wavelet-LLL","ngtdm","Busyness","4.561701911058583"
"wavelet-LLL","ngtdm","Coarseness","0.00026362333056125366"
"wavelet-LLL","ngtdm","Complexity","160.6643094072482"
"wavelet-LLL","ngtdm","Contrast","0.010946224815376944"
"wavelet-LLL","ngtdm","Strength","0.23849077259563903"
