"Image type","Feature Class","Feature Name","Segmentation_9_segment_Segment_1"
"diagnostics","Versions","PyRadiomics","v3.0.1.post4+gad5b2de"
"diagnostics","Versions","Numpy","1.19.2"
"diagnostics","Versions","SimpleITK","2.0.2"
"diagnostics","Versions","PyWavelet","1.1.1"
"diagnostics","Versions","Python","3.6.7"
"diagnostics","Configuration","Settings","{'minimumROIDimensions': 2, 'minimumROISize': None, 'normalize': False, 'normalizeScale': 1, 'removeOutliers': None, 'resampledPixelSpacing': None, 'interpolator': 'sitkBSpline', 'preCrop': False, 'padDistance': 5, 'distances': [1], 'force2D': False, 'force2Ddimension': 0, 'resegmentRange': None, 'label': 1, 'additionalInfo': True, 'binWidth': 25.0, 'symmetricalGLCM': True, 'correctMask': True}"
"diagnostics","Configuration","EnabledImageTypes","{'Original': {}, 'Wavelet': {}}"
"diagnostics","Image-original","Hash","76ce84bebd0de7eab48082046cfc631f04306fe0"
"diagnostics","Image-original","Dimensionality","3D"
"diagnostics","Image-original","Spacing","(0.7597656249999999, 0.7597656249999999, 4.999999999999998)"
"diagnostics","Image-original","Size","(512, 512, 84)"
"diagnostics","Image-original","Mean","-892.9614280064901"
"diagnostics","Image-original","Minimum","-969.0"
"diagnostics","Image-original","Maximum","-769.0"
"diagnostics","Mask-original","Hash","d8df984f60584b4aef2fa045bb3a2d7475a4e1ad"
"diagnostics","Mask-original","Spacing","(0.7597656249999999, 0.7597656249999999, 4.999999999999998)"
"diagnostics","Mask-original","Size","(512, 512, 84)"
"diagnostics","Mask-original","BoundingBox","(153, 291, 29, 74, 88, 18)"
"diagnostics","Mask-original","VoxelNum","40296"
"diagnostics","Mask-original","VolumeNum","2"
"diagnostics","Mask-original","CenterOfMassIndex","(189.57467242406193, 334.78491661703396, 37.997170935080405)"
"diagnostics","Mask-original","CenterOfMass","(-49.3006805215623, 193.05807141411367, -696.574145324598)"
"original","shape","Elongation","0.552780915419246"
"original","shape","Flatness","0.4833590327593503"
"original","shape","LeastAxisLength","42.912933696848434"
"original","shape","MajorAxisLength","88.78065948591359"
"original","shape","Maximum2DDiameterColumn","86.09312976537586"
"original","shape","Maximum2DDiameterRow","105.32061471889355"
"original","shape","Maximum2DDiameterSlice","72.49294862328097"
"original","shape","Maximum3DDiameter","105.41922339755286"
"original","shape","MeshVolume","115877.96580711995"
"original","shape","MinorAxisLength","49.07625422214768"
"original","shape","Sphericity","0.5780831617098638"
"original","shape","SurfaceArea","19883.570803954844"
"original","shape","SurfaceVolumeRatio","0.17159060970272166"
"original","shape","VoxelVolume","116303.08181762688"
"original","firstorder","10Percentile","-791.0"
"original","firstorder","90Percentile","-775.0"
"original","firstorder","Energy","24692378311.0"
"original","firstorder","Entropy","0.5712407351825166"
"original","firstorder","InterquartileRange","8.0"
"original","firstorder","Kurtosis","3.242851743139376"
"original","firstorder","Maximum","-769.0"
"original","firstorder","MeanAbsoluteDeviation","4.887345569527606"
"original","firstorder","Mean","-782.7750893388921"
"original","firstorder","Median","-783.0"
"original","firstorder","Minimum","-828.0"
"original","firstorder","Range","59.0"
"original","firstorder","RobustMeanAbsoluteDeviation","3.5610077873820654"
"original","firstorder","RootMeanSquared","782.7994145004627"
"original","firstorder","Skewness","-0.14905977630149317"
"original","firstorder","TotalEnergy","71267612045.26573"
"original","firstorder","Uniformity","0.7786601023086298"
"original","firstorder","Variance","38.082852756560946"
"original","glcm","Autocorrelation","9.72611686971226"
"original","glcm","ClusterProminence","0.30952312459357356"
"original","glcm","ClusterShade","0.19295747810473443"
"original","glcm","ClusterTendency","0.23623030007846044"
"original","glcm","Contrast","0.2001690734997106"
"original","glcm","Correlation","0.08244723962863618"
"original","glcm","DifferenceAverage","0.19905204984307978"
"original","glcm","DifferenceEntropy","0.7240727200063242"
"original","glcm","DifferenceVariance","0.1604849258432919"
"original","glcm","Id","0.9006596534621126"
"original","glcm","Idm","0.900585677444123"
"original","glcm","Idmn","0.9882451858830985"
"original","glcm","Idn","0.9602267678988963"
"original","glcm","Imc1","-0.010440082213598705"
"original","glcm","Imc2","0.09889867890847942"
"original","glcm","InverseVariance","0.19807930294261725"
"original","glcm","JointAverage","3.1172265366610197"
"original","glcm","JointEnergy","0.624913396534107"
"original","glcm","JointEntropy","1.1074135690491198"
"original","glcm","MCC","0.09331211431696826"
"original","glcm","MaximumProbability","0.7782249234394207"
"original","glcm","SumAverage","6.2344530733220385"
"original","glcm","SumEntropy","0.9025049103461696"
"original","glcm","SumSquares","0.10909984339454276"
"original","gldm","DependenceEntropy","4.4488144222001385"
"original","gldm","DependenceNonUniformity","2573.709797498511"
"original","gldm","DependenceNonUniformityNormalized","0.06387010615193843"
"original","gldm","DependenceVariance","52.01474265884114"
"original","gldm","GrayLevelNonUniformity","31376.88748262855"
"original","gldm","GrayLevelVariance","0.11212584683053564"
"original","gldm","HighGrayLevelEmphasis","9.837775461584277"
"original","gldm","LargeDependenceEmphasis","433.9370657137185"
"original","gldm","LargeDependenceHighGrayLevelEmphasis","3937.1599910661107"
"original","gldm","LargeDependenceLowGrayLevelEmphasis","47.99702186459091"
"original","gldm","LowGrayLevelEmphasis","0.10570166186883725"
"original","gldm","SmallDependenceEmphasis","0.019387197182471897"
"original","gldm","SmallDependenceHighGrayLevelEmphasis","0.26349506828059926"
"original","gldm","SmallDependenceLowGrayLevelEmphasis","0.0017964851195230226"
"original","glrlm","GrayLevelNonUniformity","6133.011019719828"
"original","glrlm","GrayLevelNonUniformityNormalized","0.5270466388618062"
"original","glrlm","GrayLevelVariance","0.25113284846791717"
"original","glrlm","HighGrayLevelRunEmphasis","11.467654206774117"
"original","glrlm","LongRunEmphasis","35.13036469016366"
"original","glrlm","LongRunHighGrayLevelEmphasis","320.5970466148974"
"original","glrlm","LongRunLowGrayLevelEmphasis","3.8742315147337343"
"original","glrlm","LowGrayLevelRunEmphasis","0.09538548525891508"
"original","glrlm","RunEntropy","3.4942313487388024"
"original","glrlm","RunLengthNonUniformity","3111.349512657819"
"original","glrlm","RunLengthNonUniformityNormalized","0.2681128693255179"
"original","glrlm","RunPercentage","0.2868141140178067"
"original","glrlm","RunVariance","21.876181444761755"
"original","glrlm","ShortRunEmphasis","0.5333179345734178"
"original","glrlm","ShortRunHighGrayLevelEmphasis","6.937782252668072"
"original","glrlm","ShortRunLowGrayLevelEmphasis","0.04578426244329658"
"original","glszm","GrayLevelNonUniformity","408.3923611111111"
"original","glszm","GrayLevelNonUniformityNormalized","0.7090145158179012"
"original","glszm","GrayLevelVariance","0.577880859375"
"original","glszm","HighGrayLevelZoneEmphasis","13.90798611111111"
"original","glszm","LargeAreaEmphasis","2169478.0520833335"
"original","glszm","LargeAreaHighGrayLevelEmphasis","19643580.980902776"
"original","glszm","LargeAreaLowGrayLevelEmphasis","240231.927143615"
"original","glszm","LowGrayLevelZoneEmphasis","0.09619743441358025"
"original","glszm","SizeZoneNonUniformity","250.48958333333334"
"original","glszm","SizeZoneNonUniformityNormalized","0.4348777488425926"
"original","glszm","SmallAreaEmphasis","0.6855286835302861"
"original","glszm","SmallAreaHighGrayLevelEmphasis","9.160563794007693"
"original","glszm","SmallAreaLowGrayLevelEmphasis","0.07228823423109548"
"original","glszm","ZoneEntropy","2.613315080032539"
"original","glszm","ZonePercentage","0.01429422275163788"
"original","glszm","ZoneVariance","2164583.8836805555"
"original","ngtdm","Busyness","234.3896113293676"
"original","ngtdm","Coarseness","0.0002555677355371612"
"original","ngtdm","Complexity","1.7547133973435691"
"original","ngtdm","Contrast","0.0037233555408083575"
"original","ngtdm","Strength","0.0017385645996113037"
"wavelet-LLH","firstorder","10Percentile","-36.467220564447715"
"wavelet-LLH","firstorder","90Percentile","7.307559914887182"
"wavelet-LLH","firstorder","Energy","25885341.860894065"
"wavelet-LLH","firstorder","Entropy","1.8454104655963102"
"wavelet-LLH","firstorder","InterquartileRange","11.683876529327337"
"wavelet-LLH","firstorder","Kurtosis","9.783555605042086"
"wavelet-LLH","firstorder","Maximum","191.78913872060684"
"wavelet-LLH","firstorder","MeanAbsoluteDeviation","14.643428092178024"
"wavelet-LLH","firstorder","Mean","-6.9332969042888175"
"wavelet-LLH","firstorder","Median","-2.001241592563508"
"wavelet-LLH","firstorder","Minimum","-121.18489516207754"
"wavelet-LLH","firstorder","Range","312.97403388268435"
"wavelet-LLH","firstorder","RobustMeanAbsoluteDeviation","6.076897276112645"
"wavelet-LLH","firstorder","RootMeanSquared","25.345215228980145"
"wavelet-LLH","firstorder","Skewness","-0.6155292125933742"
"wavelet-LLH","firstorder","TotalEnergy","74710766.13869376"
"wavelet-LLH","firstorder","Uniformity","0.3648091291900725"
"wavelet-LLH","firstorder","Variance","594.3093290403064"
"wavelet-LLH","glcm","Autocorrelation","27.54782201912496"
"wavelet-LLH","glcm","ClusterProminence","45.019701399487936"
"wavelet-LLH","glcm","ClusterShade","-3.7299889274708655"
"wavelet-LLH","glcm","ClusterTendency","2.322806016526673"
"wavelet-LLH","glcm","Contrast","1.417232338974242"
"wavelet-LLH","glcm","Correlation","0.21061381086184233"
"wavelet-LLH","glcm","DifferenceAverage","0.7182740394593226"
"wavelet-LLH","glcm","DifferenceEntropy","1.4751105659000496"
"wavelet-LLH","glcm","DifferenceVariance","0.8590857817516636"
"wavelet-LLH","glcm","Id","0.70830418967756"
"wavelet-LLH","glcm","Idm","0.6958736951715878"
"wavelet-LLH","glcm","Idmn","0.992337967427954"
"wavelet-LLH","glcm","Idn","0.9515084721195577"
"wavelet-LLH","glcm","Imc1","-0.15519745600208032"
"wavelet-LLH","glcm","Imc2","0.6018603845350918"
"wavelet-LLH","glcm","InverseVariance","0.46730481066329577"
"wavelet-LLH","glcm","JointAverage","5.226967504347665"
"wavelet-LLH","glcm","JointEnergy","0.17777015375003355"
"wavelet-LLH","glcm","JointEntropy","3.163363156698719"
"wavelet-LLH","glcm","MCC","0.5854671464284394"
"wavelet-LLH","glcm","MaximumProbability","0.2579873822728228"
"wavelet-LLH","glcm","SumAverage","10.45393500869533"
"wavelet-LLH","glcm","SumEntropy","2.2869813144791817"
"wavelet-LLH","glcm","SumSquares","0.9350095888752287"
"wavelet-LLH","gldm","DependenceEntropy","5.707129312329958"
"wavelet-LLH","gldm","DependenceNonUniformity","2408.958507047846"
"wavelet-LLH","gldm","DependenceNonUniformityNormalized","0.05978157899165788"
"wavelet-LLH","gldm","DependenceVariance","22.42063908731137"
"wavelet-LLH","gldm","GrayLevelNonUniformity","14700.34866984316"
"wavelet-LLH","gldm","GrayLevelVariance","1.1152539791753058"
"wavelet-LLH","gldm","HighGrayLevelEmphasis","28.292162993845544"
"wavelet-LLH","gldm","LargeDependenceEmphasis","159.70394083780027"
"wavelet-LLH","gldm","LargeDependenceHighGrayLevelEmphasis","4616.999677387334"
"wavelet-LLH","gldm","LargeDependenceLowGrayLevelEmphasis","6.0389873858909064"
"wavelet-LLH","gldm","LowGrayLevelEmphasis","0.048054243584595736"
"wavelet-LLH","gldm","SmallDependenceEmphasis","0.031155404067115703"
"wavelet-LLH","gldm","SmallDependenceHighGrayLevelEmphasis","1.134176519318801"
"wavelet-LLH","gldm","SmallDependenceLowGrayLevelEmphasis","0.0021566072982599194"
"wavelet-LLH","glrlm","GrayLevelNonUniformity","7424.3457988760765"
"wavelet-LLH","glrlm","GrayLevelNonUniformityNormalized","0.31218179978644905"
"wavelet-LLH","glrlm","GrayLevelVariance","1.5125165297967955"
"wavelet-LLH","glrlm","HighGrayLevelRunEmphasis","28.150619844286073"
"wavelet-LLH","glrlm","LongRunEmphasis","5.8087432129140675"
"wavelet-LLH","glrlm","LongRunHighGrayLevelEmphasis","164.45183251854496"
"wavelet-LLH","glrlm","LongRunLowGrayLevelEmphasis","0.2501825585925834"
"wavelet-LLH","glrlm","LowGrayLevelRunEmphasis","0.05330767669331786"
"wavelet-LLH","glrlm","RunEntropy","3.6918758417584225"
"wavelet-LLH","glrlm","RunLengthNonUniformity","11016.901179083858"
"wavelet-LLH","glrlm","RunLengthNonUniformityNormalized","0.440895163644806"
"wavelet-LLH","glrlm","RunPercentage","0.5878155495487241"
"wavelet-LLH","glrlm","RunVariance","2.273246809477036"
"wavelet-LLH","glrlm","ShortRunEmphasis","0.6747032723348508"
"wavelet-LLH","glrlm","ShortRunHighGrayLevelEmphasis","18.87229037770861"
"wavelet-LLH","glrlm","ShortRunLowGrayLevelEmphasis","0.03963082655767505"
"wavelet-LLH","glszm","GrayLevelNonUniformity","121.86063072227874"
"wavelet-LLH","glszm","GrayLevelNonUniformityNormalized","0.12396808822205366"
"wavelet-LLH","glszm","GrayLevelVariance","6.085038740997777"
"wavelet-LLH","glszm","HighGrayLevelZoneEmphasis","42.32960325534079"
"wavelet-LLH","glszm","LargeAreaEmphasis","573391.9328585961"
"wavelet-LLH","glszm","LargeAreaHighGrayLevelEmphasis","16522796.40996948"
"wavelet-LLH","glszm","LargeAreaLowGrayLevelEmphasis","20594.62909613249"
"wavelet-LLH","glszm","LowGrayLevelZoneEmphasis","0.08071435763078576"
"wavelet-LLH","glszm","SizeZoneNonUniformity","279.30518819938965"
"wavelet-LLH","glszm","SizeZoneNonUniformityNormalized","0.2841354915558389"
"wavelet-LLH","glszm","SmallAreaEmphasis","0.5504367462671917"
"wavelet-LLH","glszm","SmallAreaHighGrayLevelEmphasis","25.952821215745697"
"wavelet-LLH","glszm","SmallAreaLowGrayLevelEmphasis","0.03473952421062653"
"wavelet-LLH","glszm","ZoneEntropy","5.742754736582745"
"wavelet-LLH","glszm","ZonePercentage","0.024394480841770896"
"wavelet-LLH","glszm","ZoneVariance","571711.5167346415"
"wavelet-LLH","ngtdm","Busyness","68.40517935540923"
"wavelet-LLH","ngtdm","Coarseness","0.00013710640117898683"
"wavelet-LLH","ngtdm","Complexity","54.50100016884593"
"wavelet-LLH","ngtdm","Contrast","0.00933119904045052"
"wavelet-LLH","ngtdm","Strength","0.01810073854016853"
"wavelet-LHL","firstorder","10Percentile","-9.965689152470354"
"wavelet-LHL","firstorder","90Percentile","8.983518153345202"
"wavelet-LHL","firstorder","Energy","2500437.8606796125"
"wavelet-LHL","firstorder","Entropy","1.0581225717876246"
"wavelet-LHL","firstorder","InterquartileRange","9.799545318959169"
"wavelet-LHL","firstorder","Kurtosis","5.545191935165127"
"wavelet-LHL","firstorder","Maximum","36.200698955527336"
"wavelet-LHL","firstorder","MeanAbsoluteDeviation","6.0287790256066724"
"wavelet-LHL","firstorder","Mean","-0.5105444666272936"
"wavelet-LHL","firstorder","Median","-0.31210993106197227"
"wavelet-LHL","firstorder","Minimum","-78.2458625622182"
"wavelet-LHL","firstorder","Range","114.44656151774555"
"wavelet-LHL","firstorder","RobustMeanAbsoluteDeviation","4.075940763259444"
"wavelet-LHL","firstorder","RootMeanSquared","7.877294171689417"
"wavelet-LHL","firstorder","Skewness","-0.46427570593444034"
"wavelet-LHL","firstorder","TotalEnergy","7216811.32346915"
"wavelet-LHL","firstorder","Uniformity","0.49368792929541966"
"wavelet-LHL","firstorder","Variance","61.79110781492831"
"wavelet-LHL","glcm","Autocorrelation","20.085863862556398"
"wavelet-LHL","glcm","ClusterProminence","0.6794798427253727"
"wavelet-LHL","glcm","ClusterShade","-0.033507104156188156"
"wavelet-LHL","glcm","ClusterTendency","0.5129826164920192"
"wavelet-LHL","glcm","Contrast","0.5298031816084015"
"wavelet-LHL","glcm","Correlation","-0.01667120548557779"
"wavelet-LHL","glcm","DifferenceAverage","0.5224500871997969"
"wavelet-LHL","glcm","DifferenceEntropy","0.980869674815787"
"wavelet-LHL","glcm","DifferenceVariance","0.24022699563211278"
"wavelet-LHL","glcm","Id","0.7399512512851801"
"wavelet-LHL","glcm","Idm","0.7395086903276453"
"wavelet-LHL","glcm","Idmn","0.9857147033015873"
"wavelet-LHL","glcm","Idn","0.9254931815221688"
"wavelet-LHL","glcm","Imc1","-0.05210499382002075"
"wavelet-LHL","glcm","Imc2","0.2948887112692339"
"wavelet-LHL","glcm","InverseVariance","0.5164699107858767"
"wavelet-LHL","glcm","JointAverage","4.4821945538935575"
"wavelet-LHL","glcm","JointEnergy","0.2620111284394518"
"wavelet-LHL","glcm","JointEntropy","2.034597449623837"
"wavelet-LHL","glcm","MCC","0.27367215760579533"
"wavelet-LHL","glcm","MaximumProbability","0.31035933332620874"
"wavelet-LHL","glcm","SumAverage","8.964389107787115"
"wavelet-LHL","glcm","SumEntropy","1.4896687372475284"
"wavelet-LHL","glcm","SumSquares","0.2606964495251052"
"wavelet-LHL","gldm","DependenceEntropy","4.774743391974617"
"wavelet-LHL","gldm","DependenceNonUniformity","3515.44078816756"
"wavelet-LHL","gldm","DependenceNonUniformityNormalized","0.08724044044489676"
"wavelet-LHL","gldm","DependenceVariance","10.919573062848915"
"wavelet-LHL","gldm","GrayLevelNonUniformity","19893.648798888225"
"wavelet-LHL","gldm","GrayLevelVariance","0.26463358104069984"
"wavelet-LHL","gldm","HighGrayLevelEmphasis","20.31300873535835"
"wavelet-LHL","gldm","LargeDependenceEmphasis","157.5256601151479"
"wavelet-LHL","gldm","LargeDependenceHighGrayLevelEmphasis","3183.3907832042883"
"wavelet-LHL","gldm","LargeDependenceLowGrayLevelEmphasis","8.192303737067919"
"wavelet-LHL","gldm","LowGrayLevelEmphasis","0.05197012248251825"
"wavelet-LHL","gldm","SmallDependenceEmphasis","0.012290714262231035"
"wavelet-LHL","gldm","SmallDependenceHighGrayLevelEmphasis","0.2507020506940868"
"wavelet-LHL","gldm","SmallDependenceLowGrayLevelEmphasis","0.0007193839238381256"
"wavelet-LHL","glrlm","GrayLevelNonUniformity","11298.08533667577"
"wavelet-LHL","glrlm","GrayLevelNonUniformityNormalized","0.4892076596508975"
"wavelet-LHL","glrlm","GrayLevelVariance","0.2742980674325577"
"wavelet-LHL","glrlm","HighGrayLevelRunEmphasis","20.349062170813582"
"wavelet-LHL","glrlm","LongRunEmphasis","5.2802096571010955"
"wavelet-LHL","glrlm","LongRunHighGrayLevelEmphasis","107.06367452147582"
"wavelet-LHL","glrlm","LongRunLowGrayLevelEmphasis","0.2741677016437955"
"wavelet-LHL","glrlm","LowGrayLevelRunEmphasis","0.0520418394493451"
"wavelet-LHL","glrlm","RunEntropy","2.816055149171283"
"wavelet-LHL","glrlm","RunLengthNonUniformity","9796.037154793989"
"wavelet-LHL","glrlm","RunLengthNonUniformityNormalized","0.40377275131156193"
"wavelet-LHL","glrlm","RunPercentage","0.5727653823246437"
"wavelet-LHL","glrlm","RunVariance","1.607127564592059"
"wavelet-LHL","glrlm","ShortRunEmphasis","0.6311762697157306"
"wavelet-LHL","glrlm","ShortRunHighGrayLevelEmphasis","12.859092667115464"
"wavelet-LHL","glrlm","ShortRunLowGrayLevelEmphasis","0.03293021024284053"
"wavelet-LHL","glszm","GrayLevelNonUniformity","44.05882352941177"
"wavelet-LHL","glszm","GrayLevelNonUniformityNormalized","0.32396193771626297"
"wavelet-LHL","glszm","GrayLevelVariance","1.90030276816609"
"wavelet-LHL","glszm","HighGrayLevelZoneEmphasis","19.220588235294116"
"wavelet-LHL","glszm","LargeAreaEmphasis","5872812.0"
"wavelet-LHL","glszm","LargeAreaHighGrayLevelEmphasis","118665814.38970588"
"wavelet-LHL","glszm","LargeAreaLowGrayLevelEmphasis","305300.50858455885"
"wavelet-LHL","glszm","LowGrayLevelZoneEmphasis","0.0853125"
"wavelet-LHL","glszm","SizeZoneNonUniformity","50.411764705882355"
"wavelet-LHL","glszm","SizeZoneNonUniformityNormalized","0.37067474048442905"
"wavelet-LHL","glszm","SmallAreaEmphasis","0.6296021645054609"
"wavelet-LHL","glszm","SmallAreaHighGrayLevelEmphasis","13.165233381545544"
"wavelet-LHL","glszm","SmallAreaLowGrayLevelEmphasis","0.05195803305983481"
"wavelet-LHL","glszm","ZoneEntropy","3.6715580586672187"
"wavelet-LHL","glszm","ZonePercentage","0.003375024816358944"
"wavelet-LHL","glszm","ZoneVariance","5785021.79584775"
"wavelet-LHL","ngtdm","Busyness","280.95512259359697"
"wavelet-LHL","ngtdm","Coarseness","9.790359141147795e-05"
"wavelet-LHL","ngtdm","Complexity","9.77712856925886"
"wavelet-LHL","ngtdm","Contrast","0.009148666050326194"
"wavelet-LHL","ngtdm","Strength","0.0023756851874285117"
"wavelet-LHH","firstorder","10Percentile","-8.030158317671479"
"wavelet-LHH","firstorder","90Percentile","8.167793947267262"
"wavelet-LHH","firstorder","Energy","1948355.9866093446"
"wavelet-LHH","firstorder","Entropy","1.0517550194392742"
"wavelet-LHH","firstorder","InterquartileRange","8.220150461378367"
"wavelet-LHH","firstorder","Kurtosis","6.34444159854247"
"wavelet-LHH","firstorder","Maximum","62.18490184683366"
"wavelet-LHH","firstorder","MeanAbsoluteDeviation","5.207964835263167"
"wavelet-LHH","firstorder","Mean","0.08841789481087253"
"wavelet-LHH","firstorder","Median","0.01594817143448459"
"wavelet-LHH","firstorder","Minimum","-49.01910681340118"
"wavelet-LHH","firstorder","Range","111.20400866023485"
"wavelet-LHH","firstorder","RobustMeanAbsoluteDeviation","3.4384217978714324"
"wavelet-LHH","firstorder","RootMeanSquared","6.953495632703726"
"wavelet-LHH","firstorder","Skewness","0.21270354408137715"
"wavelet-LHH","firstorder","TotalEnergy","5623382.115358589"
"wavelet-LHH","firstorder","Uniformity","0.4943002472097584"
"wavelet-LHH","firstorder","Variance","48.34328378990701"
"wavelet-LHH","glcm","Autocorrelation","6.255834103030356"
"wavelet-LHH","glcm","ClusterProminence","0.5826559788365733"
"wavelet-LHH","glcm","ClusterShade","0.01003449679037169"
"wavelet-LHH","glcm","ClusterTendency","0.5066905364835429"
"wavelet-LHH","glcm","Contrast","0.5267326856945663"
"wavelet-LHH","glcm","Correlation","-0.019410684983928075"
"wavelet-LHH","glcm","DifferenceAverage","0.51750751307275"
"wavelet-LHH","glcm","DifferenceEntropy","1.0004770280114683"
"wavelet-LHH","glcm","DifferenceVariance","0.24721281569418854"
"wavelet-LHH","glcm","Id","0.742689887988884"
"wavelet-LHH","glcm","Idm","0.7421659683868362"
"wavelet-LHH","glcm","Idmn","0.9798275482031731"
"wavelet-LHH","glcm","Idn","0.9139615631895092"
"wavelet-LHH","glcm","Imc1","-0.03587366483605441"
"wavelet-LHH","glcm","Imc2","0.23459253448314984"
"wavelet-LHH","glcm","InverseVariance","0.5103025298521138"
"wavelet-LHH","glcm","JointAverage","2.502167735394352"
"wavelet-LHH","glcm","JointEnergy","0.2577412849729726"
"wavelet-LHH","glcm","JointEntropy","2.0374190230073452"
"wavelet-LHH","glcm","MCC","0.20661463662829124"
"wavelet-LHH","glcm","MaximumProbability","0.2958412349872073"
"wavelet-LHH","glcm","SumAverage","5.004335470788704"
"wavelet-LHH","glcm","SumEntropy","1.4920134921742634"
"wavelet-LHH","glcm","SumSquares","0.25835580554452736"
"wavelet-LHH","gldm","DependenceEntropy","4.541753593921129"
"wavelet-LHH","gldm","DependenceNonUniformity","4241.3017669247565"
"wavelet-LHH","gldm","DependenceNonUniformityNormalized","0.10525366703704479"
"wavelet-LHH","gldm","DependenceVariance","8.925237863593408"
"wavelet-LHH","gldm","GrayLevelNonUniformity","19918.322761564425"
"wavelet-LHH","gldm","GrayLevelVariance","0.26215434019346767"
"wavelet-LHH","gldm","HighGrayLevelEmphasis","6.524071868175501"
"wavelet-LHH","gldm","LargeDependenceEmphasis","158.7118324399444"
"wavelet-LHH","gldm","LargeDependenceHighGrayLevelEmphasis","1031.7613658923963"
"wavelet-LHH","gldm","LargeDependenceLowGrayLevelEmphasis","28.663078896719824"
"wavelet-LHH","gldm","LowGrayLevelEmphasis","0.1819515308936095"
"wavelet-LHH","gldm","SmallDependenceEmphasis","0.011546093123719263"
"wavelet-LHH","gldm","SmallDependenceHighGrayLevelEmphasis","0.08043363375386091"
"wavelet-LHH","gldm","SmallDependenceLowGrayLevelEmphasis","0.0027297037810906527"
"wavelet-LHH","glrlm","GrayLevelNonUniformity","11220.867935253511"
"wavelet-LHH","glrlm","GrayLevelNonUniformityNormalized","0.49032599504553603"
"wavelet-LHH","glrlm","GrayLevelVariance","0.2707340938761462"
"wavelet-LHH","glrlm","HighGrayLevelRunEmphasis","6.535757596004288"
"wavelet-LHH","glrlm","LongRunEmphasis","5.129302966776184"
"wavelet-LHH","glrlm","LongRunHighGrayLevelEmphasis","33.43026023171447"
"wavelet-LHH","glrlm","LongRunLowGrayLevelEmphasis","0.9281004943138915"
"wavelet-LHH","glrlm","LowGrayLevelRunEmphasis","0.18310372513767717"
"wavelet-LHH","glrlm","RunEntropy","2.8195138495836676"
"wavelet-LHH","glrlm","RunLengthNonUniformity","9426.472210343029"
"wavelet-LHH","glrlm","RunLengthNonUniformityNormalized","0.3974861905548649"
"wavelet-LHH","glrlm","RunPercentage","0.5677410241138651"
"wavelet-LHH","glrlm","RunVariance","1.5564481963409489"
"wavelet-LHH","glrlm","ShortRunEmphasis","0.630554452760462"
"wavelet-LHH","glrlm","ShortRunHighGrayLevelEmphasis","4.128754873436217"
"wavelet-LHH","glrlm","ShortRunLowGrayLevelEmphasis","0.11639973217586727"
"wavelet-LHH","glszm","GrayLevelNonUniformity","42.954887218045116"
"wavelet-LHH","glszm","GrayLevelNonUniformityNormalized","0.3229690768274069"
"wavelet-LHH","glszm","GrayLevelVariance","1.9742212674543502"
"wavelet-LHH","glszm","HighGrayLevelZoneEmphasis","8.586466165413533"
"wavelet-LHH","glszm","LargeAreaEmphasis","6018368.631578947"
"wavelet-LHH","glszm","LargeAreaHighGrayLevelEmphasis","39163811.39849624"
"wavelet-LHH","glszm","LargeAreaLowGrayLevelEmphasis","1085418.13911863"
"wavelet-LHH","glszm","LowGrayLevelZoneEmphasis","0.4425668337510442"
"wavelet-LHH","glszm","SizeZoneNonUniformity","43.225563909774436"
"wavelet-LHH","glszm","SizeZoneNonUniformityNormalized","0.32500423992311606"
"wavelet-LHH","glszm","SmallAreaEmphasis","0.5626594247764666"
"wavelet-LHH","glszm","SmallAreaHighGrayLevelEmphasis","4.7389813190200485"
"wavelet-LHH","glszm","SmallAreaLowGrayLevelEmphasis","0.24895930025708327"
"wavelet-LHH","glszm","ZoneEntropy","3.769249591555163"
"wavelet-LHH","glszm","ZonePercentage","0.0033005757395274966"
"wavelet-LHH","glszm","ZoneVariance","5926573.300243088"
"wavelet-LHH","ngtdm","Busyness","639.7345115436864"
"wavelet-LHH","ngtdm","Coarseness","9.831404568691923e-05"
"wavelet-LHH","ngtdm","Complexity","6.137987814548064"
"wavelet-LHH","ngtdm","Contrast","0.013532958910501172"
"wavelet-LHH","ngtdm","Strength","0.0012065285357447386"
"wavelet-HLL","firstorder","10Percentile","-8.716507331714514"
"wavelet-HLL","firstorder","90Percentile","7.639911307852136"
"wavelet-HLL","firstorder","Energy","2117859.6102886675"
"wavelet-HLL","firstorder","Entropy","1.0690185147041278"
"wavelet-HLL","firstorder","InterquartileRange","8.329345289418068"
"wavelet-HLL","firstorder","Kurtosis","7.796574705791569"
"wavelet-HLL","firstorder","Maximum","43.933670108473315"
"wavelet-HLL","firstorder","MeanAbsoluteDeviation","5.317002207657664"
"wavelet-HLL","firstorder","Mean","-0.5673484323101396"
"wavelet-HLL","firstorder","Median","-0.3146870665576259"
"wavelet-HLL","firstorder","Minimum","-67.35396473487397"
"wavelet-HLL","firstorder","Range","111.28763484334729"
"wavelet-HLL","firstorder","RobustMeanAbsoluteDeviation","3.4670048898803745"
"wavelet-HLL","firstorder","RootMeanSquared","7.249659597631694"
"wavelet-HLL","firstorder","Skewness","-0.7342185067848324"
"wavelet-HLL","firstorder","TotalEnergy","6112606.698770355"
"wavelet-HLL","firstorder","Uniformity","0.4922893905035239"
"wavelet-HLL","firstorder","Variance","52.235680037888564"
"wavelet-HLL","glcm","Autocorrelation","12.114810564809293"
"wavelet-HLL","glcm","ClusterProminence","0.7332479510450358"
"wavelet-HLL","glcm","ClusterShade","-0.0410718515375646"
"wavelet-HLL","glcm","ClusterTendency","0.5275307676574192"
"wavelet-HLL","glcm","Contrast","0.5217853076663507"
"wavelet-HLL","glcm","Correlation","0.004829077645848274"
"wavelet-HLL","glcm","DifferenceAverage","0.5144577197570086"
"wavelet-HLL","glcm","DifferenceEntropy","0.9910626991357321"
"wavelet-HLL","glcm","DifferenceVariance","0.24364155731423726"
"wavelet-HLL","glcm","Id","0.7439571587274892"
"wavelet-HLL","glcm","Idm","0.74350389891243"
"wavelet-HLL","glcm","Idmn","0.9799943955729423"
"wavelet-HLL","glcm","Idn","0.9144289955112761"
"wavelet-HLL","glcm","Imc1","-0.04384378942769286"
"wavelet-HLL","glcm","Imc2","0.2630820842277043"
"wavelet-HLL","glcm","InverseVariance","0.5083789596555447"
"wavelet-HLL","glcm","JointAverage","3.4804266437747304"
"wavelet-HLL","glcm","JointEnergy","0.25818718569382537"
"wavelet-HLL","glcm","JointEntropy","2.0543848210020115"
"wavelet-HLL","glcm","MCC","0.2508676113240986"
"wavelet-HLL","glcm","MaximumProbability","0.3016135939270241"
"wavelet-HLL","glcm","SumAverage","6.960853287549463"
"wavelet-HLL","glcm","SumEntropy","1.5166476139532332"
"wavelet-HLL","glcm","SumSquares","0.2623290188309425"
"wavelet-HLL","gldm","DependenceEntropy","4.799506518626242"
"wavelet-HLL","gldm","DependenceNonUniformity","3491.7426047250347"
"wavelet-HLL","gldm","DependenceNonUniformityNormalized","0.08665233781827067"
"wavelet-HLL","gldm","DependenceVariance","11.26589807540539"
"wavelet-HLL","gldm","GrayLevelNonUniformity","19837.293279729998"
"wavelet-HLL","gldm","GrayLevelVariance","0.2678481789601105"
"wavelet-HLL","gldm","HighGrayLevelEmphasis","12.338023625173715"
"wavelet-HLL","gldm","LargeDependenceEmphasis","162.56884057971016"
"wavelet-HLL","gldm","LargeDependenceHighGrayLevelEmphasis","1993.7278389914632"
"wavelet-HLL","gldm","LargeDependenceLowGrayLevelEmphasis","14.39449520079192"
"wavelet-HLL","gldm","LowGrayLevelEmphasis","0.08900924133633335"
"wavelet-HLL","gldm","SmallDependenceEmphasis","0.012323568819673999"
"wavelet-HLL","gldm","SmallDependenceHighGrayLevelEmphasis","0.152449583674755"
"wavelet-HLL","gldm","SmallDependenceLowGrayLevelEmphasis","0.001387524477631163"
"wavelet-HLL","glrlm","GrayLevelNonUniformity","11095.934204210744"
"wavelet-HLL","glrlm","GrayLevelNonUniformityNormalized","0.4867896281131767"
"wavelet-HLL","glrlm","GrayLevelVariance","0.2797420743199361"
"wavelet-HLL","glrlm","HighGrayLevelRunEmphasis","12.363701430665571"
"wavelet-HLL","glrlm","LongRunEmphasis","5.2186955884388135"
"wavelet-HLL","glrlm","LongRunHighGrayLevelEmphasis","64.21015065464552"
"wavelet-HLL","glrlm","LongRunLowGrayLevelEmphasis","0.46269353550052955"
"wavelet-HLL","glrlm","LowGrayLevelRunEmphasis","0.08952997012063849"
"wavelet-HLL","glrlm","RunEntropy","2.8542213613429266"
"wavelet-HLL","glrlm","RunLengthNonUniformity","9431.640801750897"
"wavelet-HLL","glrlm","RunLengthNonUniformityNormalized","0.39645118116842826"
"wavelet-HLL","glrlm","RunPercentage","0.5653643805073229"
"wavelet-HLL","glrlm","RunVariance","1.58230387341917"
"wavelet-HLL","glrlm","ShortRunEmphasis","0.6258146294072108"
"wavelet-HLL","glrlm","ShortRunHighGrayLevelEmphasis","7.751251814426424"
"wavelet-HLL","glrlm","ShortRunLowGrayLevelEmphasis","0.05645781822761559"
"wavelet-HLL","glszm","GrayLevelNonUniformity","47.63354037267081"
"wavelet-HLL","glszm","GrayLevelNonUniformityNormalized","0.29586049920913543"
"wavelet-HLL","glszm","GrayLevelVariance","1.7957640523127965"
"wavelet-HLL","glszm","HighGrayLevelZoneEmphasis","11.751552795031056"
"wavelet-HLL","glszm","LargeAreaEmphasis","4936602.857142857"
"wavelet-HLL","glszm","LargeAreaHighGrayLevelEmphasis","60448801.161490686"
"wavelet-HLL","glszm","LargeAreaLowGrayLevelEmphasis","437268.81671670114"
"wavelet-HLL","glszm","LowGrayLevelZoneEmphasis","0.18863871635610766"
"wavelet-HLL","glszm","SizeZoneNonUniformity","58.36645962732919"
"wavelet-HLL","glszm","SizeZoneNonUniformityNormalized","0.3625245939585664"
"wavelet-HLL","glszm","SmallAreaEmphasis","0.6207927903232822"
"wavelet-HLL","glszm","SmallAreaHighGrayLevelEmphasis","7.693313092276594"
"wavelet-HLL","glszm","SmallAreaLowGrayLevelEmphasis","0.11086853658016431"
"wavelet-HLL","glszm","ZoneEntropy","3.9289705720965764"
"wavelet-HLL","glszm","ZonePercentage","0.003995433789954338"
"wavelet-HLL","glszm","ZoneVariance","4873959.918367347"
"wavelet-HLL","ngtdm","Busyness","465.51356094798695"
"wavelet-HLL","ngtdm","Coarseness","0.00010026137423471255"
"wavelet-HLL","ngtdm","Complexity","6.029213549611051"
"wavelet-HLL","ngtdm","Contrast","0.013626821110791665"
"wavelet-HLL","ngtdm","Strength","0.0012159262606249385"
"wavelet-HLH","firstorder","10Percentile","-7.062770449138839"
"wavelet-HLH","firstorder","90Percentile","7.232937132462549"
"wavelet-HLH","firstorder","Energy","1878609.854538917"
"wavelet-HLH","firstorder","Entropy","1.0815878122329525"
"wavelet-HLH","firstorder","InterquartileRange","7.086526873512533"
"wavelet-HLH","firstorder","Kurtosis","9.836214761609739"
"wavelet-HLH","firstorder","Maximum","57.43100083808368"
"wavelet-HLH","firstorder","MeanAbsoluteDeviation","4.782327911733507"
"wavelet-HLH","firstorder","Mean","0.10957975366310749"
"wavelet-HLH","firstorder","Median","0.044658729099283895"
"wavelet-HLH","firstorder","Minimum","-66.05310640711629"
"wavelet-HLH","firstorder","Range","123.48410724519997"
"wavelet-HLH","firstorder","RobustMeanAbsoluteDeviation","2.9816104829285823"
"wavelet-HLH","firstorder","RootMeanSquared","6.82790278677335"
"wavelet-HLH","firstorder","Skewness","0.20244966290158903"
"wavelet-HLH","firstorder","TotalEnergy","5422079.502080598"
"wavelet-HLH","firstorder","Uniformity","0.49028448538784014"
"wavelet-HLH","firstorder","Variance","46.608248743214425"
"wavelet-HLH","glcm","Autocorrelation","12.264245947593386"
"wavelet-HLH","glcm","ClusterProminence","0.6545835578846627"
"wavelet-HLH","glcm","ClusterShade","0.0072196796452017814"
"wavelet-HLH","glcm","ClusterTendency","0.5204630886684669"
"wavelet-HLH","glcm","Contrast","0.5351483388028372"
"wavelet-HLH","glcm","Correlation","-0.014075498016033444"
"wavelet-HLH","glcm","DifferenceAverage","0.5196774458048941"
"wavelet-HLH","glcm","DifferenceEntropy","1.0228048626496489"
"wavelet-HLH","glcm","DifferenceVariance","0.2546665447520304"
"wavelet-HLH","glcm","Id","0.7425627413652356"
"wavelet-HLH","glcm","Idm","0.7416990169312094"
"wavelet-HLH","glcm","Idmn","0.9856137292090522"
"wavelet-HLH","glcm","Idn","0.9260278695136137"
"wavelet-HLH","glcm","Imc1","-0.033594747742607074"
"wavelet-HLH","glcm","Imc2","0.22846357314317978"
"wavelet-HLH","glcm","InverseVariance","0.5077467912001219"
"wavelet-HLH","glcm","JointAverage","3.5025584150775493"
"wavelet-HLH","glcm","JointEnergy","0.2538708300663004"
"wavelet-HLH","glcm","JointEntropy","2.0802156223183483"
"wavelet-HLH","glcm","MCC","0.21993143329363354"
"wavelet-HLH","glcm","MaximumProbability","0.2901901870283543"
"wavelet-HLH","glcm","SumAverage","7.005116830155099"
"wavelet-HLH","glcm","SumEntropy","1.5178536029635068"
"wavelet-HLH","glcm","SumSquares","0.263902856867826"
"wavelet-HLH","gldm","DependenceEntropy","4.5754216432144394"
"wavelet-HLH","gldm","DependenceNonUniformity","4236.2417113361125"
"wavelet-HLH","gldm","DependenceNonUniformityNormalized","0.10512809488128133"
"wavelet-HLH","gldm","DependenceVariance","9.30010096962052"
"wavelet-HLH","gldm","GrayLevelNonUniformity","19756.503623188404"
"wavelet-HLH","gldm","GrayLevelVariance","0.27092415667439934"
"wavelet-HLH","gldm","HighGrayLevelEmphasis","12.552908477268215"
"wavelet-HLH","gldm","LargeDependenceEmphasis","159.62537224538417"
"wavelet-HLH","gldm","LargeDependenceHighGrayLevelEmphasis","1995.89309112567"
"wavelet-HLH","gldm","LargeDependenceLowGrayLevelEmphasis","13.85804467771822"
"wavelet-HLH","gldm","LowGrayLevelEmphasis","0.08723279674850551"
"wavelet-HLH","gldm","SmallDependenceEmphasis","0.012608367221985764"
"wavelet-HLH","gldm","SmallDependenceHighGrayLevelEmphasis","0.16617955307772742"
"wavelet-HLH","gldm","SmallDependenceLowGrayLevelEmphasis","0.0013281382885991593"
"wavelet-HLH","glrlm","GrayLevelNonUniformity","11056.551953796514"
"wavelet-HLH","glrlm","GrayLevelNonUniformityNormalized","0.4837968656873032"
"wavelet-HLH","glrlm","GrayLevelVariance","0.285250626736796"
"wavelet-HLH","glrlm","HighGrayLevelRunEmphasis","12.578483562554291"
"wavelet-HLH","glrlm","LongRunEmphasis","5.0211715242074835"
"wavelet-HLH","glrlm","LongRunHighGrayLevelEmphasis","62.92861526376601"
"wavelet-HLH","glrlm","LongRunLowGrayLevelEmphasis","0.43647649851262305"
"wavelet-HLH","glrlm","LowGrayLevelRunEmphasis","0.0876075656369037"
"wavelet-HLH","glrlm","RunEntropy","2.859799598859598"
"wavelet-HLH","glrlm","RunLengthNonUniformity","9398.23259576928"
"wavelet-HLH","glrlm","RunLengthNonUniformityNormalized","0.398205551828782"
"wavelet-HLH","glrlm","RunPercentage","0.5668953589590873"
"wavelet-HLH","glrlm","RunVariance","1.5223459994921582"
"wavelet-HLH","glrlm","ShortRunEmphasis","0.6322285368518645"
"wavelet-HLH","glrlm","ShortRunHighGrayLevelEmphasis","7.9712629148256635"
"wavelet-HLH","glrlm","ShortRunLowGrayLevelEmphasis","0.055690998130699026"
"wavelet-HLH","glszm","GrayLevelNonUniformity","59.90710382513661"
"wavelet-HLH","glszm","GrayLevelNonUniformityNormalized","0.3273612230881782"
"wavelet-HLH","glszm","GrayLevelVariance","2.1625608408731227"
"wavelet-HLH","glszm","HighGrayLevelZoneEmphasis","14.39344262295082"
"wavelet-HLH","glszm","LargeAreaEmphasis","4332925.202185792"
"wavelet-HLH","glszm","LargeAreaHighGrayLevelEmphasis","54333846.7431694"
"wavelet-HLH","glszm","LargeAreaLowGrayLevelEmphasis","374926.6175318761"
"wavelet-HLH","glszm","LowGrayLevelZoneEmphasis","0.1529280510018215"
"wavelet-HLH","glszm","SizeZoneNonUniformity","59.666666666666664"
"wavelet-HLH","glszm","SizeZoneNonUniformityNormalized","0.32604735883424407"
"wavelet-HLH","glszm","SmallAreaEmphasis","0.5864936058276934"
"wavelet-HLH","glszm","SmallAreaHighGrayLevelEmphasis","8.677223417649849"
"wavelet-HLH","glszm","SmallAreaLowGrayLevelEmphasis","0.08965487786225378"
"wavelet-HLH","glszm","ZoneEntropy","3.98116610984902"
"wavelet-HLH","glszm","ZonePercentage","0.004541393686718285"
"wavelet-HLH","glszm","ZoneVariance","4284438.606109468"
"wavelet-HLH","ngtdm","Busyness","347.9026398072032"
"wavelet-HLH","ngtdm","Coarseness","9.977526051987066e-05"
"wavelet-HLH","ngtdm","Complexity","8.68475708357157"
"wavelet-HLH","ngtdm","Contrast","0.00933009533283163"
"wavelet-HLH","ngtdm","Strength","0.0018376174516453359"
"wavelet-HHL","firstorder","10Percentile","-5.846114962190013"
"wavelet-HHL","firstorder","90Percentile","5.8701527759019605"
"wavelet-HHL","firstorder","Energy","877812.8043755085"
"wavelet-HHL","firstorder","Entropy","1.0003785401035166"
"wavelet-HHL","firstorder","InterquartileRange","6.136138569564439"
"wavelet-HHL","firstorder","Kurtosis","3.4470398636125497"
"wavelet-HHL","firstorder","Maximum","23.698911614495056"
"wavelet-HHL","firstorder","MeanAbsoluteDeviation","3.6722343814989613"
"wavelet-HHL","firstorder","Mean","0.014290103838974643"
"wavelet-HHL","firstorder","Median","0.025029044740807124"
"wavelet-HHL","firstorder","Minimum","-26.34098221295328"
"wavelet-HHL","firstorder","Range","50.03989382744834"
"wavelet-HHL","firstorder","RobustMeanAbsoluteDeviation","2.533022489602889"
"wavelet-HHL","firstorder","RootMeanSquared","4.667345888067452"
"wavelet-HHL","firstorder","Skewness","-0.014740454656152849"
"wavelet-HHL","firstorder","TotalEnergy","2533560.01607716"
"wavelet-HHL","firstorder","Uniformity","0.4999835678457083"
"wavelet-HHL","firstorder","Variance","21.783913431792413"
"wavelet-HHL","glcm","Autocorrelation","6.2531260449123165"
"wavelet-HHL","glcm","ClusterProminence","0.48766769894391143"
"wavelet-HHL","glcm","ClusterShade","-0.0018670688421781963"
"wavelet-HHL","glcm","ClusterTendency","0.4874591138689028"
"wavelet-HHL","glcm","Contrast","0.5126729968552689"
"wavelet-HHL","glcm","Correlation","-0.025209904363139676"
"wavelet-HHL","glcm","DifferenceAverage","0.5126343334766835"
"wavelet-HHL","glcm","DifferenceEntropy","0.982767981649232"
"wavelet-HHL","glcm","DifferenceVariance","0.2440809121859222"
"wavelet-HHL","glcm","Id","0.743689277158089"
"wavelet-HHL","glcm","Idm","0.7436866995995166"
"wavelet-HHL","glcm","Idmn","0.9487344847781001"
"wavelet-HHL","glcm","Idn","0.8718433497997583"
"wavelet-HHL","glcm","Imc1","-0.01755887512158675"
"wavelet-HHL","glcm","Imc2","0.1390881016998926"
"wavelet-HHL","glcm","InverseVariance","0.5126005030204214"
"wavelet-HHL","glcm","JointAverage","2.5018851812099245"
"wavelet-HHL","glcm","JointEnergy","0.25594456067880483"
"wavelet-HHL","glcm","JointEntropy","1.9830049934552774"
"wavelet-HHL","glcm","MCC","0.11767053020396365"
"wavelet-HHL","glcm","MaximumProbability","0.279981017388336"
"wavelet-HHL","glcm","SumAverage","5.003770362419849"
"wavelet-HHL","glcm","SumEntropy","1.470115767818347"
"wavelet-HHL","glcm","SumSquares","0.2500330276810429"
"wavelet-HHL","gldm","DependenceEntropy","4.484217145028294"
"wavelet-HHL","gldm","DependenceNonUniformity","4282.167411157435"
"wavelet-HHL","gldm","DependenceNonUniformityNormalized","0.1062678035327932"
"wavelet-HHL","gldm","DependenceVariance","8.175557889682658"
"wavelet-HHL","gldm","GrayLevelNonUniformity","20147.337849910662"
"wavelet-HHL","gldm","GrayLevelVariance","0.2500455921150727"
"wavelet-HHL","gldm","HighGrayLevelEmphasis","6.510100258090133"
"wavelet-HHL","gldm","LargeDependenceEmphasis","158.18091125670043"
"wavelet-HHL","gldm","LargeDependenceHighGrayLevelEmphasis","1032.4384306134605"
"wavelet-HHL","gldm","LargeDependenceLowGrayLevelEmphasis","28.4420558698961"
"wavelet-HHL","gldm","LowGrayLevelEmphasis","0.18029153707012552"
"wavelet-HHL","gldm","SmallDependenceEmphasis","0.009433420020682731"
"wavelet-HHL","gldm","SmallDependenceHighGrayLevelEmphasis","0.06086336396993395"
"wavelet-HHL","gldm","SmallDependenceLowGrayLevelEmphasis","0.0017324080253775884"
"wavelet-HHL","glrlm","GrayLevelNonUniformity","11430.94850624721"
"wavelet-HHL","glrlm","GrayLevelNonUniformityNormalized","0.49995662307351885"
"wavelet-HHL","glrlm","GrayLevelVariance","0.25008846389646716"
"wavelet-HHL","glrlm","HighGrayLevelRunEmphasis","6.50273725208318"
"wavelet-HHL","glrlm","LongRunEmphasis","4.6880222028042535"
"wavelet-HHL","glrlm","LongRunHighGrayLevelEmphasis","30.538896566726862"
"wavelet-HHL","glrlm","LongRunLowGrayLevelEmphasis","0.8446238685993716"
"wavelet-HHL","glrlm","LowGrayLevelRunEmphasis","0.18050916521571564"
"wavelet-HHL","glrlm","RunEntropy","2.722873391810712"
"wavelet-HHL","glrlm","RunLengthNonUniformity","9227.75931463153"
"wavelet-HHL","glrlm","RunLengthNonUniformityNormalized","0.39745714795770876"
"wavelet-HHL","glrlm","RunPercentage","0.5673974129900277"
"wavelet-HHL","glrlm","RunVariance","1.4098985454723505"
"wavelet-HHL","glrlm","ShortRunEmphasis","0.631307856962294"
"wavelet-HHL","glrlm","ShortRunHighGrayLevelEmphasis","4.099155656868261"
"wavelet-HHL","glrlm","ShortRunLowGrayLevelEmphasis","0.11413649120806969"
"wavelet-HHL","glszm","GrayLevelNonUniformity","7.375"
"wavelet-HHL","glszm","GrayLevelNonUniformityNormalized","0.4609375"
"wavelet-HHL","glszm","GrayLevelVariance","0.33984375"
"wavelet-HHL","glszm","HighGrayLevelZoneEmphasis","5.6875"
"wavelet-HHL","glszm","LargeAreaEmphasis","50652842.125"
"wavelet-HHL","glszm","LargeAreaHighGrayLevelEmphasis","330187128.3125"
"wavelet-HHL","glszm","LargeAreaLowGrayLevelEmphasis","9119439.467013888"
"wavelet-HHL","glszm","LowGrayLevelZoneEmphasis","0.24479166666666666"
"wavelet-HHL","glszm","SizeZoneNonUniformity","7.875"
"wavelet-HHL","glszm","SizeZoneNonUniformityNormalized","0.4921875"
"wavelet-HHL","glszm","SmallAreaEmphasis","0.710225694752934"
"wavelet-HHL","glszm","SmallAreaHighGrayLevelEmphasis","3.6698090297772135"
"wavelet-HHL","glszm","SmallAreaLowGrayLevelEmphasis","0.19619791672252582"
"wavelet-HHL","glszm","ZoneEntropy","2.474601752714579"
"wavelet-HHL","glszm","ZonePercentage","0.0003970617431010522"
"wavelet-HHL","glszm","ZoneVariance","44309999.875"
"wavelet-HHL","ngtdm","Busyness","1718.7900277967863"
"wavelet-HHL","ngtdm","Coarseness","9.657598354014763e-05"
"wavelet-HHL","ngtdm","Complexity","2.055683702437366"
"wavelet-HHL","ngtdm","Contrast","0.04283903394856924"
"wavelet-HHL","ngtdm","Strength","0.00033857934122937525"
"wavelet-HHH","firstorder","10Percentile","-4.850266270714881"
"wavelet-HHH","firstorder","90Percentile","4.8616309206539"
"wavelet-HHH","firstorder","Energy","620798.6458641927"
"wavelet-HHH","firstorder","Entropy","0.9999970129074947"
"wavelet-HHH","firstorder","InterquartileRange","5.065181694083764"
"wavelet-HHH","firstorder","Kurtosis","3.7834079663641504"
"wavelet-HHH","firstorder","Maximum","21.81363327744511"
"wavelet-HHH","firstorder","MeanAbsoluteDeviation","3.063405937149576"
"wavelet-HHH","firstorder","Mean","0.0009038310900828549"
"wavelet-HHH","firstorder","Median","0.011644144415826549"
"wavelet-HHH","firstorder","Minimum","-23.540772088251682"
"wavelet-HHH","firstorder","Range","45.35440536569679"
"wavelet-HHH","firstorder","RobustMeanAbsoluteDeviation","2.09576769346483"
"wavelet-HHH","firstorder","RootMeanSquared","3.925042933217492"
"wavelet-HHH","firstorder","Skewness","0.038944500149989715"
"wavelet-HHH","firstorder","TotalEnergy","1791760.8621752823"
"wavelet-HHH","firstorder","Uniformity","0.5000020704933187"
"wavelet-HHH","firstorder","Variance","15.405961210689933"
"wavelet-HHH","glcm","Autocorrelation","2.2480587351749404"
"wavelet-HHH","glcm","ClusterProminence","0.48792003406127965"
"wavelet-HHH","glcm","ClusterShade","-0.0013149416285005455"
"wavelet-HHH","glcm","ClusterTendency","0.48792010668558794"
"wavelet-HHH","glcm","Contrast","0.5120715868434529"
"wavelet-HHH","glcm","Correlation","-0.024151504364598973"
"wavelet-HHH","glcm","DifferenceAverage","0.5120715868434529"
"wavelet-HHH","glcm","DifferenceEntropy","0.9879191527525764"
"wavelet-HHH","glcm","DifferenceVariance","0.2458551299137578"
"wavelet-HHH","glcm","Id","0.7439642065782734"
"wavelet-HHH","glcm","Idm","0.7439642065782734"
"wavelet-HHH","glcm","Idmn","0.8975856826313093"
"wavelet-HHH","glcm","Idn","0.8293094710521823"
"wavelet-HHH","glcm","Imc1","-0.012081192349876016"
"wavelet-HHH","glcm","Imc2","0.12546521152012793"
"wavelet-HHH","glcm","InverseVariance","0.5120715868434529"
"wavelet-HHH","glcm","JointAverage","1.5013648428655557"
"wavelet-HHH","glcm","JointEnergy","0.25414902332172173"
"wavelet-HHH","glcm","JointEntropy","1.9879068922305998"
"wavelet-HHH","glcm","MCC","0.10545404143122045"
"wavelet-HHH","glcm","MaximumProbability","0.2772160673593333"
"wavelet-HHH","glcm","SumAverage","3.0027296857311114"
"wavelet-HHH","glcm","SumEntropy","1.4758353053871471"
"wavelet-HHH","glcm","SumSquares","0.2499979233822602"
"wavelet-HHH","gldm","DependenceEntropy","4.387475416917713"
"wavelet-HHH","gldm","DependenceNonUniformity","4674.468830653166"
"wavelet-HHH","gldm","DependenceNonUniformityNormalized","0.11600329637316772"
"wavelet-HHH","gldm","DependenceVariance","7.527707206103068"
"wavelet-HHH","gldm","GrayLevelNonUniformity","20148.08343259877"
"wavelet-HHH","gldm","GrayLevelVariance","0.24999896475334069"
"wavelet-HHH","gldm","HighGrayLevelEmphasis","2.5030524121500894"
"wavelet-HHH","gldm","LargeDependenceEmphasis","157.8347230494342"
"wavelet-HHH","gldm","LargeDependenceHighGrayLevelEmphasis","396.52851399642645"
"wavelet-HHH","gldm","LargeDependenceLowGrayLevelEmphasis","98.16127531268613"
"wavelet-HHH","gldm","LowGrayLevelEmphasis","0.6242368969624776"
"wavelet-HHH","gldm","SmallDependenceEmphasis","0.009314281654295268"
"wavelet-HHH","gldm","SmallDependenceHighGrayLevelEmphasis","0.023473041003232272"
"wavelet-HHH","gldm","SmallDependenceLowGrayLevelEmphasis","0.005774591817061019"
"wavelet-HHH","glrlm","GrayLevelNonUniformity","11422.410442959723"
"wavelet-HHH","glrlm","GrayLevelNonUniformityNormalized","0.500001154454754"
"wavelet-HHH","glrlm","GrayLevelVariance","0.249999422772623"
"wavelet-HHH","glrlm","HighGrayLevelRunEmphasis","2.49900529499396"
"wavelet-HHH","glrlm","LongRunEmphasis","4.583341413430843"
"wavelet-HHH","glrlm","LongRunHighGrayLevelEmphasis","11.489988329490272"
"wavelet-HHH","glrlm","LongRunLowGrayLevelEmphasis","2.856679684415986"
"wavelet-HHH","glrlm","LowGrayLevelRunEmphasis","0.62524867625151"
"wavelet-HHH","glrlm","RunEntropy","2.719074518462489"
"wavelet-HHH","glrlm","RunLengthNonUniformity","9154.404824055922"
"wavelet-HHH","glrlm","RunLengthNonUniformityNormalized","0.3969310922983856"
"wavelet-HHH","glrlm","RunPercentage","0.5669239932194071"
"wavelet-HHH","glrlm","RunVariance","1.392801518777082"
"wavelet-HHH","glrlm","ShortRunEmphasis","0.634636360352131"
"wavelet-HHH","glrlm","ShortRunHighGrayLevelEmphasis","1.5838063620405252"
"wavelet-HHH","glrlm","ShortRunLowGrayLevelEmphasis","0.39734385993003263"
"wavelet-HHH","glszm","GrayLevelNonUniformity","9.125"
"wavelet-HHH","glszm","GrayLevelNonUniformityNormalized","0.5703125"
"wavelet-HHH","glszm","GrayLevelVariance","0.21484375"
"wavelet-HHH","glszm","HighGrayLevelZoneEmphasis","3.0625"
"wavelet-HHH","glszm","LargeAreaEmphasis","50700109.875"
"wavelet-HHH","glszm","LargeAreaHighGrayLevelEmphasis","127033487.4375"
"wavelet-HHH","glszm","LargeAreaLowGrayLevelEmphasis","31616765.484375"
"wavelet-HHH","glszm","LowGrayLevelZoneEmphasis","0.484375"
"wavelet-HHH","glszm","SizeZoneNonUniformity","9.25"
"wavelet-HHH","glszm","SizeZoneNonUniformityNormalized","0.578125"
"wavelet-HHH","glszm","SmallAreaEmphasis","0.7725694447526334"
"wavelet-HHH","glszm","SmallAreaHighGrayLevelEmphasis","2.4809027785465285"
"wavelet-HHH","glszm","SmallAreaLowGrayLevelEmphasis","0.3454861113041596"
"wavelet-HHH","glszm","ZoneEntropy","1.9197367178034805"
"wavelet-HHH","glszm","ZonePercentage","0.0003970617431010522"
"wavelet-HHH","glszm","ZoneVariance","44357267.625"
"wavelet-HHH","ngtdm","Busyness","10282.729411034008"
"wavelet-HHH","ngtdm","Coarseness","9.666034947623781e-05"
"wavelet-HHH","ngtdm","Complexity","0.5134754649302486"
"wavelet-HHH","ngtdm","Contrast","0.12836833954637325"
"wavelet-HHH","ngtdm","Strength","9.666034579593546e-05"
"wavelet-LLL","firstorder","10Percentile","-2230.3705329790564"
"wavelet-LLL","firstorder","90Percentile","-2199.0255509559383"
"wavelet-LLL","firstorder","Energy","197747721594.22653"
"wavelet-LLL","firstorder","Entropy","1.3202465233419918"
"wavelet-LLL","firstorder","InterquartileRange","15.179864554816959"
"wavelet-LLL","firstorder","Kurtosis","9.37186790003464"
"wavelet-LLL","firstorder","Maximum","-2156.826900670361"
"wavelet-LLL","firstorder","MeanAbsoluteDeviation","10.938480959554223"
"wavelet-LLL","firstorder","Mean","-2215.201387753032"
"wavelet-LLL","firstorder","Median","-2213.4993800752577"
"wavelet-LLL","firstorder","Minimum","-2331.9356476851463"
"wavelet-LLL","firstorder","Range","175.10874701478542"
"wavelet-LLL","firstorder","RobustMeanAbsoluteDeviation","6.370264080569042"
"wavelet-LLL","firstorder","RootMeanSquared","2215.2603547673743"
"wavelet-LLL","firstorder","Skewness","-1.7455659840898823"
"wavelet-LLL","firstorder","TotalEnergy","570743236148.07"
"wavelet-LLL","firstorder","Uniformity","0.5452005491899158"
"wavelet-LLL","firstorder","Variance","261.2511011146295"
"wavelet-LLL","glcm","Autocorrelation","35.445704356413955"
"wavelet-LLL","glcm","ClusterProminence","7.6473856656552295"
"wavelet-LLL","glcm","ClusterShade","-1.016473058560391"
"wavelet-LLL","glcm","ClusterTendency","0.9126746456606643"
"wavelet-LLL","glcm","Contrast","0.521905928940823"
"wavelet-LLL","glcm","Correlation","0.23936598872409676"
"wavelet-LLL","glcm","DifferenceAverage","0.3533277453497558"
"wavelet-LLL","glcm","DifferenceEntropy","1.079151486110862"
"wavelet-LLL","glcm","DifferenceVariance","0.3921850417639027"
"wavelet-LLL","glcm","Id","0.844594251676779"
"wavelet-LLL","glcm","Idm","0.8393084720020638"
"wavelet-LLL","glcm","Idmn","0.9924426167974416"
"wavelet-LLL","glcm","Idn","0.962429597017715"
"wavelet-LLL","glcm","Imc1","-0.12542221404770107"
"wavelet-LLL","glcm","Imc2","0.4611218562343512"
"wavelet-LLL","glcm","InverseVariance","0.26421310063561143"
"wavelet-LLL","glcm","JointAverage","5.94538940739245"
"wavelet-LLL","glcm","JointEnergy","0.4035195021621067"
"wavelet-LLL","glcm","JointEntropy","2.202903196044996"
"wavelet-LLL","glcm","MCC","0.41948643748142966"
"wavelet-LLL","glcm","MaximumProbability","0.6195830116336419"
"wavelet-LLL","glcm","SumAverage","11.890778814784898"
"wavelet-LLL","glcm","SumEntropy","1.7203948814758154"
"wavelet-LLL","glcm","SumSquares","0.3586451436503718"
"wavelet-LLL","gldm","DependenceEntropy","5.38314859287671"
"wavelet-LLL","gldm","DependenceNonUniformity","1886.4331447290053"
"wavelet-LLL","gldm","DependenceNonUniformityNormalized","0.04681440204310615"
"wavelet-LLL","gldm","DependenceVariance","61.23200088010623"
"wavelet-LLL","gldm","GrayLevelNonUniformity","21969.40133015684"
"wavelet-LLL","gldm","GrayLevelVariance","0.47129221660742865"
"wavelet-LLL","gldm","HighGrayLevelEmphasis","35.2369714115545"
"wavelet-LLL","gldm","LargeDependenceEmphasis","362.32201707365493"
"wavelet-LLL","gldm","LargeDependenceHighGrayLevelEmphasis","13032.511192177884"
"wavelet-LLL","gldm","LargeDependenceLowGrayLevelEmphasis","10.178044192047725"
"wavelet-LLL","gldm","LowGrayLevelEmphasis","0.030828475678786507"
"wavelet-LLL","gldm","SmallDependenceEmphasis","0.024130062369525265"
"wavelet-LLL","gldm","SmallDependenceHighGrayLevelEmphasis","0.6641027873004764"
"wavelet-LLL","gldm","SmallDependenceLowGrayLevelEmphasis","0.0013380981629838155"
"wavelet-LLL","glrlm","GrayLevelNonUniformity","4634.532090565562"
"wavelet-LLL","glrlm","GrayLevelNonUniformityNormalized","0.3088644114149934"
"wavelet-LLL","glrlm","GrayLevelVariance","0.9798346222610093"
"wavelet-LLL","glrlm","HighGrayLevelRunEmphasis","33.97321136600903"
"wavelet-LLL","glrlm","LongRunEmphasis","21.127914536309245"
"wavelet-LLL","glrlm","LongRunHighGrayLevelEmphasis","758.1793219151548"
"wavelet-LLL","glrlm","LongRunLowGrayLevelEmphasis","0.6006838109488362"
"wavelet-LLL","glrlm","LowGrayLevelRunEmphasis","0.03500628948877961"
"wavelet-LLL","glrlm","RunEntropy","4.0588930646697285"
"wavelet-LLL","glrlm","RunLengthNonUniformity","5198.763615542287"
"wavelet-LLL","glrlm","RunLengthNonUniformityNormalized","0.3361544561361676"
"wavelet-LLL","glrlm","RunPercentage","0.3710790152868771"
"wavelet-LLL","glrlm","RunVariance","12.71339160568858"
"wavelet-LLL","glrlm","ShortRunEmphasis","0.5957261344762431"
"wavelet-LLL","glrlm","ShortRunHighGrayLevelEmphasis","19.470012155101866"
"wavelet-LLL","glrlm","ShortRunLowGrayLevelEmphasis","0.023126142928045764"
"wavelet-LLL","glszm","GrayLevelNonUniformity","199.7020023557126"
"wavelet-LLL","glszm","GrayLevelNonUniformityNormalized","0.23522026190307727"
"wavelet-LLL","glszm","GrayLevelVariance","2.1595974478392788"
"wavelet-LLL","glszm","HighGrayLevelZoneEmphasis","25.424028268551236"
"wavelet-LLL","glszm","LargeAreaEmphasis","995769.187279152"
"wavelet-LLL","glszm","LargeAreaHighGrayLevelEmphasis","35854605.23085984"
"wavelet-LLL","glszm","LargeAreaLowGrayLevelEmphasis","27703.65554954442"
"wavelet-LLL","glszm","LowGrayLevelZoneEmphasis","0.06329665052122145"
"wavelet-LLL","glszm","SizeZoneNonUniformity","197.05889281507655"
"wavelet-LLL","glszm","SizeZoneNonUniformityNormalized","0.23210705867500184"
"wavelet-LLL","glszm","SmallAreaEmphasis","0.4912061676660096"
"wavelet-LLL","glszm","SmallAreaHighGrayLevelEmphasis","12.191199994745624"
"wavelet-LLL","glszm","SmallAreaLowGrayLevelEmphasis","0.03459768567426366"
"wavelet-LLL","glszm","ZoneEntropy","5.2671680938148855"
"wavelet-LLL","glszm","ZonePercentage","0.021069088743299585"
"wavelet-LLL","glszm","ZoneVariance","993516.4606375409"
"wavelet-LLL","ngtdm","Busyness","54.91114467973723"
"wavelet-LLL","ngtdm","Coarseness","0.0002525545233176657"
"wavelet-LLL","ngtdm","Complexity","10.531826277731184"
"wavelet-LLL","ngtdm","Contrast","0.0057441334543774656"
"wavelet-LLL","ngtdm","Strength","0.008924946815307325"
