"Image type","Feature Class","Feature Name","Segmentation_4_segment_Segment_1"
"diagnostics","Versions","PyRadiomics","v3.0.1.post4+gad5b2de"
"diagnostics","Versions","Numpy","1.19.2"
"diagnostics","Versions","SimpleITK","2.0.2"
"diagnostics","Versions","PyWavelet","1.1.1"
"diagnostics","Versions","Python","3.6.7"
"diagnostics","Configuration","Settings","{'minimumROIDimensions': 2, 'minimumROISize': None, 'normalize': False, 'normalizeScale': 1, 'removeOutliers': None, 'resampledPixelSpacing': None, 'interpolator': 'sitkBSpline', 'preCrop': False, 'padDistance': 5, 'distances': [1], 'force2D': False, 'force2Ddimension': 0, 'resegmentRange': None, 'label': 1, 'additionalInfo': True, 'binWidth': 25.0, 'symmetricalGLCM': True, 'correctMask': True}"
"diagnostics","Configuration","EnabledImageTypes","{'Original': {}, 'Wavelet': {}}"
"diagnostics","Image-original","Hash","e2cd59c7d1acca263fafab636dfcd0ffbe8cb144"
"diagnostics","Image-original","Dimensionality","3D"
"diagnostics","Image-original","Spacing","(0.604, 0.604, 0.8000000000000002)"
"diagnostics","Image-original","Size","(512, 512, 351)"
"diagnostics","Image-original","Mean","-722.0417460145434"
"diagnostics","Image-original","Minimum","-5185.0"
"diagnostics","Image-original","Maximum","15521.0"
"diagnostics","Mask-original","Hash","603dc60e39b7fe5ba59f91fbf4d90a82d7923d80"
"diagnostics","Mask-original","Spacing","(0.604, 0.604, 0.8000000000000002)"
"diagnostics","Mask-original","Size","(512, 512, 351)"
"diagnostics","Mask-original","BoundingBox","(161, 107, 54, 321, 230, 161)"
"diagnostics","Mask-original","VoxelNum","173025"
"diagnostics","Mask-original","VolumeNum","18"
"diagnostics","Mask-original","CenterOfMassIndex","(393.3816962866638, 171.964843230747, 115.90849877185377)"
"diagnostics","Mask-original","CenterOfMass","(76.96724455714494, -50.51853468862879, -398.773200982517)"
"original","shape","Elongation","0.7418984394112115"
"original","shape","Flatness","0.5729624241898443"
"original","shape","LeastAxisLength","68.69109365711905"
"original","shape","MajorAxisLength","119.88760651145088"
"original","shape","Maximum2DDiameterColumn","161.36520016409983"
"original","shape","Maximum2DDiameterRow","161.12325100990236"
"original","shape","Maximum2DDiameterSlice","206.6359829652135"
"original","shape","Maximum3DDiameter","206.8519270976222"
"original","shape","MeshVolume","50424.39325920158"
"original","shape","MinorAxisLength","88.9444281755908"
"original","shape","Sphericity","0.29514446731393834"
"original","shape","SurfaceArea","22363.679799833208"
"original","shape","SurfaceVolumeRatio","0.4435091501225396"
"original","shape","VoxelVolume","50497.830720000005"
"original","firstorder","10Percentile","-102.0"
"original","firstorder","90Percentile","96.0"
"original","firstorder","Energy","3668919228.0"
"original","firstorder","Entropy","3.7028241976287366"
"original","firstorder","InterquartileRange","79.0"
"original","firstorder","Kurtosis","14.629836769050769"
"original","firstorder","Maximum","649.0"
"original","firstorder","MeanAbsoluteDeviation","84.07236430330276"
"original","firstorder","Mean","-1.0340471030197949"
"original","firstorder","Median","34.0"
"original","firstorder","Minimum","-922.0"
"original","firstorder","Range","1571.0"
"original","firstorder","RobustMeanAbsoluteDeviation","36.32907966979817"
"original","firstorder","RootMeanSquared","145.61786069162574"
"original","firstorder","Skewness","-3.154537887932994"
"original","firstorder","TotalEnergy","1070784349.6656384"
"original","firstorder","Uniformity","0.11442949949249734"
"original","firstorder","Variance","21203.49209899446"
"original","glcm","Autocorrelation","1461.8389821918956"
"original","glcm","ClusterProminence","167622.81342190906"
"original","glcm","ClusterShade","-3276.8204408601114"
"original","glcm","ClusterTendency","97.05890620517397"
"original","glcm","Contrast","10.089461943095072"
"original","glcm","Correlation","0.8067302152645167"
"original","glcm","DifferenceAverage","1.5105725878791572"
"original","glcm","DifferenceEntropy","2.2319680110405207"
"original","glcm","DifferenceVariance","7.725656659834583"
"original","glcm","Id","0.6300968605099023"
"original","glcm","Idm","0.601621171567131"
"original","glcm","Idmn","0.9975711842072992"
"original","glcm","Idn","0.978165086002541"
"original","glcm","Imc1","-0.2831114601720763"
"original","glcm","Imc2","0.9235100044173159"
"original","glcm","InverseVariance","0.4164879939070909"
"original","glcm","JointAverage","37.94841417161029"
"original","glcm","JointEnergy","0.03702814767598389"
"original","glcm","JointEntropy","6.103615660760315"
"original","glcm","MCC","0.8261792466943234"
"original","glcm","MaximumProbability","0.09453202736936388"
"original","glcm","SumAverage","75.89682834322056"
"original","glcm","SumEntropy","4.501284078073869"
"original","glcm","SumSquares","26.787092037067257"
"original","gldm","DependenceEntropy","7.760921410015772"
"original","gldm","DependenceNonUniformity","8334.21700332322"
"original","gldm","DependenceNonUniformityNormalized","0.048167704108211064"
"original","gldm","DependenceVariance","36.33869884871769"
"original","gldm","GrayLevelNonUniformity","19799.16414968935"
"original","gldm","GrayLevelVariance","34.016948512772615"
"original","gldm","HighGrayLevelEmphasis","1438.597959832394"
"original","gldm","LargeDependenceEmphasis","135.87398930790349"
"original","gldm","LargeDependenceHighGrayLevelEmphasis","209651.7963184511"
"original","gldm","LargeDependenceLowGrayLevelEmphasis","0.09350573746209319"
"original","gldm","LowGrayLevelEmphasis","0.0011568780993065377"
"original","gldm","SmallDependenceEmphasis","0.09465075051125181"
"original","gldm","SmallDependenceHighGrayLevelEmphasis","93.18850770964768"
"original","gldm","SmallDependenceLowGrayLevelEmphasis","0.00025652872091663054"
"original","glrlm","GrayLevelNonUniformity","10544.536735104119"
"original","glrlm","GrayLevelNonUniformityNormalized","0.0927748464830356"
"original","glrlm","GrayLevelVariance","46.401213768136785"
"original","glrlm","HighGrayLevelRunEmphasis","1387.3475382681531"
"original","glrlm","LongRunEmphasis","3.6845347347891595"
"original","glrlm","LongRunHighGrayLevelEmphasis","5510.235318799464"
"original","glrlm","LongRunLowGrayLevelEmphasis","0.0033186982722963492"
"original","glrlm","LowGrayLevelRunEmphasis","0.0013762496466374846"
"original","glrlm","RunEntropy","5.319411872267553"
"original","glrlm","RunLengthNonUniformity","61296.675021004216"
"original","glrlm","RunLengthNonUniformityNormalized","0.5358945946766018"
"original","glrlm","RunPercentage","0.6547408667044559"
"original","glrlm","RunVariance","1.28337563495687"
"original","glrlm","ShortRunEmphasis","0.7589659839919675"
"original","glrlm","ShortRunHighGrayLevelEmphasis","1019.1572842288583"
"original","glrlm","ShortRunLowGrayLevelEmphasis","0.0011843117874978748"
"original","glszm","GrayLevelNonUniformity","542.9413167938932"
"original","glszm","GrayLevelNonUniformityNormalized","0.03237961097291824"
"original","glszm","GrayLevelVariance","98.38056253949269"
"original","glszm","HighGrayLevelZoneEmphasis","922.2910305343512"
"original","glszm","LargeAreaEmphasis","128850.94078005725"
"original","glszm","LargeAreaHighGrayLevelEmphasis","199670191.05999523"
"original","glszm","LargeAreaLowGrayLevelEmphasis","83.49678335184609"
"original","glszm","LowGrayLevelZoneEmphasis","0.003095525734494597"
"original","glszm","SizeZoneNonUniformity","7239.535901717557"
"original","glszm","SizeZoneNonUniformityNormalized","0.4317471315432703"
"original","glszm","SmallAreaEmphasis","0.6831290304484391"
"original","glszm","SmallAreaHighGrayLevelEmphasis","585.283154142883"
"original","glszm","SmallAreaLowGrayLevelEmphasis","0.0020811481122886733"
"original","glszm","ZoneEntropy","7.0790021437707145"
"original","glszm","ZonePercentage","0.0969108510330877"
"original","glszm","ZoneVariance","128744.46393234124"
"original","ngtdm","Busyness","2.8219302848182393"
"original","ngtdm","Coarseness","8.856091140900341e-05"
"original","ngtdm","Complexity","1685.9922062726796"
"original","ngtdm","Contrast","0.016735218194223304"
"original","ngtdm","Strength","0.30277290173493876"
"wavelet-LLH","firstorder","10Percentile","-72.3617399818609"
"wavelet-LLH","firstorder","90Percentile","33.75983618176774"
"wavelet-LLH","firstorder","Energy","902003531.3496581"
"wavelet-LLH","firstorder","Entropy","2.950381903520348"
"wavelet-LLH","firstorder","InterquartileRange","36.37984059380173"
"wavelet-LLH","firstorder","Kurtosis","10.687277674866763"
"wavelet-LLH","firstorder","Maximum","584.1483830668609"
"wavelet-LLH","firstorder","MeanAbsoluteDeviation","40.47704911210794"
"wavelet-LLH","firstorder","Mean","-10.088373155893562"
"wavelet-LLH","firstorder","Median","-3.4620084208180213"
"wavelet-LLH","firstorder","Minimum","-583.898795983919"
"wavelet-LLH","firstorder","Range","1168.04717905078"
"wavelet-LLH","firstorder","RobustMeanAbsoluteDeviation","16.70819748150504"
"wavelet-LLH","firstorder","RootMeanSquared","72.20207684602569"
"wavelet-LLH","firstorder","Skewness","-0.3677185292732384"
"wavelet-LLH","firstorder","TotalEnergy","263252256.23428553"
"wavelet-LLH","firstorder","Uniformity","0.2132146982726037"
"wavelet-LLH","firstorder","Variance","5111.364627946846"
"wavelet-LLH","glcm","Autocorrelation","583.6389404581737"
"wavelet-LLH","glcm","ClusterProminence","5499.466266977227"
"wavelet-LLH","glcm","ClusterShade","-54.90918974332028"
"wavelet-LLH","glcm","ClusterTendency","21.977976353759633"
"wavelet-LLH","glcm","Contrast","8.10160529674603"
"wavelet-LLH","glcm","Correlation","0.451405132874663"
"wavelet-LLH","glcm","DifferenceAverage","1.526443755015882"
"wavelet-LLH","glcm","DifferenceEntropy","2.285893024343248"
"wavelet-LLH","glcm","DifferenceVariance","5.582774976263209"
"wavelet-LLH","glcm","Id","0.5941667428379942"
"wavelet-LLH","glcm","Idm","0.5579041314165164"
"wavelet-LLH","glcm","Idmn","0.9966901481773894"
"wavelet-LLH","glcm","Idn","0.9711225915396842"
"wavelet-LLH","glcm","Imc1","-0.14753162958813773"
"wavelet-LLH","glcm","Imc2","0.7059806888319486"
"wavelet-LLH","glcm","InverseVariance","0.42969973014452656"
"wavelet-LLH","glcm","JointAverage","24.086712642733207"
"wavelet-LLH","glcm","JointEnergy","0.07359767874581868"
"wavelet-LLH","glcm","JointEntropy","5.304372576742737"
"wavelet-LLH","glcm","MCC","0.6839741951937197"
"wavelet-LLH","glcm","MaximumProbability","0.14356222989645154"
"wavelet-LLH","glcm","SumAverage","48.173425285466415"
"wavelet-LLH","glcm","SumEntropy","3.565470268948337"
"wavelet-LLH","glcm","SumSquares","7.5198954126264175"
"wavelet-LLH","gldm","DependenceEntropy","6.668074433078511"
"wavelet-LLH","gldm","DependenceNonUniformity","9745.857078456871"
"wavelet-LLH","gldm","DependenceNonUniformityNormalized","0.056326294341608844"
"wavelet-LLH","gldm","DependenceVariance","26.93968615635149"
"wavelet-LLH","gldm","GrayLevelNonUniformity","36891.47316861725"
"wavelet-LLH","gldm","GrayLevelVariance","8.25935936327335"
"wavelet-LLH","gldm","HighGrayLevelEmphasis","588.9324490680538"
"wavelet-LLH","gldm","LargeDependenceEmphasis","103.67505851755527"
"wavelet-LLH","gldm","LargeDependenceHighGrayLevelEmphasis","61876.78675913885"
"wavelet-LLH","gldm","LargeDependenceLowGrayLevelEmphasis","0.1754025974711633"
"wavelet-LLH","gldm","LowGrayLevelEmphasis","0.001850058841917035"
"wavelet-LLH","gldm","SmallDependenceEmphasis","0.08850180050794197"
"wavelet-LLH","gldm","SmallDependenceHighGrayLevelEmphasis","52.42311616538732"
"wavelet-LLH","gldm","SmallDependenceLowGrayLevelEmphasis","0.00020232545841934363"
"wavelet-LLH","glrlm","GrayLevelNonUniformity","20383.09238213477"
"wavelet-LLH","glrlm","GrayLevelNonUniformityNormalized","0.1665663277573233"
"wavelet-LLH","glrlm","GrayLevelVariance","10.919565208141897"
"wavelet-LLH","glrlm","HighGrayLevelRunEmphasis","586.4295760649348"
"wavelet-LLH","glrlm","LongRunEmphasis","3.1412891494102366"
"wavelet-LLH","glrlm","LongRunHighGrayLevelEmphasis","1861.38938652476"
"wavelet-LLH","glrlm","LongRunLowGrayLevelEmphasis","0.005565865940160468"
"wavelet-LLH","glrlm","LowGrayLevelRunEmphasis","0.0019095322110931087"
"wavelet-LLH","glrlm","RunEntropy","4.4276734918163925"
"wavelet-LLH","glrlm","RunLengthNonUniformity","71601.73076631191"
"wavelet-LLH","glrlm","RunLengthNonUniformityNormalized","0.5775726896034684"
"wavelet-LLH","glrlm","RunPercentage","0.7015433518944574"
"wavelet-LLH","glrlm","RunVariance","0.9739881226523033"
"wavelet-LLH","glrlm","ShortRunEmphasis","0.7841781670689917"
"wavelet-LLH","glrlm","ShortRunHighGrayLevelEmphasis","458.40177413057603"
"wavelet-LLH","glrlm","ShortRunLowGrayLevelEmphasis","0.0015350437281691576"
"wavelet-LLH","glszm","GrayLevelNonUniformity","864.7057542768274"
"wavelet-LLH","glszm","GrayLevelNonUniformityNormalized","0.053791959830595794"
"wavelet-LLH","glszm","GrayLevelVariance","33.614706723199234"
"wavelet-LLH","glszm","HighGrayLevelZoneEmphasis","593.7945256609643"
"wavelet-LLH","glszm","LargeAreaEmphasis","303312.97573872475"
"wavelet-LLH","glszm","LargeAreaHighGrayLevelEmphasis","181612660.64416796"
"wavelet-LLH","glszm","LargeAreaLowGrayLevelEmphasis","507.4640111994646"
"wavelet-LLH","glszm","LowGrayLevelZoneEmphasis","0.002390940072870022"
"wavelet-LLH","glszm","SizeZoneNonUniformity","4898.851446345257"
"wavelet-LLH","glszm","SizeZoneNonUniformityNormalized","0.30474970117233324"
"wavelet-LLH","glszm","SmallAreaEmphasis","0.5697053311452303"
"wavelet-LLH","glszm","SmallAreaHighGrayLevelEmphasis","344.53276504130037"
"wavelet-LLH","glszm","SmallAreaLowGrayLevelEmphasis","0.0013750410276667374"
"wavelet-LLH","glszm","ZoneEntropy","7.069628346596362"
"wavelet-LLH","glszm","ZonePercentage","0.09290564947261956"
"wavelet-LLH","glszm","ZoneVariance","303197.12047967216"
"wavelet-LLH","ngtdm","Busyness","10.785874034141512"
"wavelet-LLH","ngtdm","Coarseness","4.615800131574772e-05"
"wavelet-LLH","ngtdm","Complexity","1177.8637719166225"
"wavelet-LLH","ngtdm","Contrast","0.008099971311045886"
"wavelet-LLH","ngtdm","Strength","0.10048012251034613"
"wavelet-LHL","firstorder","10Percentile","-38.29423879054382"
"wavelet-LHL","firstorder","90Percentile","20.844602866615467"
"wavelet-LHL","firstorder","Energy","225169235.72301152"
"wavelet-LHL","firstorder","Entropy","2.2195513695661684"
"wavelet-LHL","firstorder","InterquartileRange","22.874312153918055"
"wavelet-LHL","firstorder","Kurtosis","10.78968415284876"
"wavelet-LHL","firstorder","Maximum","356.0923612009203"
"wavelet-LHL","firstorder","MeanAbsoluteDeviation","21.46061168288323"
"wavelet-LHL","firstorder","Mean","-5.314786509920677"
"wavelet-LHL","firstorder","Median","-1.9435695639878032"
"wavelet-LHL","firstorder","Minimum","-245.21493508334322"
"wavelet-LHL","firstorder","Range","601.3072962842635"
"wavelet-LHL","firstorder","RobustMeanAbsoluteDeviation","10.196245044824357"
"wavelet-LHL","firstorder","RootMeanSquared","36.07448151900012"
"wavelet-LHL","firstorder","Skewness","-0.4108367290197398"
"wavelet-LHL","firstorder","TotalEnergy","65716271.919620946"
"wavelet-LHL","firstorder","Uniformity","0.3077156701570666"
"wavelet-LHL","firstorder","Variance","1273.1212612186466"
"wavelet-LHL","glcm","Autocorrelation","106.5651882463935"
"wavelet-LHL","glcm","ClusterProminence","407.92491249966287"
"wavelet-LHL","glcm","ClusterShade","-10.832895938482519"
"wavelet-LHL","glcm","ClusterTendency","6.098583248760415"
"wavelet-LHL","glcm","Contrast","1.695570404474307"
"wavelet-LHL","glcm","Correlation","0.5618365944077429"
"wavelet-LHL","glcm","DifferenceAverage","0.7647861277669902"
"wavelet-LHL","glcm","DifferenceEntropy","1.6296969368564087"
"wavelet-LHL","glcm","DifferenceVariance","1.0855493035955428"
"wavelet-LHL","glcm","Id","0.7077329031395382"
"wavelet-LHL","glcm","Idm","0.6904214055446626"
"wavelet-LHL","glcm","Idmn","0.9973768470588139"
"wavelet-LHL","glcm","Idn","0.9717800910734671"
"wavelet-LHL","glcm","Imc1","-0.1625903264051005"
"wavelet-LHL","glcm","Imc2","0.680640220217213"
"wavelet-LHL","glcm","InverseVariance","0.4245179496195673"
"wavelet-LHL","glcm","JointAverage","10.269586938313255"
"wavelet-LHL","glcm","JointEnergy","0.1362394696805587"
"wavelet-LHL","glcm","JointEntropy","3.942810896214054"
"wavelet-LHL","glcm","MCC","0.6688357560206664"
"wavelet-LHL","glcm","MaximumProbability","0.22296259285814285"
"wavelet-LHL","glcm","SumAverage","20.539173876626517"
"wavelet-LHL","glcm","SumEntropy","2.8805607478373485"
"wavelet-LHL","glcm","SumSquares","1.9485384133086803"
"wavelet-LHL","gldm","DependenceEntropy","6.315088342743393"
"wavelet-LHL","gldm","DependenceNonUniformity","8179.79897124693"
"wavelet-LHL","gldm","DependenceNonUniformityNormalized","0.04727524329574876"
"wavelet-LHL","gldm","DependenceVariance","34.03153333278636"
"wavelet-LHL","gldm","GrayLevelNonUniformity","53242.503828926456"
"wavelet-LHL","gldm","GrayLevelVariance","2.1314073703804537"
"wavelet-LHL","gldm","HighGrayLevelEmphasis","107.96957087126138"
"wavelet-LHL","gldm","LargeDependenceEmphasis","178.15986707123247"
"wavelet-LHL","gldm","LargeDependenceHighGrayLevelEmphasis","19482.234457448347"
"wavelet-LHL","gldm","LargeDependenceLowGrayLevelEmphasis","1.6704864005135165"
"wavelet-LHL","gldm","LowGrayLevelEmphasis","0.010485273098185957"
"wavelet-LHL","gldm","SmallDependenceEmphasis","0.03707886062084109"
"wavelet-LHL","gldm","SmallDependenceHighGrayLevelEmphasis","4.283149104192762"
"wavelet-LHL","gldm","SmallDependenceLowGrayLevelEmphasis","0.0005147443601170177"
"wavelet-LHL","glrlm","GrayLevelNonUniformity","24268.142062973275"
"wavelet-LHL","glrlm","GrayLevelNonUniformityNormalized","0.24165151061597337"
"wavelet-LHL","glrlm","GrayLevelVariance","3.0948404199725017"
"wavelet-LHL","glrlm","HighGrayLevelRunEmphasis","107.35610657809632"
"wavelet-LHL","glrlm","LongRunEmphasis","5.069397336841634"
"wavelet-LHL","glrlm","LongRunHighGrayLevelEmphasis","551.1253791879542"
"wavelet-LHL","glrlm","LongRunLowGrayLevelEmphasis","0.049773057474564016"
"wavelet-LHL","glrlm","LowGrayLevelRunEmphasis","0.011143671295826774"
"wavelet-LHL","glrlm","RunEntropy","4.176199991689832"
"wavelet-LHL","glrlm","RunLengthNonUniformity","43998.898935339"
"wavelet-LHL","glrlm","RunLengthNonUniformityNormalized","0.4322040006295923"
"wavelet-LHL","glrlm","RunPercentage","0.5767174596823492"
"wavelet-LHL","glrlm","RunVariance","1.8405493725915105"
"wavelet-LHL","glrlm","ShortRunEmphasis","0.6766531116034776"
"wavelet-LHL","glrlm","ShortRunHighGrayLevelEmphasis","72.3171529859028"
"wavelet-LHL","glrlm","ShortRunLowGrayLevelEmphasis","0.007960854085547685"
"wavelet-LHL","glszm","GrayLevelNonUniformity","593.4680997420464"
"wavelet-LHL","glszm","GrayLevelNonUniformityNormalized","0.1020581426899478"
"wavelet-LHL","glszm","GrayLevelVariance","10.617145476496946"
"wavelet-LHL","glszm","HighGrayLevelZoneEmphasis","123.064660361135"
"wavelet-LHL","glszm","LargeAreaEmphasis","1258135.2108340499"
"wavelet-LHL","glszm","LargeAreaHighGrayLevelEmphasis","138105633.2827171"
"wavelet-LHL","glszm","LargeAreaLowGrayLevelEmphasis","11570.584373240135"
"wavelet-LHL","glszm","LowGrayLevelZoneEmphasis","0.014844151677635644"
"wavelet-LHL","glszm","SizeZoneNonUniformity","1245.3556319862425"
"wavelet-LHL","glszm","SizeZoneNonUniformityNormalized","0.2141626194301363"
"wavelet-LHL","glszm","SmallAreaEmphasis","0.4682323771600549"
"wavelet-LHL","glszm","SmallAreaHighGrayLevelEmphasis","59.34473336316752"
"wavelet-LHL","glszm","SmallAreaLowGrayLevelEmphasis","0.00701522951246368"
"wavelet-LHL","glszm","ZoneEntropy","6.7892579514225195"
"wavelet-LHL","glszm","ZonePercentage","0.033607860135818526"
"wavelet-LHL","glszm","ZoneVariance","1257249.8541350572"
"wavelet-LHL","ngtdm","Busyness","48.50875476963417"
"wavelet-LHL","ngtdm","Coarseness","4.6933442264910844e-05"
"wavelet-LHL","ngtdm","Complexity","172.4028279628174"
"wavelet-LHL","ngtdm","Contrast","0.00395798752926505"
"wavelet-LHL","ngtdm","Strength","0.031894776069767136"
"wavelet-LHH","firstorder","10Percentile","-10.986805934288391"
"wavelet-LHH","firstorder","90Percentile","11.721434570813447"
"wavelet-LHH","firstorder","Energy","23754007.713326983"
"wavelet-LHH","firstorder","Entropy","1.3143829355410417"
"wavelet-LHH","firstorder","InterquartileRange","10.067212578226124"
"wavelet-LHH","firstorder","Kurtosis","9.368982439732775"
"wavelet-LHH","firstorder","Maximum","114.34536131950934"
"wavelet-LHH","firstorder","MeanAbsoluteDeviation","7.73878062695316"
"wavelet-LHH","firstorder","Mean","0.32391675135100295"
"wavelet-LHH","firstorder","Median","-0.03227844264502894"
"wavelet-LHH","firstorder","Minimum","-121.17105902573927"
"wavelet-LHH","firstorder","Range","235.5164203452486"
"wavelet-LHH","firstorder","RobustMeanAbsoluteDeviation","4.342139903133546"
"wavelet-LHH","firstorder","RootMeanSquared","11.716934917818017"
"wavelet-LHH","firstorder","Skewness","0.33529558124502706"
"wavelet-LHH","firstorder","TotalEnergy","6932673.662356078"
"wavelet-LHH","firstorder","Uniformity","0.4521832169988456"
"wavelet-LHH","firstorder","Variance","137.18164180657735"
"wavelet-LHH","glcm","Autocorrelation","30.401553816200117"
"wavelet-LHH","glcm","ClusterProminence","3.3763989879869953"
"wavelet-LHH","glcm","ClusterShade","0.17552382422855015"
"wavelet-LHH","glcm","ClusterTendency","0.8223684834149958"
"wavelet-LHH","glcm","Contrast","0.6248372694070465"
"wavelet-LHH","glcm","Correlation","0.13432575430838642"
"wavelet-LHH","glcm","DifferenceAverage","0.5304933455569385"
"wavelet-LHH","glcm","DifferenceEntropy","1.1670091732946994"
"wavelet-LHH","glcm","DifferenceVariance","0.3336280094590314"
"wavelet-LHH","glcm","Id","0.748034349529836"
"wavelet-LHH","glcm","Idm","0.7439031282480777"
"wavelet-LHH","glcm","Idmn","0.9939067511137664"
"wavelet-LHH","glcm","Idn","0.952449757537688"
"wavelet-LHH","glcm","Imc1","-0.05646569349315079"
"wavelet-LHH","glcm","Imc2","0.3137562910636733"
"wavelet-LHH","glcm","InverseVariance","0.4690302764773368"
"wavelet-LHH","glcm","JointAverage","5.509280254677879"
"wavelet-LHH","glcm","JointEnergy","0.22265653315304101"
"wavelet-LHH","glcm","JointEntropy","2.497888528915411"
"wavelet-LHH","glcm","MCC","0.3530382245653388"
"wavelet-LHH","glcm","MaximumProbability","0.26051435946917434"
"wavelet-LHH","glcm","SumAverage","11.018560509355758"
"wavelet-LHH","glcm","SumEntropy","1.8267188014800384"
"wavelet-LHH","glcm","SumSquares","0.3618014382055106"
"wavelet-LHH","gldm","DependenceEntropy","5.222482663100708"
"wavelet-LHH","gldm","DependenceNonUniformity","12472.91454414102"
"wavelet-LHH","gldm","DependenceNonUniformityNormalized","0.07208735468366433"
"wavelet-LHH","gldm","DependenceVariance","17.01657040097147"
"wavelet-LHH","gldm","GrayLevelNonUniformity","78239.00112122526"
"wavelet-LHH","gldm","GrayLevelVariance","0.37688564661710156"
"wavelet-LHH","gldm","HighGrayLevelEmphasis","30.7314607715648"
"wavelet-LHH","gldm","LargeDependenceEmphasis","183.14822135529548"
"wavelet-LHH","gldm","LargeDependenceHighGrayLevelEmphasis","5553.385146655108"
"wavelet-LHH","gldm","LargeDependenceLowGrayLevelEmphasis","6.261164942236373"
"wavelet-LHH","gldm","LowGrayLevelEmphasis","0.03427835021190268"
"wavelet-LHH","gldm","SmallDependenceEmphasis","0.015244536450376298"
"wavelet-LHH","gldm","SmallDependenceHighGrayLevelEmphasis","0.48194114840846325"
"wavelet-LHH","gldm","SmallDependenceLowGrayLevelEmphasis","0.000604691863281565"
"wavelet-LHH","glrlm","GrayLevelNonUniformity","40213.97436002703"
"wavelet-LHH","glrlm","GrayLevelNonUniformityNormalized","0.42754634267289493"
"wavelet-LHH","glrlm","GrayLevelVariance","0.45038991566714903"
"wavelet-LHH","glrlm","HighGrayLevelRunEmphasis","30.95683900899596"
"wavelet-LHH","glrlm","LongRunEmphasis","6.138259586040619"
"wavelet-LHH","glrlm","LongRunHighGrayLevelEmphasis","187.05277214124425"
"wavelet-LHH","glrlm","LongRunLowGrayLevelEmphasis","0.21009762134876284"
"wavelet-LHH","glrlm","LowGrayLevelRunEmphasis","0.034421572579944666"
"wavelet-LHH","glrlm","RunEntropy","3.242509337933121"
"wavelet-LHH","glrlm","RunLengthNonUniformity","37344.61446603869"
"wavelet-LHH","glrlm","RunLengthNonUniformityNormalized","0.38325682129403393"
"wavelet-LHH","glrlm","RunPercentage","0.5427228168450535"
"wavelet-LHH","glrlm","RunVariance","2.0409760387920843"
"wavelet-LHH","glrlm","ShortRunEmphasis","0.6120055938681896"
"wavelet-LHH","glrlm","ShortRunHighGrayLevelEmphasis","19.07755930668963"
"wavelet-LHH","glrlm","ShortRunLowGrayLevelEmphasis","0.021202424847188286"
"wavelet-LHH","glszm","GrayLevelNonUniformity","331.4876989869754"
"wavelet-LHH","glszm","GrayLevelNonUniformityNormalized","0.23986085310200825"
"wavelet-LHH","glszm","GrayLevelVariance","2.8895207348564655"
"wavelet-LHH","glszm","HighGrayLevelZoneEmphasis","32.035455861070915"
"wavelet-LHH","glszm","LargeAreaEmphasis","8055002.013748191"
"wavelet-LHH","glszm","LargeAreaHighGrayLevelEmphasis","244491219.8429812"
"wavelet-LHH","glszm","LargeAreaLowGrayLevelEmphasis","274299.154045154"
"wavelet-LHH","glszm","LowGrayLevelZoneEmphasis","0.04853405293885791"
"wavelet-LHH","glszm","SizeZoneNonUniformity","311.50361794500725"
"wavelet-LHH","glszm","SizeZoneNonUniformityNormalized","0.22540059185601102"
"wavelet-LHH","glszm","SmallAreaEmphasis","0.48042473482667347"
"wavelet-LHH","glszm","SmallAreaHighGrayLevelEmphasis","15.131176251698827"
"wavelet-LHH","glszm","SmallAreaLowGrayLevelEmphasis","0.023814013289641625"
"wavelet-LHH","glszm","ZoneEntropy","5.42955493971359"
"wavelet-LHH","glszm","ZonePercentage","0.007987285074411212"
"wavelet-LHH","glszm","ZoneVariance","8039327.227408523"
"wavelet-LHH","ngtdm","Busyness","412.10336567703746"
"wavelet-LHH","ngtdm","Coarseness","2.8026285717208545e-05"
"wavelet-LHH","ngtdm","Complexity","23.64917226888168"
"wavelet-LHH","ngtdm","Contrast","0.004134382420164507"
"wavelet-LHH","ngtdm","Strength","0.0020200687953164506"
"wavelet-HLL","firstorder","10Percentile","-28.669447776705702"
"wavelet-HLL","firstorder","90Percentile","20.808680868701046"
"wavelet-HLL","firstorder","Energy","210679314.67779237"
"wavelet-HLL","firstorder","Entropy","2.12006531498165"
"wavelet-HLL","firstorder","InterquartileRange","20.025501199939036"
"wavelet-HLL","firstorder","Kurtosis","16.390201975343246"
"wavelet-HLL","firstorder","Maximum","306.22371422811756"
"wavelet-HLL","firstorder","MeanAbsoluteDeviation","19.47257536908766"
"wavelet-HLL","firstorder","Mean","-2.372002905609867"
"wavelet-HLL","firstorder","Median","-1.1330152057578238"
"wavelet-HLL","firstorder","Minimum","-518.8824797642338"
"wavelet-HLL","firstorder","Range","825.1061939923513"
"wavelet-HLL","firstorder","RobustMeanAbsoluteDeviation","8.798166833854612"
"wavelet-HLL","firstorder","RootMeanSquared","34.89446302277332"
"wavelet-HLL","firstorder","Skewness","-0.14085614667543853"
"wavelet-HLL","firstorder","TotalEnergy","61487347.890794806"
"wavelet-HLL","firstorder","Uniformity","0.3295289227125183"
"wavelet-HLL","firstorder","Variance","1211.9971518634732"
"wavelet-HLL","glcm","Autocorrelation","458.5918393177125"
"wavelet-HLL","glcm","ClusterProminence","493.3830789848746"
"wavelet-HLL","glcm","ClusterShade","-1.106361883205677"
"wavelet-HLL","glcm","ClusterTendency","5.743081963376335"
"wavelet-HLL","glcm","Contrast","1.6756272430419088"
"wavelet-HLL","glcm","Correlation","0.5446336771532677"
"wavelet-HLL","glcm","DifferenceAverage","0.7216584435535827"
"wavelet-HLL","glcm","DifferenceEntropy","1.577320779443517"
"wavelet-HLL","glcm","DifferenceVariance","1.1333992801169464"
"wavelet-HLL","glcm","Id","0.724233268048262"
"wavelet-HLL","glcm","Idm","0.7094993913144179"
"wavelet-HLL","glcm","Idmn","0.9985879906482078"
"wavelet-HLL","glcm","Idn","0.9800673496510561"
"wavelet-HLL","glcm","Imc1","-0.1666210508322431"
"wavelet-HLL","glcm","Imc2","0.678770150877138"
"wavelet-HLL","glcm","InverseVariance","0.41234112932012434"
"wavelet-HLL","glcm","JointAverage","21.39100181908825"
"wavelet-HLL","glcm","JointEnergy","0.15343732344327016"
"wavelet-HLL","glcm","JointEntropy","3.7504299797845047"
"wavelet-HLL","glcm","MCC","0.678631264288431"
"wavelet-HLL","glcm","MaximumProbability","0.24109172392627426"
"wavelet-HLL","glcm","SumAverage","42.782003638176505"
"wavelet-HLL","glcm","SumEntropy","2.772269039219448"
"wavelet-HLL","glcm","SumSquares","1.854677301604561"
"wavelet-HLL","gldm","DependenceEntropy","6.259540747359651"
"wavelet-HLL","gldm","DependenceNonUniformity","8097.684467562491"
"wavelet-HLL","gldm","DependenceNonUniformityNormalized","0.04680066156660882"
"wavelet-HLL","gldm","DependenceVariance","35.231654015135334"
"wavelet-HLL","gldm","GrayLevelNonUniformity","57016.74185233348"
"wavelet-HLL","gldm","GrayLevelVariance","2.0419524732161576"
"wavelet-HLL","gldm","HighGrayLevelEmphasis","460.2448952463517"
"wavelet-HLL","gldm","LargeDependenceEmphasis","194.5321600924722"
"wavelet-HLL","gldm","LargeDependenceHighGrayLevelEmphasis","89650.39337090016"
"wavelet-HLL","gldm","LargeDependenceLowGrayLevelEmphasis","0.42382781106059597"
"wavelet-HLL","gldm","LowGrayLevelEmphasis","0.002227608727240052"
"wavelet-HLL","gldm","SmallDependenceEmphasis","0.03551478571044819"
"wavelet-HLL","gldm","SmallDependenceHighGrayLevelEmphasis","16.544355807415755"
"wavelet-HLL","gldm","SmallDependenceLowGrayLevelEmphasis","9.698297214458464e-05"
"wavelet-HLL","glrlm","GrayLevelNonUniformity","24959.024634549343"
"wavelet-HLL","glrlm","GrayLevelNonUniformityNormalized","0.25910529698301354"
"wavelet-HLL","glrlm","GrayLevelVariance","3.1490655166784034"
"wavelet-HLL","glrlm","HighGrayLevelRunEmphasis","460.06321315843246"
"wavelet-HLL","glrlm","LongRunEmphasis","5.584027551474709"
"wavelet-HLL","glrlm","LongRunHighGrayLevelEmphasis","2571.5845464310923"
"wavelet-HLL","glrlm","LongRunLowGrayLevelEmphasis","0.012265085042950302"
"wavelet-HLL","glrlm","LowGrayLevelRunEmphasis","0.0022625211214460502"
"wavelet-HLL","glrlm","RunEntropy","4.194820173211469"
"wavelet-HLL","glrlm","RunLengthNonUniformity","39862.73850243971"
"wavelet-HLL","glrlm","RunLengthNonUniformityNormalized","0.4085089230223212"
"wavelet-HLL","glrlm","RunPercentage","0.5530219065719716"
"wavelet-HLL","glrlm","RunVariance","2.0824620519929775"
"wavelet-HLL","glrlm","ShortRunEmphasis","0.6562767512142804"
"wavelet-HLL","glrlm","ShortRunHighGrayLevelEmphasis","301.8715176216978"
"wavelet-HLL","glrlm","ShortRunLowGrayLevelEmphasis","0.001508676313276339"
"wavelet-HLL","glszm","GrayLevelNonUniformity","488.68176077936135"
"wavelet-HLL","glszm","GrayLevelNonUniformityNormalized","0.08816196297661219"
"wavelet-HLL","glszm","GrayLevelVariance","14.014174585528476"
"wavelet-HLL","glszm","HighGrayLevelZoneEmphasis","474.71784232365144"
"wavelet-HLL","glszm","LargeAreaEmphasis","1430602.4645498828"
"wavelet-HLL","glszm","LargeAreaHighGrayLevelEmphasis","659130127.4109688"
"wavelet-HLL","glszm","LargeAreaLowGrayLevelEmphasis","3111.9207853203566"
"wavelet-HLL","glszm","LowGrayLevelZoneEmphasis","0.0028009021339701376"
"wavelet-HLL","glszm","SizeZoneNonUniformity","1310.0871369294605"
"wavelet-HLL","glszm","SizeZoneNonUniformityNormalized","0.23634983527502446"
"wavelet-HLL","glszm","SmallAreaEmphasis","0.4962095454719663"
"wavelet-HLL","glszm","SmallAreaHighGrayLevelEmphasis","233.17477078826866"
"wavelet-HLL","glszm","SmallAreaLowGrayLevelEmphasis","0.001617357839172514"
"wavelet-HLL","glszm","ZoneEntropy","6.841819611968229"
"wavelet-HLL","glszm","ZonePercentage","0.032035832972113855"
"wavelet-HLL","glszm","ZoneVariance","1429628.0854528528"
"wavelet-HLL","ngtdm","Busyness","16.985803535122603"
"wavelet-HLL","ngtdm","Coarseness","4.5226555495319716e-05"
"wavelet-HLL","ngtdm","Complexity","315.31735903332014"
"wavelet-HLL","ngtdm","Contrast","0.0019588488436475004"
"wavelet-HLL","ngtdm","Strength","0.08291912439312452"
"wavelet-HLH","firstorder","10Percentile","-10.45367722091431"
"wavelet-HLH","firstorder","90Percentile","10.355087157459963"
"wavelet-HLH","firstorder","Energy","24634510.195855457"
"wavelet-HLH","firstorder","Entropy","1.339611887071154"
"wavelet-HLH","firstorder","InterquartileRange","9.154263834577478"
"wavelet-HLH","firstorder","Kurtosis","11.337499444568921"
"wavelet-HLH","firstorder","Maximum","128.9701216646224"
"wavelet-HLH","firstorder","MeanAbsoluteDeviation","7.470868363631641"
"wavelet-HLH","firstorder","Mean","-0.00810834328143976"
"wavelet-HLH","firstorder","Median","-0.10511632303074037"
"wavelet-HLH","firstorder","Minimum","-125.8235656105304"
"wavelet-HLH","firstorder","Range","254.79368727515282"
"wavelet-HLH","firstorder","RobustMeanAbsoluteDeviation","3.9490158803021167"
"wavelet-HLH","firstorder","RootMeanSquared","11.932117926316183"
"wavelet-HLH","firstorder","Skewness","0.09753384571540567"
"wavelet-HLH","firstorder","TotalEnergy","7189650.777288964"
"wavelet-HLH","firstorder","Uniformity","0.44871374728991453"
"wavelet-HLH","firstorder","Variance","142.37537246228518"
"wavelet-HLH","glcm","Autocorrelation","42.24649320653675"
"wavelet-HLH","glcm","ClusterProminence","4.175676676880167"
"wavelet-HLH","glcm","ClusterShade","0.03539848892457871"
"wavelet-HLH","glcm","ClusterTendency","0.8607091164180273"
"wavelet-HLH","glcm","Contrast","0.6729448469481246"
"wavelet-HLH","glcm","Correlation","0.12028104187035822"
"wavelet-HLH","glcm","DifferenceAverage","0.5477070047776599"
"wavelet-HLH","glcm","DifferenceEntropy","1.19758625017302"
"wavelet-HLH","glcm","DifferenceVariance","0.3622158932746122"
"wavelet-HLH","glcm","Id","0.7430071648294538"
"wavelet-HLH","glcm","Idm","0.7381377335896129"
"wavelet-HLH","glcm","Idmn","0.9954285272351044"
"wavelet-HLH","glcm","Idn","0.9585162488909357"
"wavelet-HLH","glcm","Imc1","-0.06277417756915674"
"wavelet-HLH","glcm","Imc2","0.345447475199355"
"wavelet-HLH","glcm","InverseVariance","0.47230610394934935"
"wavelet-HLH","glcm","JointAverage","6.496118106913498"
"wavelet-HLH","glcm","JointEnergy","0.21922637583187715"
"wavelet-HLH","glcm","JointEntropy","2.552203231566746"
"wavelet-HLH","glcm","MCC","0.37941363950064394"
"wavelet-HLH","glcm","MaximumProbability","0.25925563407606983"
"wavelet-HLH","glcm","SumAverage","12.992236213826997"
"wavelet-HLH","glcm","SumEntropy","1.8483519561742672"
"wavelet-HLH","glcm","SumSquares","0.38341349084153803"
"wavelet-HLH","gldm","DependenceEntropy","5.236860232464132"
"wavelet-HLH","gldm","DependenceNonUniformity","12442.605895101864"
"wavelet-HLH","gldm","DependenceNonUniformityNormalized","0.07191218549401453"
"wavelet-HLH","gldm","DependenceVariance","16.901151440770416"
"wavelet-HLH","gldm","GrayLevelNonUniformity","77638.69612483746"
"wavelet-HLH","gldm","GrayLevelVariance","0.39560993093124514"
"wavelet-HLH","gldm","HighGrayLevelEmphasis","42.60320762895535"
"wavelet-HLH","gldm","LargeDependenceEmphasis","178.48363531281606"
"wavelet-HLH","gldm","LargeDependenceHighGrayLevelEmphasis","7535.618760294755"
"wavelet-HLH","gldm","LargeDependenceLowGrayLevelEmphasis","4.339387475533536"
"wavelet-HLH","gldm","LowGrayLevelEmphasis","0.02441800076722439"
"wavelet-HLH","gldm","SmallDependenceEmphasis","0.015606004928576183"
"wavelet-HLH","gldm","SmallDependenceHighGrayLevelEmphasis","0.692348953001122"
"wavelet-HLH","gldm","SmallDependenceLowGrayLevelEmphasis","0.00042330102692385166"
"wavelet-HLH","glrlm","GrayLevelNonUniformity","40298.3915968605"
"wavelet-HLH","glrlm","GrayLevelNonUniformityNormalized","0.42316957157046986"
"wavelet-HLH","glrlm","GrayLevelVariance","0.4785116148496628"
"wavelet-HLH","glrlm","HighGrayLevelRunEmphasis","42.813509847279015"
"wavelet-HLH","glrlm","LongRunEmphasis","5.915160727460094"
"wavelet-HLH","glrlm","LongRunHighGrayLevelEmphasis","250.56898375662587"
"wavelet-HLH","glrlm","LongRunLowGrayLevelEmphasis","0.14409615765357428"
"wavelet-HLH","glrlm","LowGrayLevelRunEmphasis","0.024522727101243695"
"wavelet-HLH","glrlm","RunEntropy","3.2482686562349232"
"wavelet-HLH","glrlm","RunLengthNonUniformity","38335.65951761125"
"wavelet-HLH","glrlm","RunLengthNonUniformityNormalized","0.38877881149207966"
"wavelet-HLH","glrlm","RunPercentage","0.5495573116379358"
"wavelet-HLH","glrlm","RunVariance","1.9597797044669798"
"wavelet-HLH","glrlm","ShortRunEmphasis","0.6186217597011964"
"wavelet-HLH","glrlm","ShortRunHighGrayLevelEmphasis","26.611846903097383"
"wavelet-HLH","glrlm","ShortRunLowGrayLevelEmphasis","0.015260002913166763"
"wavelet-HLH","glszm","GrayLevelNonUniformity","303.1256983240223"
"wavelet-HLH","glszm","GrayLevelNonUniformityNormalized","0.2116799569301832"
"wavelet-HLH","glszm","GrayLevelVariance","3.318675681158516"
"wavelet-HLH","glszm","HighGrayLevelZoneEmphasis","46.38966480446928"
"wavelet-HLH","glszm","LargeAreaEmphasis","7741713.580307263"
"wavelet-HLH","glszm","LargeAreaHighGrayLevelEmphasis","327407225.4301676"
"wavelet-HLH","glszm","LargeAreaLowGrayLevelEmphasis","187443.16952644652"
"wavelet-HLH","glszm","LowGrayLevelZoneEmphasis","0.031101898794882604"
"wavelet-HLH","glszm","SizeZoneNonUniformity","296.659217877095"
"wavelet-HLH","glszm","SizeZoneNonUniformityNormalized","0.20716425829406074"
"wavelet-HLH","glszm","SmallAreaEmphasis","0.4511513369134411"
"wavelet-HLH","glszm","SmallAreaHighGrayLevelEmphasis","21.1116017256809"
"wavelet-HLH","glszm","SmallAreaLowGrayLevelEmphasis","0.014459984147568225"
"wavelet-HLH","glszm","ZoneEntropy","5.593930065312833"
"wavelet-HLH","glszm","ZonePercentage","0.00827626065597457"
"wavelet-HLH","glszm","ZoneVariance","7727114.292175943"
"wavelet-HLH","ngtdm","Busyness","280.9932009132372"
"wavelet-HLH","ngtdm","Coarseness","2.7894336312687745e-05"
"wavelet-HLH","ngtdm","Complexity","35.2531263558205"
"wavelet-HLH","ngtdm","Contrast","0.003033211538623134"
"wavelet-HLH","ngtdm","Strength","0.0033749059357130345"
"wavelet-HHL","firstorder","10Percentile","-6.076906658064313"
"wavelet-HHL","firstorder","90Percentile","6.030508471430579"
"wavelet-HHL","firstorder","Energy","6272620.540435734"
"wavelet-HHL","firstorder","Entropy","1.0551838250351344"
"wavelet-HHL","firstorder","InterquartileRange","5.575047723959491"
"wavelet-HHL","firstorder","Kurtosis","8.688384859700385"
"wavelet-HHL","firstorder","Maximum","52.86292460414045"
"wavelet-HHL","firstorder","MeanAbsoluteDeviation","4.086421240968279"
"wavelet-HHL","firstorder","Mean","-0.008052107327524436"
"wavelet-HHL","firstorder","Median","-0.05018371559009327"
"wavelet-HHL","firstorder","Minimum","-50.323901646296285"
"wavelet-HHL","firstorder","Range","103.18682625043674"
"wavelet-HHL","firstorder","RobustMeanAbsoluteDeviation","2.3814921416853667"
"wavelet-HHL","firstorder","RootMeanSquared","6.021020127185559"
"wavelet-HHL","firstorder","Skewness","0.08567394315189987"
"wavelet-HHL","firstorder","TotalEnergy","1830681.8680636825"
"wavelet-HHL","firstorder","Uniformity","0.49378770265477373"
"wavelet-HHL","firstorder","Variance","36.2526185355412"
"wavelet-HHL","glcm","Autocorrelation","12.252427971272368"
"wavelet-HHL","glcm","ClusterProminence","0.7336380981945402"
"wavelet-HHL","glcm","ClusterShade","0.010439982335664994"
"wavelet-HHL","glcm","ClusterTendency","0.589433201496334"
"wavelet-HHL","glcm","Contrast","0.45613042257284747"
"wavelet-HHL","glcm","Correlation","0.1274437840075967"
"wavelet-HHL","glcm","DifferenceAverage","0.4499485509823113"
"wavelet-HHL","glcm","DifferenceEntropy","1.0068599397268765"
"wavelet-HHL","glcm","DifferenceVariance","0.25018263419840076"
"wavelet-HHL","glcm","Id","0.776034656891745"
"wavelet-HHL","glcm","Idm","0.7756439116678979"
"wavelet-HHL","glcm","Idmn","0.9876988302946628"
"wavelet-HHL","glcm","Idn","0.9358310080643173"
"wavelet-HHL","glcm","Imc1","-0.025061687076253"
"wavelet-HHL","glcm","Imc2","0.17422952838412664"
"wavelet-HHL","glcm","InverseVariance","0.44474133130200527"
"wavelet-HHL","glcm","JointAverage","3.4955832338482447"
"wavelet-HHL","glcm","JointEnergy","0.2514771921431451"
"wavelet-HHL","glcm","JointEntropy","2.0748255166208067"
"wavelet-HHL","glcm","MCC","0.19211950560800503"
"wavelet-HHL","glcm","MaximumProbability","0.2812754663786303"
"wavelet-HHL","glcm","SumAverage","6.991166467696489"
"wavelet-HHL","glcm","SumEntropy","1.601980098304165"
"wavelet-HHL","glcm","SumSquares","0.26139090601729537"
"wavelet-HHL","gldm","DependenceEntropy","5.028162331884477"
"wavelet-HHL","gldm","DependenceNonUniformity","12765.693610749891"
"wavelet-HHL","gldm","DependenceNonUniformityNormalized","0.07377947470452184"
"wavelet-HHL","gldm","DependenceVariance","15.382855221091686"
"wavelet-HHL","gldm","GrayLevelNonUniformity","85437.61725184222"
"wavelet-HHL","gldm","GrayLevelVariance","0.26263593935571217"
"wavelet-HHL","gldm","HighGrayLevelEmphasis","12.480433463372345"
"wavelet-HHL","gldm","LargeDependenceEmphasis","208.64130039011704"
"wavelet-HHL","gldm","LargeDependenceHighGrayLevelEmphasis","2589.4722207773443"
"wavelet-HHL","gldm","LargeDependenceLowGrayLevelEmphasis","18.250995904573845"
"wavelet-HHL","gldm","LowGrayLevelEmphasis","0.0873884843230747"
"wavelet-HHL","gldm","SmallDependenceEmphasis","0.00957629084854911"
"wavelet-HHL","gldm","SmallDependenceHighGrayLevelEmphasis","0.12424022117881571"
"wavelet-HHL","gldm","SmallDependenceLowGrayLevelEmphasis","0.0008982483450338056"
"wavelet-HHL","glrlm","GrayLevelNonUniformity","42638.69568911355"
"wavelet-HHL","glrlm","GrayLevelNonUniformityNormalized","0.48912387344666236"
"wavelet-HHL","glrlm","GrayLevelVariance","0.27209330873251686"
"wavelet-HHL","glrlm","HighGrayLevelRunEmphasis","12.52267925313822"
"wavelet-HHL","glrlm","LongRunEmphasis","6.258895611204646"
"wavelet-HHL","glrlm","LongRunHighGrayLevelEmphasis","77.81358987546545"
"wavelet-HHL","glrlm","LongRunLowGrayLevelEmphasis","0.5474492763159671"
"wavelet-HHL","glrlm","LowGrayLevelRunEmphasis","0.08742648711243037"
"wavelet-HHL","glrlm","RunEntropy","3.056968850295563"
"wavelet-HHL","glrlm","RunLengthNonUniformity","30044.760478455144"
"wavelet-HHL","glrlm","RunLengthNonUniformityNormalized","0.33963511943870145"
"wavelet-HHL","glrlm","RunPercentage","0.5037791337401221"
"wavelet-HHL","glrlm","RunVariance","2.0980625441162495"
"wavelet-HHL","glrlm","ShortRunEmphasis","0.5766425910978141"
"wavelet-HHL","glrlm","ShortRunHighGrayLevelEmphasis","7.248074902638982"
"wavelet-HHL","glrlm","ShortRunLowGrayLevelEmphasis","0.05047815883264839"
"wavelet-HHL","glszm","GrayLevelNonUniformity","122.710407239819"
"wavelet-HHL","glszm","GrayLevelNonUniformityNormalized","0.27762535574619684"
"wavelet-HHL","glszm","GrayLevelVariance","1.5984367641940174"
"wavelet-HHL","glszm","HighGrayLevelZoneEmphasis","14.52262443438914"
"wavelet-HHL","glszm","LargeAreaEmphasis","27479598.509049773"
"wavelet-HHL","glszm","LargeAreaHighGrayLevelEmphasis","341734981.0656109"
"wavelet-HHL","glszm","LargeAreaLowGrayLevelEmphasis","2397607.122701735"
"wavelet-HHL","glszm","LowGrayLevelZoneEmphasis","0.12108534439416792"
"wavelet-HHL","glszm","SizeZoneNonUniformity","134.39819004524887"
"wavelet-HHL","glszm","SizeZoneNonUniformityNormalized","0.30406830326979384"
"wavelet-HHL","glszm","SmallAreaEmphasis","0.5681922547249844"
"wavelet-HHL","glszm","SmallAreaHighGrayLevelEmphasis","8.278942095442583"
"wavelet-HHL","glszm","SmallAreaLowGrayLevelEmphasis","0.06969522491550381"
"wavelet-HHL","glszm","ZoneEntropy","4.473517197261712"
"wavelet-HHL","glszm","ZonePercentage","0.002554544141020084"
"wavelet-HHL","glszm","ZoneVariance","27326358.14426916"
"wavelet-HHL","ngtdm","Busyness","1305.3774791272508"
"wavelet-HHL","ngtdm","Coarseness","2.6669086465174242e-05"
"wavelet-HHL","ngtdm","Complexity","7.489761558379334"
"wavelet-HHL","ngtdm","Contrast","0.007760151475028156"
"wavelet-HHL","ngtdm","Strength","0.0004975077453038741"
"wavelet-HHH","firstorder","10Percentile","-3.084676963076674"
"wavelet-HHH","firstorder","90Percentile","3.0876514798899146"
"wavelet-HHH","firstorder","Energy","1321020.2091101443"
"wavelet-HHH","firstorder","Entropy","0.999997165246161"
"wavelet-HHH","firstorder","InterquartileRange","2.9145179393300618"
"wavelet-HHH","firstorder","Kurtosis","6.074317781232101"
"wavelet-HHH","firstorder","Maximum","20.349179589551856"
"wavelet-HHH","firstorder","MeanAbsoluteDeviation","1.993878450413383"
"wavelet-HHH","firstorder","Mean","-0.000781773061170441"
"wavelet-HHH","firstorder","Median","0.004470899761043076"
"wavelet-HHH","firstorder","Minimum","-22.7353101839385"
"wavelet-HHH","firstorder","Range","43.084489773490354"
"wavelet-HHH","firstorder","RobustMeanAbsoluteDeviation","1.2356533553153126"
"wavelet-HHH","firstorder","RootMeanSquared","2.7631235339179194"
"wavelet-HHH","firstorder","Skewness","-0.045514062245058405"
"wavelet-HHH","firstorder","TotalEnergy","385543.4468853811"
"wavelet-HHH","firstorder","Uniformity","0.5000019649003437"
"wavelet-HHH","firstorder","Variance","7.6348510525219355"
"wavelet-HHH","glcm","Autocorrelation","2.2562707800625694"
"wavelet-HHH","glcm","ClusterProminence","0.5042275023333457"
"wavelet-HHH","glcm","ClusterShade","-0.0014096543343478695"
"wavelet-HHH","glcm","ClusterTendency","0.5042273953256257"
"wavelet-HHH","glcm","Contrast","0.4957646887199868"
"wavelet-HHH","glcm","Correlation","0.008462742275132194"
"wavelet-HHH","glcm","DifferenceAverage","0.4957646887199868"
"wavelet-HHH","glcm","DifferenceEntropy","0.9974899991033618"
"wavelet-HHH","glcm","DifferenceVariance","0.24913209498513902"
"wavelet-HHH","glcm","Id","0.7521176556400064"
"wavelet-HHH","glcm","Idm","0.7521176556400064"
"wavelet-HHH","glcm","Idmn","0.9008470622560026"
"wavelet-HHH","glcm","Idn","0.8347451037600043"
"wavelet-HHH","glcm","Imc1","-0.0025100028656085444"
"wavelet-HHH","glcm","Imc2","0.050937898693419054"
"wavelet-HHH","glcm","InverseVariance","0.4957646887199868"
"wavelet-HHH","glcm","JointAverage","1.5013843748075213"
"wavelet-HHH","glcm","JointEnergy","0.25087186299205466"
"wavelet-HHH","glcm","JointEntropy","1.9974785904189991"
"wavelet-HHH","glcm","MCC","0.042515052018013345"
"wavelet-HHH","glcm","MaximumProbability","0.26158809010933487"
"wavelet-HHH","glcm","SumAverage","3.0027687496150426"
"wavelet-HHH","glcm","SumEntropy","1.5017139016990124"
"wavelet-HHH","glcm","SumSquares","0.24999802101140314"
"wavelet-HHH","gldm","DependenceEntropy","4.548159093732798"
"wavelet-HHH","gldm","DependenceNonUniformity","17963.06888021962"
"wavelet-HHH","gldm","DependenceNonUniformityNormalized","0.10381776552648242"
"wavelet-HHH","gldm","DependenceVariance","8.851475321671137"
"wavelet-HHH","gldm","GrayLevelNonUniformity","86512.83997688195"
"wavelet-HHH","gldm","GrayLevelVariance","0.2499990175498282"
"wavelet-HHH","gldm","HighGrayLevelEmphasis","2.502973558734287"
"wavelet-HHH","gldm","LargeDependenceEmphasis","172.02000288975583"
"wavelet-HHH","gldm","LargeDependenceHighGrayLevelEmphasis","432.201849443722"
"wavelet-HHH","gldm","LargeDependenceLowGrayLevelEmphasis","106.97454125126427"
"wavelet-HHH","gldm","LowGrayLevelEmphasis","0.6242566103164282"
"wavelet-HHH","gldm","SmallDependenceEmphasis","0.008609297777405607"
"wavelet-HHH","gldm","SmallDependenceHighGrayLevelEmphasis","0.02147557455659118"
"wavelet-HHH","gldm","SmallDependenceLowGrayLevelEmphasis","0.005392728582609213"
"wavelet-HHH","glrlm","GrayLevelNonUniformity","47336.56934477777"
"wavelet-HHH","glrlm","GrayLevelNonUniformityNormalized","0.5000007333591736"
"wavelet-HHH","glrlm","GrayLevelVariance","0.24999963332041317"
"wavelet-HHH","glrlm","HighGrayLevelRunEmphasis","2.4986383031503583"
"wavelet-HHH","glrlm","LongRunEmphasis","4.964782720388325"
"wavelet-HHH","glrlm","LongRunHighGrayLevelEmphasis","12.449096334971092"
"wavelet-HHH","glrlm","LongRunLowGrayLevelEmphasis","3.093704316742631"
"wavelet-HHH","glrlm","LowGrayLevelRunEmphasis","0.6253404242124104"
"wavelet-HHH","glrlm","RunEntropy","2.792068002080836"
"wavelet-HHH","glrlm","RunLengthNonUniformity","36304.41106156141"
"wavelet-HHH","glrlm","RunLengthNonUniformityNormalized","0.38180431629720196"
"wavelet-HHH","glrlm","RunPercentage","0.5471637046669556"
"wavelet-HHH","glrlm","RunVariance","1.576176009592375"
"wavelet-HHH","glrlm","ShortRunEmphasis","0.6214626093733292"
"wavelet-HHH","glrlm","ShortRunHighGrayLevelEmphasis","1.5498280949519143"
"wavelet-HHH","glrlm","ShortRunLowGrayLevelEmphasis","0.38937123797868295"
"wavelet-HHH","glszm","GrayLevelNonUniformity","38.04"
"wavelet-HHH","glszm","GrayLevelNonUniformityNormalized","0.5072"
"wavelet-HHH","glszm","GrayLevelVariance","0.2464"
"wavelet-HHH","glszm","HighGrayLevelZoneEmphasis","2.32"
"wavelet-HHH","glszm","LargeAreaEmphasis","164396027.77333334"
"wavelet-HHH","glszm","LargeAreaHighGrayLevelEmphasis","411942943.53333336"
"wavelet-HHH","glszm","LargeAreaLowGrayLevelEmphasis","102509298.83333333"
"wavelet-HHH","glszm","LowGrayLevelZoneEmphasis","0.67"
"wavelet-HHH","glszm","SizeZoneNonUniformity","17.586666666666666"
"wavelet-HHH","glszm","SizeZoneNonUniformityNormalized","0.23448888888888889"
"wavelet-HHH","glszm","SmallAreaEmphasis","0.498129217609118"
"wavelet-HHH","glszm","SmallAreaHighGrayLevelEmphasis","1.115289782748176"
"wavelet-HHH","glszm","SmallAreaLowGrayLevelEmphasis","0.34383907632435334"
"wavelet-HHH","glszm","ZoneEntropy","3.908736112988616"
"wavelet-HHH","glszm","ZonePercentage","0.00043346337234503684"
"wavelet-HHH","glszm","ZoneVariance","159073778.77333334"
"wavelet-HHH","ngtdm","Busyness","42523.53560032417"
"wavelet-HHH","ngtdm","Coarseness","2.337736097453455e-05"
"wavelet-HHH","ngtdm","Complexity","0.49445372705352847"
"wavelet-HHH","ngtdm","Contrast","0.12361305678738287"
"wavelet-HHH","ngtdm","Strength","2.3377340020315265e-05"
"wavelet-LLL","firstorder","10Percentile","-298.1977784616076"
"wavelet-LLL","firstorder","90Percentile","270.84022953107103"
"wavelet-LLL","firstorder","Energy","28773768883.65525"
"wavelet-LLL","firstorder","Entropy","5.200432389365094"
"wavelet-LLL","firstorder","InterquartileRange","224.4913764438465"
"wavelet-LLL","firstorder","Kurtosis","14.112229391976749"
"wavelet-LLL","firstorder","Maximum","1808.7075891063905"
"wavelet-LLL","firstorder","MeanAbsoluteDeviation","238.80374955388433"
"wavelet-LLL","firstorder","Mean","-4.31261656253655"
"wavelet-LLL","firstorder","Median","93.20117937962009"
"wavelet-LLL","firstorder","Minimum","-2606.4341766920634"
"wavelet-LLL","firstorder","Range","4415.141765798454"
"wavelet-LLL","firstorder","RobustMeanAbsoluteDeviation","104.4031628411023"
"wavelet-LLL","firstorder","RootMeanSquared","407.79692487619195"
"wavelet-LLL","firstorder","Skewness","-3.0721224187861504"
"wavelet-LLL","firstorder","TotalEnergy","8397705015.24766"
"wavelet-LLL","firstorder","Uniformity","0.040824966738685076"
"wavelet-LLL","firstorder","Variance","166279.73327686306"
"wavelet-LLL","glcm","Autocorrelation","11551.80484859392"
"wavelet-LLL","glcm","ClusterProminence","10069253.051443534"
"wavelet-LLL","glcm","ClusterShade","-71019.02469262891"
"wavelet-LLL","glcm","ClusterTendency","767.606080192938"
"wavelet-LLL","glcm","Contrast","72.0649699230415"
"wavelet-LLL","glcm","Correlation","0.823778601272912"
"wavelet-LLL","glcm","DifferenceAverage","4.024218839230068"
"wavelet-LLL","glcm","DifferenceEntropy","3.313926652278113"
"wavelet-LLL","glcm","DifferenceVariance","55.260105623578674"
"wavelet-LLL","glcm","Id","0.4458869468777218"
"wavelet-LLL","glcm","Idm","0.38568634172333766"
"wavelet-LLL","glcm","Idmn","0.9978111839115194"
"wavelet-LLL","glcm","Idn","0.9793302356369556"
"wavelet-LLL","glcm","Imc1","-0.25082409959584867"
"wavelet-LLL","glcm","Imc2","0.9541719800541457"
"wavelet-LLL","glcm","InverseVariance","0.3582274071935443"
"wavelet-LLL","glcm","JointAverage","106.6667684260552"
"wavelet-LLL","glcm","JointEnergy","0.006217173728662476"
"wavelet-LLL","glcm","JointEntropy","8.831001455453729"
"wavelet-LLL","glcm","MCC","0.8616957420755237"
"wavelet-LLL","glcm","MaximumProbability","0.017492476141538815"
"wavelet-LLL","glcm","SumAverage","213.3335368521105"
"wavelet-LLL","glcm","SumEntropy","6.010664189928784"
"wavelet-LLL","glcm","SumSquares","209.9177625289949"
"wavelet-LLL","gldm","DependenceEntropy","8.499770913495897"
"wavelet-LLL","gldm","DependenceNonUniformity","15997.25424071666"
"wavelet-LLL","gldm","DependenceNonUniformityNormalized","0.0924563169525598"
"wavelet-LLL","gldm","DependenceVariance","13.716403514679602"
"wavelet-LLL","gldm","GrayLevelNonUniformity","7063.7398699609885"
"wavelet-LLL","gldm","GrayLevelVariance","266.1608955444212"
"wavelet-LLL","gldm","HighGrayLevelEmphasis","11360.026487501806"
"wavelet-LLL","gldm","LargeDependenceEmphasis","42.590232625343155"
"wavelet-LLL","gldm","LargeDependenceHighGrayLevelEmphasis","518575.2154833117"
"wavelet-LLL","gldm","LargeDependenceLowGrayLevelEmphasis","0.0037621251730223506"
"wavelet-LLL","gldm","LowGrayLevelEmphasis","0.00015342248370697618"
"wavelet-LLL","gldm","SmallDependenceEmphasis","0.208885002549045"
"wavelet-LLL","gldm","SmallDependenceHighGrayLevelEmphasis","1904.3026176391372"
"wavelet-LLL","gldm","SmallDependenceLowGrayLevelEmphasis","6.0426277756578494e-05"
"wavelet-LLL","glrlm","GrayLevelNonUniformity","5348.429419441714"
"wavelet-LLL","glrlm","GrayLevelNonUniformityNormalized","0.03713567143495683"
"wavelet-LLL","glrlm","GrayLevelVariance","305.67946814008263"
"wavelet-LLL","glrlm","HighGrayLevelRunEmphasis","11197.409531207182"
"wavelet-LLL","glrlm","LongRunEmphasis","1.7729125598712012"
"wavelet-LLL","glrlm","LongRunHighGrayLevelEmphasis","20595.197474692126"
"wavelet-LLL","glrlm","LongRunLowGrayLevelEmphasis","0.0002366425357793616"
"wavelet-LLL","glrlm","LowGrayLevelRunEmphasis","0.00016560708046651362"
"wavelet-LLL","glrlm","RunEntropy","6.074778866369926"
"wavelet-LLL","glrlm","RunLengthNonUniformity","106097.81535185929"
"wavelet-LLL","glrlm","RunLengthNonUniformityNormalized","0.7356497641557349"
"wavelet-LLL","glrlm","RunPercentage","0.8317908705945118"
"wavelet-LLL","glrlm","RunVariance","0.3197956700548606"
"wavelet-LLL","glrlm","ShortRunEmphasis","0.8811675211243923"
"wavelet-LLL","glrlm","ShortRunHighGrayLevelEmphasis","9753.692728843349"
"wavelet-LLL","glrlm","ShortRunLowGrayLevelEmphasis","0.00015416181464528343"
"wavelet-LLL","glszm","GrayLevelNonUniformity","624.9679049513467"
"wavelet-LLL","glszm","GrayLevelNonUniformityNormalized","0.016799309310019533"
"wavelet-LLL","glszm","GrayLevelVariance","668.570426357293"
"wavelet-LLL","glszm","HighGrayLevelZoneEmphasis","8947.93650878985"
"wavelet-LLL","glszm","LargeAreaEmphasis","10909.588167302833"
"wavelet-LLL","glszm","LargeAreaHighGrayLevelEmphasis","135373459.25985163"
"wavelet-LLL","glszm","LargeAreaLowGrayLevelEmphasis","0.8828888724981766"
"wavelet-LLL","glszm","LowGrayLevelZoneEmphasis","0.00031624214521829214"
"wavelet-LLL","glszm","SizeZoneNonUniformity","18818.519111875707"
"wavelet-LLL","glszm","SizeZoneNonUniformityNormalized","0.5058469736002287"
"wavelet-LLL","glszm","SmallAreaEmphasis","0.738675769874441"
"wavelet-LLL","glszm","SmallAreaHighGrayLevelEmphasis","6193.759923687464"
"wavelet-LLL","glszm","SmallAreaLowGrayLevelEmphasis","0.00024208519027792234"
"wavelet-LLL","glszm","ZoneEntropy","8.009723702393892"
"wavelet-LLL","glszm","ZonePercentage","0.21500939170640082"
"wavelet-LLL","glszm","ZoneVariance","10887.956741861764"
"wavelet-LLL","ngtdm","Busyness","0.29030215198381915"
"wavelet-LLL","ngtdm","Coarseness","0.00011611777130544041"
"wavelet-LLL","ngtdm","Complexity","28073.099051040954"
"wavelet-LLL","ngtdm","Contrast","0.04361596099841683"
"wavelet-LLL","ngtdm","Strength","2.644496744183078"
