"Image type","Feature Class","Feature Name","Segmentation_32_segment_Segment_1"
"diagnostics","Versions","PyRadiomics","v3.0.1.post4+gad5b2de"
"diagnostics","Versions","Numpy","1.19.2"
"diagnostics","Versions","SimpleITK","2.0.2"
"diagnostics","Versions","PyWavelet","1.1.1"
"diagnostics","Versions","Python","3.6.7"
"diagnostics","Configuration","Settings","{'minimumROIDimensions': 2, 'minimumROISize': None, 'normalize': False, 'normalizeScale': 1, 'removeOutliers': None, 'resampledPixelSpacing': None, 'interpolator': 'sitkBSpline', 'preCrop': False, 'padDistance': 5, 'distances': [1], 'force2D': False, 'force2Ddimension': 0, 'resegmentRange': None, 'label': 1, 'additionalInfo': True, 'binWidth': 19.0, 'symmetricalGLCM': True, 'correctMask': True}"
"diagnostics","Configuration","EnabledImageTypes","{'Original': {}, 'Wavelet': {}}"
"diagnostics","Image-original","Hash","5dd9264f9cfe947d42bcdce533670200b9e5ee8c"
"diagnostics","Image-original","Dimensionality","3D"
"diagnostics","Image-original","Spacing","(0.7109375, 0.7109375, 5.000000049999998)"
"diagnostics","Image-original","Size","(512, 512, 61)"
"diagnostics","Image-original","Mean","-965.4277237438765"
"diagnostics","Image-original","Minimum","-1024.0"
"diagnostics","Image-original","Maximum","-769.0"
"diagnostics","Mask-original","Hash","e9e9da0b09ab58919d110a69209497793146a102"
"diagnostics","Mask-original","Spacing","(0.7109375, 0.7109375, 5.000000049999998)"
"diagnostics","Mask-original","Size","(512, 512, 61)"
"diagnostics","Mask-original","BoundingBox","(111, 222, 23, 255, 137, 20)"
"diagnostics","Mask-original","VoxelNum","518"
"diagnostics","Mask-original","VolumeNum","3"
"diagnostics","Mask-original","CenterOfMassIndex","(185.32046332046332, 274.1621621621622, 35.78378378378378)"
"diagnostics","Mask-original","CenterOfMass","(-54.805343108108104, 13.26763116216219, 936.8125977081081)"
"original","shape","Elongation","0.3617783142856893"
"original","shape","Flatness","0.03378157200811297"
"original","shape","LeastAxisLength","10.644897035381474"
"original","shape","MajorAxisLength","315.1095820178232"
"original","shape","Maximum2DDiameterColumn","16.916184324417134"
"original","shape","Maximum2DDiameterRow","17.618684238193158"
"original","shape","Maximum2DDiameterSlice","13.9677056726512"
"original","shape","Maximum3DDiameter","213.51105583589847"
"original","shape","MeshVolume","1232.8332134189084"
"original","shape","MinorAxisLength","113.99981339767622"
"original","shape","Sphericity","0.5340303595133185"
"original","shape","SurfaceArea","1041.168598221543"
"original","shape","SurfaceVolumeRatio","0.8445332157576786"
"original","shape","VoxelVolume","1309.069226957879"
"original","firstorder","10Percentile","-1024.0"
"original","firstorder","90Percentile","-935.7"
"original","firstorder","Energy","525909436.0"
"original","firstorder","Entropy","1.3446941524813094"
"original","firstorder","InterquartileRange","0.0"
"original","firstorder","Kurtosis","5.883779977540133"
"original","firstorder","Maximum","-882.0"
"original","firstorder","MeanAbsoluteDeviation","26.251904414066544"
"original","firstorder","Mean","-1006.957528957529"
"original","firstorder","Median","-1024.0"
"original","firstorder","Minimum","-1024.0"
"original","firstorder","Range","142.0"
"original","firstorder","RobustMeanAbsoluteDeviation","11.033082208182112"
"original","firstorder","RootMeanSquared","1007.6056676434395"
"original","firstorder","Skewness","2.0512835844067534"
"original","firstorder","TotalEnergy","1329057642.537402"
"original","firstorder","Uniformity","0.6216887047002878"
"original","firstorder","Variance","1305.7163429286984"
"original","glcm","Autocorrelation","3.5274975910012185"
"original","glcm","ClusterProminence","397.8101053834889"
"original","glcm","ClusterShade","43.88121645944572"
"original","glcm","ClusterTendency","6.68580932153056"
"original","glcm","Contrast","2.010047100294906"
"original","glcm","Correlation","0.42139649182062333"
"original","glcm","DifferenceAverage","0.48493454783593365"
"original","glcm","DifferenceEntropy","0.9925168425619009"
"original","glcm","DifferenceVariance","1.7655437526531539"
"original","glcm","Id","0.8890425759418681"
"original","glcm","Idm","0.8738443835131817"
"original","glcm","Idmn","0.9772184895115127"
"original","glcm","Idn","0.95914722873268"
"original","glcm","Imc1","-0.34345289615223495"
"original","glcm","Imc2","0.6573057416807256"
"original","glcm","InverseVariance","0.05890374036509264"
"original","glcm","JointAverage","1.5148244447493087"
"original","glcm","JointEnergy","0.6753822336477782"
"original","glcm","JointEntropy","1.5203659746848432"
"original","glcm","MCC","0.6990823048314603"
"original","glcm","MaximumProbability","0.8186587355577308"
"original","glcm","SumAverage","3.029648889498617"
"original","glcm","SumEntropy","1.2665170521276974"
"original","glcm","SumSquares","2.1739641054563665"
"original","gldm","DependenceEntropy","5.14097141361196"
"original","gldm","DependenceNonUniformity","28.88030888030888"
"original","gldm","DependenceNonUniformityNormalized","0.05575349204692834"
"original","gldm","DependenceVariance","46.88090517434147"
"original","gldm","GrayLevelNonUniformity","322.03474903474904"
"original","gldm","GrayLevelVariance","3.1777589779520286"
"original","gldm","HighGrayLevelEmphasis","6.44980694980695"
"original","gldm","LargeDependenceEmphasis","172.4247104247104"
"original","gldm","LargeDependenceHighGrayLevelEmphasis","256.4189189189189"
"original","gldm","LargeDependenceLowGrayLevelEmphasis","169.87942074271794"
"original","gldm","LowGrayLevelEmphasis","0.8019226962020329"
"original","gldm","SmallDependenceEmphasis","0.0714290699854158"
"original","gldm","SmallDependenceHighGrayLevelEmphasis","1.2261606212645861"
"original","gldm","SmallDependenceLowGrayLevelEmphasis","0.0199457236708236"
"original","glrlm","GrayLevelNonUniformity","149.71608631887744"
"original","glrlm","GrayLevelNonUniformityNormalized","0.4450151439858444"
"original","glrlm","GrayLevelVariance","4.296945543033436"
"original","glrlm","HighGrayLevelRunEmphasis","9.681221099004308"
"original","glrlm","LongRunEmphasis","7.464167281301988"
"original","glrlm","LongRunHighGrayLevelEmphasis","22.921260007015153"
"original","glrlm","LongRunLowGrayLevelEmphasis","6.933602374954352"
"original","glrlm","LowGrayLevelRunEmphasis","0.6753815586114704"
"original","glrlm","RunEntropy","3.162505902644104"
"original","glrlm","RunLengthNonUniformity","164.75447805694301"
"original","glrlm","RunLengthNonUniformityNormalized","0.479557315963373"
"original","glrlm","RunPercentage","0.6075141075141075"
"original","glrlm","RunVariance","3.1590408673581205"
"original","glrlm","ShortRunEmphasis","0.7050682680169744"
"original","glrlm","ShortRunHighGrayLevelEmphasis","8.512659823147631"
"original","glrlm","ShortRunLowGrayLevelEmphasis","0.40800634124959245"
"original","glszm","GrayLevelNonUniformity","5.837209302325581"
"original","glszm","GrayLevelNonUniformityNormalized","0.1357490535424554"
"original","glszm","GrayLevelVariance","4.250946457544619"
"original","glszm","HighGrayLevelZoneEmphasis","19.697674418604652"
"original","glszm","LargeAreaEmphasis","2152.186046511628"
"original","glszm","LargeAreaHighGrayLevelEmphasis","2627.3255813953488"
"original","glszm","LargeAreaLowGrayLevelEmphasis","2136.603721886041"
"original","glszm","LowGrayLevelZoneEmphasis","0.2184778911564626"
"original","glszm","SizeZoneNonUniformity","9.604651162790697"
"original","glszm","SizeZoneNonUniformityNormalized","0.22336398053001622"
"original","glszm","SmallAreaEmphasis","0.47135139511396285"
"original","glszm","SmallAreaHighGrayLevelEmphasis","8.710073760890593"
"original","glszm","SmallAreaLowGrayLevelEmphasis","0.07010878646101756"
"original","glszm","ZoneEntropy","4.6934792894851824"
"original","glszm","ZonePercentage","0.08301158301158301"
"original","glszm","ZoneVariance","2007.06760411033"
"original","ngtdm","Busyness","4.973967386344817"
"original","ngtdm","Coarseness","0.016379713562377617"
"original","ngtdm","Complexity","11.583555482551196"
"original","ngtdm","Contrast","0.04226750741995485"
"original","ngtdm","Strength","1.2996077562213082"
"wavelet-LLH","firstorder","10Percentile","-3.342910222400671"
"wavelet-LLH","firstorder","90Percentile","64.00439468335202"
"wavelet-LLH","firstorder","Energy","689876.1702211787"
"wavelet-LLH","firstorder","Entropy","2.452796582241857"
"wavelet-LLH","firstorder","InterquartileRange","17.127752644320054"
"wavelet-LLH","firstorder","Kurtosis","6.555568242584839"
"wavelet-LLH","firstorder","Maximum","108.61755989736147"
"wavelet-LLH","firstorder","MeanAbsoluteDeviation","22.702091413323778"
"wavelet-LLH","firstorder","Mean","10.557081224054226"
"wavelet-LLH","firstorder","Median","0.21182416822991712"
"wavelet-LLH","firstorder","Minimum","-142.24353948459262"
"wavelet-LLH","firstorder","Range","250.8610993819541"
"wavelet-LLH","firstorder","RobustMeanAbsoluteDeviation","11.7058593981725"
"wavelet-LLH","firstorder","RootMeanSquared","36.493934816887915"
"wavelet-LLH","firstorder","Skewness","-0.35257362931367314"
"wavelet-LLH","firstorder","TotalEnergy","1743427.9244171826"
"wavelet-LLH","firstorder","Uniformity","0.26731861480896235"
"wavelet-LLH","firstorder","Variance","1220.3553144479854"
"wavelet-LLH","glcm","Autocorrelation","74.9675213415191"
"wavelet-LLH","glcm","ClusterProminence","424.87035178304063"
"wavelet-LLH","glcm","ClusterShade","-7.318630261445747"
"wavelet-LLH","glcm","ClusterTendency","7.338352650398919"
"wavelet-LLH","glcm","Contrast","4.482238777551869"
"wavelet-LLH","glcm","Correlation","0.13414267329732596"
"wavelet-LLH","glcm","DifferenceAverage","1.192039843609552"
"wavelet-LLH","glcm","DifferenceEntropy","1.9568003147302901"
"wavelet-LLH","glcm","DifferenceVariance","2.879924714132405"
"wavelet-LLH","glcm","Id","0.6481615796128336"
"wavelet-LLH","glcm","Idm","0.6220175281567291"
"wavelet-LLH","glcm","Idmn","0.9807631209333092"
"wavelet-LLH","glcm","Idn","0.9313427457452617"
"wavelet-LLH","glcm","Imc1","-0.23609899928367567"
"wavelet-LLH","glcm","Imc2","0.7598244358083354"
"wavelet-LLH","glcm","InverseVariance","0.4222102461232424"
"wavelet-LLH","glcm","JointAverage","8.613534571589103"
"wavelet-LLH","glcm","JointEnergy","0.13852971457562965"
"wavelet-LLH","glcm","JointEntropy","3.8204418142461614"
"wavelet-LLH","glcm","MCC","0.6088724160462737"
"wavelet-LLH","glcm","MaximumProbability","0.23895543220507712"
"wavelet-LLH","glcm","SumAverage","17.227069143178205"
"wavelet-LLH","glcm","SumEntropy","2.8221376654640986"
"wavelet-LLH","glcm","SumSquares","2.955147856987698"
"wavelet-LLH","gldm","DependenceEntropy","5.646493519612239"
"wavelet-LLH","gldm","DependenceNonUniformity","42.30888030888031"
"wavelet-LLH","gldm","DependenceNonUniformityNormalized","0.08167737511366854"
"wavelet-LLH","gldm","DependenceVariance","16.891519208121522"
"wavelet-LLH","gldm","GrayLevelNonUniformity","138.47104247104247"
"wavelet-LLH","gldm","GrayLevelVariance","3.6474448800703625"
"wavelet-LLH","gldm","HighGrayLevelEmphasis","83.64285714285714"
"wavelet-LLH","gldm","LargeDependenceEmphasis","61.714285714285715"
"wavelet-LLH","gldm","LargeDependenceHighGrayLevelEmphasis","4555.832046332046"
"wavelet-LLH","gldm","LargeDependenceLowGrayLevelEmphasis","0.9030455640409825"
"wavelet-LLH","gldm","LowGrayLevelEmphasis","0.01836730403569814"
"wavelet-LLH","gldm","SmallDependenceEmphasis","0.10057085862629386"
"wavelet-LLH","gldm","SmallDependenceHighGrayLevelEmphasis","8.35816407088974"
"wavelet-LLH","gldm","SmallDependenceLowGrayLevelEmphasis","0.0038658330774075434"
"wavelet-LLH","glrlm","GrayLevelNonUniformity","95.49945766916373"
"wavelet-LLH","glrlm","GrayLevelNonUniformityNormalized","0.23023759923222162"
"wavelet-LLH","glrlm","GrayLevelVariance","4.252436992023572"
"wavelet-LLH","glrlm","HighGrayLevelRunEmphasis","85.75914211745506"
"wavelet-LLH","glrlm","LongRunEmphasis","3.080016118692426"
"wavelet-LLH","glrlm","LongRunHighGrayLevelEmphasis","240.75150658490656"
"wavelet-LLH","glrlm","LongRunLowGrayLevelEmphasis","0.0504953518939883"
"wavelet-LLH","glrlm","LowGrayLevelRunEmphasis","0.01964136625550312"
"wavelet-LLH","glrlm","RunEntropy","3.450084140100552"
"wavelet-LLH","glrlm","RunLengthNonUniformity","295.3557635949979"
"wavelet-LLH","glrlm","RunLengthNonUniformityNormalized","0.6877851384554083"
"wavelet-LLH","glrlm","RunPercentage","0.780962280962281"
"wavelet-LLH","glrlm","RunVariance","1.0275399294209315"
"wavelet-LLH","glrlm","ShortRunEmphasis","0.8411607585386384"
"wavelet-LLH","glrlm","ShortRunHighGrayLevelEmphasis","73.01419212451474"
"wavelet-LLH","glrlm","ShortRunLowGrayLevelEmphasis","0.017162743358587803"
"wavelet-LLH","glszm","GrayLevelNonUniformity","6.483870967741935"
"wavelet-LLH","glszm","GrayLevelNonUniformityNormalized","0.10457856399583768"
"wavelet-LLH","glszm","GrayLevelVariance","8.091571279916755"
"wavelet-LLH","glszm","HighGrayLevelZoneEmphasis","85.64516129032258"
"wavelet-LLH","glszm","LargeAreaEmphasis","667.3870967741935"
"wavelet-LLH","glszm","LargeAreaHighGrayLevelEmphasis","46853.854838709674"
"wavelet-LLH","glszm","LargeAreaLowGrayLevelEmphasis","9.872229379842153"
"wavelet-LLH","glszm","LowGrayLevelZoneEmphasis","0.03714926730000366"
"wavelet-LLH","glszm","SizeZoneNonUniformity","10.806451612903226"
"wavelet-LLH","glszm","SizeZoneNonUniformityNormalized","0.17429760665972946"
"wavelet-LLH","glszm","SmallAreaEmphasis","0.38431878031080347"
"wavelet-LLH","glszm","SmallAreaHighGrayLevelEmphasis","26.71392069478772"
"wavelet-LLH","glszm","SmallAreaLowGrayLevelEmphasis","0.024043064460168902"
"wavelet-LLH","glszm","ZoneEntropy","5.195816471537606"
"wavelet-LLH","glszm","ZonePercentage","0.11969111969111969"
"wavelet-LLH","glszm","ZoneVariance","597.5837669094693"
"wavelet-LLH","ngtdm","Busyness","0.3955706718707095"
"wavelet-LLH","ngtdm","Coarseness","0.014604203585607416"
"wavelet-LLH","ngtdm","Complexity","58.35668567463398"
"wavelet-LLH","ngtdm","Contrast","0.02807659630609278"
"wavelet-LLH","ngtdm","Strength","1.6963314740732998"
"wavelet-LHL","firstorder","10Percentile","-12.471154165217623"
"wavelet-LHL","firstorder","90Percentile","9.711795950131123"
"wavelet-LHL","firstorder","Energy","61829.250267250405"
"wavelet-LHL","firstorder","Entropy","1.4740057265366384"
"wavelet-LHL","firstorder","InterquartileRange","0.8701196466282832"
"wavelet-LHL","firstorder","Kurtosis","10.485540893979868"
"wavelet-LHL","firstorder","Maximum","73.66228612007333"
"wavelet-LHL","firstorder","MeanAbsoluteDeviation","5.609825872899087"
"wavelet-LHL","firstorder","Mean","0.23769974365987692"
"wavelet-LHL","firstorder","Median","-1.4570458016585434e-13"
"wavelet-LHL","firstorder","Minimum","-46.027390496306765"
"wavelet-LHL","firstorder","Range","119.6896766163801"
"wavelet-LHL","firstorder","RobustMeanAbsoluteDeviation","1.538071642596859"
"wavelet-LHL","firstorder","RootMeanSquared","10.92526828056931"
"wavelet-LHL","firstorder","Skewness","0.8595324843973715"
"wavelet-LHL","firstorder","TotalEnergy","156252.4495187929"
"wavelet-LHL","firstorder","Uniformity","0.44403780504166596"
"wavelet-LHL","firstorder","Variance","119.30498583427793"
"wavelet-LHL","glcm","Autocorrelation","11.759181751601144"
"wavelet-LHL","glcm","ClusterProminence","6.864921798477449"
"wavelet-LHL","glcm","ClusterShade","0.6829638167036182"
"wavelet-LHL","glcm","ClusterTendency","1.2588536699173862"
"wavelet-LHL","glcm","Contrast","0.6650049298197008"
"wavelet-LHL","glcm","Correlation","0.3074999032000504"
"wavelet-LHL","glcm","DifferenceAverage","0.500180841734063"
"wavelet-LHL","glcm","DifferenceEntropy","1.2308612179437404"
"wavelet-LHL","glcm","DifferenceVariance","0.4050335095872141"
"wavelet-LHL","glcm","Id","0.7732084290447708"
"wavelet-LHL","glcm","Idm","0.7661305122522232"
"wavelet-LHL","glcm","Idmn","0.9872805155332698"
"wavelet-LHL","glcm","Idn","0.93962082220114"
"wavelet-LHL","glcm","Imc1","-0.1204718714168088"
"wavelet-LHL","glcm","Imc2","0.5074545226137833"
"wavelet-LHL","glcm","InverseVariance","0.39352113736096367"
"wavelet-LHL","glcm","JointAverage","3.4073372746406703"
"wavelet-LHL","glcm","JointEnergy","0.22548064549989125"
"wavelet-LHL","glcm","JointEntropy","2.7180827823895064"
"wavelet-LHL","glcm","MCC","0.4243552577265852"
"wavelet-LHL","glcm","MaximumProbability","0.3732262896127509"
"wavelet-LHL","glcm","SumAverage","6.814674549281339"
"wavelet-LHL","glcm","SumEntropy","2.084685411816068"
"wavelet-LHL","glcm","SumSquares","0.4809646499342718"
"wavelet-LHL","gldm","DependenceEntropy","5.232627620291409"
"wavelet-LHL","gldm","DependenceNonUniformity","35.57142857142857"
"wavelet-LHL","gldm","DependenceNonUniformityNormalized","0.06867071152785438"
"wavelet-LHL","gldm","DependenceVariance","20.6807739896543"
"wavelet-LHL","gldm","GrayLevelNonUniformity","230.011583011583"
"wavelet-LHL","gldm","GrayLevelVariance","0.5059405792996526"
"wavelet-LHL","gldm","HighGrayLevelEmphasis","12.05019305019305"
"wavelet-LHL","gldm","LargeDependenceEmphasis","88.12355212355213"
"wavelet-LHL","gldm","LargeDependenceHighGrayLevelEmphasis","963.2509652509652"
"wavelet-LHL","gldm","LargeDependenceLowGrayLevelEmphasis","8.751710354669537"
"wavelet-LHL","gldm","LowGrayLevelEmphasis","0.10026462322380691"
"wavelet-LHL","gldm","SmallDependenceEmphasis","0.06055918112885491"
"wavelet-LHL","gldm","SmallDependenceHighGrayLevelEmphasis","1.109156647891882"
"wavelet-LHL","gldm","SmallDependenceLowGrayLevelEmphasis","0.005514892579858412"
"wavelet-LHL","glrlm","GrayLevelNonUniformity","155.67900666513376"
"wavelet-LHL","glrlm","GrayLevelNonUniformityNormalized","0.4090834285672056"
"wavelet-LHL","glrlm","GrayLevelVariance","0.6011857514087315"
"wavelet-LHL","glrlm","HighGrayLevelRunEmphasis","12.503735703825564"
"wavelet-LHL","glrlm","LongRunEmphasis","3.5833376559600247"
"wavelet-LHL","glrlm","LongRunHighGrayLevelEmphasis","39.75159996879325"
"wavelet-LHL","glrlm","LongRunLowGrayLevelEmphasis","0.36576243416748816"
"wavelet-LHL","glrlm","LowGrayLevelRunEmphasis","0.10042854540957347"
"wavelet-LHL","glrlm","RunEntropy","2.6863572212563573"
"wavelet-LHL","glrlm","RunLengthNonUniformity","238.52928073027462"
"wavelet-LHL","glrlm","RunLengthNonUniformityNormalized","0.5986876697326762"
"wavelet-LHL","glrlm","RunPercentage","0.7226017226017227"
"wavelet-LHL","glrlm","RunVariance","1.1693826071963684"
"wavelet-LHL","glrlm","ShortRunEmphasis","0.7855209441992402"
"wavelet-LHL","glrlm","ShortRunHighGrayLevelEmphasis","9.999471075886591"
"wavelet-LHL","glrlm","ShortRunLowGrayLevelEmphasis","0.07949591397639874"
"wavelet-LHL","glszm","GrayLevelNonUniformity","7.918918918918919"
"wavelet-LHL","glszm","GrayLevelNonUniformityNormalized","0.21402483564645727"
"wavelet-LHL","glszm","GrayLevelVariance","1.701972242512783"
"wavelet-LHL","glszm","HighGrayLevelZoneEmphasis","17.91891891891892"
"wavelet-LHL","glszm","LargeAreaEmphasis","1503.8918918918919"
"wavelet-LHL","glszm","LargeAreaHighGrayLevelEmphasis","15113.297297297297"
"wavelet-LHL","glszm","LargeAreaLowGrayLevelEmphasis","156.89628730771588"
"wavelet-LHL","glszm","LowGrayLevelZoneEmphasis","0.10510862903720046"
"wavelet-LHL","glszm","SizeZoneNonUniformity","5.756756756756757"
"wavelet-LHL","glszm","SizeZoneNonUniformityNormalized","0.1555880204528853"
"wavelet-LHL","glszm","SmallAreaEmphasis","0.36101805487413974"
"wavelet-LHL","glszm","SmallAreaHighGrayLevelEmphasis","8.938634443187691"
"wavelet-LHL","glszm","SmallAreaLowGrayLevelEmphasis","0.026278706140255858"
"wavelet-LHL","glszm","ZoneEntropy","4.357837824971458"
"wavelet-LHL","glszm","ZonePercentage","0.07142857142857142"
"wavelet-LHL","glszm","ZoneVariance","1307.8918918918919"
"wavelet-LHL","ngtdm","Busyness","2.161377588484966"
"wavelet-LHL","ngtdm","Coarseness","0.014574432316771746"
"wavelet-LHL","ngtdm","Complexity","8.368022985481442"
"wavelet-LHL","ngtdm","Contrast","0.009427333106746877"
"wavelet-LHL","ngtdm","Strength","0.3362830398531149"
"wavelet-LHH","firstorder","10Percentile","-7.405942871875368"
"wavelet-LHH","firstorder","90Percentile","5.687188211588168"
"wavelet-LHH","firstorder","Energy","35044.59965366893"
"wavelet-LHH","firstorder","Entropy","1.2396169108777262"
"wavelet-LHH","firstorder","InterquartileRange","1.5102916520632266"
"wavelet-LHH","firstorder","Kurtosis","10.97087631358854"
"wavelet-LHH","firstorder","Maximum","37.790404793417785"
"wavelet-LHH","firstorder","MeanAbsoluteDeviation","4.369684121402989"
"wavelet-LHH","firstorder","Mean","-0.7990076044622667"
"wavelet-LHH","firstorder","Median","-3.3526588471893e-30"
"wavelet-LHH","firstorder","Minimum","-49.06708277719408"
"wavelet-LHH","firstorder","Range","86.85748757061187"
"wavelet-LHH","firstorder","RobustMeanAbsoluteDeviation","1.29041424498365"
"wavelet-LHH","firstorder","RootMeanSquared","8.225184939262773"
"wavelet-LHH","firstorder","Skewness","-0.8550691346618071"
"wavelet-LHH","firstorder","TotalEnergy","88563.33393373888"
"wavelet-LHH","firstorder","Uniformity","0.48791013848928905"
"wavelet-LHH","firstorder","Variance","67.01525413308663"
"wavelet-LHH","glcm","Autocorrelation","11.472598817138975"
"wavelet-LHH","glcm","ClusterProminence","2.149133878071475"
"wavelet-LHH","glcm","ClusterShade","-0.047655859905016966"
"wavelet-LHH","glcm","ClusterTendency","0.759744833255489"
"wavelet-LHH","glcm","Contrast","0.6963767012754445"
"wavelet-LHH","glcm","Correlation","0.05579215328578462"
"wavelet-LHH","glcm","DifferenceAverage","0.548749378716906"
"wavelet-LHH","glcm","DifferenceEntropy","1.2438035709575515"
"wavelet-LHH","glcm","DifferenceVariance","0.379766414274593"
"wavelet-LHH","glcm","Id","0.747576720920001"
"wavelet-LHH","glcm","Idm","0.7403165973151193"
"wavelet-LHH","glcm","Idmn","0.9747597385726424"
"wavelet-LHH","glcm","Idn","0.9118639830554705"
"wavelet-LHH","glcm","Imc1","-0.07632677802266735"
"wavelet-LHH","glcm","Imc2","0.40295064673221465"
"wavelet-LHH","glcm","InverseVariance","0.4441303792109518"
"wavelet-LHH","glcm","JointAverage","3.3845083537038976"
"wavelet-LHH","glcm","JointEnergy","0.23044963989967826"
"wavelet-LHH","glcm","JointEntropy","2.5014310886608317"
"wavelet-LHH","glcm","MCC","0.33972367711863344"
"wavelet-LHH","glcm","MaximumProbability","0.3304106183433481"
"wavelet-LHH","glcm","SumAverage","6.769016707407796"
"wavelet-LHH","glcm","SumEntropy","1.7654146468514056"
"wavelet-LHH","glcm","SumSquares","0.36403038363273327"
"wavelet-LHH","gldm","DependenceEntropy","4.753753472203163"
"wavelet-LHH","gldm","DependenceNonUniformity","48.76061776061776"
"wavelet-LHH","gldm","DependenceNonUniformityNormalized","0.09413246671933931"
"wavelet-LHH","gldm","DependenceVariance","13.122598053099983"
"wavelet-LHH","gldm","GrayLevelNonUniformity","252.73745173745175"
"wavelet-LHH","gldm","GrayLevelVariance","0.3342861615062387"
"wavelet-LHH","gldm","HighGrayLevelEmphasis","11.372586872586872"
"wavelet-LHH","gldm","LargeDependenceEmphasis","75.34362934362935"
"wavelet-LHH","gldm","LargeDependenceHighGrayLevelEmphasis","838.8783783783783"
"wavelet-LHH","gldm","LargeDependenceLowGrayLevelEmphasis","7.307041505791506"
"wavelet-LHH","gldm","LowGrayLevelEmphasis","0.10193532818532819"
"wavelet-LHH","gldm","SmallDependenceEmphasis","0.04090381753379767"
"wavelet-LHH","gldm","SmallDependenceHighGrayLevelEmphasis","0.4556474645112689"
"wavelet-LHH","gldm","SmallDependenceLowGrayLevelEmphasis","0.0076271345065490855"
"wavelet-LHH","glrlm","GrayLevelNonUniformity","180.04858793393885"
"wavelet-LHH","glrlm","GrayLevelNonUniformityNormalized","0.4655294173916226"
"wavelet-LHH","glrlm","GrayLevelVariance","0.37814473499229284"
"wavelet-LHH","glrlm","HighGrayLevelRunEmphasis","11.479053493271362"
"wavelet-LHH","glrlm","LongRunEmphasis","3.667062266667477"
"wavelet-LHH","glrlm","LongRunHighGrayLevelEmphasis","39.55506658447334"
"wavelet-LHH","glrlm","LongRunLowGrayLevelEmphasis","0.37479595175183356"
"wavelet-LHH","glrlm","LowGrayLevelRunEmphasis","0.104054109378032"
"wavelet-LHH","glrlm","RunEntropy","2.385700717373625"
"wavelet-LHH","glrlm","RunLengthNonUniformity","252.29815562417937"
"wavelet-LHH","glrlm","RunLengthNonUniformityNormalized","0.6138518059053303"
"wavelet-LHH","glrlm","RunPercentage","0.7350757350757351"
"wavelet-LHH","glrlm","RunVariance","1.195971567117629"
"wavelet-LHH","glrlm","ShortRunEmphasis","0.7871810590314096"
"wavelet-LHH","glrlm","ShortRunHighGrayLevelEmphasis","8.98117095708697"
"wavelet-LHH","glrlm","ShortRunLowGrayLevelEmphasis","0.0840415642819208"
"wavelet-LHH","glszm","GrayLevelNonUniformity","5.1"
"wavelet-LHH","glszm","GrayLevelNonUniformityNormalized","0.255"
"wavelet-LHH","glszm","GrayLevelVariance","1.26"
"wavelet-LHH","glszm","HighGrayLevelZoneEmphasis","11.5"
"wavelet-LHH","glszm","LargeAreaEmphasis","2774.0"
"wavelet-LHH","glszm","LargeAreaHighGrayLevelEmphasis","28861.25"
"wavelet-LHH","glszm","LargeAreaLowGrayLevelEmphasis","281.93062499999996"
"wavelet-LHH","glszm","LowGrayLevelZoneEmphasis","0.19670833333333332"
"wavelet-LHH","glszm","SizeZoneNonUniformity","2.0"
"wavelet-LHH","glszm","SizeZoneNonUniformityNormalized","0.1"
"wavelet-LHH","glszm","SmallAreaEmphasis","0.24597300769210478"
"wavelet-LHH","glszm","SmallAreaHighGrayLevelEmphasis","2.036166037027564"
"wavelet-LHH","glszm","SmallAreaLowGrayLevelEmphasis","0.11328831500734285"
"wavelet-LHH","glszm","ZoneEntropy","4.221928094887356"
"wavelet-LHH","glszm","ZonePercentage","0.03861003861003861"
"wavelet-LHH","glszm","ZoneVariance","2103.19"
"wavelet-LHH","ngtdm","Busyness","4.255712047332961"
"wavelet-LHH","ngtdm","Coarseness","0.011868053975236366"
"wavelet-LHH","ngtdm","Complexity","4.433337323816839"
"wavelet-LHH","ngtdm","Contrast","0.013699263645793897"
"wavelet-LHH","ngtdm","Strength","0.11485899332598401"
"wavelet-HLL","firstorder","10Percentile","-11.03030066362464"
"wavelet-HLL","firstorder","90Percentile","5.577568610572917"
"wavelet-HLL","firstorder","Energy","47190.1348505235"
"wavelet-HLL","firstorder","Entropy","1.3562132869857573"
"wavelet-HLL","firstorder","InterquartileRange","0.8328549345315719"
"wavelet-HLL","firstorder","Kurtosis","8.989732900661"
"wavelet-HLL","firstorder","Maximum","43.969489713061535"
"wavelet-HLL","firstorder","MeanAbsoluteDeviation","4.878263669608785"
"wavelet-HLL","firstorder","Mean","-0.549340392825672"
"wavelet-HLL","firstorder","Median","-2.629008122312371e-13"
"wavelet-HLL","firstorder","Minimum","-37.702056422760876"
"wavelet-HLL","firstorder","Range","81.67154613582241"
"wavelet-HLL","firstorder","RobustMeanAbsoluteDeviation","1.388275956144575"
"wavelet-HLL","firstorder","RootMeanSquared","9.54466586264716"
"wavelet-HLL","firstorder","Skewness","0.37258386974978064"
"wavelet-HLL","firstorder","TotalEnergy","119257.05279693603"
"wavelet-HLL","firstorder","Uniformity","0.4659367033884409"
"wavelet-HLL","firstorder","Variance","90.79887156239221"
"wavelet-HLL","glcm","Autocorrelation","5.719567578970099"
"wavelet-HLL","glcm","ClusterProminence","3.3796447221232335"
"wavelet-HLL","glcm","ClusterShade","0.41659702441676577"
"wavelet-HLL","glcm","ClusterTendency","0.9695389060875049"
"wavelet-HLL","glcm","Contrast","0.5010521256244354"
"wavelet-HLL","glcm","Correlation","0.3141340024645047"
"wavelet-HLL","glcm","DifferenceAverage","0.4400682235682168"
"wavelet-HLL","glcm","DifferenceEntropy","1.089314896592076"
"wavelet-HLL","glcm","DifferenceVariance","0.29639366282746843"
"wavelet-HLL","glcm","Id","0.7894493095475922"
"wavelet-HLL","glcm","Idm","0.7860382982097747"
"wavelet-HLL","glcm","Idmn","0.9813098064196085"
"wavelet-HLL","glcm","Idn","0.9280575137217238"
"wavelet-HLL","glcm","Imc1","-0.10618718502329154"
"wavelet-HLL","glcm","Imc2","0.42644881525171174"
"wavelet-HLL","glcm","InverseVariance","0.3929520939830751"
"wavelet-HLL","glcm","JointAverage","2.366894324526231"
"wavelet-HLL","glcm","JointEnergy","0.25140503082205784"
"wavelet-HLL","glcm","JointEntropy","2.463690189124283"
"wavelet-HLL","glcm","MCC","0.3752703076943828"
"wavelet-HLL","glcm","MaximumProbability","0.404537042955413"
"wavelet-HLL","glcm","SumAverage","4.733788649052462"
"wavelet-HLL","glcm","SumEntropy","1.9178965596792137"
"wavelet-HLL","glcm","SumSquares","0.36764775792798504"
"wavelet-HLL","gldm","DependenceEntropy","5.162758649681281"
"wavelet-HLL","gldm","DependenceNonUniformity","37.06563706563706"
"wavelet-HLL","gldm","DependenceNonUniformityNormalized","0.07155528391049626"
"wavelet-HLL","gldm","DependenceVariance","19.0679029829609"
"wavelet-HLL","gldm","GrayLevelNonUniformity","241.35521235521236"
"wavelet-HLL","gldm","GrayLevelVariance","0.41037328006439977"
"wavelet-HLL","gldm","HighGrayLevelEmphasis","6.021235521235521"
"wavelet-HLL","gldm","LargeDependenceEmphasis","90.89189189189189"
"wavelet-HLL","gldm","LargeDependenceHighGrayLevelEmphasis","472.66988416988414"
"wavelet-HLL","gldm","LargeDependenceLowGrayLevelEmphasis","20.62270538395538"
"wavelet-HLL","gldm","LowGrayLevelEmphasis","0.22654279279279282"
"wavelet-HLL","gldm","SmallDependenceEmphasis","0.04329102688847485"
"wavelet-HLL","gldm","SmallDependenceHighGrayLevelEmphasis","0.3469131318971719"
"wavelet-HLL","gldm","SmallDependenceLowGrayLevelEmphasis","0.010343224631160507"
"wavelet-HLL","glrlm","GrayLevelNonUniformity","162.1628939295926"
"wavelet-HLL","glrlm","GrayLevelNonUniformityNormalized","0.43418843863376944"
"wavelet-HLL","glrlm","GrayLevelVariance","0.4693332011041647"
"wavelet-HLL","glrlm","HighGrayLevelRunEmphasis","6.320865483893456"
"wavelet-HLL","glrlm","LongRunEmphasis","3.8292176953653527"
"wavelet-HLL","glrlm","LongRunHighGrayLevelEmphasis","20.69695519662538"
"wavelet-HLL","glrlm","LongRunLowGrayLevelEmphasis","0.8868831179444101"
"wavelet-HLL","glrlm","LowGrayLevelRunEmphasis","0.22550166010171843"
"wavelet-HLL","glrlm","RunEntropy","2.600835463233958"
"wavelet-HLL","glrlm","RunLengthNonUniformity","228.3393496345667"
"wavelet-HLL","glrlm","RunLengthNonUniformityNormalized","0.5759142200780629"
"wavelet-HLL","glrlm","RunPercentage","0.7125037125037124"
"wavelet-HLL","glrlm","RunVariance","1.2174395736233998"
"wavelet-HLL","glrlm","ShortRunEmphasis","0.7627840928515656"
"wavelet-HLL","glrlm","ShortRunHighGrayLevelEmphasis","4.949555061603809"
"wavelet-HLL","glrlm","ShortRunLowGrayLevelEmphasis","0.1725076556909597"
"wavelet-HLL","glszm","GrayLevelNonUniformity","5.916666666666667"
"wavelet-HLL","glszm","GrayLevelNonUniformityNormalized","0.2465277777777778"
"wavelet-HLL","glszm","GrayLevelVariance","1.2482638888888888"
"wavelet-HLL","glszm","HighGrayLevelZoneEmphasis","9.041666666666666"
"wavelet-HLL","glszm","LargeAreaEmphasis","2261.9166666666665"
"wavelet-HLL","glszm","LargeAreaHighGrayLevelEmphasis","10721.875"
"wavelet-HLL","glszm","LargeAreaLowGrayLevelEmphasis","525.4843171296296"
"wavelet-HLL","glszm","LowGrayLevelZoneEmphasis","0.24870370370370373"
"wavelet-HLL","glszm","SizeZoneNonUniformity","2.6666666666666665"
"wavelet-HLL","glszm","SizeZoneNonUniformityNormalized","0.1111111111111111"
"wavelet-HLL","glszm","SmallAreaEmphasis","0.2667127540030119"
"wavelet-HLL","glszm","SmallAreaHighGrayLevelEmphasis","2.629764178798184"
"wavelet-HLL","glszm","SmallAreaLowGrayLevelEmphasis","0.07519623934271162"
"wavelet-HLL","glszm","ZoneEntropy","4.418295834054483"
"wavelet-HLL","glszm","ZonePercentage","0.04633204633204633"
"wavelet-HLL","glszm","ZoneVariance","1796.0763888888891"
"wavelet-HLL","ngtdm","Busyness","5.7120528021127"
"wavelet-HLL","ngtdm","Coarseness","0.013383328838182409"
"wavelet-HLL","ngtdm","Complexity","4.02456795994423"
"wavelet-HLL","ngtdm","Contrast","0.01564932488700466"
"wavelet-HLL","ngtdm","Strength","0.14219585685517105"
"wavelet-HLH","firstorder","10Percentile","-5.109068274703491"
"wavelet-HLH","firstorder","90Percentile","3.3481524847003374"
"wavelet-HLH","firstorder","Energy","14972.082276727324"
"wavelet-HLH","firstorder","Entropy","1.0497530822021939"
"wavelet-HLH","firstorder","InterquartileRange","1.3920396803103725"
"wavelet-HLH","firstorder","Kurtosis","12.555437561205816"
"wavelet-HLH","firstorder","Maximum","34.82175439049317"
"wavelet-HLH","firstorder","MeanAbsoluteDeviation","2.77145936581636"
"wavelet-HLH","firstorder","Mean","-0.2557157629307348"
"wavelet-HLH","firstorder","Median","-2.721570123012491e-29"
"wavelet-HLH","firstorder","Minimum","-25.644908205118348"
"wavelet-HLH","firstorder","Range","60.46666259561152"
"wavelet-HLH","firstorder","RobustMeanAbsoluteDeviation","0.9087168830184632"
"wavelet-HLH","firstorder","RootMeanSquared","5.376209979051771"
"wavelet-HLH","firstorder","Skewness","0.537076275266276"
"wavelet-HLH","firstorder","TotalEnergy","37836.85747479768"
"wavelet-HLH","firstorder","Uniformity","0.5226740805891384"
"wavelet-HLH","firstorder","Variance","28.83824318744459"
"wavelet-HLH","glcm","Autocorrelation","5.918617902050678"
"wavelet-HLH","glcm","ClusterProminence","0.8268389938629789"
"wavelet-HLH","glcm","ClusterShade","0.13530165837129507"
"wavelet-HLH","glcm","ClusterTendency","0.6011351143435385"
"wavelet-HLH","glcm","Contrast","0.4472304593910191"
"wavelet-HLH","glcm","Correlation","0.15036652697611566"
"wavelet-HLH","glcm","DifferenceAverage","0.43472299320064156"
"wavelet-HLH","glcm","DifferenceEntropy","1.002862752372697"
"wavelet-HLH","glcm","DifferenceVariance","0.24906387966419713"
"wavelet-HLH","glcm","Id","0.7847230810980755"
"wavelet-HLH","glcm","Idm","0.7838892500187169"
"wavelet-HLH","glcm","Idmn","0.9739130459097702"
"wavelet-HLH","glcm","Idn","0.9134723168995509"
"wavelet-HLH","glcm","Imc1","-0.05303219953580802"
"wavelet-HLH","glcm","Imc2","0.2847353729318983"
"wavelet-HLH","glcm","InverseVariance","0.42377896028406126"
"wavelet-HLH","glcm","JointAverage","2.424609605496598"
"wavelet-HLH","glcm","JointEnergy","0.2698482293038284"
"wavelet-HLH","glcm","JointEntropy","2.054759033970551"
"wavelet-HLH","glcm","MCC","0.2837059264085703"
"wavelet-HLH","glcm","MaximumProbability","0.36094917404219473"
"wavelet-HLH","glcm","SumAverage","4.849219210993196"
"wavelet-HLH","glcm","SumEntropy","1.5860875120207807"
"wavelet-HLH","glcm","SumSquares","0.2620913934336394"
"wavelet-HLH","gldm","DependenceEntropy","4.701865344272116"
"wavelet-HLH","gldm","DependenceNonUniformity","44.95752895752896"
"wavelet-HLH","gldm","DependenceNonUniformityNormalized","0.08679059644310609"
"wavelet-HLH","gldm","DependenceVariance","13.86086969484653"
"wavelet-HLH","gldm","GrayLevelNonUniformity","270.74517374517376"
"wavelet-HLH","gldm","GrayLevelVariance","0.2597941294852492"
"wavelet-HLH","gldm","HighGrayLevelEmphasis","5.870656370656371"
"wavelet-HLH","gldm","LargeDependenceEmphasis","87.52895752895753"
"wavelet-HLH","gldm","LargeDependenceHighGrayLevelEmphasis","498.0019305019305"
"wavelet-HLH","gldm","LargeDependenceLowGrayLevelEmphasis","17.790379665379668"
"wavelet-HLH","gldm","LowGrayLevelEmphasis","0.20302445302445304"
"wavelet-HLH","gldm","SmallDependenceEmphasis","0.03105844247354116"
"wavelet-HLH","gldm","SmallDependenceHighGrayLevelEmphasis","0.18910818952970854"
"wavelet-HLH","gldm","SmallDependenceLowGrayLevelEmphasis","0.008174576868320309"
"wavelet-HLH","glrlm","GrayLevelNonUniformity","189.39354911714582"
"wavelet-HLH","glrlm","GrayLevelNonUniformityNormalized","0.5102642338130632"
"wavelet-HLH","glrlm","GrayLevelVariance","0.27639375481461775"
"wavelet-HLH","glrlm","HighGrayLevelRunEmphasis","5.973970357660537"
"wavelet-HLH","glrlm","LongRunEmphasis","4.173580271380133"
"wavelet-HLH","glrlm","LongRunHighGrayLevelEmphasis","22.813294229199585"
"wavelet-HLH","glrlm","LongRunLowGrayLevelEmphasis","0.8818600002775328"
"wavelet-HLH","glrlm","LowGrayLevelRunEmphasis","0.20281952314250612"
"wavelet-HLH","glrlm","RunEntropy","2.2813283769324437"
"wavelet-HLH","glrlm","RunLengthNonUniformity","231.53377989959301"
"wavelet-HLH","glrlm","RunLengthNonUniformityNormalized","0.5731571011450527"
"wavelet-HLH","glrlm","RunPercentage","0.7083457083457082"
"wavelet-HLH","glrlm","RunVariance","1.2446980348368666"
"wavelet-HLH","glrlm","ShortRunEmphasis","0.7465876099710111"
"wavelet-HLH","glrlm","ShortRunHighGrayLevelEmphasis","4.431287642841794"
"wavelet-HLH","glrlm","ShortRunLowGrayLevelEmphasis","0.1539656971515984"
"wavelet-HLH","glszm","GrayLevelNonUniformity","5.0"
"wavelet-HLH","glszm","GrayLevelNonUniformityNormalized","0.3125"
"wavelet-HLH","glszm","GrayLevelVariance","0.75"
"wavelet-HLH","glszm","HighGrayLevelZoneEmphasis","7.0"
"wavelet-HLH","glszm","LargeAreaEmphasis","3675.625"
"wavelet-HLH","glszm","LargeAreaHighGrayLevelEmphasis","18181.3125"
"wavelet-HLH","glszm","LargeAreaLowGrayLevelEmphasis","822.5538194444445"
"wavelet-HLH","glszm","LowGrayLevelZoneEmphasis","0.2682291666666667"
"wavelet-HLH","glszm","SizeZoneNonUniformity","2.375"
"wavelet-HLH","glszm","SizeZoneNonUniformityNormalized","0.1484375"
"wavelet-HLH","glszm","SmallAreaEmphasis","0.21063634620709082"
"wavelet-HLH","glszm","SmallAreaHighGrayLevelEmphasis","1.0980447534737157"
"wavelet-HLH","glszm","SmallAreaLowGrayLevelEmphasis","0.10220250686717959"
"wavelet-HLH","glszm","ZoneEntropy","3.874999999999995"
"wavelet-HLH","glszm","ZonePercentage","0.03088803088803089"
"wavelet-HLH","glszm","ZoneVariance","2627.484375"
"wavelet-HLH","ngtdm","Busyness","9.00289977879704"
"wavelet-HLH","ngtdm","Coarseness","0.011586189541712364"
"wavelet-HLH","ngtdm","Complexity","2.359223893170859"
"wavelet-HLH","ngtdm","Contrast","0.015131748499782723"
"wavelet-HLH","ngtdm","Strength","0.0674832390158502"
"wavelet-HHL","firstorder","10Percentile","-3.089249607115754"
"wavelet-HHL","firstorder","90Percentile","3.4309881770750352"
"wavelet-HHL","firstorder","Energy","6970.345679779379"
"wavelet-HHL","firstorder","Entropy","1.0043876779861436"
"wavelet-HHL","firstorder","InterquartileRange","0.5088425431642617"
"wavelet-HHL","firstorder","Kurtosis","11.660506086416644"
"wavelet-HHL","firstorder","Maximum","17.75554076997529"
"wavelet-HHL","firstorder","MeanAbsoluteDeviation","1.877529954455944"
"wavelet-HHL","firstorder","Mean","-0.08906833773800238"
"wavelet-HHL","firstorder","Median","-1.729207576033681e-29"
"wavelet-HHL","firstorder","Minimum","-21.860859217977936"
"wavelet-HHL","firstorder","Range","39.61639998795323"
"wavelet-HHL","firstorder","RobustMeanAbsoluteDeviation","0.5782760905121719"
"wavelet-HHL","firstorder","RootMeanSquared","3.668278314288582"
"wavelet-HHL","firstorder","Skewness","-1.1548247547555612"
"wavelet-HHL","firstorder","TotalEnergy","17615.183456868694"
"wavelet-HHL","firstorder","Uniformity","0.5155483668997183"
"wavelet-HHL","firstorder","Variance","13.448332622292467"
"wavelet-HHL","glcm","Autocorrelation","6.008824210472408"
"wavelet-HHL","glcm","ClusterProminence","0.6162353936923181"
"wavelet-HHL","glcm","ClusterShade","0.05525191770922602"
"wavelet-HHL","glcm","ClusterTendency","0.5684482176255418"
"wavelet-HHL","glcm","Contrast","0.4476679856603876"
"wavelet-HHL","glcm","Correlation","0.11989325988816235"
"wavelet-HHL","glcm","DifferenceAverage","0.4408630975602094"
"wavelet-HHL","glcm","DifferenceEntropy","0.9905109072457727"
"wavelet-HHL","glcm","DifferenceVariance","0.2458846054650201"
"wavelet-HHL","glcm","Id","0.7807025992365916"
"wavelet-HHL","glcm","Idm","0.7802489400299131"
"wavelet-HHL","glcm","Idmn","0.955547273192431"
"wavelet-HHL","glcm","Idn","0.8901244700149564"
"wavelet-HHL","glcm","Imc1","-0.038374194919877244"
"wavelet-HHL","glcm","Imc2","0.20056298018724567"
"wavelet-HHL","glcm","InverseVariance","0.4349088204725534"
"wavelet-HHL","glcm","JointAverage","2.444986764247668"
"wavelet-HHL","glcm","JointEnergy","0.26407494575330165"
"wavelet-HHL","glcm","JointEntropy","2.0072021517886816"
"wavelet-HHL","glcm","MCC","0.1570241254286008"
"wavelet-HHL","glcm","MaximumProbability","0.3302597489580533"
"wavelet-HHL","glcm","SumAverage","4.889973528495336"
"wavelet-HHL","glcm","SumEntropy","1.546123347806207"
"wavelet-HHL","glcm","SumSquares","0.25402905082148236"
"wavelet-HHL","gldm","DependenceEntropy","4.694274876817012"
"wavelet-HHL","gldm","DependenceNonUniformity","44.907335907335906"
"wavelet-HHL","gldm","DependenceNonUniformityNormalized","0.08669369866281063"
"wavelet-HHL","gldm","DependenceVariance","13.1158152084793"
"wavelet-HHL","gldm","GrayLevelNonUniformity","267.05405405405406"
"wavelet-HHL","gldm","GrayLevelVariance","0.2468545489781011"
"wavelet-HHL","gldm","HighGrayLevelEmphasis","5.986486486486487"
"wavelet-HHL","gldm","LargeDependenceEmphasis","79.35907335907336"
"wavelet-HHL","gldm","LargeDependenceHighGrayLevelEmphasis","469.22972972972974"
"wavelet-HHL","gldm","LargeDependenceLowGrayLevelEmphasis","15.625858000858"
"wavelet-HHL","gldm","LowGrayLevelEmphasis","0.1973938223938224"
"wavelet-HHL","gldm","SmallDependenceEmphasis","0.03589813640946152"
"wavelet-HHL","gldm","SmallDependenceHighGrayLevelEmphasis","0.19567629573417672"
"wavelet-HHL","gldm","SmallDependenceLowGrayLevelEmphasis","0.010101765840358767"
"wavelet-HHL","glrlm","GrayLevelNonUniformity","193.08765701906444"
"wavelet-HHL","glrlm","GrayLevelNonUniformityNormalized","0.5118137280387727"
"wavelet-HHL","glrlm","GrayLevelVariance","0.25112419006686804"
"wavelet-HHL","glrlm","HighGrayLevelRunEmphasis","6.02227599330802"
"wavelet-HHL","glrlm","LongRunEmphasis","3.2946888817378714"
"wavelet-HHL","glrlm","LongRunHighGrayLevelEmphasis","18.561489658923797"
"wavelet-HHL","glrlm","LongRunLowGrayLevelEmphasis","0.6779209638751956"
"wavelet-HHL","glrlm","LowGrayLevelRunEmphasis","0.19759480284806902"
"wavelet-HHL","glrlm","RunEntropy","2.136781188600661"
"wavelet-HHL","glrlm","RunLengthNonUniformity","236.03074322346583"
"wavelet-HHL","glrlm","RunLengthNonUniformityNormalized","0.5917772692862581"
"wavelet-HHL","glrlm","RunPercentage","0.7254232254232255"
"wavelet-HHL","glrlm","RunVariance","0.9974527913714305"
"wavelet-HHL","glrlm","ShortRunEmphasis","0.7736703558919923"
"wavelet-HHL","glrlm","ShortRunHighGrayLevelEmphasis","4.609005254449152"
"wavelet-HHL","glrlm","ShortRunLowGrayLevelEmphasis","0.15512217411070156"
"wavelet-HHL","glszm","GrayLevelNonUniformity","4.090909090909091"
"wavelet-HHL","glszm","GrayLevelNonUniformityNormalized","0.371900826446281"
"wavelet-HHL","glszm","GrayLevelVariance","0.512396694214876"
"wavelet-HHL","glszm","HighGrayLevelZoneEmphasis","5.2727272727272725"
"wavelet-HHL","glszm","LargeAreaEmphasis","5466.181818181818"
"wavelet-HHL","glszm","LargeAreaHighGrayLevelEmphasis","28455.545454545456"
"wavelet-HHL","glszm","LargeAreaLowGrayLevelEmphasis","1183.5883838383838"
"wavelet-HHL","glszm","LowGrayLevelZoneEmphasis","0.33585858585858586"
"wavelet-HHL","glszm","SizeZoneNonUniformity","1.5454545454545454"
"wavelet-HHL","glszm","SizeZoneNonUniformityNormalized","0.14049586776859505"
"wavelet-HHL","glszm","SmallAreaEmphasis","0.29812072310406923"
"wavelet-HHL","glszm","SmallAreaHighGrayLevelEmphasis","0.660023890657838"
"wavelet-HHL","glszm","SmallAreaLowGrayLevelEmphasis","0.21053282981476187"
"wavelet-HHL","glszm","ZoneEntropy","3.277613436819112"
"wavelet-HHL","glszm","ZonePercentage","0.021235521235521235"
"wavelet-HHL","glszm","ZoneVariance","3248.628099173554"
"wavelet-HHL","ngtdm","Busyness","21.245046399641137"
"wavelet-HHL","ngtdm","Coarseness","0.009847396739492998"
"wavelet-HHL","ngtdm","Complexity","1.5512680231368094"
"wavelet-HHL","ngtdm","Contrast","0.03269328615143039"
"wavelet-HHL","ngtdm","Strength","0.031197804315526538"
"wavelet-HHH","firstorder","10Percentile","-2.4476078726379353"
"wavelet-HHH","firstorder","90Percentile","2.699524963323106"
"wavelet-HHH","firstorder","Energy","15313.52619918493"
"wavelet-HHH","firstorder","Entropy","1.1185213881469285"
"wavelet-HHH","firstorder","InterquartileRange","0.5602940639147825"
"wavelet-HHH","firstorder","Kurtosis","22.899036084524635"
"wavelet-HHH","firstorder","Maximum","32.486962708892285"
"wavelet-HHH","firstorder","MeanAbsoluteDeviation","2.1767120894802696"
"wavelet-HHH","firstorder","Mean","0.054251310273117914"
"wavelet-HHH","firstorder","Median","-9.633926942233117e-46"
"wavelet-HHH","firstorder","Minimum","-41.41576366217282"
"wavelet-HHH","firstorder","Range","73.90272637106511"
"wavelet-HHH","firstorder","RobustMeanAbsoluteDeviation","0.4476475121486869"
"wavelet-HHH","firstorder","RootMeanSquared","5.437167634928906"
"wavelet-HHH","firstorder","Skewness","-0.4458192555474145"
"wavelet-HHH","firstorder","TotalEnergy","38699.741126575755"
"wavelet-HHH","firstorder","Uniformity","0.5038311891593745"
"wavelet-HHH","firstorder","Variance","29.55984868565204"
"wavelet-HHH","glcm","Autocorrelation","11.694621569145166"
"wavelet-HHH","glcm","ClusterProminence","1.2808280078484093"
"wavelet-HHH","glcm","ClusterShade","0.11379626329235053"
"wavelet-HHH","glcm","ClusterTendency","0.6245377693697906"
"wavelet-HHH","glcm","Contrast","0.5824890023108775"
"wavelet-HHH","glcm","Correlation","0.03874888526547535"
"wavelet-HHH","glcm","DifferenceAverage","0.5056065797010998"
"wavelet-HHH","glcm","DifferenceEntropy","1.129562207992732"
"wavelet-HHH","glcm","DifferenceVariance","0.3200800977273338"
"wavelet-HHH","glcm","Id","0.7578721592206032"
"wavelet-HHH","glcm","Idm","0.7547298718739537"
"wavelet-HHH","glcm","Idmn","0.9785205856554745"
"wavelet-HHH","glcm","Idn","0.9174030612073434"
"wavelet-HHH","glcm","Imc1","-0.0691038353986876"
"wavelet-HHH","glcm","Imc2","0.3578691195319996"
"wavelet-HHH","glcm","InverseVariance","0.45743854367710995"
"wavelet-HHH","glcm","JointAverage","3.418166232613528"
"wavelet-HHH","glcm","JointEnergy","0.24929480416487013"
"wavelet-HHH","glcm","JointEntropy","2.2254815216086117"
"wavelet-HHH","glcm","MCC","0.47940534016951475"
"wavelet-HHH","glcm","MaximumProbability","0.3414659743709188"
"wavelet-HHH","glcm","SumAverage","6.836332465227056"
"wavelet-HHH","glcm","SumEntropy","1.6296353641210726"
"wavelet-HHH","glcm","SumSquares","0.30175669292016705"
"wavelet-HHH","gldm","DependenceEntropy","4.74884945985454"
"wavelet-HHH","gldm","DependenceNonUniformity","45.45173745173745"
"wavelet-HHH","gldm","DependenceNonUniformityNormalized","0.08774466689524604"
"wavelet-HHH","gldm","DependenceVariance","12.690120898615106"
"wavelet-HHH","gldm","GrayLevelNonUniformity","260.984555984556"
"wavelet-HHH","gldm","GrayLevelVariance","0.2880845544938209"
"wavelet-HHH","gldm","HighGrayLevelEmphasis","11.77992277992278"
"wavelet-HHH","gldm","LargeDependenceEmphasis","73.3976833976834"
"wavelet-HHH","gldm","LargeDependenceHighGrayLevelEmphasis","818.1274131274131"
"wavelet-HHH","gldm","LargeDependenceLowGrayLevelEmphasis","7.07416344916345"
"wavelet-HHH","gldm","LowGrayLevelEmphasis","0.09468253968253969"
"wavelet-HHH","gldm","SmallDependenceEmphasis","0.04099111974364116"
"wavelet-HHH","gldm","SmallDependenceHighGrayLevelEmphasis","0.4638251642206613"
"wavelet-HHH","gldm","SmallDependenceLowGrayLevelEmphasis","0.005861232200242885"
"wavelet-HHH","glrlm","GrayLevelNonUniformity","188.59484311193316"
"wavelet-HHH","glrlm","GrayLevelNonUniformityNormalized","0.4897488773875407"
"wavelet-HHH","glrlm","GrayLevelVariance","0.3082076209074405"
"wavelet-HHH","glrlm","HighGrayLevelRunEmphasis","11.948800513196797"
"wavelet-HHH","glrlm","LongRunEmphasis","3.2999068617601566"
"wavelet-HHH","glrlm","LongRunHighGrayLevelEmphasis","36.689685482763"
"wavelet-HHH","glrlm","LongRunLowGrayLevelEmphasis","0.32258209711477726"
"wavelet-HHH","glrlm","LowGrayLevelRunEmphasis","0.09463320837627166"
"wavelet-HHH","glrlm","RunEntropy","2.2126691304422725"
"wavelet-HHH","glrlm","RunLengthNonUniformity","248.22296518043018"
"wavelet-HHH","glrlm","RunLengthNonUniformityNormalized","0.6129234079240894"
"wavelet-HHH","glrlm","RunPercentage","0.7387882387882387"
"wavelet-HHH","glrlm","RunVariance","1.076544571328014"
"wavelet-HHH","glrlm","ShortRunEmphasis","0.7910807765949865"
"wavelet-HHH","glrlm","ShortRunHighGrayLevelEmphasis","9.472213455770707"
"wavelet-HHH","glrlm","ShortRunLowGrayLevelEmphasis","0.0754719594926268"
"wavelet-HHH","glszm","GrayLevelNonUniformity","4.0"
"wavelet-HHH","glszm","GrayLevelNonUniformityNormalized","0.2857142857142857"
"wavelet-HHH","glszm","GrayLevelVariance","1.0255102040816326"
"wavelet-HHH","glszm","HighGrayLevelZoneEmphasis","11.357142857142858"
"wavelet-HHH","glszm","LargeAreaEmphasis","4259.571428571428"
"wavelet-HHH","glszm","LargeAreaHighGrayLevelEmphasis","44852.142857142855"
"wavelet-HHH","glszm","LargeAreaLowGrayLevelEmphasis","428.2724999999999"
"wavelet-HHH","glszm","LowGrayLevelZoneEmphasis","0.17200396825396824"
"wavelet-HHH","glszm","SizeZoneNonUniformity","2.2857142857142856"
"wavelet-HHH","glszm","SizeZoneNonUniformityNormalized","0.16326530612244897"
"wavelet-HHH","glszm","SmallAreaEmphasis","0.3056763397925728"
"wavelet-HHH","glszm","SmallAreaHighGrayLevelEmphasis","2.3289311338571195"
"wavelet-HHH","glszm","SmallAreaLowGrayLevelEmphasis","0.10476604648812872"
"wavelet-HHH","glszm","ZoneEntropy","3.664497779200457"
"wavelet-HHH","glszm","ZonePercentage","0.02702702702702703"
"wavelet-HHH","glszm","ZoneVariance","2890.5714285714284"
"wavelet-HHH","ngtdm","Busyness","5.064279957853265"
"wavelet-HHH","ngtdm","Coarseness","0.009686081873685307"
"wavelet-HHH","ngtdm","Complexity","5.031854593942266"
"wavelet-HHH","ngtdm","Contrast","0.012669097463258925"
"wavelet-HHH","ngtdm","Strength","0.10711785110702447"
"wavelet-LLL","firstorder","10Percentile","-2900.0081699069788"
"wavelet-LLL","firstorder","90Percentile","-2745.1778874029483"
"wavelet-LLL","firstorder","Energy","4247742664.944427"
"wavelet-LLL","firstorder","Entropy","2.2080083890273134"
"wavelet-LLL","firstorder","InterquartileRange","25.98052235461364"
"wavelet-LLL","firstorder","Kurtosis","7.013900304654949"
"wavelet-LLL","firstorder","Maximum","-2548.444144133323"
"wavelet-LLL","firstorder","MeanAbsoluteDeviation","50.59581484361153"
"wavelet-LLL","firstorder","Mean","-2862.7756417054798"
"wavelet-LLL","firstorder","Median","-2896.309375740099"
"wavelet-LLL","firstorder","Minimum","-2929.088067596039"
"wavelet-LLL","firstorder","Range","380.643923462716"
"wavelet-LLL","firstorder","RobustMeanAbsoluteDeviation","25.952182250852587"
"wavelet-LLL","firstorder","RootMeanSquared","2863.6123017878367"
"wavelet-LLL","firstorder","Skewness","2.1274602573690187"
"wavelet-LLL","firstorder","TotalEnergy","10734728198.291124"
"wavelet-LLL","firstorder","Uniformity","0.44803297506000206"
"wavelet-LLL","firstorder","Variance","4791.040208409792"
"wavelet-LLL","glcm","Autocorrelation","27.243784561486216"
"wavelet-LLL","glcm","ClusterProminence","13600.693685898637"
"wavelet-LLL","glcm","ClusterShade","628.2081320272632"
"wavelet-LLL","glcm","ClusterTendency","39.891693903660716"
"wavelet-LLL","glcm","Contrast","6.148437130770588"
"wavelet-LLL","glcm","Correlation","0.7141800388961647"
"wavelet-LLL","glcm","DifferenceAverage","0.9344736472418332"
"wavelet-LLL","glcm","DifferenceEntropy","1.5330284886108763"
"wavelet-LLL","glcm","DifferenceVariance","5.2531892641317945"
"wavelet-LLL","glcm","Id","0.8204256420332858"
"wavelet-LLL","glcm","Idm","0.8018486074883252"
"wavelet-LLL","glcm","Idmn","0.9882927296258269"
"wavelet-LLL","glcm","Idn","0.9654327496264715"
"wavelet-LLL","glcm","Imc1","-0.5036484361017398"
"wavelet-LLL","glcm","Imc2","0.8948429077529395"
"wavelet-LLL","glcm","InverseVariance","0.1276917160422991"
"wavelet-LLL","glcm","JointAverage","4.314640113212524"
"wavelet-LLL","glcm","JointEnergy","0.5041464563431858"
"wavelet-LLL","glcm","JointEntropy","2.5178539819835626"
"wavelet-LLL","glcm","MCC","0.9265513837499867"
"wavelet-LLL","glcm","MaximumProbability","0.7053543541663733"
"wavelet-LLL","glcm","SumAverage","8.629280226425045"
"wavelet-LLL","glcm","SumEntropy","2.081784785675842"
"wavelet-LLL","glcm","SumSquares","11.510032758607828"
"wavelet-LLL","gldm","DependenceEntropy","5.5924211784406594"
"wavelet-LLL","gldm","DependenceNonUniformity","31.428571428571427"
"wavelet-LLL","gldm","DependenceNonUniformityNormalized","0.06067291781577496"
"wavelet-LLL","gldm","DependenceVariance","49.9939178008676"
"wavelet-LLL","gldm","GrayLevelNonUniformity","232.0810810810811"
"wavelet-LLL","gldm","GrayLevelVariance","13.446832933319419"
"wavelet-LLL","gldm","HighGrayLevelEmphasis","36.59073359073359"
"wavelet-LLL","gldm","LargeDependenceEmphasis","147.0810810810811"
"wavelet-LLL","gldm","LargeDependenceHighGrayLevelEmphasis","1523.6988416988418"
"wavelet-LLL","gldm","LargeDependenceLowGrayLevelEmphasis","16.24179359137866"
"wavelet-LLL","gldm","LowGrayLevelEmphasis","0.09079451743071795"
"wavelet-LLL","gldm","SmallDependenceEmphasis","0.15985292723824793"
"wavelet-LLL","gldm","SmallDependenceHighGrayLevelEmphasis","15.4913642407658"
"wavelet-LLL","gldm","SmallDependenceLowGrayLevelEmphasis","0.007331998596764696"
"wavelet-LLL","glrlm","GrayLevelNonUniformity","101.10546780377719"
"wavelet-LLL","glrlm","GrayLevelNonUniformityNormalized","0.275190273895979"
"wavelet-LLL","glrlm","GrayLevelVariance","17.477619993878495"
"wavelet-LLL","glrlm","HighGrayLevelRunEmphasis","51.03680248583175"
"wavelet-LLL","glrlm","LongRunEmphasis","5.290129638147159"
"wavelet-LLL","glrlm","LongRunHighGrayLevelEmphasis","100.91680613128035"
"wavelet-LLL","glrlm","LongRunLowGrayLevelEmphasis","0.5513612537621874"
"wavelet-LLL","glrlm","LowGrayLevelRunEmphasis","0.07947242705588607"
"wavelet-LLL","glrlm","RunEntropy","3.88291706710359"
"wavelet-LLL","glrlm","RunLengthNonUniformity","199.58283576889278"
"wavelet-LLL","glrlm","RunLengthNonUniformityNormalized","0.5617617742157202"
"wavelet-LLL","glrlm","RunPercentage","0.6594891594891595"
"wavelet-LLL","glrlm","RunVariance","2.3599022475025824"
"wavelet-LLL","glrlm","ShortRunEmphasis","0.772721824075325"
"wavelet-LLL","glrlm","ShortRunHighGrayLevelEmphasis","47.1495115265597"
"wavelet-LLL","glrlm","ShortRunLowGrayLevelEmphasis","0.05532211213453213"
"wavelet-LLL","glszm","GrayLevelNonUniformity","6.391304347826087"
"wavelet-LLL","glszm","GrayLevelNonUniformityNormalized","0.06947069943289225"
"wavelet-LLL","glszm","GrayLevelVariance","22.285916824196597"
"wavelet-LLL","glszm","HighGrayLevelZoneEmphasis","96.02173913043478"
"wavelet-LLL","glszm","LargeAreaEmphasis","863.9565217391304"
"wavelet-LLL","glszm","LargeAreaHighGrayLevelEmphasis","8371.217391304348"
"wavelet-LLL","glszm","LargeAreaLowGrayLevelEmphasis","95.65606417995181"
"wavelet-LLL","glszm","LowGrayLevelZoneEmphasis","0.04571900875539773"
"wavelet-LLL","glszm","SizeZoneNonUniformity","43.41304347826087"
"wavelet-LLL","glszm","SizeZoneNonUniformityNormalized","0.47188090737240074"
"wavelet-LLL","glszm","SmallAreaEmphasis","0.7100222676272235"
"wavelet-LLL","glszm","SmallAreaHighGrayLevelEmphasis","75.1847384774583"
"wavelet-LLL","glszm","SmallAreaLowGrayLevelEmphasis","0.029910507537315823"
"wavelet-LLL","glszm","ZoneEntropy","5.026120451786804"
"wavelet-LLL","glszm","ZonePercentage","0.1776061776061776"
"wavelet-LLL","glszm","ZoneVariance","832.2547258979206"
"wavelet-LLL","ngtdm","Busyness","0.3286484777825355"
"wavelet-LLL","ngtdm","Coarseness","0.031176361564186836"
"wavelet-LLL","ngtdm","Complexity","98.47394506980339"
"wavelet-LLL","ngtdm","Contrast","0.050023696192310056"
"wavelet-LLL","ngtdm","Strength","9.148983890463498"
