"Image type","Feature Class","Feature Name","Segmentation_14_segment_Segment_1"
"diagnostics","Versions","PyRadiomics","v3.0.1.post4+gad5b2de"
"diagnostics","Versions","Numpy","1.19.2"
"diagnostics","Versions","SimpleITK","2.0.2"
"diagnostics","Versions","PyWavelet","1.1.1"
"diagnostics","Versions","Python","3.6.7"
"diagnostics","Configuration","Settings","{'minimumROIDimensions': 2, 'minimumROISize': None, 'normalize': False, 'normalizeScale': 1, 'removeOutliers': None, 'resampledPixelSpacing': None, 'interpolator': 'sitkBSpline', 'preCrop': False, 'padDistance': 5, 'distances': [1], 'force2D': False, 'force2Ddimension': 0, 'resegmentRange': None, 'label': 1, 'additionalInfo': True, 'binWidth': 25.0, 'symmetricalGLCM': True, 'correctMask': True}"
"diagnostics","Configuration","EnabledImageTypes","{'Original': {}, 'Wavelet': {}}"
"diagnostics","Image-original","Hash","960a9a8b97e8a8b27237d07871dfa4f8cd0a4be2"
"diagnostics","Image-original","Dimensionality","3D"
"diagnostics","Image-original","Spacing","(0.6562499999999999, 0.6562499999999999, 1.2499999999999998)"
"diagnostics","Image-original","Size","(512, 512, 257)"
"diagnostics","Image-original","Mean","-899.1653611891928"
"diagnostics","Image-original","Minimum","-3024.0"
"diagnostics","Image-original","Maximum","3071.0"
"diagnostics","Mask-original","Hash","0588cf8c5637577f872243c65d7570a99a2e5ecf"
"diagnostics","Mask-original","Spacing","(0.6562499999999999, 0.6562499999999999, 1.2499999999999998)"
"diagnostics","Mask-original","Size","(512, 512, 257)"
"diagnostics","Mask-original","BoundingBox","(70, 172, 101, 156, 221, 114)"
"diagnostics","Mask-original","VoxelNum","723918"
"diagnostics","Mask-original","VolumeNum","2"
"diagnostics","Mask-original","CenterOfMassIndex","(153.01809182807997, 276.73649916150725, 145.63730422506416)"
"diagnostics","Mask-original","CenterOfMass","(-79.48187723782252, 13.608327574739121, -153.95336971866985)"
"original","shape","Elongation","0.8370210047539296"
"original","shape","Flatness","0.459493045050263"
"original","shape","LeastAxisLength","64.21408459448726"
"original","shape","MajorAxisLength","139.74985102867666"
"original","shape","Maximum2DDiameterColumn","152.0915412311365"
"original","shape","Maximum2DDiameterRow","156.2744012196575"
"original","shape","Maximum2DDiameterSlice","142.8531294776649"
"original","shape","Maximum3DDiameter","158.2868489878423"
"original","shape","MeshVolume","389475.1496887148"
"original","shape","MinorAxisLength","116.97356072223492"
"original","shape","Sphericity","0.3445349837933419"
"original","shape","SurfaceArea","74857.84146785241"
"original","shape","SurfaceVolumeRatio","0.19220184273035648"
"original","shape","VoxelVolume","389706.8334960935"
"original","firstorder","10Percentile","-187.0"
"original","firstorder","90Percentile","98.0"
"original","firstorder","Energy","16670559335.0"
"original","firstorder","Entropy","3.7127024815241647"
"original","firstorder","InterquartileRange","77.0"
"original","firstorder","Kurtosis","10.391177212682432"
"original","firstorder","Maximum","1251.0"
"original","firstorder","MeanAbsoluteDeviation","98.03926710508102"
"original","firstorder","Mean","-1.15676499272017"
"original","firstorder","Median","49.0"
"original","firstorder","Minimum","-1024.0"
"original","firstorder","Range","2275.0"
"original","firstorder","RobustMeanAbsoluteDeviation","41.97371484456661"
"original","firstorder","RootMeanSquared","151.75059344771034"
"original","firstorder","Skewness","-2.5080244902588764"
"original","firstorder","TotalEnergy","8974263509.197992"
"original","firstorder","Uniformity","0.12687180350755334"
"original","firstorder","Variance","23026.90450648389"
"original","glcm","Autocorrelation","1768.5750591518374"
"original","glcm","ClusterProminence","164093.20625048337"
"original","glcm","ClusterShade","-3444.0321148844837"
"original","glcm","ClusterTendency","118.88706774964643"
"original","glcm","Contrast","13.470151094508033"
"original","glcm","Correlation","0.7937307377003179"
"original","glcm","DifferenceAverage","2.2114691016479946"
"original","glcm","DifferenceEntropy","2.746814586021915"
"original","glcm","DifferenceVariance","8.435156731943296"
"original","glcm","Id","0.4984529500259277"
"original","glcm","Idm","0.44326446770986627"
"original","glcm","Idmn","0.9984338245788243"
"original","glcm","Idn","0.9773980853724016"
"original","glcm","Imc1","-0.15661504825995068"
"original","glcm","Imc2","0.8055272228660653"
"original","glcm","InverseVariance","0.4034967373974708"
"original","glcm","JointAverage","41.73981619866557"
"original","glcm","JointEnergy","0.028264114747269607"
"original","glcm","JointEntropy","6.680950103973563"
"original","glcm","MCC","0.8351206307296403"
"original","glcm","MaximumProbability","0.0808573507242669"
"original","glcm","SumAverage","83.47963239733113"
"original","glcm","SumEntropy","4.48986226595357"
"original","glcm","SumSquares","33.089304711038636"
"original","gldm","DependenceEntropy","7.051264205939"
"original","gldm","DependenceNonUniformity","55361.20515859531"
"original","gldm","DependenceNonUniformityNormalized","0.07647441444831501"
"original","gldm","DependenceVariance","15.392945959344305"
"original","gldm","GrayLevelNonUniformity","91844.78225158098"
"original","gldm","GrayLevelVariance","36.933633420874116"
"original","gldm","HighGrayLevelEmphasis","1756.9998259471377"
"original","gldm","LargeDependenceEmphasis","56.741705552286305"
"original","gldm","LargeDependenceHighGrayLevelEmphasis","108803.39572714036"
"original","gldm","LargeDependenceLowGrayLevelEmphasis","0.03114383306644688"
"original","gldm","LowGrayLevelEmphasis","0.0007157869819645602"
"original","gldm","SmallDependenceEmphasis","0.1362936576333929"
"original","gldm","SmallDependenceHighGrayLevelEmphasis","185.1594044718156"
"original","gldm","SmallDependenceLowGrayLevelEmphasis","0.00015058801203578497"
"original","glrlm","GrayLevelNonUniformity","61620.382148579854"
"original","glrlm","GrayLevelNonUniformityNormalized","0.10744674473205469"
"original","glrlm","GrayLevelVariance","42.719079223972976"
"original","glrlm","HighGrayLevelRunEmphasis","1719.6978611768964"
"original","glrlm","LongRunEmphasis","2.039017539070794"
"original","glrlm","LongRunHighGrayLevelEmphasis","3697.7100869630185"
"original","glrlm","LongRunLowGrayLevelEmphasis","0.001340630152332906"
"original","glrlm","LowGrayLevelRunEmphasis","0.0007537009049733927"
"original","glrlm","RunEntropy","4.790113027563657"
"original","glrlm","RunLengthNonUniformity","388725.7219295605"
"original","glrlm","RunLengthNonUniformityNormalized","0.6759349714039148"
"original","glrlm","RunPercentage","0.7911423031975359"
"original","glrlm","RunVariance","0.4239525420258624"
"original","glrlm","ShortRunEmphasis","0.8479977370553764"
"original","glrlm","ShortRunHighGrayLevelEmphasis","1433.052853544622"
"original","glrlm","ShortRunLowGrayLevelEmphasis","0.0006644960345650527"
"original","glszm","GrayLevelNonUniformity","3861.710027365129"
"original","glszm","GrayLevelNonUniformityNormalized","0.03774149753093363"
"original","glszm","GrayLevelVariance","75.00197931054653"
"original","glszm","HighGrayLevelZoneEmphasis","1276.818833072713"
"original","glszm","LargeAreaEmphasis","399702.3836395622"
"original","glszm","LargeAreaHighGrayLevelEmphasis","774388224.1513292"
"original","glszm","LargeAreaLowGrayLevelEmphasis","206.5411453718877"
"original","glszm","LowGrayLevelZoneEmphasis","0.0011908883904148842"
"original","glszm","SizeZoneNonUniformity","38783.454827990616"
"original","glszm","SizeZoneNonUniformityNormalized","0.3790408016809091"
"original","glszm","SmallAreaEmphasis","0.6381109887279632"
"original","glszm","SmallAreaHighGrayLevelEmphasis","781.1730464613435"
"original","glszm","SmallAreaLowGrayLevelEmphasis","0.0007878404142079169"
"original","glszm","ZoneEntropy","7.09635352856163"
"original","glszm","ZonePercentage","0.14134197519608574"
"original","glszm","ZoneVariance","399652.3274613941"
"original","ngtdm","Busyness","11.213725499410826"
"original","ngtdm","Coarseness","1.2926290258451751e-05"
"original","ngtdm","Complexity","5672.649709739398"
"original","ngtdm","Contrast","0.011652743086249211"
"original","ngtdm","Strength","0.1476970336217077"
"wavelet-LLH","firstorder","10Percentile","-97.22229312543087"
"wavelet-LLH","firstorder","90Percentile","77.14661816039896"
"wavelet-LLH","firstorder","Energy","6143676211.616314"
"wavelet-LLH","firstorder","Entropy","3.6343416308486756"
"wavelet-LLH","firstorder","InterquartileRange","67.4966754616333"
"wavelet-LLH","firstorder","Kurtosis","8.365797225756596"
"wavelet-LLH","firstorder","Maximum","748.520278297163"
"wavelet-LLH","firstorder","MeanAbsoluteDeviation","58.73701084351193"
"wavelet-LLH","firstorder","Mean","-3.38380048655837"
"wavelet-LLH","firstorder","Median","-4.701396153717331"
"wavelet-LLH","firstorder","Minimum","-640.8899595011982"
"wavelet-LLH","firstorder","Range","1389.4102377983613"
"wavelet-LLH","firstorder","RobustMeanAbsoluteDeviation","30.022217519085068"
"wavelet-LLH","firstorder","RootMeanSquared","92.1232968624921"
"wavelet-LLH","firstorder","Skewness","0.798167211931472"
"wavelet-LLH","firstorder","TotalEnergy","3307325694.974112"
"wavelet-LLH","firstorder","Uniformity","0.1205185792437238"
"wavelet-LLH","firstorder","Variance","8475.251719082014"
"wavelet-LLH","glcm","Autocorrelation","698.9057604033799"
"wavelet-LLH","glcm","ClusterProminence","11171.56407819923"
"wavelet-LLH","glcm","ClusterShade","169.76386847676727"
"wavelet-LLH","glcm","ClusterTendency","34.41588599946079"
"wavelet-LLH","glcm","Contrast","16.85624415352135"
"wavelet-LLH","glcm","Correlation","0.3348721685098547"
"wavelet-LLH","glcm","DifferenceAverage","2.5861728765146372"
"wavelet-LLH","glcm","DifferenceEntropy","2.9207229122548046"
"wavelet-LLH","glcm","DifferenceVariance","9.618437037597737"
"wavelet-LLH","glcm","Id","0.4537108685421521"
"wavelet-LLH","glcm","Idm","0.3873387728905581"
"wavelet-LLH","glcm","Idmn","0.9948892819419648"
"wavelet-LLH","glcm","Idn","0.9583411837394069"
"wavelet-LLH","glcm","Imc1","-0.09365375405796127"
"wavelet-LLH","glcm","Imc2","0.61322114056921"
"wavelet-LLH","glcm","InverseVariance","0.36384515633958203"
"wavelet-LLH","glcm","JointAverage","26.353668076238936"
"wavelet-LLH","glcm","JointEnergy","0.02272460343964478"
"wavelet-LLH","glcm","JointEntropy","6.824563936598271"
"wavelet-LLH","glcm","MCC","0.556336471254662"
"wavelet-LLH","glcm","MaximumProbability","0.05920532626274828"
"wavelet-LLH","glcm","SumAverage","52.70733615247787"
"wavelet-LLH","glcm","SumEntropy","4.223453316955613"
"wavelet-LLH","glcm","SumSquares","12.818032538245543"
"wavelet-LLH","gldm","DependenceEntropy","6.8333700175941745"
"wavelet-LLH","gldm","DependenceNonUniformity","67023.25090687067"
"wavelet-LLH","gldm","DependenceNonUniformityNormalized","0.09258403701368204"
"wavelet-LLH","gldm","DependenceVariance","12.111915226156434"
"wavelet-LLH","gldm","GrayLevelNonUniformity","87245.56884895804"
"wavelet-LLH","gldm","GrayLevelVariance","13.64233111981817"
"wavelet-LLH","gldm","HighGrayLevelEmphasis","708.7455720122997"
"wavelet-LLH","gldm","LargeDependenceEmphasis","42.413737467503225"
"wavelet-LLH","gldm","LargeDependenceHighGrayLevelEmphasis","29540.23502800041"
"wavelet-LLH","gldm","LargeDependenceLowGrayLevelEmphasis","0.0619928140917611"
"wavelet-LLH","gldm","LowGrayLevelEmphasis","0.00153584423335246"
"wavelet-LLH","gldm","SmallDependenceEmphasis","0.15050279524307006"
"wavelet-LLH","gldm","SmallDependenceHighGrayLevelEmphasis","115.31651555098374"
"wavelet-LLH","gldm","SmallDependenceLowGrayLevelEmphasis","0.0002457654984216222"
"wavelet-LLH","glrlm","GrayLevelNonUniformity","63865.78745678167"
"wavelet-LLH","glrlm","GrayLevelNonUniformityNormalized","0.10655007316716664"
"wavelet-LLH","glrlm","GrayLevelVariance","15.593070038488687"
"wavelet-LLH","glrlm","HighGrayLevelRunEmphasis","711.5945206843959"
"wavelet-LLH","glrlm","LongRunEmphasis","1.8356722272360315"
"wavelet-LLH","glrlm","LongRunHighGrayLevelEmphasis","1293.1816304433742"
"wavelet-LLH","glrlm","LongRunLowGrayLevelEmphasis","0.0027797421375655917"
"wavelet-LLH","glrlm","LowGrayLevelRunEmphasis","0.0015479456425684032"
"wavelet-LLH","glrlm","RunEntropy","4.523465588383687"
"wavelet-LLH","glrlm","RunLengthNonUniformity","438345.11112540617"
"wavelet-LLH","glrlm","RunLengthNonUniformityNormalized","0.7260220445404267"
"wavelet-LLH","glrlm","RunPercentage","0.8267419578120515"
"wavelet-LLH","glrlm","RunVariance","0.3406438223084839"
"wavelet-LLH","glrlm","ShortRunEmphasis","0.8741308004536261"
"wavelet-LLH","glrlm","ShortRunHighGrayLevelEmphasis","624.0559334424562"
"wavelet-LLH","glrlm","ShortRunLowGrayLevelEmphasis","0.0013606678867708092"
"wavelet-LLH","glszm","GrayLevelNonUniformity","5432.18962711447"
"wavelet-LLH","glszm","GrayLevelNonUniformityNormalized","0.04778449896741293"
"wavelet-LLH","glszm","GrayLevelVariance","41.847327236124265"
"wavelet-LLH","glszm","HighGrayLevelZoneEmphasis","775.6733491084702"
"wavelet-LLH","glszm","LargeAreaEmphasis","299130.7423404087"
"wavelet-LLH","glszm","LargeAreaHighGrayLevelEmphasis","208133502.72869697"
"wavelet-LLH","glszm","LargeAreaLowGrayLevelEmphasis","431.45731691467233"
"wavelet-LLH","glszm","LowGrayLevelZoneEmphasis","0.0016640458774178854"
"wavelet-LLH","glszm","SizeZoneNonUniformity","38239.26166201916"
"wavelet-LLH","glszm","SizeZoneNonUniformityNormalized","0.3363733751640042"
"wavelet-LLH","glszm","SmallAreaEmphasis","0.598707189486071"
"wavelet-LLH","glszm","SmallAreaHighGrayLevelEmphasis","479.55386276255507"
"wavelet-LLH","glszm","SmallAreaLowGrayLevelEmphasis","0.00099595206598734"
"wavelet-LLH","glszm","ZoneEntropy","6.9846649177719895"
"wavelet-LLH","glszm","ZonePercentage","0.15703574161714448"
"wavelet-LLH","glszm","ZoneVariance","299090.1912085897"
"wavelet-LLH","ngtdm","Busyness","37.76463743424084"
"wavelet-LLH","ngtdm","Coarseness","1.1063730206802966e-05"
"wavelet-LLH","ngtdm","Complexity","2602.074394032965"
"wavelet-LLH","ngtdm","Contrast","0.016936651754125526"
"wavelet-LLH","ngtdm","Strength","0.02254137963957637"
"wavelet-LHL","firstorder","10Percentile","-62.45192236213437"
"wavelet-LHL","firstorder","90Percentile","59.738386866668336"
"wavelet-LHL","firstorder","Energy","2164311917.5078526"
"wavelet-LHL","firstorder","Entropy","3.112333923984593"
"wavelet-LHL","firstorder","InterquartileRange","59.13946343839565"
"wavelet-LHL","firstorder","Kurtosis","6.15943542910055"
"wavelet-LHL","firstorder","Maximum","532.8450303521828"
"wavelet-LHL","firstorder","MeanAbsoluteDeviation","39.724815757082304"
"wavelet-LHL","firstorder","Mean","-1.1142748041643158"
"wavelet-LHL","firstorder","Median","-2.1513731826467177"
"wavelet-LHL","firstorder","Minimum","-551.5084137753406"
"wavelet-LHL","firstorder","Range","1084.3534441275233"
"wavelet-LHL","firstorder","RobustMeanAbsoluteDeviation","24.944322806870915"
"wavelet-LHL","firstorder","RootMeanSquared","54.67832949344897"
"wavelet-LHL","firstorder","Skewness","0.33395742197725264"
"wavelet-LHL","firstorder","TotalEnergy","1165114203.63887"
"wavelet-LHL","firstorder","Uniformity","0.14903456136788062"
"wavelet-LHL","firstorder","Variance","2988.4781078549768"
"wavelet-LHL","glcm","Autocorrelation","551.3407841292767"
"wavelet-LHL","glcm","ClusterProminence","1022.7188364355054"
"wavelet-LHL","glcm","ClusterShade","16.717589602552085"
"wavelet-LHL","glcm","ClusterTendency","12.05522635913951"
"wavelet-LHL","glcm","Contrast","6.623399115377143"
"wavelet-LHL","glcm","Correlation","0.2902136531645783"
"wavelet-LHL","glcm","DifferenceAverage","1.866082606040611"
"wavelet-LHL","glcm","DifferenceEntropy","2.490651175854626"
"wavelet-LHL","glcm","DifferenceVariance","2.942197090972823"
"wavelet-LHL","glcm","Id","0.48514110259884746"
"wavelet-LHL","glcm","Idm","0.42055062075994865"
"wavelet-LHL","glcm","Idmn","0.9967859816693975"
"wavelet-LHL","glcm","Idn","0.961475278768944"
"wavelet-LHL","glcm","Imc1","-0.06078320220387404"
"wavelet-LHL","glcm","Imc2","0.4461228131896529"
"wavelet-LHL","glcm","InverseVariance","0.39990120434850596"
"wavelet-LHL","glcm","JointAverage","23.451712617659"
"wavelet-LHL","glcm","JointEnergy","0.0276693257841662"
"wavelet-LHL","glcm","JointEntropy","5.979906614859402"
"wavelet-LHL","glcm","MCC","0.4879718953437726"
"wavelet-LHL","glcm","MaximumProbability","0.06034649764522984"
"wavelet-LHL","glcm","SumAverage","46.90342523531796"
"wavelet-LHL","glcm","SumEntropy","3.717259472572604"
"wavelet-LHL","glcm","SumSquares","4.669656368629164"
"wavelet-LHL","gldm","DependenceEntropy","6.377146579647756"
"wavelet-LHL","gldm","DependenceNonUniformity","69101.1501192124"
"wavelet-LHL","gldm","DependenceNonUniformityNormalized","0.09545438864513991"
"wavelet-LHL","gldm","DependenceVariance","9.785764094369126"
"wavelet-LHL","gldm","GrayLevelNonUniformity","107888.8015963134"
"wavelet-LHL","gldm","GrayLevelVariance","4.864117486736476"
"wavelet-LHL","gldm","HighGrayLevelEmphasis","555.0030417809752"
"wavelet-LHL","gldm","LargeDependenceEmphasis","43.463232023516476"
"wavelet-LHL","gldm","LargeDependenceHighGrayLevelEmphasis","23885.796454847095"
"wavelet-LHL","gldm","LargeDependenceLowGrayLevelEmphasis","0.08012656776354966"
"wavelet-LHL","gldm","LowGrayLevelEmphasis","0.0018702008237658071"
"wavelet-LHL","gldm","SmallDependenceEmphasis","0.1026233234191965"
"wavelet-LHL","gldm","SmallDependenceHighGrayLevelEmphasis","58.8086903504052"
"wavelet-LHL","gldm","SmallDependenceLowGrayLevelEmphasis","0.00019861704191678002"
"wavelet-LHL","glrlm","GrayLevelNonUniformity","81531.35900909339"
"wavelet-LHL","glrlm","GrayLevelNonUniformityNormalized","0.1381409367875192"
"wavelet-LHL","glrlm","GrayLevelVariance","5.427841039811171"
"wavelet-LHL","glrlm","HighGrayLevelRunEmphasis","556.1111823503861"
"wavelet-LHL","glrlm","LongRunEmphasis","1.8712494829955892"
"wavelet-LHL","glrlm","LongRunHighGrayLevelEmphasis","1035.3299035189286"
"wavelet-LHL","glrlm","LongRunLowGrayLevelEmphasis","0.003485334512991395"
"wavelet-LHL","glrlm","LowGrayLevelRunEmphasis","0.0018747516913875154"
"wavelet-LHL","glrlm","RunEntropy","4.013454001744546"
"wavelet-LHL","glrlm","RunLengthNonUniformity","417237.10862461163"
"wavelet-LHL","glrlm","RunLengthNonUniformityNormalized","0.7014426243406435"
"wavelet-LHL","glrlm","RunPercentage","0.8152604194227694"
"wavelet-LHL","glrlm","RunVariance","0.3376214915473973"
"wavelet-LHL","glrlm","ShortRunEmphasis","0.861211771462759"
"wavelet-LHL","glrlm","ShortRunHighGrayLevelEmphasis","479.6975924869867"
"wavelet-LHL","glrlm","ShortRunLowGrayLevelEmphasis","0.0016175150308859738"
"wavelet-LHL","glszm","GrayLevelNonUniformity","5800.637641749595"
"wavelet-LHL","glszm","GrayLevelNonUniformityNormalized","0.08390184045576249"
"wavelet-LHL","glszm","GrayLevelVariance","16.633141691691154"
"wavelet-LHL","glszm","HighGrayLevelZoneEmphasis","581.8546054154131"
"wavelet-LHL","glszm","LargeAreaEmphasis","645299.0310402685"
"wavelet-LHL","glszm","LargeAreaHighGrayLevelEmphasis","353290034.04157025"
"wavelet-LHL","glszm","LargeAreaLowGrayLevelEmphasis","1184.837126708751"
"wavelet-LHL","glszm","LowGrayLevelZoneEmphasis","0.0019640924456352958"
"wavelet-LHL","glszm","SizeZoneNonUniformity","18479.307104836844"
"wavelet-LHL","glszm","SizeZoneNonUniformityNormalized","0.2672892140829212"
"wavelet-LHL","glszm","SmallAreaEmphasis","0.5262356967211539"
"wavelet-LHL","glszm","SmallAreaHighGrayLevelEmphasis","308.87654846596814"
"wavelet-LHL","glszm","SmallAreaLowGrayLevelEmphasis","0.0010471774233891703"
"wavelet-LHL","glszm","ZoneEntropy","6.586958073844974"
"wavelet-LHL","glszm","ZonePercentage","0.09550252929199163"
"wavelet-LHL","glszm","ZoneVariance","645189.390730777"
"wavelet-LHL","ngtdm","Busyness","55.370413504037785"
"wavelet-LHL","ngtdm","Coarseness","1.0270836926271187e-05"
"wavelet-LHL","ngtdm","Complexity","1229.3955783833464"
"wavelet-LHL","ngtdm","Contrast","0.006740067538316454"
"wavelet-LHL","ngtdm","Strength","0.015497264671377796"
"wavelet-LHH","firstorder","10Percentile","-31.748570387647433"
"wavelet-LHH","firstorder","90Percentile","31.946667299487835"
"wavelet-LHH","firstorder","Energy","492387626.3978102"
"wavelet-LHH","firstorder","Entropy","2.149328871176581"
"wavelet-LHH","firstorder","InterquartileRange","32.19984439878852"
"wavelet-LHH","firstorder","Kurtosis","4.027930685880864"
"wavelet-LHH","firstorder","Maximum","171.27042432928033"
"wavelet-LHH","firstorder","MeanAbsoluteDeviation","20.079888614836705"
"wavelet-LHH","firstorder","Mean","0.05402595906643127"
"wavelet-LHH","firstorder","Median","0.13074381802686502"
"wavelet-LHH","firstorder","Minimum","-206.51718354589096"
"wavelet-LHH","firstorder","Range","377.78760787517126"
"wavelet-LHH","firstorder","RobustMeanAbsoluteDeviation","13.459302256128813"
"wavelet-LHH","firstorder","RootMeanSquared","26.080077501910477"
"wavelet-LHH","firstorder","Skewness","-0.05886367275306573"
"wavelet-LHH","firstorder","TotalEnergy","265067069.38651633"
"wavelet-LHH","firstorder","Uniformity","0.2731859944929556"
"wavelet-LHH","firstorder","Variance","680.1675237014039"
"wavelet-LHH","glcm","Autocorrelation","90.34568246994527"
"wavelet-LHH","glcm","ClusterProminence","24.473423194275973"
"wavelet-LHH","glcm","ClusterShade","-0.22968212790814407"
"wavelet-LHH","glcm","ClusterTendency","2.3887070868205913"
"wavelet-LHH","glcm","Contrast","2.2274569956859533"
"wavelet-LHH","glcm","Correlation","0.034380148084355425"
"wavelet-LHH","glcm","DifferenceAverage","1.0956417574381505"
"wavelet-LHH","glcm","DifferenceEntropy","1.8742907597070564"
"wavelet-LHH","glcm","DifferenceVariance","0.991345601273152"
"wavelet-LHH","glcm","Id","0.5956158335602184"
"wavelet-LHH","glcm","Idm","0.5580552964996868"
"wavelet-LHH","glcm","Idmn","0.9915801372951575"
"wavelet-LHH","glcm","Idn","0.9390225043367484"
"wavelet-LHH","glcm","Imc1","-0.030167119921826444"
"wavelet-LHH","glcm","Imc2","0.2244056436877485"
"wavelet-LHH","glcm","InverseVariance","0.4813959982938144"
"wavelet-LHH","glcm","JointAverage","9.502913755713013"
"wavelet-LHH","glcm","JointEnergy","0.08163484853377526"
"wavelet-LHH","glcm","JointEntropy","4.211257044418681"
"wavelet-LHH","glcm","MCC","0.18224096189996775"
"wavelet-LHH","glcm","MaximumProbability","0.1365388109747801"
"wavelet-LHH","glcm","SumAverage","19.005827511426023"
"wavelet-LHH","glcm","SumEntropy","2.641588214932754"
"wavelet-LHH","glcm","SumSquares","1.1540410206266365"
"wavelet-LHH","gldm","DependenceEntropy","5.61470386968379"
"wavelet-LHH","gldm","DependenceNonUniformity","49474.83374912628"
"wavelet-LHH","gldm","DependenceNonUniformityNormalized","0.06834314625292683"
"wavelet-LHH","gldm","DependenceVariance","15.891950184570911"
"wavelet-LHH","gldm","GrayLevelNonUniformity","197764.25876135143"
"wavelet-LHH","gldm","GrayLevelVariance","1.1724997081160808"
"wavelet-LHH","gldm","HighGrayLevelEmphasis","91.47654844885747"
"wavelet-LHH","gldm","LargeDependenceEmphasis","85.4580546415478"
"wavelet-LHH","gldm","LargeDependenceHighGrayLevelEmphasis","7759.2100652283825"
"wavelet-LHH","gldm","LargeDependenceLowGrayLevelEmphasis","0.9600206114907114"
"wavelet-LHH","gldm","LowGrayLevelEmphasis","0.011556117929235636"
"wavelet-LHH","gldm","SmallDependenceEmphasis","0.055669065374773875"
"wavelet-LHH","gldm","SmallDependenceHighGrayLevelEmphasis","5.212782945104339"
"wavelet-LHH","gldm","SmallDependenceLowGrayLevelEmphasis","0.0007179920806952682"
"wavelet-LHH","glrlm","GrayLevelNonUniformity","126248.31137231161"
"wavelet-LHH","glrlm","GrayLevelNonUniformityNormalized","0.2430852918238474"
"wavelet-LHH","glrlm","GrayLevelVariance","1.4048823100732586"
"wavelet-LHH","glrlm","HighGrayLevelRunEmphasis","91.68148250804947"
"wavelet-LHH","glrlm","LongRunEmphasis","2.778868570471661"
"wavelet-LHH","glrlm","LongRunHighGrayLevelEmphasis","253.44044249411857"
"wavelet-LHH","glrlm","LongRunLowGrayLevelEmphasis","0.03173336165754012"
"wavelet-LHH","glrlm","LowGrayLevelRunEmphasis","0.01166084200319737"
"wavelet-LHH","glrlm","RunEntropy","3.4165985911130012"
"wavelet-LHH","glrlm","RunLengthNonUniformity","304709.13584143325"
"wavelet-LHH","glrlm","RunLengthNonUniformityNormalized","0.5779830173780091"
"wavelet-LHH","glrlm","RunPercentage","0.7176680869295224"
"wavelet-LHH","glrlm","RunVariance","0.7209845891962856"
"wavelet-LHH","glrlm","ShortRunEmphasis","0.7840244333907721"
"wavelet-LHH","glrlm","ShortRunHighGrayLevelEmphasis","72.01748298832948"
"wavelet-LHH","glrlm","ShortRunLowGrayLevelEmphasis","0.009213372063373061"
"wavelet-LHH","glszm","GrayLevelNonUniformity","5826.655756350309"
"wavelet-LHH","glszm","GrayLevelNonUniformityNormalized","0.18408491584576991"
"wavelet-LHH","glszm","GrayLevelVariance","5.4697976512838204"
"wavelet-LHH","glszm","HighGrayLevelZoneEmphasis","95.08940983192215"
"wavelet-LHH","glszm","LargeAreaEmphasis","3039221.837735372"
"wavelet-LHH","glszm","LargeAreaHighGrayLevelEmphasis","275779184.28187793"
"wavelet-LHH","glszm","LargeAreaLowGrayLevelEmphasis","33995.198602190176"
"wavelet-LHH","glszm","LowGrayLevelZoneEmphasis","0.013705065546228336"
"wavelet-LHH","glszm","SizeZoneNonUniformity","8567.66289649943"
"wavelet-LHH","glszm","SizeZoneNonUniformityNormalized","0.27068314471437604"
"wavelet-LHH","glszm","SmallAreaEmphasis","0.5201776092801719"
"wavelet-LHH","glszm","SmallAreaHighGrayLevelEmphasis","49.514277807657116"
"wavelet-LHH","glszm","SmallAreaLowGrayLevelEmphasis","0.00729820396344534"
"wavelet-LHH","glszm","ZoneEntropy","5.264973172605486"
"wavelet-LHH","glszm","ZonePercentage","0.04372318411753817"
"wavelet-LHH","glszm","ZoneVariance","3038698.7477125023"
"wavelet-LHH","ngtdm","Busyness","505.8998389675086"
"wavelet-LHH","ngtdm","Coarseness","8.255844045975944e-06"
"wavelet-LHH","ngtdm","Complexity","105.13003852762287"
"wavelet-LHH","ngtdm","Contrast","0.008337463367282267"
"wavelet-LHH","ngtdm","Strength","0.0012136599351854713"
"wavelet-HLL","firstorder","10Percentile","-40.83668330381172"
"wavelet-HLL","firstorder","90Percentile","35.21446745410132"
"wavelet-HLL","firstorder","Energy","1358476962.4085243"
"wavelet-HLL","firstorder","Entropy","2.5495067700030383"
"wavelet-HLL","firstorder","InterquartileRange","30.687975591963696"
"wavelet-HLL","firstorder","Kurtosis","10.67613328344124"
"wavelet-HLL","firstorder","Maximum","404.0787436166018"
"wavelet-HLL","firstorder","MeanAbsoluteDeviation","26.8473795073577"
"wavelet-HLL","firstorder","Mean","-0.9793694828883796"
"wavelet-HLL","firstorder","Median","-1.6559848747971078"
"wavelet-HLL","firstorder","Minimum","-608.6731141776453"
"wavelet-HLL","firstorder","Range","1012.7518577942471"
"wavelet-HLL","firstorder","RobustMeanAbsoluteDeviation","13.477378264497599"
"wavelet-HLL","firstorder","RootMeanSquared","43.3193020993472"
"wavelet-HLL","firstorder","Skewness","0.5850399818348737"
"wavelet-HLL","firstorder","TotalEnergy","731309009.304393"
"wavelet-HLL","firstorder","Uniformity","0.2498234939305924"
"wavelet-HLL","firstorder","Variance","1875.602769790493"
"wavelet-HLL","glcm","Autocorrelation","649.3398574039081"
"wavelet-HLL","glcm","ClusterProminence","770.9698736329532"
"wavelet-HLL","glcm","ClusterShade","14.683790575584228"
"wavelet-HLL","glcm","ClusterTendency","8.27059493491758"
"wavelet-HLL","glcm","Contrast","3.270112310943243"
"wavelet-HLL","glcm","Correlation","0.43215624917931694"
"wavelet-HLL","glcm","DifferenceAverage","1.1340083175752786"
"wavelet-HLL","glcm","DifferenceEntropy","2.0041019675443925"
"wavelet-HLL","glcm","DifferenceVariance","1.9392280940176683"
"wavelet-HLL","glcm","Id","0.6211006447005588"
"wavelet-HLL","glcm","Idm","0.58935736380865"
"wavelet-HLL","glcm","Idmn","0.9981820397947856"
"wavelet-HLL","glcm","Idn","0.9746674946535699"
"wavelet-HLL","glcm","Imc1","-0.10065584462559933"
"wavelet-HLL","glcm","Imc2","0.5903565149367063"
"wavelet-HLL","glcm","InverseVariance","0.45615652704322035"
"wavelet-HLL","glcm","JointAverage","25.45760661826411"
"wavelet-HLL","glcm","JointEnergy","0.08618494228979065"
"wavelet-HLL","glcm","JointEntropy","4.737658693597583"
"wavelet-HLL","glcm","MCC","0.600662386352882"
"wavelet-HLL","glcm","MaximumProbability","0.16028100323890535"
"wavelet-HLL","glcm","SumAverage","50.91521323652823"
"wavelet-HLL","glcm","SumEntropy","3.206773843574645"
"wavelet-HLL","glcm","SumSquares","2.8851768114652048"
"wavelet-HLL","gldm","DependenceEntropy","6.2809412034959085"
"wavelet-HLL","gldm","DependenceNonUniformity","40716.25289604624"
"wavelet-HLL","gldm","DependenceNonUniformityNormalized","0.05624428857418414"
"wavelet-HLL","gldm","DependenceVariance","25.052692087675553"
"wavelet-HLL","gldm","GrayLevelNonUniformity","180851.72407924655"
"wavelet-HLL","gldm","GrayLevelVariance","3.0862503019976324"
"wavelet-HLL","gldm","HighGrayLevelEmphasis","651.35213380521"
"wavelet-HLL","gldm","LargeDependenceEmphasis","115.44875800850373"
"wavelet-HLL","gldm","LargeDependenceHighGrayLevelEmphasis","74762.29885152739"
"wavelet-HLL","gldm","LargeDependenceLowGrayLevelEmphasis","0.17896669569186732"
"wavelet-HLL","gldm","LowGrayLevelEmphasis","0.0015675592151997003"
"wavelet-HLL","gldm","SmallDependenceEmphasis","0.06143151811283342"
"wavelet-HLL","gldm","SmallDependenceHighGrayLevelEmphasis","41.82126520995509"
"wavelet-HLL","gldm","SmallDependenceLowGrayLevelEmphasis","9.955535718724534e-05"
"wavelet-HLL","glrlm","GrayLevelNonUniformity","98333.73099650865"
"wavelet-HLL","glrlm","GrayLevelNonUniformityNormalized","0.2014375270864381"
"wavelet-HLL","glrlm","GrayLevelVariance","4.105714321526698"
"wavelet-HLL","glrlm","HighGrayLevelRunEmphasis","653.2489491838874"
"wavelet-HLL","glrlm","LongRunEmphasis","3.2540759255778933"
"wavelet-HLL","glrlm","LongRunHighGrayLevelEmphasis","2113.002817430671"
"wavelet-HLL","glrlm","LongRunLowGrayLevelEmphasis","0.0050727989111341515"
"wavelet-HLL","glrlm","LowGrayLevelRunEmphasis","0.0015740933074161446"
"wavelet-HLL","glrlm","RunEntropy","4.0903468146985125"
"wavelet-HLL","glrlm","RunLengthNonUniformity","263990.5329011099"
"wavelet-HLL","glrlm","RunLengthNonUniformityNormalized","0.5369555523082421"
"wavelet-HLL","glrlm","RunPercentage","0.6727813626150178"
"wavelet-HLL","glrlm","RunVariance","0.9877180369183989"
"wavelet-HLL","glrlm","ShortRunEmphasis","0.7586612830702142"
"wavelet-HLL","glrlm","ShortRunHighGrayLevelEmphasis","496.96256286621"
"wavelet-HLL","glrlm","ShortRunLowGrayLevelEmphasis","0.0011981981874178331"
"wavelet-HLL","glszm","GrayLevelNonUniformity","3822.782424706253"
"wavelet-HLL","glszm","GrayLevelNonUniformityNormalized","0.08604831460645238"
"wavelet-HLL","glszm","GrayLevelVariance","15.61682271109917"
"wavelet-HLL","glszm","HighGrayLevelZoneEmphasis","691.5711745374331"
"wavelet-HLL","glszm","LargeAreaEmphasis","1966957.3655517038"
"wavelet-HLL","glszm","LargeAreaHighGrayLevelEmphasis","1273392774.6864"
"wavelet-HLL","glszm","LargeAreaLowGrayLevelEmphasis","3043.3784423513193"
"wavelet-HLL","glszm","LowGrayLevelZoneEmphasis","0.0016287952627366993"
"wavelet-HLL","glszm","SizeZoneNonUniformity","10963.144509971638"
"wavelet-HLL","glszm","SizeZoneNonUniformityNormalized","0.2467731623367316"
"wavelet-HLL","glszm","SmallAreaEmphasis","0.5052337314979504"
"wavelet-HLL","glszm","SmallAreaHighGrayLevelEmphasis","353.38444619283996"
"wavelet-HLL","glszm","SmallAreaLowGrayLevelEmphasis","0.0008374480261875421"
"wavelet-HLL","glszm","ZoneEntropy","6.754807777345803"
"wavelet-HLL","glszm","ZonePercentage","0.061368829066275464"
"wavelet-HLL","glszm","ZoneVariance","1966691.841218934"
"wavelet-HLL","ngtdm","Busyness","47.77748037377369"
"wavelet-HLL","ngtdm","Coarseness","1.0990712494318425e-05"
"wavelet-HLL","ngtdm","Complexity","697.8271154576287"
"wavelet-HLL","ngtdm","Contrast","0.002818254499085908"
"wavelet-HLL","ngtdm","Strength","0.024453540933878266"
"wavelet-HLH","firstorder","10Percentile","-17.867626255703602"
"wavelet-HLH","firstorder","90Percentile","18.45266552513724"
"wavelet-HLH","firstorder","Energy","213432034.1732769"
"wavelet-HLH","firstorder","Entropy","1.6013209442016818"
"wavelet-HLH","firstorder","InterquartileRange","16.9421848277221"
"wavelet-HLH","firstorder","Kurtosis","6.8775133328446385"
"wavelet-HLH","firstorder","Maximum","170.86461395781296"
"wavelet-HLH","firstorder","MeanAbsoluteDeviation","12.035835705590308"
"wavelet-HLH","firstorder","Mean","0.04271161208643767"
"wavelet-HLH","firstorder","Median","0.03226315628695543"
"wavelet-HLH","firstorder","Minimum","-156.3882415036454"
"wavelet-HLH","firstorder","Range","327.25285546145835"
"wavelet-HLH","firstorder","RobustMeanAbsoluteDeviation","7.203545417633565"
"wavelet-HLH","firstorder","RootMeanSquared","17.170585882496162"
"wavelet-HLH","firstorder","Skewness","-0.1703304357609868"
"wavelet-HLH","firstorder","TotalEnergy","114896883.63087775"
"wavelet-HLH","firstorder","Uniformity","0.3972654251669475"
"wavelet-HLH","firstorder","Variance","294.82719526636953"
"wavelet-HLH","glcm","Autocorrelation","56.30913847448714"
"wavelet-HLH","glcm","ClusterProminence","8.779773351360989"
"wavelet-HLH","glcm","ClusterShade","-0.16933209063283278"
"wavelet-HLH","glcm","ClusterTendency","1.214262767151506"
"wavelet-HLH","glcm","Contrast","1.0226583290811981"
"wavelet-HLH","glcm","Correlation","0.08365572343670286"
"wavelet-HLH","glcm","DifferenceAverage","0.6894896125877554"
"wavelet-HLH","glcm","DifferenceEntropy","1.4298123350459435"
"wavelet-HLH","glcm","DifferenceVariance","0.5367817314328053"
"wavelet-HLH","glcm","Id","0.6991596954843193"
"wavelet-HLH","glcm","Idm","0.6868378715565838"
"wavelet-HLH","glcm","Idmn","0.9949186586587981"
"wavelet-HLH","glcm","Idn","0.9553413242308408"
"wavelet-HLH","glcm","Imc1","-0.04208131090686861"
"wavelet-HLH","glcm","Imc2","0.30829623325259115"
"wavelet-HLH","glcm","InverseVariance","0.49567360213645634"
"wavelet-HLH","glcm","JointAverage","7.500749118485586"
"wavelet-HLH","glcm","JointEnergy","0.17393205495502545"
"wavelet-HLH","glcm","JointEntropy","3.084876823752935"
"wavelet-HLH","glcm","MCC","0.29729613574912467"
"wavelet-HLH","glcm","MaximumProbability","0.22081046917562835"
"wavelet-HLH","glcm","SumAverage","15.001498236971171"
"wavelet-HLH","glcm","SumEntropy","2.105690921971477"
"wavelet-HLH","glcm","SumSquares","0.559230274058176"
"wavelet-HLH","gldm","DependenceEntropy","5.230464793540394"
"wavelet-HLH","gldm","DependenceNonUniformity","55431.800922203896"
"wavelet-HLH","gldm","DependenceNonUniformityNormalized","0.07657193345407062"
"wavelet-HLH","gldm","DependenceVariance","16.700585522992125"
"wavelet-HLH","gldm","GrayLevelNonUniformity","287587.59205600637"
"wavelet-HLH","gldm","GrayLevelVariance","0.5794867219024585"
"wavelet-HLH","gldm","HighGrayLevelEmphasis","56.843494705201415"
"wavelet-HLH","gldm","LargeDependenceEmphasis","151.16001259811193"
"wavelet-HLH","gldm","LargeDependenceHighGrayLevelEmphasis","8534.15514878757"
"wavelet-HLH","gldm","LargeDependenceLowGrayLevelEmphasis","2.734399123248764"
"wavelet-HLH","gldm","LowGrayLevelEmphasis","0.018400544187283742"
"wavelet-HLH","gldm","SmallDependenceEmphasis","0.027843736048358443"
"wavelet-HLH","gldm","SmallDependenceHighGrayLevelEmphasis","1.6098202109314281"
"wavelet-HLH","gldm","SmallDependenceLowGrayLevelEmphasis","0.0006078716985207084"
"wavelet-HLH","glrlm","GrayLevelNonUniformity","152764.80906861837"
"wavelet-HLH","glrlm","GrayLevelNonUniformityNormalized","0.35579301145537434"
"wavelet-HLH","glrlm","GrayLevelVariance","0.7473582157266644"
"wavelet-HLH","glrlm","HighGrayLevelRunEmphasis","57.029246182589915"
"wavelet-HLH","glrlm","LongRunEmphasis","4.465616690105559"
"wavelet-HLH","glrlm","LongRunHighGrayLevelEmphasis","252.91992945746668"
"wavelet-HLH","glrlm","LongRunLowGrayLevelEmphasis","0.0813618375160144"
"wavelet-HLH","glrlm","LowGrayLevelRunEmphasis","0.018598408105594936"
"wavelet-HLH","glrlm","RunEntropy","3.3745005992379626"
"wavelet-HLH","glrlm","RunLengthNonUniformity","190011.1278663485"
"wavelet-HLH","glrlm","RunLengthNonUniformityNormalized","0.4348679434517492"
"wavelet-HLH","glrlm","RunPercentage","0.5924744557766529"
"wavelet-HLH","glrlm","RunVariance","1.4100379360506683"
"wavelet-HLH","glrlm","ShortRunEmphasis","0.671875577798341"
"wavelet-HLH","glrlm","ShortRunHighGrayLevelEmphasis","38.43648931674788"
"wavelet-HLH","glrlm","ShortRunLowGrayLevelEmphasis","0.012641066782270938"
"wavelet-HLH","glszm","GrayLevelNonUniformity","3877.42521631644"
"wavelet-HLH","glszm","GrayLevelNonUniformityNormalized","0.23964309124329047"
"wavelet-HLH","glszm","GrayLevelVariance","4.100632940452052"
"wavelet-HLH","glszm","HighGrayLevelZoneEmphasis","58.08498145859085"
"wavelet-HLH","glszm","LargeAreaEmphasis","9204105.746600742"
"wavelet-HLH","glszm","LargeAreaHighGrayLevelEmphasis","519856620.1415946"
"wavelet-HLH","glszm","LargeAreaLowGrayLevelEmphasis","165884.48502459266"
"wavelet-HLH","glszm","LowGrayLevelZoneEmphasis","0.023931838067832015"
"wavelet-HLH","glszm","SizeZoneNonUniformity","4460.97762669963"
"wavelet-HLH","glszm","SizeZoneNonUniformityNormalized","0.2757093712422515"
"wavelet-HLH","glszm","SmallAreaEmphasis","0.5368149212049028"
"wavelet-HLH","glszm","SmallAreaHighGrayLevelEmphasis","31.01539200810057"
"wavelet-HLH","glszm","SmallAreaLowGrayLevelEmphasis","0.013121002051906215"
"wavelet-HLH","glszm","ZoneEntropy","5.150461193500322"
"wavelet-HLH","glszm","ZonePercentage","0.02235059771963123"
"wavelet-HLH","glszm","ZoneVariance","9202103.941847343"
"wavelet-HLH","ngtdm","Busyness","817.37564431737"
"wavelet-HLH","ngtdm","Coarseness","7.064969411639476e-06"
"wavelet-HLH","ngtdm","Complexity","56.20338974771468"
"wavelet-HLH","ngtdm","Contrast","0.00380212981478368"
"wavelet-HLH","ngtdm","Strength","0.001090221406991805"
"wavelet-HHL","firstorder","10Percentile","-15.464459021988112"
"wavelet-HHL","firstorder","90Percentile","15.538311027626815"
"wavelet-HHL","firstorder","Energy","119923088.44912475"
"wavelet-HHL","firstorder","Entropy","1.3165747002062231"
"wavelet-HHL","firstorder","InterquartileRange","15.774767334971077"
"wavelet-HHL","firstorder","Kurtosis","5.0014414507755545"
"wavelet-HHL","firstorder","Maximum","171.1835934099786"
"wavelet-HHL","firstorder","MeanAbsoluteDeviation","9.839447706023773"
"wavelet-HHL","firstorder","Mean","0.016443086244875588"
"wavelet-HHL","firstorder","Median","0.051339785229396515"
"wavelet-HHL","firstorder","Minimum","-130.35978188998033"
"wavelet-HHL","firstorder","Range","301.54337529995894"
"wavelet-HHL","firstorder","RobustMeanAbsoluteDeviation","6.580832329113874"
"wavelet-HHL","firstorder","RootMeanSquared","12.870834757068653"
"wavelet-HHL","firstorder","Skewness","-0.032992786315353025"
"wavelet-HHL","firstorder","TotalEnergy","64558205.57380857"
"wavelet-HHL","firstorder","Uniformity","0.44903018601555167"
"wavelet-HHL","firstorder","Variance","165.65811696868138"
"wavelet-HHL","glcm","Autocorrelation","42.284347785301556"
"wavelet-HHL","glcm","ClusterProminence","2.4977425768073"
"wavelet-HHL","glcm","ClusterShade","-0.018665540516771564"
"wavelet-HHL","glcm","ClusterTendency","0.7776669076479895"
"wavelet-HHL","glcm","Contrast","0.6736390428777006"
"wavelet-HHL","glcm","Correlation","0.07175377948474854"
"wavelet-HHL","glcm","DifferenceAverage","0.5724715311693478"
"wavelet-HHL","glcm","DifferenceEntropy","1.211154281909767"
"wavelet-HHL","glcm","DifferenceVariance","0.33931835030234303"
"wavelet-HHL","glcm","Id","0.7292954903243711"
"wavelet-HHL","glcm","Idm","0.7237209355591585"
"wavelet-HHL","glcm","Idmn","0.9960671349539004"
"wavelet-HHL","glcm","Idn","0.9595797972571051"
"wavelet-HHL","glcm","Imc1","-0.023675054697325636"
"wavelet-HHL","glcm","Imc2","0.18811604296295473"
"wavelet-HHL","glcm","InverseVariance","0.49540253900333053"
"wavelet-HHL","glcm","JointAverage","6.500641569598723"
"wavelet-HHL","glcm","JointEnergy","0.21018159897923377"
"wavelet-HHL","glcm","JointEntropy","2.5804671255801526"
"wavelet-HHL","glcm","MCC","0.46611219540031185"
"wavelet-HHL","glcm","MaximumProbability","0.2480584274853605"
"wavelet-HHL","glcm","SumAverage","13.001283139197445"
"wavelet-HHL","glcm","SumEntropy","1.835602206034562"
"wavelet-HHL","glcm","SumSquares","0.3628264876314225"
"wavelet-HHL","gldm","DependenceEntropy","4.884379979714218"
"wavelet-HHL","gldm","DependenceNonUniformity","64327.18168356085"
"wavelet-HHL","gldm","DependenceNonUniformityNormalized","0.08885976268522242"
"wavelet-HHL","gldm","DependenceVariance","13.428984874445907"
"wavelet-HHL","gldm","GrayLevelNonUniformity","325061.0342000061"
"wavelet-HHL","gldm","GrayLevelVariance","0.36841092427411704"
"wavelet-HHL","gldm","HighGrayLevelEmphasis","42.62525313640495"
"wavelet-HHL","gldm","LargeDependenceEmphasis","170.63147207280383"
"wavelet-HHL","gldm","LargeDependenceHighGrayLevelEmphasis","7265.399655762117"
"wavelet-HHL","gldm","LargeDependenceLowGrayLevelEmphasis","4.107979470350627"
"wavelet-HHL","gldm","LowGrayLevelEmphasis","0.024322117767216683"
"wavelet-HHL","gldm","SmallDependenceEmphasis","0.022157310232667607"
"wavelet-HHL","gldm","SmallDependenceHighGrayLevelEmphasis","0.9788279441800363"
"wavelet-HHL","gldm","SmallDependenceLowGrayLevelEmphasis","0.0005989197595967225"
"wavelet-HHL","glrlm","GrayLevelNonUniformity","169032.06530642702"
"wavelet-HHL","glrlm","GrayLevelNonUniformityNormalized","0.41933413877995984"
"wavelet-HHL","glrlm","GrayLevelVariance","0.44485008933522346"
"wavelet-HHL","glrlm","HighGrayLevelRunEmphasis","42.67182245284815"
"wavelet-HHL","glrlm","LongRunEmphasis","5.0091460455597225"
"wavelet-HHL","glrlm","LongRunHighGrayLevelEmphasis","213.3926925210945"
"wavelet-HHL","glrlm","LongRunLowGrayLevelEmphasis","0.12107555215861539"
"wavelet-HHL","glrlm","LowGrayLevelRunEmphasis","0.024489484705292074"
"wavelet-HHL","glrlm","RunEntropy","3.176012768139903"
"wavelet-HHL","glrlm","RunLengthNonUniformity","161752.49103875665"
"wavelet-HHL","glrlm","RunLengthNonUniformityNormalized","0.39493336170785465"
"wavelet-HHL","glrlm","RunPercentage","0.5562291691770445"
"wavelet-HHL","glrlm","RunVariance","1.5879174721012104"
"wavelet-HHL","glrlm","ShortRunEmphasis","0.6307010428063891"
"wavelet-HHL","glrlm","ShortRunHighGrayLevelEmphasis","26.95655158065015"
"wavelet-HHL","glrlm","ShortRunLowGrayLevelEmphasis","0.015566527259109045"
"wavelet-HHL","glszm","GrayLevelNonUniformity","6033.095584563806"
"wavelet-HHL","glszm","GrayLevelNonUniformityNormalized","0.4303513506358375"
"wavelet-HHL","glszm","GrayLevelVariance","2.4983577437407365"
"wavelet-HHL","glszm","HighGrayLevelZoneEmphasis","44.914045224338395"
"wavelet-HHL","glszm","LargeAreaEmphasis","12022290.642271204"
"wavelet-HHL","glszm","LargeAreaHighGrayLevelEmphasis","511698764.9407233"
"wavelet-HHL","glszm","LargeAreaLowGrayLevelEmphasis","289226.9204150793"
"wavelet-HHL","glszm","LowGrayLevelZoneEmphasis","0.028442785898272267"
"wavelet-HHL","glszm","SizeZoneNonUniformity","4497.369641201227"
"wavelet-HHL","glszm","SizeZoneNonUniformityNormalized","0.32080531002220036"
"wavelet-HHL","glszm","SmallAreaEmphasis","0.5803505999303314"
"wavelet-HHL","glszm","SmallAreaHighGrayLevelEmphasis","26.182995884085205"
"wavelet-HHL","glszm","SmallAreaLowGrayLevelEmphasis","0.01651507646000592"
"wavelet-HHL","glszm","ZoneEntropy","3.8180837963789265"
"wavelet-HHL","glszm","ZonePercentage","0.01936545299329482"
"wavelet-HHL","glszm","ZoneVariance","12019624.12329154"
"wavelet-HHL","ngtdm","Busyness","1099.9408250840543"
"wavelet-HHL","ngtdm","Coarseness","6.435624612909599e-06"
"wavelet-HHL","ngtdm","Complexity","43.46559275525591"
"wavelet-HHL","ngtdm","Contrast","0.0024724824013723484"
"wavelet-HHL","ngtdm","Strength","0.001002935949079272"
"wavelet-HHH","firstorder","10Percentile","-8.511949326747857"
"wavelet-HHH","firstorder","90Percentile","8.51253195197658"
"wavelet-HHH","firstorder","Energy","33368529.858386014"
"wavelet-HHH","firstorder","Entropy","1.0124951468343057"
"wavelet-HHH","firstorder","InterquartileRange","8.816199639686554"
"wavelet-HHH","firstorder","Kurtosis","3.4881638593423356"
"wavelet-HHH","firstorder","Maximum","50.51952694480692"
"wavelet-HHH","firstorder","MeanAbsoluteDeviation","5.329927206542148"
"wavelet-HHH","firstorder","Mean","-0.0017560745096628079"
"wavelet-HHH","firstorder","Median","-0.004836340933566916"
"wavelet-HHH","firstorder","Minimum","-51.71116862269871"
"wavelet-HHH","firstorder","Range","102.23069556750562"
"wavelet-HHH","firstorder","RobustMeanAbsoluteDeviation","3.6600203454372187"
"wavelet-HHH","firstorder","RootMeanSquared","6.789282014284452"
"wavelet-HHH","firstorder","Skewness","0.007953369249075526"
"wavelet-HHH","firstorder","TotalEnergy","17963283.285581328"
"wavelet-HHH","firstorder","Uniformity","0.49889633532762373"
"wavelet-HHH","firstorder","Variance","46.09434718568865"
"wavelet-HHH","glcm","Autocorrelation","12.245704969294492"
"wavelet-HHH","glcm","ClusterProminence","0.5142157721562366"
"wavelet-HHH","glcm","ClusterShade","0.0005527125027872344"
"wavelet-HHH","glcm","ClusterTendency","0.49923536469104657"
"wavelet-HHH","glcm","Contrast","0.5090870061759539"
"wavelet-HHH","glcm","Correlation","-0.009770332643788156"
"wavelet-HHH","glcm","DifferenceAverage","0.507008964667693"
"wavelet-HHH","glcm","DifferenceEntropy","1.006614121376318"
"wavelet-HHH","glcm","DifferenceVariance","0.2507561613315997"
"wavelet-HHH","glcm","Id","0.7468333616233233"
"wavelet-HHH","glcm","Idm","0.7467030495642779"
"wavelet-HHH","glcm","Idmn","0.986249989169685"
"wavelet-HHH","glcm","Idn","0.9276068420201261"
"wavelet-HHH","glcm","Imc1","-0.004032630963418303"
"wavelet-HHH","glcm","Imc2","0.07174298971412126"
"wavelet-HHH","glcm","InverseVariance","0.5052690060620096"
"wavelet-HHH","glcm","JointAverage","3.4997382584630046"
"wavelet-HHH","glcm","JointEnergy","0.25028939715925785"
"wavelet-HHH","glcm","JointEntropy","2.0194057008104567"
"wavelet-HHH","glcm","MCC","0.08771937376111748"
"wavelet-HHH","glcm","MaximumProbability","0.2630561912141116"
"wavelet-HHH","glcm","SumAverage","6.99947651692601"
"wavelet-HHH","glcm","SumEntropy","1.503134196088829"
"wavelet-HHH","glcm","SumSquares","0.25208059271675015"
"wavelet-HHH","gldm","DependenceEntropy","4.252419892846487"
"wavelet-HHH","gldm","DependenceNonUniformity","94270.5185090024"
"wavelet-HHH","gldm","DependenceNonUniformityNormalized","0.13022264746698162"
"wavelet-HHH","gldm","DependenceVariance","5.986633112388037"
"wavelet-HHH","gldm","GrayLevelNonUniformity","361160.0372777027"
"wavelet-HHH","gldm","GrayLevelVariance","0.25223223656907545"
"wavelet-HHH","gldm","HighGrayLevelEmphasis","12.500511107611636"
"wavelet-HHH","gldm","LargeDependenceEmphasis","176.42119135040156"
"wavelet-HHH","gldm","LargeDependenceHighGrayLevelEmphasis","2204.0911885047753"
"wavelet-HHH","gldm","LargeDependenceLowGrayLevelEmphasis","15.322853241742237"
"wavelet-HHH","gldm","LowGrayLevelEmphasis","0.0868820843275374"
"wavelet-HHH","gldm","SmallDependenceEmphasis","0.007848395921230142"
"wavelet-HHH","gldm","SmallDependenceHighGrayLevelEmphasis","0.10058879023676287"
"wavelet-HHH","gldm","SmallDependenceLowGrayLevelEmphasis","0.0007238137658974717"
"wavelet-HHH","glrlm","GrayLevelNonUniformity","193356.3818709672"
"wavelet-HHH","glrlm","GrayLevelNonUniformityNormalized","0.49798687162607574"
"wavelet-HHH","glrlm","GrayLevelVariance","0.2540758112029702"
"wavelet-HHH","glrlm","HighGrayLevelRunEmphasis","12.50510398952187"
"wavelet-HHH","glrlm","LongRunEmphasis","5.143567991408787"
"wavelet-HHH","glrlm","LongRunHighGrayLevelEmphasis","64.27513423138467"
"wavelet-HHH","glrlm","LongRunLowGrayLevelEmphasis","0.4467846953795468"
"wavelet-HHH","glrlm","LowGrayLevelRunEmphasis","0.08691627425780887"
"wavelet-HHH","glrlm","RunEntropy","2.826068764428134"
"wavelet-HHH","glrlm","RunLengthNonUniformity","148660.19012267888"
"wavelet-HHH","glrlm","RunLengthNonUniformityNormalized","0.38118626339729345"
"wavelet-HHH","glrlm","RunPercentage","0.5363438953030593"
"wavelet-HHH","glrlm","RunVariance","1.6173915756960204"
"wavelet-HHH","glrlm","ShortRunEmphasis","0.6059017650387124"
"wavelet-HHH","glrlm","ShortRunHighGrayLevelEmphasis","7.580173821302461"
"wavelet-HHH","glrlm","ShortRunLowGrayLevelEmphasis","0.05269484847239033"
"wavelet-HHH","glszm","GrayLevelNonUniformity","293.0323529411765"
"wavelet-HHH","glszm","GrayLevelNonUniformityNormalized","0.43092993079584774"
"wavelet-HHH","glszm","GrayLevelVariance","2.1178871107266435"
"wavelet-HHH","glszm","HighGrayLevelZoneEmphasis","15.130882352941176"
"wavelet-HHH","glszm","LargeAreaEmphasis","275983322.4352941"
"wavelet-HHH","glszm","LargeAreaHighGrayLevelEmphasis","3448906862.5985293"
"wavelet-HHH","glszm","LargeAreaLowGrayLevelEmphasis","23963029.477783084"
"wavelet-HHH","glszm","LowGrayLevelZoneEmphasis","0.13525735294117647"
"wavelet-HHH","glszm","SizeZoneNonUniformity","534.0382352941176"
"wavelet-HHH","glszm","SizeZoneNonUniformityNormalized","0.7853503460207613"
"wavelet-HHH","glszm","SmallAreaEmphasis","0.9045863854011134"
"wavelet-HHH","glszm","SmallAreaHighGrayLevelEmphasis","13.896639264369433"
"wavelet-HHH","glszm","SmallAreaLowGrayLevelEmphasis","0.12145198403586373"
"wavelet-HHH","glszm","ZoneEntropy","2.094184262836906"
"wavelet-HHH","glszm","ZonePercentage","0.0009393329078707809"
"wavelet-HHH","glszm","ZoneVariance","274849980.5868426"
"wavelet-HHH","ngtdm","Busyness","6291.889345275949"
"wavelet-HHH","ngtdm","Coarseness","5.487268619540855e-06"
"wavelet-HHH","ngtdm","Complexity","8.586361696559274"
"wavelet-HHH","ngtdm","Contrast","0.008503107921390026"
"wavelet-HHH","ngtdm","Strength","0.00010387999110726951"
"wavelet-LLL","firstorder","10Percentile","-525.2636526679921"
"wavelet-LLL","firstorder","90Percentile","252.35012963962097"
"wavelet-LLL","firstorder","Energy","123390213932.65427"
"wavelet-LLL","firstorder","Entropy","5.019327748144894"
"wavelet-LLL","firstorder","InterquartileRange","209.34343060245786"
"wavelet-LLL","firstorder","Kurtosis","10.446515630374014"
"wavelet-LLL","firstorder","Maximum","3390.485463789229"
"wavelet-LLL","firstorder","MeanAbsoluteDeviation","271.6975708874511"
"wavelet-LLL","firstorder","Mean","-3.66575718409856"
"wavelet-LLL","firstorder","Median","146.6838013494347"
"wavelet-LLL","firstorder","Minimum","-2857.1039842362143"
"wavelet-LLL","firstorder","Range","6247.589448025443"
"wavelet-LLL","firstorder","RobustMeanAbsoluteDeviation","119.2179617431522"
"wavelet-LLL","firstorder","RootMeanSquared","412.85321500674866"
"wavelet-LLL","firstorder","Skewness","-2.5095873209813258"
"wavelet-LLL","firstorder","TotalEnergy","66424663506.2262"
"wavelet-LLL","firstorder","Uniformity","0.05607830203252273"
"wavelet-LLL","firstorder","Variance","170434.33936567593"
"wavelet-LLL","glcm","Autocorrelation","13684.978695627331"
"wavelet-LLL","glcm","ClusterProminence","9313141.781520614"
"wavelet-LLL","glcm","ClusterShade","-71023.44331529393"
"wavelet-LLL","glcm","ClusterTendency","896.4489721308055"
"wavelet-LLL","glcm","Contrast","77.94306742360024"
"wavelet-LLL","glcm","Correlation","0.8377482510359198"
"wavelet-LLL","glcm","DifferenceAverage","4.980825099527872"
"wavelet-LLL","glcm","DifferenceEntropy","3.722824048055078"
"wavelet-LLL","glcm","DifferenceVariance","52.28619676300728"
"wavelet-LLL","glcm","Id","0.3736780145631861"
"wavelet-LLL","glcm","Idm","0.3017381194991132"
"wavelet-LLL","glcm","Idmn","0.9987793746801586"
"wavelet-LLL","glcm","Idn","0.9812798322644452"
"wavelet-LLL","glcm","Imc1","-0.16749785765926367"
"wavelet-LLL","glcm","Imc2","0.8846351214235584"
"wavelet-LLL","glcm","InverseVariance","0.2968738664938285"
"wavelet-LLL","glcm","JointAverage","116.1046248557416"
"wavelet-LLL","glcm","JointEnergy","0.007301881044719392"
"wavelet-LLL","glcm","JointEntropy","9.012831837431854"
"wavelet-LLL","glcm","MCC","0.8784939467835133"
"wavelet-LLL","glcm","MaximumProbability","0.023927924633118956"
"wavelet-LLL","glcm","SumAverage","232.2092497114833"
"wavelet-LLL","glcm","SumEntropy","5.853588345753247"
"wavelet-LLL","glcm","SumSquares","243.5980098886013"
"wavelet-LLL","gldm","DependenceEntropy","7.844641687330409"
"wavelet-LLL","gldm","DependenceNonUniformity","87591.34837923633"
"wavelet-LLL","gldm","DependenceNonUniformityNormalized","0.12099622937851569"
"wavelet-LLL","gldm","DependenceVariance","8.122720874455476"
"wavelet-LLL","gldm","GrayLevelNonUniformity","40596.09225077979"
"wavelet-LLL","gldm","GrayLevelVariance","272.7669268523433"
"wavelet-LLL","gldm","HighGrayLevelEmphasis","13579.16597183659"
"wavelet-LLL","gldm","LargeDependenceEmphasis","25.997474852124135"
"wavelet-LLL","gldm","LargeDependenceHighGrayLevelEmphasis","387380.11092416546"
"wavelet-LLL","gldm","LargeDependenceLowGrayLevelEmphasis","0.0018433955784583954"
"wavelet-LLL","gldm","LowGrayLevelEmphasis","9.538434592292622e-05"
"wavelet-LLL","gldm","SmallDependenceEmphasis","0.2621043336300199"
"wavelet-LLL","gldm","SmallDependenceHighGrayLevelEmphasis","2921.966330380288"
"wavelet-LLL","gldm","SmallDependenceLowGrayLevelEmphasis","3.593514966958594e-05"
"wavelet-LLL","glrlm","GrayLevelNonUniformity","31901.001105650044"
"wavelet-LLL","glrlm","GrayLevelNonUniformityNormalized","0.05028002573439175"
"wavelet-LLL","glrlm","GrayLevelVariance","297.8204183023007"
"wavelet-LLL","glrlm","HighGrayLevelRunEmphasis","13401.120466174609"
"wavelet-LLL","glrlm","LongRunEmphasis","1.5010870509268393"
"wavelet-LLL","glrlm","LongRunHighGrayLevelEmphasis","20843.887358697797"
"wavelet-LLL","glrlm","LongRunLowGrayLevelEmphasis","0.00013474634293530004"
"wavelet-LLL","glrlm","LowGrayLevelRunEmphasis","9.860228456356462e-05"
"wavelet-LLL","glrlm","RunEntropy","5.7326695897188875"
"wavelet-LLL","glrlm","RunLengthNonUniformity","502539.01950789714"
"wavelet-LLL","glrlm","RunLengthNonUniformityNormalized","0.7913667382405379"
"wavelet-LLL","glrlm","RunPercentage","0.8758517486149622"
"wavelet-LLL","glrlm","RunVariance","0.19290206912767827"
"wavelet-LLL","glrlm","ShortRunEmphasis","0.9097768391587783"
"wavelet-LLL","glrlm","ShortRunHighGrayLevelEmphasis","12067.026622123969"
"wavelet-LLL","glrlm","ShortRunLowGrayLevelEmphasis","9.193921549863055e-05"
"wavelet-LLL","glszm","GrayLevelNonUniformity","3428.7193999521874"
"wavelet-LLL","glszm","GrayLevelNonUniformityNormalized","0.01707665650625641"
"wavelet-LLL","glszm","GrayLevelVariance","496.4669362055946"
"wavelet-LLL","glszm","HighGrayLevelZoneEmphasis","10972.20414475257"
"wavelet-LLL","glszm","LargeAreaEmphasis","56742.51453303052"
"wavelet-LLL","glszm","LargeAreaHighGrayLevelEmphasis","856589265.8758367"
"wavelet-LLL","glszm","LargeAreaLowGrayLevelEmphasis","3.760173576418544"
"wavelet-LLL","glszm","LowGrayLevelZoneEmphasis","0.00014126968277203386"
"wavelet-LLL","glszm","SizeZoneNonUniformity","100409.99989042952"
"wavelet-LLL","glszm","SizeZoneNonUniformityNormalized","0.5000896480318627"
"wavelet-LLL","glszm","SmallAreaEmphasis","0.7350102007698633"
"wavelet-LLL","glszm","SmallAreaHighGrayLevelEmphasis","7641.24166438145"
"wavelet-LLL","glszm","SmallAreaLowGrayLevelEmphasis","0.00011004369562477447"
"wavelet-LLL","glszm","ZoneEntropy","7.844762311410995"
"wavelet-LLL","glszm","ZonePercentage","0.27735738025577483"
"wavelet-LLL","glszm","ZoneVariance","56729.51521566329"
"wavelet-LLL","ngtdm","Busyness","1.1597014594940418"
"wavelet-LLL","ngtdm","Coarseness","1.7503441087348427e-05"
"wavelet-LLL","ngtdm","Complexity","72017.30267060203"
"wavelet-LLL","ngtdm","Contrast","0.02517293219305"
"wavelet-LLL","ngtdm","Strength","1.322158824298371"
