"Image type","Feature Class","Feature Name","Segmentation_19_segment_Segment_1"
"diagnostics","Versions","PyRadiomics","v3.0.1.post4+gad5b2de"
"diagnostics","Versions","Numpy","1.19.2"
"diagnostics","Versions","SimpleITK","2.0.2"
"diagnostics","Versions","PyWavelet","1.1.1"
"diagnostics","Versions","Python","3.6.7"
"diagnostics","Configuration","Settings","{'minimumROIDimensions': 2, 'minimumROISize': None, 'normalize': False, 'normalizeScale': 1, 'removeOutliers': None, 'resampledPixelSpacing': None, 'interpolator': 'sitkBSpline', 'preCrop': False, 'padDistance': 5, 'distances': [1], 'force2D': False, 'force2Ddimension': 0, 'resegmentRange': None, 'label': 1, 'additionalInfo': True, 'binWidth': 25.0, 'symmetricalGLCM': True, 'correctMask': True}"
"diagnostics","Configuration","EnabledImageTypes","{'Original': {}, 'Wavelet': {}}"
"diagnostics","Image-original","Hash","c3212701b4cb88ec1f3e669e2556e76c37e50d75"
"diagnostics","Image-original","Dimensionality","3D"
"diagnostics","Image-original","Spacing","(0.8476562500000002, 0.8476562500000002, 5.0)"
"diagnostics","Image-original","Size","(512, 512, 115)"
"diagnostics","Image-original","Mean","-924.4537734321926"
"diagnostics","Image-original","Minimum","-969.0"
"diagnostics","Image-original","Maximum","-769.0"
"diagnostics","Mask-original","Hash","bab316a6ed72bac566e537339ff3c65d14e6f839"
"diagnostics","Mask-original","Spacing","(0.8476562500000002, 0.8476562500000002, 5.0)"
"diagnostics","Mask-original","Size","(512, 512, 115)"
"diagnostics","Mask-original","BoundingBox","(124, 234, 35, 98, 101, 16)"
"diagnostics","Mask-original","VoxelNum","32186"
"diagnostics","Mask-original","VolumeNum","1"
"diagnostics","Mask-original","CenterOfMassIndex","(164.4464674081899, 291.37140371590135, 41.410364754862364)"
"diagnostics","Mask-original","CenterOfMass","(-68.49192411102655, 164.38279143105706, -530.5881762256882)"
"original","shape","Elongation","0.836215172800327"
"original","shape","Flatness","0.7271818375354606"
"original","shape","LeastAxisLength","52.45431036457921"
"original","shape","MajorAxisLength","72.133691543171"
"original","shape","Maximum2DDiameterColumn","84.20509957571254"
"original","shape","Maximum2DDiameterRow","89.30326634293175"
"original","shape","Maximum2DDiameterSlice","92.21159857823484"
"original","shape","Maximum3DDiameter","94.12378488189458"
"original","shape","MeshVolume","115154.53546206154"
"original","shape","MinorAxisLength","60.31928733849822"
"original","shape","Sphericity","0.4850976061752516"
"original","shape","SurfaceArea","23596.215731935863"
"original","shape","SurfaceVolumeRatio","0.2049091304763224"
"original","shape","VoxelVolume","115631.60354614264"
"original","firstorder","10Percentile","-796.0"
"original","firstorder","90Percentile","-779.0"
"original","firstorder","Energy","20040432893.0"
"original","firstorder","Entropy","0.7537733259179162"
"original","firstorder","InterquartileRange","8.0"
"original","firstorder","Kurtosis","33.86275994700351"
"original","firstorder","Maximum","-769.0"
"original","firstorder","MeanAbsoluteDeviation","8.333884086697351"
"original","firstorder","Mean","-788.8919095258808"
"original","firstorder","Median","-786.0"
"original","firstorder","Minimum","-969.0"
"original","firstorder","Range","200.0"
"original","firstorder","RobustMeanAbsoluteDeviation","3.3789461691198883"
"original","firstorder","RootMeanSquared","789.0782009971404"
"original","firstorder","Skewness","-4.890998130786993"
"original","firstorder","TotalEnergy","71997371253.85112"
"original","firstorder","Uniformity","0.792048311712869"
"original","firstorder","Variance","293.96237349283973"
"original","glcm","Autocorrelation","63.08097625920431"
"original","glcm","ClusterProminence","29.863585422480224"
"original","glcm","ClusterShade","-3.9440284383339796"
"original","glcm","ClusterTendency","0.8333434539701833"
"original","glcm","Contrast","0.39747915464523537"
"original","glcm","Correlation","0.3226849753649713"
"original","glcm","DifferenceAverage","0.1884733786817049"
"original","glcm","DifferenceEntropy","0.7145664681028587"
"original","glcm","DifferenceVariance","0.36133544806909446"
"original","glcm","Id","0.9287708542566615"
"original","glcm","Idm","0.9241382762733706"
"original","glcm","Idmn","0.9956700650433414"
"original","glcm","Idn","0.9827890367433577"
"original","glcm","Imc1","-0.109919204335552"
"original","glcm","Imc2","0.325397933759949"
"original","glcm","InverseVariance","0.09975983839903714"
"original","glcm","JointAverage","7.935480845795191"
"original","glcm","JointEnergy","0.7369704269279039"
"original","glcm","JointEntropy","1.145061222186502"
"original","glcm","MCC","0.36484669088785093"
"original","glcm","MaximumProbability","0.8571616903022345"
"original","glcm","SumAverage","15.870961691590383"
"original","glcm","SumEntropy","0.9463161983579529"
"original","glcm","SumSquares","0.3077056521538547"
"original","gldm","DependenceEntropy","4.202932974936973"
"original","gldm","DependenceNonUniformity","4154.391163860063"
"original","gldm","DependenceNonUniformityNormalized","0.12907447846455178"
"original","gldm","DependenceVariance","62.37623566252377"
"original","gldm","GrayLevelNonUniformity","25492.866960790405"
"original","gldm","GrayLevelVariance","0.45569219432770314"
"original","gldm","HighGrayLevelEmphasis","62.749207730068974"
"original","gldm","LargeDependenceEmphasis","454.7524389486112"
"original","gldm","LargeDependenceHighGrayLevelEmphasis","29118.184303734542"
"original","gldm","LargeDependenceLowGrayLevelEmphasis","7.114400739927095"
"original","gldm","LowGrayLevelEmphasis","0.01764487599297839"
"original","gldm","SmallDependenceEmphasis","0.033651952749299496"
"original","gldm","SmallDependenceHighGrayLevelEmphasis","1.7559969769128958"
"original","gldm","SmallDependenceLowGrayLevelEmphasis","0.0013458230877334998"
"original","glrlm","GrayLevelNonUniformity","4065.1893076773176"
"original","glrlm","GrayLevelNonUniformityNormalized","0.42773253277498424"
"original","glrlm","GrayLevelVariance","1.5466620873867145"
"original","glrlm","HighGrayLevelRunEmphasis","59.21784892203074"
"original","glrlm","LongRunEmphasis","66.00728086551007"
"original","glrlm","LongRunHighGrayLevelEmphasis","4218.752418839188"
"original","glrlm","LongRunLowGrayLevelEmphasis","1.0411202951434992"
"original","glrlm","LowGrayLevelRunEmphasis","0.023311405159233807"
"original","glrlm","RunEntropy","4.189863451551348"
"original","glrlm","RunLengthNonUniformity","2502.842446130479"
"original","glrlm","RunLengthNonUniformityNormalized","0.28096967443844895"
"original","glrlm","RunPercentage","0.27659660913249434"
"original","glrlm","RunVariance","46.49095200383284"
"original","glrlm","ShortRunEmphasis","0.5461874222829898"
"original","glrlm","ShortRunHighGrayLevelEmphasis","30.40402345730473"
"original","glrlm","ShortRunLowGrayLevelEmphasis","0.01585255818553877"
"original","glszm","GrayLevelNonUniformity","256.98957428323195"
"original","glszm","GrayLevelNonUniformityNormalized","0.22327504281775148"
"original","glszm","GrayLevelVariance","4.254794493663577"
"original","glszm","HighGrayLevelZoneEmphasis","50.143353605560385"
"original","glszm","LargeAreaEmphasis","666034.9800173762"
"original","glszm","LargeAreaHighGrayLevelEmphasis","42627977.52910513"
"original","glszm","LargeAreaLowGrayLevelEmphasis","10406.690697890459"
"original","glszm","LowGrayLevelZoneEmphasis","0.04363377535588035"
"original","glszm","SizeZoneNonUniformity","429.7732406602954"
"original","glszm","SizeZoneNonUniformityNormalized","0.37339117346680745"
"original","glszm","SmallAreaEmphasis","0.6346746921006452"
"original","glszm","SmallAreaHighGrayLevelEmphasis","32.91330730930757"
"original","glszm","SmallAreaLowGrayLevelEmphasis","0.027779938872424473"
"original","glszm","ZoneEntropy","4.556897090116374"
"original","glszm","ZonePercentage","0.035760889827875474"
"original","glszm","ZoneVariance","665253.022126342"
"original","ngtdm","Busyness","17.346331404319844"
"original","ngtdm","Coarseness","0.00047970450869070015"
"original","ngtdm","Complexity","8.174126672616527"
"original","ngtdm","Contrast","0.0023877319699728886"
"original","ngtdm","Strength","0.04592298880043433"
"wavelet-LLH","firstorder","10Percentile","-63.77868006782583"
"wavelet-LLH","firstorder","90Percentile","12.863591706683138"
"wavelet-LLH","firstorder","Energy","55830227.76613664"
"wavelet-LLH","firstorder","Entropy","2.4919902889074232"
"wavelet-LLH","firstorder","InterquartileRange","25.688020516305798"
"wavelet-LLH","firstorder","Kurtosis","6.514708595769549"
"wavelet-LLH","firstorder","Maximum","238.7978331531054"
"wavelet-LLH","firstorder","MeanAbsoluteDeviation","26.088541171884923"
"wavelet-LLH","firstorder","Mean","-9.36565129509857"
"wavelet-LLH","firstorder","Median","-3.0818065106065244"
"wavelet-LLH","firstorder","Minimum","-208.42506034596357"
"wavelet-LLH","firstorder","Range","447.22289349906896"
"wavelet-LLH","firstorder","RobustMeanAbsoluteDeviation","13.213294148699658"
"wavelet-LLH","firstorder","RootMeanSquared","41.648675661659624"
"wavelet-LLH","firstorder","Skewness","0.5036053320668841"
"wavelet-LLH","firstorder","TotalEnergy","200575988.40939403"
"wavelet-LLH","firstorder","Uniformity","0.2530004780321941"
"wavelet-LLH","firstorder","Variance","1646.896760188737"
"wavelet-LLH","glcm","Autocorrelation","83.16833520477901"
"wavelet-LLH","glcm","ClusterProminence","225.56018942020006"
"wavelet-LLH","glcm","ClusterShade","2.4685928076335535"
"wavelet-LLH","glcm","ClusterTendency","5.521128618987856"
"wavelet-LLH","glcm","Contrast","3.7778373482413583"
"wavelet-LLH","glcm","Correlation","0.14293548630551822"
"wavelet-LLH","glcm","DifferenceAverage","1.1245912909969031"
"wavelet-LLH","glcm","DifferenceEntropy","1.9460648140145647"
"wavelet-LLH","glcm","DifferenceVariance","2.3491666275609338"
"wavelet-LLH","glcm","Id","0.646748214527822"
"wavelet-LLH","glcm","Idm","0.6194968361016152"
"wavelet-LLH","glcm","Idmn","0.9904683148798556"
"wavelet-LLH","glcm","Idn","0.9490594851552013"
"wavelet-LLH","glcm","Imc1","-0.18605878950630145"
"wavelet-LLH","glcm","Imc2","0.708388641569601"
"wavelet-LLH","glcm","InverseVariance","0.43017391237921065"
"wavelet-LLH","glcm","JointAverage","9.095726346897125"
"wavelet-LLH","glcm","JointEnergy","0.1123985417959419"
"wavelet-LLH","glcm","JointEntropy","4.208683939013595"
"wavelet-LLH","glcm","MCC","0.6140118747791987"
"wavelet-LLH","glcm","MaximumProbability","0.1993226119926059"
"wavelet-LLH","glcm","SumAverage","18.191452693794243"
"wavelet-LLH","glcm","SumEntropy","2.893853026652119"
"wavelet-LLH","glcm","SumSquares","2.3247414918073033"
"wavelet-LLH","gldm","DependenceEntropy","6.356117187239521"
"wavelet-LLH","gldm","DependenceNonUniformity","1692.5257565401107"
"wavelet-LLH","gldm","DependenceNonUniformityNormalized","0.05258577507425932"
"wavelet-LLH","gldm","DependenceVariance","28.312514063333538"
"wavelet-LLH","gldm","GrayLevelNonUniformity","8143.073385944199"
"wavelet-LLH","gldm","GrayLevelVariance","2.787752965427692"
"wavelet-LLH","gldm","HighGrayLevelEmphasis","86.12809917355372"
"wavelet-LLH","gldm","LargeDependenceEmphasis","124.3252345740384"
"wavelet-LLH","gldm","LargeDependenceHighGrayLevelEmphasis","10858.164947492698"
"wavelet-LLH","gldm","LargeDependenceLowGrayLevelEmphasis","1.4849652285992352"
"wavelet-LLH","gldm","LowGrayLevelEmphasis","0.013556079826197375"
"wavelet-LLH","gldm","SmallDependenceEmphasis","0.060041228256836755"
"wavelet-LLH","gldm","SmallDependenceHighGrayLevelEmphasis","6.1517621287735125"
"wavelet-LLH","gldm","SmallDependenceLowGrayLevelEmphasis","0.0009039902283036781"
"wavelet-LLH","glrlm","GrayLevelNonUniformity","4373.698037783221"
"wavelet-LLH","glrlm","GrayLevelNonUniformityNormalized","0.20210033183611492"
"wavelet-LLH","glrlm","GrayLevelVariance","3.6786589532493306"
"wavelet-LLH","glrlm","HighGrayLevelRunEmphasis","86.4549462029892"
"wavelet-LLH","glrlm","LongRunEmphasis","5.151197250747804"
"wavelet-LLH","glrlm","LongRunHighGrayLevelEmphasis","443.1164753644299"
"wavelet-LLH","glrlm","LongRunLowGrayLevelEmphasis","0.06547667580433954"
"wavelet-LLH","glrlm","LowGrayLevelRunEmphasis","0.01412791707957443"
"wavelet-LLH","glrlm","RunEntropy","4.0512489041809365"
"wavelet-LLH","glrlm","RunLengthNonUniformity","12266.755497612987"
"wavelet-LLH","glrlm","RunLengthNonUniformityNormalized","0.5443376547716782"
"wavelet-LLH","glrlm","RunPercentage","0.6615919965202262"
"wavelet-LLH","glrlm","RunVariance","2.276060569754894"
"wavelet-LLH","glrlm","ShortRunEmphasis","0.7558509675866455"
"wavelet-LLH","glrlm","ShortRunHighGrayLevelEmphasis","65.5581921596217"
"wavelet-LLH","glrlm","ShortRunLowGrayLevelEmphasis","0.01100382209729205"
"wavelet-LLH","glszm","GrayLevelNonUniformity","167.30016137708446"
"wavelet-LLH","glszm","GrayLevelNonUniformityNormalized","0.08999470757239615"
"wavelet-LLH","glszm","GrayLevelVariance","9.949373835499543"
"wavelet-LLH","glszm","HighGrayLevelZoneEmphasis","111.19042495965573"
"wavelet-LLH","glszm","LargeAreaEmphasis","119366.37977407208"
"wavelet-LLH","glszm","LargeAreaHighGrayLevelEmphasis","10429925.72619688"
"wavelet-LLH","glszm","LargeAreaLowGrayLevelEmphasis","1383.3267446916564"
"wavelet-LLH","glszm","LowGrayLevelZoneEmphasis","0.015353455041901533"
"wavelet-LLH","glszm","SizeZoneNonUniformity","476.5470683162991"
"wavelet-LLH","glszm","SizeZoneNonUniformityNormalized","0.256345921633297"
"wavelet-LLH","glszm","SmallAreaEmphasis","0.5173568675511552"
"wavelet-LLH","glszm","SmallAreaHighGrayLevelEmphasis","58.80254023072227"
"wavelet-LLH","glszm","SmallAreaLowGrayLevelEmphasis","0.007836765399114888"
"wavelet-LLH","glszm","ZoneEntropy","6.319659072781591"
"wavelet-LLH","glszm","ZonePercentage","0.05775803144224197"
"wavelet-LLH","glszm","ZoneVariance","119066.6187012805"
"wavelet-LLH","ngtdm","Busyness","17.55271018682871"
"wavelet-LLH","ngtdm","Coarseness","0.0002137459534357454"
"wavelet-LLH","ngtdm","Complexity","154.45176139084037"
"wavelet-LLH","ngtdm","Contrast","0.015383120586775665"
"wavelet-LLH","ngtdm","Strength","0.041973391113143736"
"wavelet-LHL","firstorder","10Percentile","-10.875172997107683"
"wavelet-LHL","firstorder","90Percentile","9.179326240899842"
"wavelet-LHL","firstorder","Energy","3716768.1041147946"
"wavelet-LHL","firstorder","Entropy","1.2582571723553722"
"wavelet-LHL","firstorder","InterquartileRange","9.462570614692437"
"wavelet-LHL","firstorder","Kurtosis","12.20672891359759"
"wavelet-LHL","firstorder","Maximum","97.19728512421273"
"wavelet-LHL","firstorder","MeanAbsoluteDeviation","7.020828267869228"
"wavelet-LHL","firstorder","Mean","-0.8227878455257874"
"wavelet-LHL","firstorder","Median","-0.3080033894723285"
"wavelet-LHL","firstorder","Minimum","-96.8278736592883"
"wavelet-LHL","firstorder","Range","194.025158783501"
"wavelet-LHL","firstorder","RobustMeanAbsoluteDeviation","4.027001741403335"
"wavelet-LHL","firstorder","RootMeanSquared","10.746059212907184"
"wavelet-LHL","firstorder","Skewness","-0.7410804178928406"
"wavelet-LHL","firstorder","TotalEnergy","13352881.87062543"
"wavelet-LHL","firstorder","Uniformity","0.4629920053678549"
"wavelet-LHL","firstorder","Variance","114.8008087685624"
"wavelet-LHL","glcm","Autocorrelation","20.04248720788661"
"wavelet-LHL","glcm","ClusterProminence","2.1080507480476625"
"wavelet-LHL","glcm","ClusterShade","-0.13505239204617478"
"wavelet-LHL","glcm","ClusterTendency","0.6758922786436046"
"wavelet-LHL","glcm","Contrast","0.6189646774558355"
"wavelet-LHL","glcm","Correlation","0.0433487679543475"
"wavelet-LHL","glcm","DifferenceAverage","0.5551574393942631"
"wavelet-LHL","glcm","DifferenceEntropy","1.1125542701484834"
"wavelet-LHL","glcm","DifferenceVariance","0.2964454361687326"
"wavelet-LHL","glcm","Id","0.7317165456645944"
"wavelet-LHL","glcm","Idm","0.7286805171795654"
"wavelet-LHL","glcm","Idmn","0.9906090540798023"
"wavelet-LHL","glcm","Idn","0.9389896231620762"
"wavelet-LHL","glcm","Imc1","-0.0473267354395734"
"wavelet-LHL","glcm","Imc2","0.2922404998195733"
"wavelet-LHL","glcm","InverseVariance","0.5111271542132914"
"wavelet-LHL","glcm","JointAverage","4.475292432746299"
"wavelet-LHL","glcm","JointEnergy","0.23669331023110646"
"wavelet-LHL","glcm","JointEntropy","2.348457240680111"
"wavelet-LHL","glcm","MCC","0.2574316419958709"
"wavelet-LHL","glcm","MaximumProbability","0.2869782335251375"
"wavelet-LHL","glcm","SumAverage","8.9505848654926"
"wavelet-LHL","glcm","SumEntropy","1.6941288181837975"
"wavelet-LHL","glcm","SumSquares","0.32371423902485996"
"wavelet-LHL","gldm","DependenceEntropy","5.03853145054072"
"wavelet-LHL","gldm","DependenceNonUniformity","2462.3289007643075"
"wavelet-LHL","gldm","DependenceNonUniformityNormalized","0.07650310385771165"
"wavelet-LHL","gldm","DependenceVariance","14.18171730325221"
"wavelet-LHL","gldm","GrayLevelNonUniformity","14901.860684769776"
"wavelet-LHL","gldm","GrayLevelVariance","0.3524056603447566"
"wavelet-LHL","gldm","HighGrayLevelEmphasis","20.302647113651897"
"wavelet-LHL","gldm","LargeDependenceEmphasis","138.42254396321383"
"wavelet-LHL","gldm","LargeDependenceHighGrayLevelEmphasis","2804.026377928292"
"wavelet-LHL","gldm","LargeDependenceLowGrayLevelEmphasis","7.196915991012698"
"wavelet-LHL","gldm","LowGrayLevelEmphasis","0.053659780794399"
"wavelet-LHL","gldm","SmallDependenceEmphasis","0.02334647302152266"
"wavelet-LHL","gldm","SmallDependenceHighGrayLevelEmphasis","0.4745914844831715"
"wavelet-LHL","gldm","SmallDependenceLowGrayLevelEmphasis","0.0018589973799429632"
"wavelet-LHL","glrlm","GrayLevelNonUniformity","8736.961695674805"
"wavelet-LHL","glrlm","GrayLevelNonUniformityNormalized","0.4442974947162047"
"wavelet-LHL","glrlm","GrayLevelVariance","0.40844440839814367"
"wavelet-LHL","glrlm","HighGrayLevelRunEmphasis","20.304281863968452"
"wavelet-LHL","glrlm","LongRunEmphasis","4.318705866175162"
"wavelet-LHL","glrlm","LongRunHighGrayLevelEmphasis","87.59524783478702"
"wavelet-LHL","glrlm","LongRunLowGrayLevelEmphasis","0.22765992874561972"
"wavelet-LHL","glrlm","LowGrayLevelRunEmphasis","0.05473294924173655"
"wavelet-LHL","glrlm","RunEntropy","2.9219241748523412"
"wavelet-LHL","glrlm","RunLengthNonUniformity","9002.636531299977"
"wavelet-LHL","glrlm","RunLengthNonUniformityNormalized","0.44328412872943596"
"wavelet-LHL","glrlm","RunPercentage","0.6097562724356983"
"wavelet-LHL","glrlm","RunVariance","1.2454760732358887"
"wavelet-LHL","glrlm","ShortRunEmphasis","0.6730607542744984"
"wavelet-LHL","glrlm","ShortRunHighGrayLevelEmphasis","13.661069372022693"
"wavelet-LHL","glrlm","ShortRunLowGrayLevelEmphasis","0.037658617779005345"
"wavelet-LHL","glszm","GrayLevelNonUniformity","125.4578313253012"
"wavelet-LHL","glszm","GrayLevelNonUniformityNormalized","0.251923356074902"
"wavelet-LHL","glszm","GrayLevelVariance","2.765943291237238"
"wavelet-LHL","glszm","HighGrayLevelZoneEmphasis","19.893574297188756"
"wavelet-LHL","glszm","LargeAreaEmphasis","893251.3855421686"
"wavelet-LHL","glszm","LargeAreaHighGrayLevelEmphasis","18122631.11445783"
"wavelet-LHL","glszm","LargeAreaLowGrayLevelEmphasis","46252.42738715064"
"wavelet-LHL","glszm","LowGrayLevelZoneEmphasis","0.10650420275205127"
"wavelet-LHL","glszm","SizeZoneNonUniformity","141.79518072289156"
"wavelet-LHL","glszm","SizeZoneNonUniformityNormalized","0.2847292785600232"
"wavelet-LHL","glszm","SmallAreaEmphasis","0.543058402103861"
"wavelet-LHL","glszm","SmallAreaHighGrayLevelEmphasis","11.549169979115254"
"wavelet-LHL","glszm","SmallAreaLowGrayLevelEmphasis","0.05828089459716588"
"wavelet-LHL","glszm","ZoneEntropy","4.670890526483742"
"wavelet-LHL","glszm","ZonePercentage","0.015472565711800161"
"wavelet-LHL","glszm","ZoneVariance","889074.2811567555"
"wavelet-LHL","ngtdm","Busyness","140.78190331436076"
"wavelet-LHL","ngtdm","Coarseness","0.00013402268563549453"
"wavelet-LHL","ngtdm","Complexity","16.0428427899869"
"wavelet-LHL","ngtdm","Contrast","0.0067043035117526194"
"wavelet-LHL","ngtdm","Strength","0.005229321372288117"
"wavelet-LHH","firstorder","10Percentile","-8.993039510059702"
"wavelet-LHH","firstorder","90Percentile","8.812974579264509"
"wavelet-LHH","firstorder","Energy","2834637.916597074"
"wavelet-LHH","firstorder","Entropy","1.2077912397032016"
"wavelet-LHH","firstorder","InterquartileRange","8.019391346808845"
"wavelet-LHH","firstorder","Kurtosis","10.83473166222362"
"wavelet-LHH","firstorder","Maximum","117.80884841950066"
"wavelet-LHH","firstorder","MeanAbsoluteDeviation","6.146791946591119"
"wavelet-LHH","firstorder","Mean","-0.04378541298676613"
"wavelet-LHH","firstorder","Median","-0.06011399236849967"
"wavelet-LHH","firstorder","Minimum","-73.98363796059128"
"wavelet-LHH","firstorder","Range","191.79248638009193"
"wavelet-LHH","firstorder","RobustMeanAbsoluteDeviation","3.4335253247126873"
"wavelet-LHH","firstorder","RootMeanSquared","9.384589760201893"
"wavelet-LHH","firstorder","Skewness","0.18575745799734905"
"wavelet-LHH","firstorder","TotalEnergy","10183736.027117895"
"wavelet-LHH","firstorder","Uniformity","0.4703339714161977"
"wavelet-LHH","firstorder","Variance","88.0686078048958"
"wavelet-LHH","glcm","Autocorrelation","12.247000065634806"
"wavelet-LHH","glcm","ClusterProminence","1.179563790007537"
"wavelet-LHH","glcm","ClusterShade","0.02641223497822763"
"wavelet-LHH","glcm","ClusterTendency","0.6009002092805003"
"wavelet-LHH","glcm","Contrast","0.6083385391934909"
"wavelet-LHH","glcm","Correlation","-0.0070733850125332615"
"wavelet-LHH","glcm","DifferenceAverage","0.5479807739836091"
"wavelet-LHH","glcm","DifferenceEntropy","1.1228600527939825"
"wavelet-LHH","glcm","DifferenceVariance","0.29824150313432274"
"wavelet-LHH","glcm","Id","0.73502241544177"
"wavelet-LHH","glcm","Idm","0.7319460635359987"
"wavelet-LHH","glcm","Idmn","0.990758504317615"
"wavelet-LHH","glcm","Idn","0.939756225498541"
"wavelet-LHH","glcm","Imc1","-0.03201437838890619"
"wavelet-LHH","glcm","Imc2","0.22304048440207438"
"wavelet-LHH","glcm","InverseVariance","0.5043625373096154"
"wavelet-LHH","glcm","JointAverage","3.4998368433967184"
"wavelet-LHH","glcm","JointEnergy","0.2372189389704927"
"wavelet-LHH","glcm","JointEntropy","2.292862638258524"
"wavelet-LHH","glcm","MCC","0.20659868384228247"
"wavelet-LHH","glcm","MaximumProbability","0.2782016617105595"
"wavelet-LHH","glcm","SumAverage","6.999673686793435"
"wavelet-LHH","glcm","SumEntropy","1.6343325388341223"
"wavelet-LHH","glcm","SumSquares","0.30230968711849787"
"wavelet-LHH","gldm","DependenceEntropy","4.887575801473702"
"wavelet-LHH","gldm","DependenceNonUniformity","2652.307525010874"
"wavelet-LHH","gldm","DependenceNonUniformityNormalized","0.08240562744705382"
"wavelet-LHH","gldm","DependenceVariance","13.118680053503866"
"wavelet-LHH","gldm","GrayLevelNonUniformity","15138.16920400174"
"wavelet-LHH","gldm","GrayLevelVariance","0.31965047569286625"
"wavelet-LHH","gldm","HighGrayLevelEmphasis","12.550953830858138"
"wavelet-LHH","gldm","LargeDependenceEmphasis","140.76809793077734"
"wavelet-LHH","gldm","LargeDependenceHighGrayLevelEmphasis","1751.3041384452868"
"wavelet-LHH","gldm","LargeDependenceLowGrayLevelEmphasis","12.294727227320847"
"wavelet-LHH","gldm","LowGrayLevelEmphasis","0.08936080247774662"
"wavelet-LHH","gldm","SmallDependenceEmphasis","0.02244605787689958"
"wavelet-LHH","gldm","SmallDependenceHighGrayLevelEmphasis","0.2986812929285875"
"wavelet-LHH","gldm","SmallDependenceLowGrayLevelEmphasis","0.003080461029487886"
"wavelet-LHH","glrlm","GrayLevelNonUniformity","8832.975891161926"
"wavelet-LHH","glrlm","GrayLevelNonUniformityNormalized","0.4540623950895752"
"wavelet-LHH","glrlm","GrayLevelVariance","0.3602778737285183"
"wavelet-LHH","glrlm","HighGrayLevelRunEmphasis","12.609605382918595"
"wavelet-LHH","glrlm","LongRunEmphasis","4.417468470518497"
"wavelet-LHH","glrlm","LongRunHighGrayLevelEmphasis","55.22007315065564"
"wavelet-LHH","glrlm","LongRunLowGrayLevelEmphasis","0.3894520031184652"
"wavelet-LHH","glrlm","LowGrayLevelRunEmphasis","0.090699094187705"
"wavelet-LHH","glrlm","RunEntropy","2.8789675117408393"
"wavelet-LHH","glrlm","RunLengthNonUniformity","8767.9488857899"
"wavelet-LHH","glrlm","RunLengthNonUniformityNormalized","0.43873737793043605"
"wavelet-LHH","glrlm","RunPercentage","0.6039152235324484"
"wavelet-LHH","glrlm","RunVariance","1.3117757479356982"
"wavelet-LHH","glrlm","ShortRunEmphasis","0.6710742057637946"
"wavelet-LHH","glrlm","ShortRunHighGrayLevelEmphasis","8.503801032586464"
"wavelet-LHH","glrlm","ShortRunLowGrayLevelEmphasis","0.06191295638514541"
"wavelet-LHH","glszm","GrayLevelNonUniformity","144.30901287553647"
"wavelet-LHH","glszm","GrayLevelNonUniformityNormalized","0.30967599329514267"
"wavelet-LHH","glszm","GrayLevelVariance","2.3944307318241256"
"wavelet-LHH","glszm","HighGrayLevelZoneEmphasis","14.375536480686696"
"wavelet-LHH","glszm","LargeAreaEmphasis","1004270.8154506438"
"wavelet-LHH","glszm","LargeAreaHighGrayLevelEmphasis","12582050.487124464"
"wavelet-LHH","glszm","LargeAreaLowGrayLevelEmphasis","86978.1293722811"
"wavelet-LHH","glszm","LowGrayLevelZoneEmphasis","0.17789710823528268"
"wavelet-LHH","glszm","SizeZoneNonUniformity","141.3519313304721"
"wavelet-LHH","glszm","SizeZoneNonUniformityNormalized","0.30333032474350236"
"wavelet-LHH","glszm","SmallAreaEmphasis","0.5505428014432697"
"wavelet-LHH","glszm","SmallAreaHighGrayLevelEmphasis","7.485311880203053"
"wavelet-LHH","glszm","SmallAreaLowGrayLevelEmphasis","0.11314468717771774"
"wavelet-LHH","glszm","ZoneEntropy","4.183068858919153"
"wavelet-LHH","glszm","ZonePercentage","0.014478344621885292"
"wavelet-LHH","glszm","ZoneVariance","999500.33434029"
"wavelet-LHH","ngtdm","Busyness","180.93141431986098"
"wavelet-LHH","ngtdm","Coarseness","0.00013147962059641876"
"wavelet-LHH","ngtdm","Complexity","17.227975032835392"
"wavelet-LHH","ngtdm","Contrast","0.00607970227702447"
"wavelet-LHH","ngtdm","Strength","0.006137391772744221"
"wavelet-HLL","firstorder","10Percentile","-8.696862045162273"
"wavelet-HLL","firstorder","90Percentile","7.16573794645263"
"wavelet-HLL","firstorder","Energy","2627795.8687994406"
"wavelet-HLL","firstorder","Entropy","1.1940570573639917"
"wavelet-HLL","firstorder","InterquartileRange","7.3477241037024"
"wavelet-HLL","firstorder","Kurtosis","12.848366019306377"
"wavelet-HLL","firstorder","Maximum","91.87788667712053"
"wavelet-HLL","firstorder","MeanAbsoluteDeviation","5.696386077487408"
"wavelet-HLL","firstorder","Mean","-0.6709070196656014"
"wavelet-HLL","firstorder","Median","-0.29481027158176876"
"wavelet-HLL","firstorder","Minimum","-78.56420060234808"
"wavelet-HLL","firstorder","Range","170.4420872794686"
"wavelet-HLL","firstorder","RobustMeanAbsoluteDeviation","3.129729453429691"
"wavelet-HLL","firstorder","RootMeanSquared","9.035710529531512"
"wavelet-HLL","firstorder","Skewness","-0.44068204110007836"
"wavelet-HLL","firstorder","TotalEnergy","9440634.129783396"
"wavelet-HLL","firstorder","Uniformity","0.4737543266512295"
"wavelet-HLL","firstorder","Variance","81.19394854445002"
"wavelet-HLL","glcm","Autocorrelation","20.028214474548538"
"wavelet-HLL","glcm","ClusterProminence","1.4348350816251405"
"wavelet-HLL","glcm","ClusterShade","-0.04449440549623203"
"wavelet-HLL","glcm","ClusterTendency","0.6236633303592993"
"wavelet-HLL","glcm","Contrast","0.5751372322978763"
"wavelet-HLL","glcm","Correlation","0.040129911248174284"
"wavelet-HLL","glcm","DifferenceAverage","0.5339500975249499"
"wavelet-HLL","glcm","DifferenceEntropy","1.0839076617537096"
"wavelet-HLL","glcm","DifferenceVariance","0.2804022525805794"
"wavelet-HLL","glcm","Id","0.7391688807513271"
"wavelet-HLL","glcm","Idm","0.7370892203168015"
"wavelet-HLL","glcm","Idmn","0.9912309919826012"
"wavelet-HLL","glcm","Idn","0.9411112154152508"
"wavelet-HLL","glcm","Imc1","-0.03520860379423554"
"wavelet-HLL","glcm","Imc2","0.24390613603312472"
"wavelet-HLL","glcm","InverseVariance","0.5043358711038827"
"wavelet-HLL","glcm","JointAverage","4.473933336739003"
"wavelet-HLL","glcm","JointEnergy","0.2401612456241842"
"wavelet-HLL","glcm","JointEntropy","2.267666500027168"
"wavelet-HLL","glcm","MCC","0.22663422253403798"
"wavelet-HLL","glcm","MaximumProbability","0.28375581690704554"
"wavelet-HLL","glcm","SumAverage","8.947866673478005"
"wavelet-HLL","glcm","SumEntropy","1.655795554840497"
"wavelet-HLL","glcm","SumSquares","0.29970014066429396"
"wavelet-HLL","gldm","DependenceEntropy","4.997359479282442"
"wavelet-HLL","gldm","DependenceNonUniformity","2470.377120487168"
"wavelet-HLL","gldm","DependenceNonUniformityNormalized","0.0767531572884847"
"wavelet-HLL","gldm","DependenceVariance","14.038896892301906"
"wavelet-HLL","gldm","GrayLevelNonUniformity","15248.256757596471"
"wavelet-HLL","gldm","GrayLevelVariance","0.31610526074076306"
"wavelet-HLL","gldm","HighGrayLevelEmphasis","20.299944075063692"
"wavelet-HLL","gldm","LargeDependenceEmphasis","144.31616230659293"
"wavelet-HLL","gldm","LargeDependenceHighGrayLevelEmphasis","2901.8330329957125"
"wavelet-HLL","gldm","LargeDependenceLowGrayLevelEmphasis","7.548140032160361"
"wavelet-HLL","gldm","LowGrayLevelEmphasis","0.052705698025704614"
"wavelet-HLL","gldm","SmallDependenceEmphasis","0.019813822531098424"
"wavelet-HLL","gldm","SmallDependenceHighGrayLevelEmphasis","0.4248078543256148"
"wavelet-HLL","gldm","SmallDependenceLowGrayLevelEmphasis","0.001265866186130801"
"wavelet-HLL","glrlm","GrayLevelNonUniformity","8863.914927972628"
"wavelet-HLL","glrlm","GrayLevelNonUniformityNormalized","0.45897108948741155"
"wavelet-HLL","glrlm","GrayLevelVariance","0.35416259795510274"
"wavelet-HLL","glrlm","HighGrayLevelRunEmphasis","20.38308806335135"
"wavelet-HLL","glrlm","LongRunEmphasis","4.360103799139504"
"wavelet-HLL","glrlm","LongRunHighGrayLevelEmphasis","88.08387148311051"
"wavelet-HLL","glrlm","LongRunLowGrayLevelEmphasis","0.22870817716970893"
"wavelet-HLL","glrlm","LowGrayLevelRunEmphasis","0.053038373362434436"
"wavelet-HLL","glrlm","RunEntropy","2.8793398942285986"
"wavelet-HLL","glrlm","RunLengthNonUniformity","8581.193932529784"
"wavelet-HLL","glrlm","RunLengthNonUniformityNormalized","0.43273835538524386"
"wavelet-HLL","glrlm","RunPercentage","0.5994651281732621"
"wavelet-HLL","glrlm","RunVariance","1.2796474824530482"
"wavelet-HLL","glrlm","ShortRunEmphasis","0.6655901365899803"
"wavelet-HLL","glrlm","ShortRunHighGrayLevelEmphasis","13.620060746516392"
"wavelet-HLL","glrlm","ShortRunLowGrayLevelEmphasis","0.03557438236850774"
"wavelet-HLL","glszm","GrayLevelNonUniformity","101.95336787564767"
"wavelet-HLL","glszm","GrayLevelNonUniformityNormalized","0.2641278960509007"
"wavelet-HLL","glszm","GrayLevelVariance","2.4598579827646376"
"wavelet-HLL","glszm","HighGrayLevelZoneEmphasis","21.924870466321245"
"wavelet-HLL","glszm","LargeAreaEmphasis","1221815.4715025907"
"wavelet-HLL","glszm","LargeAreaHighGrayLevelEmphasis","24420154.409326427"
"wavelet-HLL","glszm","LargeAreaLowGrayLevelEmphasis","64186.11849249307"
"wavelet-HLL","glszm","LowGrayLevelZoneEmphasis","0.08006839804142728"
"wavelet-HLL","glszm","SizeZoneNonUniformity","93.61658031088083"
"wavelet-HLL","glszm","SizeZoneNonUniformityNormalized","0.24253000080539075"
"wavelet-HLL","glszm","SmallAreaEmphasis","0.48556293838980835"
"wavelet-HLL","glszm","SmallAreaHighGrayLevelEmphasis","11.508616218060771"
"wavelet-HLL","glszm","SmallAreaLowGrayLevelEmphasis","0.039287285294071606"
"wavelet-HLL","glszm","ZoneEntropy","4.695462692158578"
"wavelet-HLL","glszm","ZonePercentage","0.011992791897098117"
"wavelet-HLL","glszm","ZoneVariance","1214862.6768235392"
"wavelet-HLL","ngtdm","Busyness","140.49994634585835"
"wavelet-HLL","ngtdm","Coarseness","0.00013356301337229238"
"wavelet-HLL","ngtdm","Complexity","15.637957900819535"
"wavelet-HLL","ngtdm","Contrast","0.005803106212797322"
"wavelet-HLL","ngtdm","Strength","0.005383766924731625"
"wavelet-HLH","firstorder","10Percentile","-7.543237011495173"
"wavelet-HLH","firstorder","90Percentile","7.462992852508657"
"wavelet-HLH","firstorder","Energy","2320069.210726494"
"wavelet-HLH","firstorder","Entropy","1.1752286173578548"
"wavelet-HLH","firstorder","InterquartileRange","6.715429790136941"
"wavelet-HLH","firstorder","Kurtosis","11.935810146738964"
"wavelet-HLH","firstorder","Maximum","78.67720770117354"
"wavelet-HLH","firstorder","MeanAbsoluteDeviation","5.354671691428616"
"wavelet-HLH","firstorder","Mean","-0.024361787166918544"
"wavelet-HLH","firstorder","Median","-0.06432804219606493"
"wavelet-HLH","firstorder","Minimum","-76.38238830241745"
"wavelet-HLH","firstorder","Range","155.059596003591"
"wavelet-HLH","firstorder","RobustMeanAbsoluteDeviation","2.876440524273769"
"wavelet-HLH","firstorder","RootMeanSquared","8.490181349959542"
"wavelet-HLH","firstorder","Skewness","0.07696341535660622"
"wavelet-HLH","firstorder","TotalEnergy","8335093.617546076"
"wavelet-HLH","firstorder","Uniformity","0.4761157870789477"
"wavelet-HLH","firstorder","Variance","72.08258585852685"
"wavelet-HLH","glcm","Autocorrelation","20.234609576110017"
"wavelet-HLH","glcm","ClusterProminence","1.0511425680847006"
"wavelet-HLH","glcm","ClusterShade","0.008931838290145941"
"wavelet-HLH","glcm","ClusterTendency","0.5795430316569706"
"wavelet-HLH","glcm","Contrast","0.5892073602652654"
"wavelet-HLH","glcm","Correlation","-0.009137959073620083"
"wavelet-HLH","glcm","DifferenceAverage","0.5395929506350737"
"wavelet-HLH","glcm","DifferenceEntropy","1.104764505310092"
"wavelet-HLH","glcm","DifferenceVariance","0.29026689547575923"
"wavelet-HLH","glcm","Id","0.73753523220661"
"wavelet-HLH","glcm","Idm","0.7350797871473934"
"wavelet-HLH","glcm","Idmn","0.9910339200901019"
"wavelet-HLH","glcm","Idn","0.9405719237191064"
"wavelet-HLH","glcm","Imc1","-0.029285061565726335"
"wavelet-HLH","glcm","Imc2","0.21514685229010053"
"wavelet-HLH","glcm","InverseVariance","0.5044378532822696"
"wavelet-HLH","glcm","JointAverage","4.498558117647339"
"wavelet-HLH","glcm","JointEnergy","0.24010036842580273"
"wavelet-HLH","glcm","JointEntropy","2.243859510420806"
"wavelet-HLH","glcm","MCC","0.21967315750926522"
"wavelet-HLH","glcm","MaximumProbability","0.275777186925613"
"wavelet-HLH","glcm","SumAverage","8.997116235294678"
"wavelet-HLH","glcm","SumEntropy","1.6093093243611185"
"wavelet-HLH","glcm","SumSquares","0.292187597980559"
"wavelet-HLH","gldm","DependenceEntropy","4.8652756946427385"
"wavelet-HLH","gldm","DependenceNonUniformity","2679.98545951656"
"wavelet-HLH","gldm","DependenceNonUniformityNormalized","0.08326556451614242"
"wavelet-HLH","gldm","DependenceVariance","12.608320808234467"
"wavelet-HLH","gldm","GrayLevelNonUniformity","15324.26272292301"
"wavelet-HLH","gldm","GrayLevelVariance","0.30628522407133096"
"wavelet-HLH","gldm","HighGrayLevelEmphasis","20.524420555521033"
"wavelet-HLH","gldm","LargeDependenceEmphasis","142.31597589013856"
"wavelet-HLH","gldm","LargeDependenceHighGrayLevelEmphasis","2905.248772758342"
"wavelet-HLH","gldm","LargeDependenceLowGrayLevelEmphasis","7.329658710203152"
"wavelet-HLH","gldm","LowGrayLevelEmphasis","0.05190397909303534"
"wavelet-HLH","gldm","SmallDependenceEmphasis","0.019619929766532793"
"wavelet-HLH","gldm","SmallDependenceHighGrayLevelEmphasis","0.4248225460106118"
"wavelet-HLH","gldm","SmallDependenceLowGrayLevelEmphasis","0.0012238778557017822"
"wavelet-HLH","glrlm","GrayLevelNonUniformity","8950.843365916213"
"wavelet-HLH","glrlm","GrayLevelNonUniformityNormalized","0.46290009768613305"
"wavelet-HLH","glrlm","GrayLevelVariance","0.33908210672510797"
"wavelet-HLH","glrlm","HighGrayLevelRunEmphasis","20.581266649708677"
"wavelet-HLH","glrlm","LongRunEmphasis","4.380612319719272"
"wavelet-HLH","glrlm","LongRunHighGrayLevelEmphasis","89.58183020563024"
"wavelet-HLH","glrlm","LongRunLowGrayLevelEmphasis","0.22652159086608228"
"wavelet-HLH","glrlm","LowGrayLevelRunEmphasis","0.052184235763819066"
"wavelet-HLH","glrlm","RunEntropy","2.850228826982407"
"wavelet-HLH","glrlm","RunLengthNonUniformity","8630.090571459066"
"wavelet-HLH","glrlm","RunLengthNonUniformityNormalized","0.43522340378407287"
"wavelet-HLH","glrlm","RunPercentage","0.6004258898995741"
"wavelet-HLH","glrlm","RunVariance","1.291539834270366"
"wavelet-HLH","glrlm","ShortRunEmphasis","0.6678531321199803"
"wavelet-HLH","glrlm","ShortRunHighGrayLevelEmphasis","13.780017247456282"
"wavelet-HLH","glrlm","ShortRunLowGrayLevelEmphasis","0.035085413461284784"
"wavelet-HLH","glszm","GrayLevelNonUniformity","108.33333333333333"
"wavelet-HLH","glszm","GrayLevelNonUniformityNormalized","0.29121863799283154"
"wavelet-HLH","glszm","GrayLevelVariance","2.370469129379119"
"wavelet-HLH","glszm","HighGrayLevelZoneEmphasis","23.131720430107528"
"wavelet-HLH","glszm","LargeAreaEmphasis","1232843.822580645"
"wavelet-HLH","glszm","LargeAreaHighGrayLevelEmphasis","25118600.653225806"
"wavelet-HLH","glszm","LargeAreaLowGrayLevelEmphasis","63570.26138342568"
"wavelet-HLH","glszm","LowGrayLevelZoneEmphasis","0.07371192518225929"
"wavelet-HLH","glszm","SizeZoneNonUniformity","100.77956989247312"
"wavelet-HLH","glszm","SizeZoneNonUniformityNormalized","0.2709128222915944"
"wavelet-HLH","glszm","SmallAreaEmphasis","0.5139425305853316"
"wavelet-HLH","glszm","SmallAreaHighGrayLevelEmphasis","11.787818658536882"
"wavelet-HLH","glszm","SmallAreaLowGrayLevelEmphasis","0.04165182836882789"
"wavelet-HLH","glszm","ZoneEntropy","4.418454682010154"
"wavelet-HLH","glszm","ZonePercentage","0.011557820170260361"
"wavelet-HLH","glszm","ZoneVariance","1225357.8516880567"
"wavelet-HLH","ngtdm","Busyness","142.41685922109934"
"wavelet-HLH","ngtdm","Coarseness","0.00013013115934014713"
"wavelet-HLH","ngtdm","Complexity","16.016327950790036"
"wavelet-HLH","ngtdm","Contrast","0.005750022767704413"
"wavelet-HLH","ngtdm","Strength","0.005254567048849797"
"wavelet-HHL","firstorder","10Percentile","-5.682602153550329"
"wavelet-HHL","firstorder","90Percentile","5.722885934061631"
"wavelet-HHL","firstorder","Energy","792620.9124837825"
"wavelet-HHL","firstorder","Entropy","1.015847192718873"
"wavelet-HHL","firstorder","InterquartileRange","5.7810611133761824"
"wavelet-HHL","firstorder","Kurtosis","7.1132637933474845"
"wavelet-HHL","firstorder","Maximum","45.984597856050655"
"wavelet-HHL","firstorder","MeanAbsoluteDeviation","3.6810715477153226"
"wavelet-HHL","firstorder","Mean","0.01609448871495202"
"wavelet-HHL","firstorder","Median","-0.00803491240094141"
"wavelet-HHL","firstorder","Minimum","-48.538362535294354"
"wavelet-HHL","firstorder","Range","94.52296039134501"
"wavelet-HHL","firstorder","RobustMeanAbsoluteDeviation","2.410786106842828"
"wavelet-HHL","firstorder","RootMeanSquared","4.962485602935491"
"wavelet-HHL","firstorder","Skewness","0.1383073172792212"
"wavelet-HHL","firstorder","TotalEnergy","2847574.321590336"
"wavelet-HHL","firstorder","Uniformity","0.49854261632317826"
"wavelet-HHL","firstorder","Variance","24.626004326775032"
"wavelet-HHL","glcm","Autocorrelation","6.236637026031984"
"wavelet-HHL","glcm","ClusterProminence","0.5085015188304837"
"wavelet-HHL","glcm","ClusterShade","0.001708750443325331"
"wavelet-HHL","glcm","ClusterTendency","0.4941095264850839"
"wavelet-HHL","glcm","Contrast","0.5138194552785442"
"wavelet-HHL","glcm","Correlation","-0.019528099067100145"
"wavelet-HHL","glcm","DifferenceAverage","0.5117522656369183"
"wavelet-HHL","glcm","DifferenceEntropy","0.9957008256716189"
"wavelet-HHL","glcm","DifferenceVariance","0.24709647773809118"
"wavelet-HHL","glcm","Id","0.7444575404935965"
"wavelet-HHL","glcm","Idm","0.7443305861457034"
"wavelet-HHL","glcm","Idmn","0.9698145652616372"
"wavelet-HHL","glcm","Idn","0.8977172122460174"
"wavelet-HHL","glcm","Imc1","-0.014943824463690377"
"wavelet-HHL","glcm","Imc2","0.12160059626848614"
"wavelet-HHL","glcm","InverseVariance","0.5100460252632707"
"wavelet-HHL","glcm","JointAverage","2.4983122403485374"
"wavelet-HHL","glcm","JointEnergy","0.2539363464852627"
"wavelet-HHL","glcm","JointEntropy","2.0074993107557257"
"wavelet-HHL","glcm","MCC","0.14088687598924"
"wavelet-HHL","glcm","MaximumProbability","0.27323127078342035"
"wavelet-HHL","glcm","SumAverage","4.996624480697075"
"wavelet-HHL","glcm","SumEntropy","1.4867994442400585"
"wavelet-HHL","glcm","SumSquares","0.251982245440907"
"wavelet-HHL","gldm","DependenceEntropy","4.675904893402145"
"wavelet-HHL","gldm","DependenceNonUniformity","2901.5844777232337"
"wavelet-HHL","gldm","DependenceNonUniformityNormalized","0.09015051506006443"
"wavelet-HHL","gldm","DependenceVariance","10.246581661293755"
"wavelet-HHL","gldm","GrayLevelNonUniformity","16046.092648977816"
"wavelet-HHL","gldm","GrayLevelVariance","0.2529203854472471"
"wavelet-HHL","gldm","HighGrayLevelEmphasis","6.501056359908034"
"wavelet-HHL","gldm","LargeDependenceEmphasis","142.47728826197726"
"wavelet-HHL","gldm","LargeDependenceHighGrayLevelEmphasis","921.726868824955"
"wavelet-HHL","gldm","LargeDependenceLowGrayLevelEmphasis","25.84931336605978"
"wavelet-HHL","gldm","LowGrayLevelEmphasis","0.1810789887942998"
"wavelet-HHL","gldm","SmallDependenceEmphasis","0.012957958893985414"
"wavelet-HHL","gldm","SmallDependenceHighGrayLevelEmphasis","0.0864383343976065"
"wavelet-HHL","gldm","SmallDependenceLowGrayLevelEmphasis","0.0026917315645480426"
"wavelet-HHL","glrlm","GrayLevelNonUniformity","9548.992210037804"
"wavelet-HHL","glrlm","GrayLevelNonUniformityNormalized","0.49761425383522817"
"wavelet-HHL","glrlm","GrayLevelVariance","0.2547878580184949"
"wavelet-HHL","glrlm","HighGrayLevelRunEmphasis","6.512939249087627"
"wavelet-HHL","glrlm","LongRunEmphasis","4.072138031052672"
"wavelet-HHL","glrlm","LongRunHighGrayLevelEmphasis","26.39393876003381"
"wavelet-HHL","glrlm","LongRunLowGrayLevelEmphasis","0.7383331571878107"
"wavelet-HHL","glrlm","LowGrayLevelRunEmphasis","0.18110354833152392"
"wavelet-HHL","glrlm","RunEntropy","2.6367673041644446"
"wavelet-HHL","glrlm","RunLengthNonUniformity","8271.28692388341"
"wavelet-HHL","glrlm","RunLengthNonUniformityNormalized","0.4257030934148077"
"wavelet-HHL","glrlm","RunPercentage","0.5961861105401776"
"wavelet-HHL","glrlm","RunVariance","1.1576166532772059"
"wavelet-HHL","glrlm","ShortRunEmphasis","0.6589446592531781"
"wavelet-HHL","glrlm","ShortRunHighGrayLevelEmphasis","4.297415136050149"
"wavelet-HHL","glrlm","ShortRunLowGrayLevelEmphasis","0.11946555707138116"
"wavelet-HHL","glszm","GrayLevelNonUniformity","14.892857142857142"
"wavelet-HHL","glszm","GrayLevelNonUniformityNormalized","0.2659438775510204"
"wavelet-HHL","glszm","GrayLevelVariance","1.4987244897959184"
"wavelet-HHL","glszm","HighGrayLevelZoneEmphasis","7.928571428571429"
"wavelet-HHL","glszm","LargeAreaEmphasis","8642192.392857144"
"wavelet-HHL","glszm","LargeAreaHighGrayLevelEmphasis","56115014.51785714"
"wavelet-HHL","glszm","LargeAreaLowGrayLevelEmphasis","1562041.9384920634"
"wavelet-HHL","glszm","LowGrayLevelZoneEmphasis","0.39012896825396826"
"wavelet-HHL","glszm","SizeZoneNonUniformity","33.392857142857146"
"wavelet-HHL","glszm","SizeZoneNonUniformityNormalized","0.5963010204081632"
"wavelet-HHL","glszm","SmallAreaEmphasis","0.7846938400747537"
"wavelet-HHL","glszm","SmallAreaHighGrayLevelEmphasis","6.222213202601748"
"wavelet-HHL","glszm","SmallAreaLowGrayLevelEmphasis","0.3414552585459935"
"wavelet-HHL","glszm","ZoneEntropy","3.0240605673617447"
"wavelet-HHL","glszm","ZonePercentage","0.0017398869073510222"
"wavelet-HHL","glszm","ZoneVariance","8311854.830357142"
"wavelet-HHL","ngtdm","Busyness","748.5072220116602"
"wavelet-HHL","ngtdm","Coarseness","0.00012184067048368885"
"wavelet-HHL","ngtdm","Complexity","3.5773523005286454"
"wavelet-HHL","ngtdm","Contrast","0.02162140674981064"
"wavelet-HHL","ngtdm","Strength","0.0007282955109681467"
"wavelet-HHH","firstorder","10Percentile","-4.864137949743979"
"wavelet-HHH","firstorder","90Percentile","4.878576493023172"
"wavelet-HHH","firstorder","Energy","601833.5054452473"
"wavelet-HHH","firstorder","Entropy","1.0061196776845465"
"wavelet-HHH","firstorder","InterquartileRange","4.81307471087007"
"wavelet-HHH","firstorder","Kurtosis","6.44945074679499"
"wavelet-HHH","firstorder","Maximum","37.276137921324285"
"wavelet-HHH","firstorder","MeanAbsoluteDeviation","3.1661426115374507"
"wavelet-HHH","firstorder","Mean","0.0006278489804497952"
"wavelet-HHH","firstorder","Median","0.004774019653392334"
"wavelet-HHH","firstorder","Minimum","-28.60154384585265"
"wavelet-HHH","firstorder","Range","65.87768176717694"
"wavelet-HHH","firstorder","RobustMeanAbsoluteDeviation","2.0249583810223095"
"wavelet-HHH","firstorder","RootMeanSquared","4.324189099310487"
"wavelet-HHH","firstorder","Skewness","0.005920000062224794"
"wavelet-HHH","firstorder","TotalEnergy","2162150.4164055833"
"wavelet-HHH","firstorder","Uniformity","0.49950385090198907"
"wavelet-HHH","firstorder","Variance","18.698610972401298"
"wavelet-HHH","glcm","Autocorrelation","6.245294927629459"
"wavelet-HHH","glcm","ClusterProminence","0.49536090069435346"
"wavelet-HHH","glcm","ClusterShade","0.00045744377693907967"
"wavelet-HHH","glcm","ClusterTendency","0.4907530324030946"
"wavelet-HHH","glcm","Contrast","0.5124036366841894"
"wavelet-HHH","glcm","Correlation","-0.021573203617947054"
"wavelet-HHH","glcm","DifferenceAverage","0.511566857775281"
"wavelet-HHH","glcm","DifferenceEntropy","0.9953434733283474"
"wavelet-HHH","glcm","DifferenceVariance","0.24756747766252651"
"wavelet-HHH","glcm","Id","0.7443552583603046"
"wavelet-HHH","glcm","Idm","0.7443002490032504"
"wavelet-HHH","glcm","Idmn","0.9698735734642221"
"wavelet-HHH","glcm","Idn","0.8977144324005507"
"wavelet-HHH","glcm","Imc1","-0.009582885044794416"
"wavelet-HHH","glcm","Imc2","0.09637152759808877"
"wavelet-HHH","glcm","InverseVariance","0.5108420042078605"
"wavelet-HHH","glcm","JointAverage","2.5001414955017904"
"wavelet-HHH","glcm","JointEnergy","0.25284382908402486"
"wavelet-HHH","glcm","JointEntropy","2.0003571973630985"
"wavelet-HHH","glcm","MCC","0.08803905037202837"
"wavelet-HHH","glcm","MaximumProbability","0.2693845759169271"
"wavelet-HHH","glcm","SumAverage","5.000282991003581"
"wavelet-HHH","glcm","SumEntropy","1.484541440405228"
"wavelet-HHH","glcm","SumSquares","0.25078916727182105"
"wavelet-HHH","gldm","DependenceEntropy","4.590270355958518"
"wavelet-HHH","gldm","DependenceNonUniformity","3088.626794258373"
"wavelet-HHH","gldm","DependenceNonUniformityNormalized","0.0959618093039947"
"wavelet-HHH","gldm","DependenceVariance","9.555933313252092"
"wavelet-HHH","gldm","GrayLevelNonUniformity","16077.030945131424"
"wavelet-HHH","gldm","GrayLevelVariance","0.2509934642883023"
"wavelet-HHH","gldm","HighGrayLevelEmphasis","6.505343938358292"
"wavelet-HHH","gldm","LargeDependenceEmphasis","141.66376685515442"
"wavelet-HHH","gldm","LargeDependenceHighGrayLevelEmphasis","920.2805256944013"
"wavelet-HHH","gldm","LargeDependenceLowGrayLevelEmphasis","25.593192908234776"
"wavelet-HHH","gldm","LowGrayLevelEmphasis","0.1805605180306137"
"wavelet-HHH","gldm","SmallDependenceEmphasis","0.012200501589855023"
"wavelet-HHH","gldm","SmallDependenceHighGrayLevelEmphasis","0.08068939289505074"
"wavelet-HHH","gldm","SmallDependenceLowGrayLevelEmphasis","0.0023109734343640235"
"wavelet-HHH","glrlm","GrayLevelNonUniformity","9581.866400123037"
"wavelet-HHH","glrlm","GrayLevelNonUniformityNormalized","0.49916814921280106"
"wavelet-HHH","glrlm","GrayLevelVariance","0.2516675192571279"
"wavelet-HHH","glrlm","HighGrayLevelRunEmphasis","6.508931133591452"
"wavelet-HHH","glrlm","LongRunEmphasis","4.039529310479953"
"wavelet-HHH","glrlm","LongRunHighGrayLevelEmphasis","26.243404851830807"
"wavelet-HHH","glrlm","LongRunLowGrayLevelEmphasis","0.7299959217220754"
"wavelet-HHH","glrlm","LowGrayLevelRunEmphasis","0.1805658805633018"
"wavelet-HHH","glrlm","RunEntropy","2.6187835758099904"
"wavelet-HHH","glrlm","RunLengthNonUniformity","8269.313197636238"
"wavelet-HHH","glrlm","RunLengthNonUniformityNormalized","0.4272309235555688"
"wavelet-HHH","glrlm","RunPercentage","0.596391646630881"
"wavelet-HHH","glrlm","RunVariance","1.1665187184838506"
"wavelet-HHH","glrlm","ShortRunEmphasis","0.6623597689076679"
"wavelet-HHH","glrlm","ShortRunHighGrayLevelEmphasis","4.313439507891099"
"wavelet-HHH","glrlm","ShortRunLowGrayLevelEmphasis","0.11962560502360972"
"wavelet-HHH","glszm","GrayLevelNonUniformity","10.578947368421053"
"wavelet-HHH","glszm","GrayLevelNonUniformityNormalized","0.278393351800554"
"wavelet-HHH","glszm","GrayLevelVariance","1.0221606648199446"
"wavelet-HHH","glszm","HighGrayLevelZoneEmphasis","7.947368421052632"
"wavelet-HHH","glszm","LargeAreaEmphasis","12757167.894736841"
"wavelet-HHH","glszm","LargeAreaHighGrayLevelEmphasis","83005869.23684211"
"wavelet-HHH","glszm","LargeAreaLowGrayLevelEmphasis","2301036.6207967834"
"wavelet-HHH","glszm","LowGrayLevelZoneEmphasis","0.26644736842105265"
"wavelet-HHH","glszm","SizeZoneNonUniformity","15.842105263157896"
"wavelet-HHH","glszm","SizeZoneNonUniformityNormalized","0.4168975069252078"
"wavelet-HHH","glszm","SmallAreaEmphasis","0.6642799523764279"
"wavelet-HHH","glszm","SmallAreaHighGrayLevelEmphasis","5.574517978734413"
"wavelet-HHH","glszm","SmallAreaLowGrayLevelEmphasis","0.20824935181436233"
"wavelet-HHH","glszm","ZoneEntropy","3.233576528075573"
"wavelet-HHH","glszm","ZonePercentage","0.0011806375442739079"
"wavelet-HHH","glszm","ZoneVariance","12039758.894736841"
"wavelet-HHH","ngtdm","Busyness","749.4569523267696"
"wavelet-HHH","ngtdm","Coarseness","0.0001213095439448422"
"wavelet-HHH","ngtdm","Complexity","3.5885217311712716"
"wavelet-HHH","ngtdm","Contrast","0.021470460915394386"
"wavelet-HHH","ngtdm","Strength","0.0007268951899084656"
"wavelet-LLL","firstorder","10Percentile","-2288.8042213855642"
"wavelet-LLL","firstorder","90Percentile","-2203.0584156996356"
"wavelet-LLL","firstorder","Energy","160907806143.73926"
"wavelet-LLL","firstorder","Entropy","2.2165734586975816"
"wavelet-LLL","firstorder","InterquartileRange","21.79540967316052"
"wavelet-LLL","firstorder","Kurtosis","16.966868134114527"
"wavelet-LLL","firstorder","Maximum","-2130.5790991095423"
"wavelet-LLL","firstorder","MeanAbsoluteDeviation","29.338452764075466"
"wavelet-LLL","firstorder","Mean","-2235.4055052765916"
"wavelet-LLL","firstorder","Median","-2221.780901913451"
"wavelet-LLL","firstorder","Minimum","-2722.499828475542"
"wavelet-LLL","firstorder","Range","591.9207293659997"
"wavelet-LLL","firstorder","RobustMeanAbsoluteDeviation","12.249364387467267"
"wavelet-LLL","firstorder","RootMeanSquared","2235.9137841162883"
"wavelet-LLL","firstorder","Skewness","-3.2072925002050345"
"wavelet-LLL","firstorder","TotalEnergy","578078283958.629"
"wavelet-LLL","firstorder","Uniformity","0.33134834566970794"
"wavelet-LLL","firstorder","Variance","2272.676980326204"
"wavelet-LLL","glcm","Autocorrelation","414.0410335839952"
"wavelet-LLL","glcm","ClusterProminence","1117.3456845653154"
"wavelet-LLL","glcm","ClusterShade","-68.84852012733135"
"wavelet-LLL","glcm","ClusterTendency","7.485330893361645"
"wavelet-LLL","glcm","Contrast","2.5984175277848234"
"wavelet-LLL","glcm","Correlation","0.4384670950165897"
"wavelet-LLL","glcm","DifferenceAverage","0.8303625826413609"
"wavelet-LLL","glcm","DifferenceEntropy","1.751409224815497"
"wavelet-LLL","glcm","DifferenceVariance","1.8585835652453466"
"wavelet-LLL","glcm","Id","0.7353041420354871"
"wavelet-LLL","glcm","Idm","0.7148187322878871"
"wavelet-LLL","glcm","Idmn","0.9957116463309005"
"wavelet-LLL","glcm","Idn","0.9691801163828166"
"wavelet-LLL","glcm","Imc1","-0.14954343951741417"
"wavelet-LLL","glcm","Imc2","0.5921681949198286"
"wavelet-LLL","glcm","InverseVariance","0.3222989824658109"
"wavelet-LLL","glcm","JointAverage","20.317746523158153"
"wavelet-LLL","glcm","JointEnergy","0.19133656403019128"
"wavelet-LLL","glcm","JointEntropy","3.6246938957394566"
"wavelet-LLL","glcm","MCC","0.5136514306255894"
"wavelet-LLL","glcm","MaximumProbability","0.3862623769136663"
"wavelet-LLL","glcm","SumAverage","40.635493046316306"
"wavelet-LLL","glcm","SumEntropy","2.683145992356633"
"wavelet-LLL","glcm","SumSquares","2.5209371052866176"
"wavelet-LLL","gldm","DependenceEntropy","6.3616121092070905"
"wavelet-LLL","gldm","DependenceNonUniformity","1275.1173180886099"
"wavelet-LLL","gldm","DependenceNonUniformityNormalized","0.039617141554980737"
"wavelet-LLL","gldm","DependenceVariance","59.358174221360905"
"wavelet-LLL","gldm","GrayLevelNonUniformity","10664.777853725222"
"wavelet-LLL","gldm","GrayLevelVariance","3.7378443770232885"
"wavelet-LLL","gldm","HighGrayLevelEmphasis","407.50233020567947"
"wavelet-LLL","gldm","LargeDependenceEmphasis","226.7625054371466"
"wavelet-LLL","gldm","LargeDependenceHighGrayLevelEmphasis","98053.82433356118"
"wavelet-LLL","gldm","LargeDependenceLowGrayLevelEmphasis","0.5267403857737372"
"wavelet-LLL","gldm","LowGrayLevelEmphasis","0.002714560871711799"
"wavelet-LLL","gldm","SmallDependenceEmphasis","0.06461477836373858"
"wavelet-LLL","gldm","SmallDependenceHighGrayLevelEmphasis","19.27058106842252"
"wavelet-LLL","gldm","SmallDependenceLowGrayLevelEmphasis","0.00034000119074637544"
"wavelet-LLL","glrlm","GrayLevelNonUniformity","3730.1854113014756"
"wavelet-LLL","glrlm","GrayLevelNonUniformityNormalized","0.21019942277385525"
"wavelet-LLL","glrlm","GrayLevelVariance","5.871028609512844"
"wavelet-LLL","glrlm","HighGrayLevelRunEmphasis","387.368495808241"
"wavelet-LLL","glrlm","LongRunEmphasis","8.889133041856365"
"wavelet-LLL","glrlm","LongRunHighGrayLevelEmphasis","3793.8744903577776"
"wavelet-LLL","glrlm","LongRunLowGrayLevelEmphasis","0.021438098312227982"
"wavelet-LLL","glrlm","LowGrayLevelRunEmphasis","0.0030508509094790597"
"wavelet-LLL","glrlm","RunEntropy","4.325636241139661"
"wavelet-LLL","glrlm","RunLengthNonUniformity","8267.928661560196"
"wavelet-LLL","glrlm","RunLengthNonUniformityNormalized","0.45923173326083805"
"wavelet-LLL","glrlm","RunPercentage","0.5408275934591724"
"wavelet-LLL","glrlm","RunVariance","4.798731168517392"
"wavelet-LLL","glrlm","ShortRunEmphasis","0.7012572296155907"
"wavelet-LLL","glrlm","ShortRunHighGrayLevelEmphasis","260.7999697178932"
"wavelet-LLL","glrlm","ShortRunLowGrayLevelEmphasis","0.0023291330652902838"
"wavelet-LLL","glszm","GrayLevelNonUniformity","198.22087604846226"
"wavelet-LLL","glszm","GrayLevelNonUniformityNormalized","0.09236760300487523"
"wavelet-LLL","glszm","GrayLevelVariance","13.201506476428545"
"wavelet-LLL","glszm","HighGrayLevelZoneEmphasis","285.26700838769807"
"wavelet-LLL","glszm","LargeAreaEmphasis","141492.68685927306"
"wavelet-LLL","glszm","LargeAreaHighGrayLevelEmphasis","61565805.81360671"
"wavelet-LLL","glszm","LargeAreaLowGrayLevelEmphasis","325.5882997833518"
"wavelet-LLL","glszm","LowGrayLevelZoneEmphasis","0.0056449274883590035"
"wavelet-LLL","glszm","SizeZoneNonUniformity","666.6719478098788"
"wavelet-LLL","glszm","SizeZoneNonUniformityNormalized","0.3106579439934198"
"wavelet-LLL","glszm","SmallAreaEmphasis","0.5773784039677619"
"wavelet-LLL","glszm","SmallAreaHighGrayLevelEmphasis","149.47728736111586"
"wavelet-LLL","glszm","SmallAreaLowGrayLevelEmphasis","0.0037715965098031397"
"wavelet-LLL","glszm","ZoneEntropy","6.119455336583214"
"wavelet-LLL","glszm","ZonePercentage","0.06667495184241595"
"wavelet-LLL","glszm","ZoneVariance","141267.74277378578"
"wavelet-LLL","ngtdm","Busyness","5.359794305706433"
"wavelet-LLL","ngtdm","Coarseness","0.0002236931207331201"
"wavelet-LLL","ngtdm","Complexity","244.71864006341602"
"wavelet-LLL","ngtdm","Contrast","0.009524994704926454"
"wavelet-LLL","ngtdm","Strength","0.23180778107119032"
