"Image type","Feature Class","Feature Name","Segmentation_5_segment_Segment_1"
"diagnostics","Versions","PyRadiomics","v3.0.1.post4+gad5b2de"
"diagnostics","Versions","Numpy","1.19.2"
"diagnostics","Versions","SimpleITK","2.0.2"
"diagnostics","Versions","PyWavelet","1.1.1"
"diagnostics","Versions","Python","3.6.7"
"diagnostics","Configuration","Settings","{'minimumROIDimensions': 2, 'minimumROISize': None, 'normalize': False, 'normalizeScale': 1, 'removeOutliers': None, 'resampledPixelSpacing': None, 'interpolator': 'sitkBSpline', 'preCrop': False, 'padDistance': 5, 'distances': [1], 'force2D': False, 'force2Ddimension': 0, 'resegmentRange': None, 'label': 1, 'additionalInfo': True, 'binWidth': 25.0, 'symmetricalGLCM': True, 'correctMask': True}"
"diagnostics","Configuration","EnabledImageTypes","{'Original': {}, 'Wavelet': {}}"
"diagnostics","Image-original","Hash","cbb66bd90e295b727a82bc0abe45f970439bb58c"
"diagnostics","Image-original","Dimensionality","3D"
"diagnostics","Image-original","Spacing","(0.7031249999999999, 0.7031249999999999, 1.2500000000000002)"
"diagnostics","Image-original","Size","(512, 512, 249)"
"diagnostics","Image-original","Mean","-959.0817714829043"
"diagnostics","Image-original","Minimum","-3024.0"
"diagnostics","Image-original","Maximum","1657.0"
"diagnostics","Mask-original","Hash","103342674829d91ec0259acb1908e80d1c154b6a"
"diagnostics","Mask-original","Spacing","(0.7031249999999999, 0.7031249999999999, 1.2500000000000002)"
"diagnostics","Mask-original","Size","(512, 512, 249)"
"diagnostics","Mask-original","BoundingBox","(162, 175, 76, 260, 162, 53)"
"diagnostics","Mask-original","VoxelNum","211665"
"diagnostics","Mask-original","VolumeNum","3"
"diagnostics","Mask-original","CenterOfMassIndex","(288.5188387310136, 268.62217655257126, 102.23078449436609)"
"diagnostics","Mask-original","CenterOfMass","(22.86480848274394, 8.874967888526669, -182.21151938204235)"
"original","shape","Elongation","0.23589557024780766"
"original","shape","Flatness","0.19547158573135182"
"original","shape","LeastAxisLength","46.05970924197525"
"original","shape","MajorAxisLength","235.6337831385777"
"original","shape","Maximum2DDiameterColumn","184.12312310758423"
"original","shape","Maximum2DDiameterRow","88.60769979460376"
"original","shape","Maximum2DDiameterSlice","152.57974509508543"
"original","shape","Maximum3DDiameter","193.06356792457143"
"original","shape","MeshVolume","130679.61788177484"
"original","shape","MinorAxisLength","55.584965643123034"
"original","shape","Sphericity","0.40545034759638937"
"original","shape","SurfaceArea","30715.082394395613"
"original","shape","SurfaceVolumeRatio","0.23504110964101063"
"original","shape","VoxelVolume","130804.9392700195"
"original","firstorder","10Percentile","-87.0"
"original","firstorder","90Percentile","75.0"
"original","firstorder","Energy","2830451345.0"
"original","firstorder","Entropy","3.2951250897408277"
"original","firstorder","InterquartileRange","54.0"
"original","firstorder","Kurtosis","18.184320618404225"
"original","firstorder","Maximum","290.0"
"original","firstorder","MeanAbsoluteDeviation","65.54785515169328"
"original","firstorder","Mean","1.5743037346750761"
"original","firstorder","Median","31.0"
"original","firstorder","Minimum","-929.0"
"original","firstorder","Range","1219.0"
"original","firstorder","RobustMeanAbsoluteDeviation","25.686951069379205"
"original","firstorder","RootMeanSquared","115.63873214701839"
"original","firstorder","Skewness","-3.513915242969567"
"original","firstorder","TotalEnergy","1749165031.0134885"
"original","firstorder","Uniformity","0.1588143567392769"
"original","firstorder","Variance","13369.83794032085"
"original","glcm","Autocorrelation","1522.524546785672"
"original","glcm","ClusterProminence","85264.12965507476"
"original","glcm","ClusterShade","-1891.4743569147856"
"original","glcm","ClusterTendency","62.47703266666511"
"original","glcm","Contrast","7.537852184594419"
"original","glcm","Correlation","0.7801782991843186"
"original","glcm","DifferenceAverage","1.6157207133731306"
"original","glcm","DifferenceEntropy","2.3633148788139837"
"original","glcm","DifferenceVariance","4.842608509829025"
"original","glcm","Id","0.5550962426427837"
"original","glcm","Idm","0.5109121419561307"
"original","glcm","Idmn","0.9971127406023508"
"original","glcm","Idn","0.9702652200765232"
"original","glcm","Imc1","-0.1500168423680757"
"original","glcm","Imc2","0.7568109958519369"
"original","glcm","InverseVariance","0.44439208851091055"
"original","glcm","JointAverage","38.84306776513564"
"original","glcm","JointEnergy","0.03985622428037166"
"original","glcm","JointEntropy","5.905597648880339"
"original","glcm","MCC","0.8207295457725652"
"original","glcm","MaximumProbability","0.10093525075308024"
"original","glcm","SumAverage","77.68613553027129"
"original","glcm","SumEntropy","4.018942544259608"
"original","glcm","SumSquares","17.503721212814863"
"original","gldm","DependenceEntropy","6.945981532802479"
"original","gldm","DependenceNonUniformity","14003.924744289325"
"original","gldm","DependenceNonUniformityNormalized","0.06616079533361362"
"original","gldm","DependenceVariance","18.54780631245679"
"original","gldm","GrayLevelNonUniformity","33615.440819219046"
"original","gldm","GrayLevelVariance","21.478142849898056"
"original","gldm","HighGrayLevelEmphasis","1510.0929676611627"
"original","gldm","LargeDependenceEmphasis","75.29208418963928"
"original","gldm","LargeDependenceHighGrayLevelEmphasis","120155.86706352019"
"original","gldm","LargeDependenceLowGrayLevelEmphasis","0.04902344766339753"
"original","gldm","LowGrayLevelEmphasis","0.0008239543593028986"
"original","gldm","SmallDependenceEmphasis","0.10137609522188203"
"original","gldm","SmallDependenceHighGrayLevelEmphasis","123.33666695091432"
"original","gldm","SmallDependenceLowGrayLevelEmphasis","0.00014401470052199234"
"original","glrlm","GrayLevelNonUniformity","21693.95635764617"
"original","glrlm","GrayLevelNonUniformityNormalized","0.1367528982238178"
"original","glrlm","GrayLevelVariance","26.320935924020418"
"original","glrlm","HighGrayLevelRunEmphasis","1484.7948539492381"
"original","glrlm","LongRunEmphasis","2.3982235829834013"
"original","glrlm","LongRunHighGrayLevelEmphasis","3706.180683507387"
"original","glrlm","LongRunLowGrayLevelEmphasis","0.0018041921783873522"
"original","glrlm","LowGrayLevelRunEmphasis","0.0008752151613064408"
"original","glrlm","RunEntropy","4.537675735097884"
"original","glrlm","RunLengthNonUniformity","99623.21262667529"
"original","glrlm","RunLengthNonUniformityNormalized","0.6238501773464026"
"original","glrlm","RunPercentage","0.7487353928286533"
"original","glrlm","RunVariance","0.5823324072097447"
"original","glrlm","ShortRunEmphasis","0.8160323616104492"
"original","glrlm","ShortRunHighGrayLevelEmphasis","1194.6275186628282"
"original","glrlm","ShortRunLowGrayLevelEmphasis","0.0007485860530631846"
"original","glszm","GrayLevelNonUniformity","880.7256366073138"
"original","glszm","GrayLevelNonUniformityNormalized","0.04215611892625473"
"original","glszm","GrayLevelVariance","69.54481528207263"
"original","glszm","HighGrayLevelZoneEmphasis","1141.7969557725446"
"original","glszm","LargeAreaEmphasis","155137.3423798583"
"original","glszm","LargeAreaHighGrayLevelEmphasis","248665677.32395175"
"original","glszm","LargeAreaLowGrayLevelEmphasis","96.93487055958767"
"original","glszm","LowGrayLevelZoneEmphasis","0.0016160341136032175"
"original","glszm","SizeZoneNonUniformity","7899.28183036569"
"original","glszm","SizeZoneNonUniformityNormalized","0.37810079601597213"
"original","glszm","SmallAreaEmphasis","0.6379102769203865"
"original","glszm","SmallAreaHighGrayLevelEmphasis","698.8538260170938"
"original","glszm","SmallAreaLowGrayLevelEmphasis","0.0010686451273254952"
"original","glszm","ZoneEntropy","7.0110872846600385"
"original","glszm","ZonePercentage","0.09870313939479838"
"original","glszm","ZoneVariance","155034.69731640985"
"original","ngtdm","Busyness","7.275442409886003"
"original","ngtdm","Coarseness","4.1170869552891294e-05"
"original","ngtdm","Complexity","1523.965116565405"
"original","ngtdm","Contrast","0.018987319823997317"
"original","ngtdm","Strength","0.1748897202009587"
"wavelet-LLH","firstorder","10Percentile","-85.61156588796501"
"wavelet-LLH","firstorder","90Percentile","66.11241981529135"
"wavelet-LLH","firstorder","Energy","1255477369.819515"
"wavelet-LLH","firstorder","Entropy","3.4505673969808033"
"wavelet-LLH","firstorder","InterquartileRange","63.574230138659765"
"wavelet-LLH","firstorder","Kurtosis","8.129014831507149"
"wavelet-LLH","firstorder","Maximum","629.4336478786569"
"wavelet-LLH","firstorder","MeanAbsoluteDeviation","50.753949694494565"
"wavelet-LLH","firstorder","Mean","-5.863544977789282"
"wavelet-LLH","firstorder","Median","-2.9991180370790644"
"wavelet-LLH","firstorder","Minimum","-567.6910184673485"
"wavelet-LLH","firstorder","Range","1197.1246663460054"
"wavelet-LLH","firstorder","RobustMeanAbsoluteDeviation","27.768650382674025"
"wavelet-LLH","firstorder","RootMeanSquared","77.01581560285477"
"wavelet-LLH","firstorder","Skewness","-0.0694065433546889"
"wavelet-LLH","firstorder","TotalEnergy","775861106.5321404"
"wavelet-LLH","firstorder","Uniformity","0.13093023955545396"
"wavelet-LLH","firstorder","Variance","5897.054693266373"
"wavelet-LLH","glcm","Autocorrelation","543.6595078466103"
"wavelet-LLH","glcm","ClusterProminence","4478.394982742016"
"wavelet-LLH","glcm","ClusterShade","-19.936266146468167"
"wavelet-LLH","glcm","ClusterTendency","21.240942062740153"
"wavelet-LLH","glcm","Contrast","13.245474137056183"
"wavelet-LLH","glcm","Correlation","0.21659682996317936"
"wavelet-LLH","glcm","DifferenceAverage","2.355912128963608"
"wavelet-LLH","glcm","DifferenceEntropy","2.788965881599485"
"wavelet-LLH","glcm","DifferenceVariance","7.141570251172606"
"wavelet-LLH","glcm","Id","0.4661836667741807"
"wavelet-LLH","glcm","Idm","0.40140114422370016"
"wavelet-LLH","glcm","Idmn","0.994746053426418"
"wavelet-LLH","glcm","Idn","0.9565841988303733"
"wavelet-LLH","glcm","Imc1","-0.09736305894456045"
"wavelet-LLH","glcm","Imc2","0.602476601942107"
"wavelet-LLH","glcm","InverseVariance","0.3742103623770666"
"wavelet-LLH","glcm","JointAverage","23.2736022426926"
"wavelet-LLH","glcm","JointEnergy","0.026348692124640284"
"wavelet-LLH","glcm","JointEntropy","6.436936667056748"
"wavelet-LLH","glcm","MCC","0.52274679017097"
"wavelet-LLH","glcm","MaximumProbability","0.06490536767185015"
"wavelet-LLH","glcm","SumAverage","46.547204485385244"
"wavelet-LLH","glcm","SumEntropy","3.927573594156985"
"wavelet-LLH","glcm","SumSquares","8.621604049949097"
"wavelet-LLH","gldm","DependenceEntropy","6.69407043405017"
"wavelet-LLH","gldm","DependenceNonUniformity","19354.792691281033"
"wavelet-LLH","gldm","DependenceNonUniformityNormalized","0.09144068547601651"
"wavelet-LLH","gldm","DependenceVariance","11.993460835370993"
"wavelet-LLH","gldm","GrayLevelNonUniformity","27713.349155505162"
"wavelet-LLH","gldm","GrayLevelVariance","9.518338629346736"
"wavelet-LLH","gldm","HighGrayLevelEmphasis","550.7879668343845"
"wavelet-LLH","gldm","LargeDependenceEmphasis","44.05886188080221"
"wavelet-LLH","gldm","LargeDependenceHighGrayLevelEmphasis","24247.308430775047"
"wavelet-LLH","gldm","LargeDependenceLowGrayLevelEmphasis","0.08160646772898537"
"wavelet-LLH","gldm","LowGrayLevelEmphasis","0.00199276217613543"
"wavelet-LLH","gldm","SmallDependenceEmphasis","0.13400851687093043"
"wavelet-LLH","gldm","SmallDependenceHighGrayLevelEmphasis","75.34685618659773"
"wavelet-LLH","gldm","SmallDependenceLowGrayLevelEmphasis","0.00031255366780101487"
"wavelet-LLH","glrlm","GrayLevelNonUniformity","20382.96279122209"
"wavelet-LLH","glrlm","GrayLevelNonUniformityNormalized","0.11721986388149681"
"wavelet-LLH","glrlm","GrayLevelVariance","10.880474502145287"
"wavelet-LLH","glrlm","HighGrayLevelRunEmphasis","551.0350629441195"
"wavelet-LLH","glrlm","LongRunEmphasis","1.892263852183234"
"wavelet-LLH","glrlm","LongRunHighGrayLevelEmphasis","1041.7487922401765"
"wavelet-LLH","glrlm","LongRunLowGrayLevelEmphasis","0.0036878617934493554"
"wavelet-LLH","glrlm","LowGrayLevelRunEmphasis","0.002019278726315896"
"wavelet-LLH","glrlm","RunEntropy","4.348765244863257"
"wavelet-LLH","glrlm","RunLengthNonUniformity","126350.27072094961"
"wavelet-LLH","glrlm","RunLengthNonUniformityNormalized","0.717747577479353"
"wavelet-LLH","glrlm","RunPercentage","0.8206680004142977"
"wavelet-LLH","glrlm","RunVariance","0.3605644131132786"
"wavelet-LLH","glrlm","ShortRunEmphasis","0.8681611424340888"
"wavelet-LLH","glrlm","ShortRunHighGrayLevelEmphasis","478.59842327305796"
"wavelet-LLH","glrlm","ShortRunLowGrayLevelEmphasis","0.0017704183482752601"
"wavelet-LLH","glszm","GrayLevelNonUniformity","1612.6944511668107"
"wavelet-LLH","glszm","GrayLevelNonUniformityNormalized","0.05575434576203321"
"wavelet-LLH","glszm","GrayLevelVariance","31.264371627215194"
"wavelet-LLH","glszm","HighGrayLevelZoneEmphasis","564.4807260155575"
"wavelet-LLH","glszm","LargeAreaEmphasis","76838.19094209162"
"wavelet-LLH","glszm","LargeAreaHighGrayLevelEmphasis","42230696.88072602"
"wavelet-LLH","glszm","LargeAreaLowGrayLevelEmphasis","140.38906396251627"
"wavelet-LLH","glszm","LowGrayLevelZoneEmphasis","0.0024202917598614656"
"wavelet-LLH","glszm","SizeZoneNonUniformity","9074.751979256698"
"wavelet-LLH","glszm","SizeZoneNonUniformityNormalized","0.3137338627227899"
"wavelet-LLH","glszm","SmallAreaEmphasis","0.5769052829782576"
"wavelet-LLH","glszm","SmallAreaHighGrayLevelEmphasis","329.9706066541275"
"wavelet-LLH","glszm","SmallAreaLowGrayLevelEmphasis","0.001453943568066706"
"wavelet-LLH","glszm","ZoneEntropy","6.908558263542835"
"wavelet-LLH","glszm","ZonePercentage","0.13665461932771125"
"wavelet-LLH","glszm","ZoneVariance","76784.64194189814"
"wavelet-LLH","ngtdm","Busyness","15.374604482479299"
"wavelet-LLH","ngtdm","Coarseness","3.415885002201139e-05"
"wavelet-LLH","ngtdm","Complexity","2013.7445622570776"
"wavelet-LLH","ngtdm","Contrast","0.014477282430130215"
"wavelet-LLH","ngtdm","Strength","0.055012284677179925"
"wavelet-LHL","firstorder","10Percentile","-39.13115541516239"
"wavelet-LHL","firstorder","90Percentile","33.33671631247617"
"wavelet-LHL","firstorder","Energy","303184457.70799"
"wavelet-LHL","firstorder","Entropy","2.4617423274158567"
"wavelet-LHL","firstorder","InterquartileRange","35.1868459018679"
"wavelet-LHL","firstorder","Kurtosis","11.742810705984704"
"wavelet-LHL","firstorder","Maximum","406.28835703722444"
"wavelet-LHL","firstorder","MeanAbsoluteDeviation","25.13861718736657"
"wavelet-LHL","firstorder","Mean","-2.3668213269463254"
"wavelet-LHL","firstorder","Median","-1.5144415732443037"
"wavelet-LHL","firstorder","Minimum","-332.9889288832775"
"wavelet-LHL","firstorder","Range","739.277285920502"
"wavelet-LHL","firstorder","RobustMeanAbsoluteDeviation","14.825879021286275"
"wavelet-LHL","firstorder","RootMeanSquared","37.84678051438263"
"wavelet-LHL","firstorder","Skewness","0.026273209573938045"
"wavelet-LHL","firstorder","TotalEnergy","187362221.33138415"
"wavelet-LHL","firstorder","Uniformity","0.24339016606725714"
"wavelet-LHL","firstorder","Variance","1426.776952110165"
"wavelet-LHL","glcm","Autocorrelation","208.2868114521354"
"wavelet-LHL","glcm","ClusterProminence","439.70147775074304"
"wavelet-LHL","glcm","ClusterShade","-0.5535918467499277"
"wavelet-LHL","glcm","ClusterTendency","5.6593199201520115"
"wavelet-LHL","glcm","Contrast","2.982915623982434"
"wavelet-LHL","glcm","Correlation","0.307531099234637"
"wavelet-LHL","glcm","DifferenceAverage","1.183033241466084"
"wavelet-LHL","glcm","DifferenceEntropy","1.9887851304500286"
"wavelet-LHL","glcm","DifferenceVariance","1.5272646062543014"
"wavelet-LHL","glcm","Id","0.5895276925530261"
"wavelet-LHL","glcm","Idm","0.5510889785111364"
"wavelet-LHL","glcm","Idmn","0.9969766926504039"
"wavelet-LHL","glcm","Idn","0.964594484115145"
"wavelet-LHL","glcm","Imc1","-0.06983661788228558"
"wavelet-LHL","glcm","Imc2","0.4833243614385416"
"wavelet-LHL","glcm","InverseVariance","0.47362749425660816"
"wavelet-LHL","glcm","JointAverage","14.408945385863037"
"wavelet-LHL","glcm","JointEnergy","0.07237576334343544"
"wavelet-LHL","glcm","JointEntropy","4.648386054363976"
"wavelet-LHL","glcm","MCC","0.49555025859236135"
"wavelet-LHL","glcm","MaximumProbability","0.1310607106605301"
"wavelet-LHL","glcm","SumAverage","28.817890771726084"
"wavelet-LHL","glcm","SumEntropy","3.012170103379982"
"wavelet-LHL","glcm","SumSquares","2.160558886033611"
"wavelet-LHL","gldm","DependenceEntropy","5.991109080900901"
"wavelet-LHL","gldm","DependenceNonUniformity","14145.700437011315"
"wavelet-LHL","gldm","DependenceNonUniformityNormalized","0.06683060703003008"
"wavelet-LHL","gldm","DependenceVariance","17.03812688909614"
"wavelet-LHL","gldm","GrayLevelNonUniformity","51517.17950062599"
"wavelet-LHL","gldm","GrayLevelVariance","2.3652031320745452"
"wavelet-LHL","gldm","HighGrayLevelEmphasis","209.8870148583847"
"wavelet-LHL","gldm","LargeDependenceEmphasis","82.97568799754329"
"wavelet-LHL","gldm","LargeDependenceHighGrayLevelEmphasis","17387.447509035504"
"wavelet-LHL","gldm","LargeDependenceLowGrayLevelEmphasis","0.4012096574784315"
"wavelet-LHL","gldm","LowGrayLevelEmphasis","0.005046729171903066"
"wavelet-LHL","gldm","SmallDependenceEmphasis","0.06562141862991618"
"wavelet-LHL","gldm","SmallDependenceHighGrayLevelEmphasis","14.263753932461544"
"wavelet-LHL","gldm","SmallDependenceLowGrayLevelEmphasis","0.00038647621716462663"
"wavelet-LHL","glrlm","GrayLevelNonUniformity","32682.74817353516"
"wavelet-LHL","glrlm","GrayLevelNonUniformityNormalized","0.21257198199985708"
"wavelet-LHL","glrlm","GrayLevelVariance","2.912259306319501"
"wavelet-LHL","glrlm","HighGrayLevelRunEmphasis","210.07572040013181"
"wavelet-LHL","glrlm","LongRunEmphasis","2.6004112561749344"
"wavelet-LHL","glrlm","LongRunHighGrayLevelEmphasis","545.3304915274791"
"wavelet-LHL","glrlm","LongRunLowGrayLevelEmphasis","0.012890681738559538"
"wavelet-LHL","glrlm","LowGrayLevelRunEmphasis","0.00511318264034027"
"wavelet-LHL","glrlm","RunEntropy","3.735365048944012"
"wavelet-LHL","glrlm","RunLengthNonUniformity","91594.00812118567"
"wavelet-LHL","glrlm","RunLengthNonUniformityNormalized","0.589585558123888"
"wavelet-LHL","glrlm","RunPercentage","0.7261463597230021"
"wavelet-LHL","glrlm","RunVariance","0.651780189062131"
"wavelet-LHL","glrlm","ShortRunEmphasis","0.7932406113254977"
"wavelet-LHL","glrlm","ShortRunHighGrayLevelEmphasis","166.79457908922893"
"wavelet-LHL","glrlm","ShortRunLowGrayLevelEmphasis","0.004100651062089411"
"wavelet-LHL","glszm","GrayLevelNonUniformity","1409.700234925607"
"wavelet-LHL","glszm","GrayLevelNonUniformityNormalized","0.11039156107483218"
"wavelet-LHL","glszm","GrayLevelVariance","12.22725102699468"
"wavelet-LHL","glszm","HighGrayLevelZoneEmphasis","220.4858261550509"
"wavelet-LHL","glszm","LargeAreaEmphasis","382326.6437744714"
"wavelet-LHL","glszm","LargeAreaHighGrayLevelEmphasis","80151798.73101018"
"wavelet-LHL","glszm","LargeAreaLowGrayLevelEmphasis","1833.496656465228"
"wavelet-LHL","glszm","LowGrayLevelZoneEmphasis","0.006227137418767399"
"wavelet-LHL","glszm","SizeZoneNonUniformity","3372.6214565387627"
"wavelet-LHL","glszm","SizeZoneNonUniformityNormalized","0.2641050474971623"
"wavelet-LHL","glszm","SmallAreaEmphasis","0.5235443717468549"
"wavelet-LHL","glszm","SmallAreaHighGrayLevelEmphasis","117.8010896212919"
"wavelet-LHL","glszm","SmallAreaLowGrayLevelEmphasis","0.0033927316869852564"
"wavelet-LHL","glszm","ZoneEntropy","6.352265327141437"
"wavelet-LHL","glszm","ZonePercentage","0.060331183710107955"
"wavelet-LHL","glszm","ZoneVariance","382051.9073086024"
"wavelet-LHL","ngtdm","Busyness","40.76914793787174"
"wavelet-LHL","ngtdm","Coarseness","3.1782873687488535e-05"
"wavelet-LHL","ngtdm","Complexity","412.4337195003293"
"wavelet-LHL","ngtdm","Contrast","0.004509981290711967"
"wavelet-LHL","ngtdm","Strength","0.02804969947273021"
"wavelet-LHH","firstorder","10Percentile","-24.979012482828075"
"wavelet-LHH","firstorder","90Percentile","25.30534824703796"
"wavelet-LHH","firstorder","Energy","98390014.90094812"
"wavelet-LHH","firstorder","Entropy","1.8782664484997733"
"wavelet-LHH","firstorder","InterquartileRange","25.273850812486202"
"wavelet-LHH","firstorder","Kurtosis","5.311150181087647"
"wavelet-LHH","firstorder","Maximum","158.36100411274936"
"wavelet-LHH","firstorder","MeanAbsoluteDeviation","16.161458644395736"
"wavelet-LHH","firstorder","Mean","0.09613774805727748"
"wavelet-LHH","firstorder","Median","-0.0031771210292250718"
"wavelet-LHH","firstorder","Minimum","-174.51373664013687"
"wavelet-LHH","firstorder","Range","332.8747407528862"
"wavelet-LHH","firstorder","RobustMeanAbsoluteDeviation","10.583095692584681"
"wavelet-LHH","firstorder","RootMeanSquared","21.560110765303737"
"wavelet-LHH","firstorder","Skewness","-0.015830935141388437"
"wavelet-LHH","firstorder","TotalEnergy","60803155.57080686"
"wavelet-LHH","firstorder","Uniformity","0.33319825203687886"
"wavelet-LHH","firstorder","Variance","464.8291337455645"
"wavelet-LHH","glcm","Autocorrelation","56.300442226990896"
"wavelet-LHH","glcm","ClusterProminence","13.67414856937725"
"wavelet-LHH","glcm","ClusterShade","0.026174851925869325"
"wavelet-LHH","glcm","ClusterTendency","1.5928972196509812"
"wavelet-LHH","glcm","Contrast","1.5634221314579053"
"wavelet-LHH","glcm","Correlation","0.007659973330043304"
"wavelet-LHH","glcm","DifferenceAverage","0.8899170659587179"
"wavelet-LHH","glcm","DifferenceEntropy","1.6714828770156023"
"wavelet-LHH","glcm","DifferenceVariance","0.7523881532484857"
"wavelet-LHH","glcm","Id","0.6429431283107334"
"wavelet-LHH","glcm","Idm","0.6181022634514026"
"wavelet-LHH","glcm","Idmn","0.9923034139409224"
"wavelet-LHH","glcm","Idn","0.9433016848061271"
"wavelet-LHH","glcm","Imc1","-0.03358982732380204"
"wavelet-LHH","glcm","Imc2","0.2776881290883306"
"wavelet-LHH","glcm","InverseVariance","0.5007987541675534"
"wavelet-LHH","glcm","JointAverage","7.50287100411775"
"wavelet-LHH","glcm","JointEnergy","0.12276682601035455"
"wavelet-LHH","glcm","JointEntropy","3.632377677033212"
"wavelet-LHH","glcm","MCC","0.25070485366700496"
"wavelet-LHH","glcm","MaximumProbability","0.1824524093658919"
"wavelet-LHH","glcm","SumAverage","15.0057420082355"
"wavelet-LHH","glcm","SumEntropy","2.325991697928157"
"wavelet-LHH","glcm","SumSquares","0.7890798377772215"
"wavelet-LHH","gldm","DependenceEntropy","5.373084799708625"
"wavelet-LHH","gldm","DependenceNonUniformity","14588.54763423334"
"wavelet-LHH","gldm","DependenceNonUniformityNormalized","0.06892281498704718"
"wavelet-LHH","gldm","DependenceVariance","17.75821988854445"
"wavelet-LHH","gldm","GrayLevelNonUniformity","70526.40801738597"
"wavelet-LHH","gldm","GrayLevelVariance","0.8279593246872411"
"wavelet-LHH","gldm","HighGrayLevelEmphasis","57.126761628044314"
"wavelet-LHH","gldm","LargeDependenceEmphasis","108.57025488389672"
"wavelet-LHH","gldm","LargeDependenceHighGrayLevelEmphasis","6134.743183804597"
"wavelet-LHH","gldm","LargeDependenceLowGrayLevelEmphasis","1.966720199834241"
"wavelet-LHH","gldm","LowGrayLevelEmphasis","0.018708105847071423"
"wavelet-LHH","gldm","SmallDependenceEmphasis","0.05235063374332434"
"wavelet-LHH","gldm","SmallDependenceHighGrayLevelEmphasis","3.116055916178326"
"wavelet-LHH","gldm","SmallDependenceLowGrayLevelEmphasis","0.0011606793883718973"
"wavelet-LHH","glrlm","GrayLevelNonUniformity","41539.44609166876"
"wavelet-LHH","glrlm","GrayLevelNonUniformityNormalized","0.2919399016817632"
"wavelet-LHH","glrlm","GrayLevelVariance","1.0388467222747868"
"wavelet-LHH","glrlm","HighGrayLevelRunEmphasis","57.36569668328811"
"wavelet-LHH","glrlm","LongRunEmphasis","3.224959379459891"
"wavelet-LHH","glrlm","LongRunHighGrayLevelEmphasis","183.28311322952666"
"wavelet-LHH","glrlm","LongRunLowGrayLevelEmphasis","0.05939918283510676"
"wavelet-LHH","glrlm","LowGrayLevelRunEmphasis","0.018966483943717152"
"wavelet-LHH","glrlm","RunEntropy","3.330456313534911"
"wavelet-LHH","glrlm","RunLengthNonUniformity","75249.48165294716"
"wavelet-LHH","glrlm","RunLengthNonUniformityNormalized","0.5225010297853536"
"wavelet-LHH","glrlm","RunPercentage","0.6719409662220237"
"wavelet-LHH","glrlm","RunVariance","0.9087513329508069"
"wavelet-LHH","glrlm","ShortRunEmphasis","0.7462406159884112"
"wavelet-LHH","glrlm","ShortRunHighGrayLevelEmphasis","42.96617732322329"
"wavelet-LHH","glrlm","ShortRunLowGrayLevelEmphasis","0.01433878921421997"
"wavelet-LHH","glszm","GrayLevelNonUniformity","2591.284637508678"
"wavelet-LHH","glszm","GrayLevelNonUniformityNormalized","0.2569954019149735"
"wavelet-LHH","glszm","GrayLevelVariance","4.011685653133342"
"wavelet-LHH","glszm","HighGrayLevelZoneEmphasis","60.118218784092036"
"wavelet-LHH","glszm","LargeAreaEmphasis","723414.0288604582"
"wavelet-LHH","glszm","LargeAreaHighGrayLevelEmphasis","40833635.08043241"
"wavelet-LHH","glszm","LargeAreaLowGrayLevelEmphasis","13046.95538884102"
"wavelet-LHH","glszm","LowGrayLevelZoneEmphasis","0.02340851542191348"
"wavelet-LHH","glszm","SizeZoneNonUniformity","2773.542695626302"
"wavelet-LHH","glszm","SizeZoneNonUniformityNormalized","0.2750711787787664"
"wavelet-LHH","glszm","SmallAreaEmphasis","0.5318238074460159"
"wavelet-LHH","glszm","SmallAreaHighGrayLevelEmphasis","32.43051354138012"
"wavelet-LHH","glszm","SmallAreaLowGrayLevelEmphasis","0.012910828910011498"
"wavelet-LHH","glszm","ZoneEntropy","5.004159801757606"
"wavelet-LHH","glszm","ZonePercentage","0.047636595563744596"
"wavelet-LHH","glszm","ZoneVariance","722973.3537039183"
"wavelet-LHH","ngtdm","Busyness","233.97616852003475"
"wavelet-LHH","ngtdm","Coarseness","2.558056310091213e-05"
"wavelet-LHH","ngtdm","Complexity","68.57288876510151"
"wavelet-LHH","ngtdm","Contrast","0.0067367672742257205"
"wavelet-LHH","ngtdm","Strength","0.0030511340531533715"
"wavelet-HLL","firstorder","10Percentile","-32.098352510606915"
"wavelet-HLL","firstorder","90Percentile","26.52227731434254"
"wavelet-HLL","firstorder","Energy","264677767.30040154"
"wavelet-HLL","firstorder","Entropy","2.2431506966524593"
"wavelet-HLL","firstorder","InterquartileRange","27.468517912046813"
"wavelet-HLL","firstorder","Kurtosis","16.636342736077705"
"wavelet-HLL","firstorder","Maximum","532.028222167721"
"wavelet-HLL","firstorder","MeanAbsoluteDeviation","21.59684741353949"
"wavelet-HLL","firstorder","Mean","-2.0737736827564164"
"wavelet-HLL","firstorder","Median","-1.29233594770076"
"wavelet-HLL","firstorder","Minimum","-337.570370247803"
"wavelet-HLL","firstorder","Range","869.598592415524"
"wavelet-HLL","firstorder","RobustMeanAbsoluteDeviation","11.670807811107991"
"wavelet-HLL","firstorder","RootMeanSquared","35.36178715557898"
"wavelet-HLL","firstorder","Skewness","0.2891951921342778"
"wavelet-HLL","firstorder","TotalEnergy","163565819.9411966"
"wavelet-HLL","firstorder","Uniformity","0.29392386367458934"
"wavelet-HLL","firstorder","Variance","1246.155453549178"
"wavelet-HLL","glcm","Autocorrelation","208.50635645877236"
"wavelet-HLL","glcm","ClusterProminence","462.0621009291192"
"wavelet-HLL","glcm","ClusterShade","1.3948199796002916"
"wavelet-HLL","glcm","ClusterTendency","5.0968385144048085"
"wavelet-HLL","glcm","Contrast","2.466771674519955"
"wavelet-HLL","glcm","Correlation","0.3457464165730514"
"wavelet-HLL","glcm","DifferenceAverage","0.9879251442138085"
"wavelet-HLL","glcm","DifferenceEntropy","1.8232050096861625"
"wavelet-HLL","glcm","DifferenceVariance","1.4578154106593504"
"wavelet-HLL","glcm","Id","0.6399579992803643"
"wavelet-HLL","glcm","Idm","0.6136761563982325"
"wavelet-HLL","glcm","Idmn","0.9981482802118129"
"wavelet-HLL","glcm","Idn","0.9742527230821884"
"wavelet-HLL","glcm","Imc1","-0.08378826971241761"
"wavelet-HLL","glcm","Imc2","0.5193630182308495"
"wavelet-HLL","glcm","InverseVariance","0.4796065392332355"
"wavelet-HLL","glcm","JointAverage","14.41696352454142"
"wavelet-HLL","glcm","JointEnergy","0.10756087749244561"
"wavelet-HLL","glcm","JointEntropy","4.184184428735166"
"wavelet-HLL","glcm","MCC","0.5395663344467738"
"wavelet-HLL","glcm","MaximumProbability","0.17421854264513895"
"wavelet-HLL","glcm","SumAverage","28.833927049082845"
"wavelet-HLL","glcm","SumEntropy","2.8111849966471567"
"wavelet-HLL","glcm","SumSquares","1.8909025472311916"
"wavelet-HLL","gldm","DependenceEntropy","5.9195935416774"
"wavelet-HLL","gldm","DependenceNonUniformity","12606.828615973354"
"wavelet-HLL","gldm","DependenceNonUniformityNormalized","0.05956028921160019"
"wavelet-HLL","gldm","DependenceVariance","21.905590575302902"
"wavelet-HLL","gldm","GrayLevelNonUniformity","62213.394604681926"
"wavelet-HLL","gldm","GrayLevelVariance","2.078947257087504"
"wavelet-HLL","gldm","HighGrayLevelEmphasis","209.9290671580091"
"wavelet-HLL","gldm","LargeDependenceEmphasis","115.46259891810172"
"wavelet-HLL","gldm","LargeDependenceHighGrayLevelEmphasis","24186.562898920463"
"wavelet-HLL","gldm","LargeDependenceLowGrayLevelEmphasis","0.5564781505715409"
"wavelet-HLL","gldm","LowGrayLevelEmphasis","0.005017755754603789"
"wavelet-HLL","gldm","SmallDependenceEmphasis","0.05521826227341744"
"wavelet-HLL","gldm","SmallDependenceHighGrayLevelEmphasis","12.184210189333998"
"wavelet-HLL","gldm","SmallDependenceLowGrayLevelEmphasis","0.0003305298439608703"
"wavelet-HLL","glrlm","GrayLevelNonUniformity","34846.22934836645"
"wavelet-HLL","glrlm","GrayLevelNonUniformityNormalized","0.24658438776518554"
"wavelet-HLL","glrlm","GrayLevelVariance","2.784719049025923"
"wavelet-HLL","glrlm","HighGrayLevelRunEmphasis","210.24645050916055"
"wavelet-HLL","glrlm","LongRunEmphasis","3.2959351594652158"
"wavelet-HLL","glrlm","LongRunHighGrayLevelEmphasis","691.0232051355882"
"wavelet-HLL","glrlm","LongRunLowGrayLevelEmphasis","0.01620790517370538"
"wavelet-HLL","glrlm","LowGrayLevelRunEmphasis","0.005103083436910543"
"wavelet-HLL","glrlm","RunEntropy","3.7888539527413916"
"wavelet-HLL","glrlm","RunLengthNonUniformity","74636.64005821156"
"wavelet-HLL","glrlm","RunLengthNonUniformityNormalized","0.5228739796957884"
"wavelet-HLL","glrlm","RunPercentage","0.6664428005792898"
"wavelet-HLL","glrlm","RunVariance","0.971527025941388"
"wavelet-HLL","glrlm","ShortRunEmphasis","0.747504752300278"
"wavelet-HLL","glrlm","ShortRunHighGrayLevelEmphasis","157.4202857183359"
"wavelet-HLL","glrlm","ShortRunLowGrayLevelEmphasis","0.0038723004501982736"
"wavelet-HLL","glszm","GrayLevelNonUniformity","1568.1805743243244"
"wavelet-HLL","glszm","GrayLevelNonUniformityNormalized","0.13244768364225712"
"wavelet-HLL","glszm","GrayLevelVariance","12.380125890248358"
"wavelet-HLL","glszm","HighGrayLevelZoneEmphasis","224.7221283783784"
"wavelet-HLL","glszm","LargeAreaEmphasis","533460.4691722973"
"wavelet-HLL","glszm","LargeAreaHighGrayLevelEmphasis","111868515.0597973"
"wavelet-HLL","glszm","LargeAreaLowGrayLevelEmphasis","2556.153786580534"
"wavelet-HLL","glszm","LowGrayLevelZoneEmphasis","0.006184170408283401"
"wavelet-HLL","glszm","SizeZoneNonUniformity","2872.4537162162164"
"wavelet-HLL","glszm","SizeZoneNonUniformityNormalized","0.2426058881939372"
"wavelet-HLL","glszm","SmallAreaEmphasis","0.49926445694464827"
"wavelet-HLL","glszm","SmallAreaHighGrayLevelEmphasis","114.88647551199828"
"wavelet-HLL","glszm","SmallAreaLowGrayLevelEmphasis","0.0032760343596733685"
"wavelet-HLL","glszm","ZoneEntropy","6.386179619461557"
"wavelet-HLL","glszm","ZonePercentage","0.055937448326364776"
"wavelet-HLL","glszm","ZoneVariance","533140.8780571971"
"wavelet-HLL","ngtdm","Busyness","34.79108795867681"
"wavelet-HLL","ngtdm","Coarseness","3.0919995658055826e-05"
"wavelet-HLL","ngtdm","Complexity","496.6354627024132"
"wavelet-HLL","ngtdm","Contrast","0.0024894702430271845"
"wavelet-HLL","ngtdm","Strength","0.057113790516130206"
"wavelet-HLH","firstorder","10Percentile","-20.42725231582385"
"wavelet-HLH","firstorder","90Percentile","20.71153747406168"
"wavelet-HLH","firstorder","Energy","75439467.00817168"
"wavelet-HLH","firstorder","Entropy","1.681323674597145"
"wavelet-HLH","firstorder","InterquartileRange","20.367540165826213"
"wavelet-HLH","firstorder","Kurtosis","7.7831896598795"
"wavelet-HLH","firstorder","Maximum","179.49659296488772"
"wavelet-HLH","firstorder","MeanAbsoluteDeviation","13.56037677614259"
"wavelet-HLH","firstorder","Mean","0.07728023292172675"
"wavelet-HLH","firstorder","Median","-0.056888796062839364"
"wavelet-HLH","firstorder","Minimum","-226.55700370086882"
"wavelet-HLH","firstorder","Range","406.0535966657566"
"wavelet-HLH","firstorder","RobustMeanAbsoluteDeviation","8.541772498189385"
"wavelet-HLH","firstorder","RootMeanSquared","18.878817153708297"
"wavelet-HLH","firstorder","Skewness","0.05008276108174334"
"wavelet-HLH","firstorder","TotalEnergy","46620154.01963734"
"wavelet-HLH","firstorder","Uniformity","0.38110244154002404"
"wavelet-HLH","firstorder","Variance","356.40376488875023"
"wavelet-HLH","glcm","Autocorrelation","110.31535494239543"
"wavelet-HLH","glcm","ClusterProminence","12.35230292908249"
"wavelet-HLH","glcm","ClusterShade","0.10632842302754031"
"wavelet-HLH","glcm","ClusterTendency","1.2820268034769753"
"wavelet-HLH","glcm","Contrast","1.215630032782221"
"wavelet-HLH","glcm","Correlation","0.023693146508561302"
"wavelet-HLH","glcm","DifferenceAverage","0.7568538035810347"
"wavelet-HLH","glcm","DifferenceEntropy","1.514340012215784"
"wavelet-HLH","glcm","DifferenceVariance","0.6297983367870894"
"wavelet-HLH","glcm","Id","0.6794272691262834"
"wavelet-HLH","glcm","Idm","0.6635668337746117"
"wavelet-HLH","glcm","Idmn","0.996331032289452"
"wavelet-HLH","glcm","Idn","0.9612990983310914"
"wavelet-HLH","glcm","Imc1","-0.04055073539319042"
"wavelet-HLH","glcm","Imc2","0.3134810260631313"
"wavelet-HLH","glcm","InverseVariance","0.50426807357574"
"wavelet-HLH","glcm","JointAverage","10.502321428735128"
"wavelet-HLH","glcm","JointEnergy","0.16156102227301752"
"wavelet-HLH","glcm","JointEntropy","3.2245616872700342"
"wavelet-HLH","glcm","MCC","0.3145686864779502"
"wavelet-HLH","glcm","MaximumProbability","0.2152856228225272"
"wavelet-HLH","glcm","SumAverage","21.00464285747025"
"wavelet-HLH","glcm","SumEntropy","2.1306858790227774"
"wavelet-HLH","glcm","SumSquares","0.624414209064799"
"wavelet-HLH","gldm","DependenceEntropy","5.2317237627950615"
"wavelet-HLH","gldm","DependenceNonUniformity","15949.440271183237"
"wavelet-HLH","gldm","DependenceNonUniformityNormalized","0.07535227964558731"
"wavelet-HLH","gldm","DependenceVariance","17.282364338539253"
"wavelet-HLH","gldm","GrayLevelNonUniformity","80666.0482885692"
"wavelet-HLH","gldm","GrayLevelVariance","0.6595474171730681"
"wavelet-HLH","gldm","HighGrayLevelEmphasis","110.95841542059387"
"wavelet-HLH","gldm","LargeDependenceEmphasis","131.5102024425389"
"wavelet-HLH","gldm","LargeDependenceHighGrayLevelEmphasis","14511.037653839794"
"wavelet-HLH","gldm","LargeDependenceLowGrayLevelEmphasis","1.2045799717886587"
"wavelet-HLH","gldm","LowGrayLevelEmphasis","0.009246173010004502"
"wavelet-HLH","gldm","SmallDependenceEmphasis","0.04233995435969939"
"wavelet-HLH","gldm","SmallDependenceHighGrayLevelEmphasis","4.790949644902449"
"wavelet-HLH","gldm","SmallDependenceLowGrayLevelEmphasis","0.0004269324265240033"
"wavelet-HLH","glrlm","GrayLevelNonUniformity","44915.8708950587"
"wavelet-HLH","glrlm","GrayLevelNonUniformityNormalized","0.33769714389536465"
"wavelet-HLH","glrlm","GrayLevelVariance","0.8521387431683617"
"wavelet-HLH","glrlm","HighGrayLevelRunEmphasis","111.23241928820046"
"wavelet-HLH","glrlm","LongRunEmphasis","3.8718350788596254"
"wavelet-HLH","glrlm","LongRunHighGrayLevelEmphasis","428.36587883399864"
"wavelet-HLH","glrlm","LongRunLowGrayLevelEmphasis","0.03561362037729408"
"wavelet-HLH","glrlm","LowGrayLevelRunEmphasis","0.0092964283839778"
"wavelet-HLH","glrlm","RunEntropy","3.321039809580045"
"wavelet-HLH","glrlm","RunLengthNonUniformity","63653.15520323507"
"wavelet-HLH","glrlm","RunLengthNonUniformityNormalized","0.4717662260975929"
"wavelet-HLH","glrlm","RunPercentage","0.6273945221858196"
"wavelet-HLH","glrlm","RunVariance","1.181398177874783"
"wavelet-HLH","glrlm","ShortRunEmphasis","0.7057948713900901"
"wavelet-HLH","glrlm","ShortRunHighGrayLevelEmphasis","78.68438307395364"
"wavelet-HLH","glrlm","ShortRunLowGrayLevelEmphasis","0.006598963040795467"
"wavelet-HLH","glszm","GrayLevelNonUniformity","2306.859872611465"
"wavelet-HLH","glszm","GrayLevelNonUniformityNormalized","0.28256490355358466"
"wavelet-HLH","glszm","GrayLevelVariance","3.9250621176945617"
"wavelet-HLH","glszm","HighGrayLevelZoneEmphasis","113.78699167074963"
"wavelet-HLH","glszm","LargeAreaEmphasis","1049377.107422832"
"wavelet-HLH","glszm","LargeAreaHighGrayLevelEmphasis","115824276.64612935"
"wavelet-HLH","glszm","LargeAreaLowGrayLevelEmphasis","9594.270631920488"
"wavelet-HLH","glszm","LowGrayLevelZoneEmphasis","0.010371325820567368"
"wavelet-HLH","glszm","SizeZoneNonUniformity","2606.8206761391475"
"wavelet-HLH","glszm","SizeZoneNonUniformityNormalized","0.31930679521547617"
"wavelet-HLH","glszm","SmallAreaEmphasis","0.5761719623857893"
"wavelet-HLH","glszm","SmallAreaHighGrayLevelEmphasis","65.69829580964867"
"wavelet-HLH","glszm","SmallAreaLowGrayLevelEmphasis","0.006075624080839182"
"wavelet-HLH","glszm","ZoneEntropy","4.658501124106143"
"wavelet-HLH","glszm","ZonePercentage","0.038570382443956254"
"wavelet-HLH","glszm","ZoneVariance","1048704.9173261677"
"wavelet-HLH","ngtdm","Busyness","139.61304954524303"
"wavelet-HLH","ngtdm","Coarseness","2.3681605353556215e-05"
"wavelet-HLH","ngtdm","Complexity","93.6552541726413"
"wavelet-HLH","ngtdm","Contrast","0.0031946830162182522"
"wavelet-HLH","ngtdm","Strength","0.006332825110520943"
"wavelet-HHL","firstorder","10Percentile","-15.295538559041457"
"wavelet-HHL","firstorder","90Percentile","15.407207175761588"
"wavelet-HHL","firstorder","Energy","34722439.3415598"
"wavelet-HHL","firstorder","Entropy","1.3107035132088602"
"wavelet-HHL","firstorder","InterquartileRange","15.61428924666625"
"wavelet-HHL","firstorder","Kurtosis","4.991533560369465"
"wavelet-HHL","firstorder","Maximum","105.27948646425173"
"wavelet-HHL","firstorder","MeanAbsoluteDeviation","9.761750414146906"
"wavelet-HHL","firstorder","Mean","0.02684926892632467"
"wavelet-HHL","firstorder","Median","-0.006345894025313825"
"wavelet-HHL","firstorder","Minimum","-131.32732135404075"
"wavelet-HHL","firstorder","Range","236.60680781829248"
"wavelet-HHL","firstorder","RobustMeanAbsoluteDeviation","6.518240273143965"
"wavelet-HHL","firstorder","RootMeanSquared","12.807978458710952"
"wavelet-HHL","firstorder","Skewness","-0.023031525987765315"
"wavelet-HHL","firstorder","TotalEnergy","21457806.294756647"
"wavelet-HHL","firstorder","Uniformity","0.45078202319691935"
"wavelet-HHL","firstorder","Variance","164.04359131556188"
"wavelet-HHL","glcm","Autocorrelation","42.270711174188285"
"wavelet-HHL","glcm","ClusterProminence","2.248847928156629"
"wavelet-HHL","glcm","ClusterShade","-0.008949192487798487"
"wavelet-HHL","glcm","ClusterTendency","0.7416732177516638"
"wavelet-HHL","glcm","Contrast","0.693761914990363"
"wavelet-HHL","glcm","Correlation","0.03346753808378293"
"wavelet-HHL","glcm","DifferenceAverage","0.5838046181034755"
"wavelet-HHL","glcm","DifferenceEntropy","1.2229890783183914"
"wavelet-HHL","glcm","DifferenceVariance","0.3471574670014791"
"wavelet-HHL","glcm","Id","0.7246980283149203"
"wavelet-HHL","glcm","Idm","0.7189115281246583"
"wavelet-HHL","glcm","Idmn","0.9943762012707682"
"wavelet-HHL","glcm","Idn","0.9520332538372933"
"wavelet-HHL","glcm","Imc1","-0.021695996945177373"
"wavelet-HHL","glcm","Imc2","0.18849783635769826"
"wavelet-HHL","glcm","InverseVariance","0.5026255685565382"
"wavelet-HHL","glcm","JointAverage","6.500671759994881"
"wavelet-HHL","glcm","JointEnergy","0.21203390617001786"
"wavelet-HHL","glcm","JointEntropy","2.563272956109686"
"wavelet-HHL","glcm","MCC","0.23128524103222992"
"wavelet-HHL","glcm","MaximumProbability","0.24658055369078374"
"wavelet-HHL","glcm","SumAverage","13.001343519989762"
"wavelet-HHL","glcm","SumEntropy","1.800533349575427"
"wavelet-HHL","glcm","SumSquares","0.3588587831855067"
"wavelet-HHL","gldm","DependenceEntropy","4.845763375184112"
"wavelet-HHL","gldm","DependenceNonUniformity","19364.77683603808"
"wavelet-HHL","gldm","DependenceNonUniformityNormalized","0.09148785503525891"
"wavelet-HHL","gldm","DependenceVariance","12.976995091793436"
"wavelet-HHL","gldm","GrayLevelNonUniformity","95414.7769399759"
"wavelet-HHL","gldm","GrayLevelVariance","0.3665610944851781"
"wavelet-HHL","gldm","HighGrayLevelEmphasis","42.62531358514634"
"wavelet-HHL","gldm","LargeDependenceEmphasis","159.5219946613753"
"wavelet-HHL","gldm","LargeDependenceHighGrayLevelEmphasis","6773.924744289325"
"wavelet-HHL","gldm","LargeDependenceLowGrayLevelEmphasis","3.8505606132091934"
"wavelet-HHL","gldm","LowGrayLevelEmphasis","0.02432383364289278"
"wavelet-HHL","gldm","SmallDependenceEmphasis","0.025639104254557118"
"wavelet-HHL","gldm","SmallDependenceHighGrayLevelEmphasis","1.1256676712119904"
"wavelet-HHL","gldm","SmallDependenceLowGrayLevelEmphasis","0.00070745474108698"
"wavelet-HHL","glrlm","GrayLevelNonUniformity","51377.39815562207"
"wavelet-HHL","glrlm","GrayLevelNonUniformityNormalized","0.4233561562327187"
"wavelet-HHL","glrlm","GrayLevelVariance","0.4382278339341691"
"wavelet-HHL","glrlm","HighGrayLevelRunEmphasis","42.71904111631599"
"wavelet-HHL","glrlm","LongRunEmphasis","4.634042060446518"
"wavelet-HHL","glrlm","LongRunHighGrayLevelEmphasis","197.08393321154"
"wavelet-HHL","glrlm","LongRunLowGrayLevelEmphasis","0.11220807363505296"
"wavelet-HHL","glrlm","LowGrayLevelRunEmphasis","0.02445822144166043"
"wavelet-HHL","glrlm","RunEntropy","3.100543333873566"
"wavelet-HHL","glrlm","RunLengthNonUniformity","50424.2819691641"
"wavelet-HHL","glrlm","RunLengthNonUniformityNormalized","0.410959013111177"
"wavelet-HHL","glrlm","RunPercentage","0.5728624150281013"
"wavelet-HHL","glrlm","RunVariance","1.4579587975150365"
"wavelet-HHL","glrlm","ShortRunEmphasis","0.6475280052390364"
"wavelet-HHL","glrlm","ShortRunHighGrayLevelEmphasis","27.72848973187888"
"wavelet-HHL","glrlm","ShortRunLowGrayLevelEmphasis","0.0159427885836207"
"wavelet-HHL","glszm","GrayLevelNonUniformity","1872.1041388518024"
"wavelet-HHL","glszm","GrayLevelNonUniformityNormalized","0.4165785800738323"
"wavelet-HHL","glszm","GrayLevelVariance","2.5553747775058433"
"wavelet-HHL","glszm","HighGrayLevelZoneEmphasis","44.43591455273698"
"wavelet-HHL","glszm","LargeAreaEmphasis","2291213.7474410324"
"wavelet-HHL","glszm","LargeAreaHighGrayLevelEmphasis","97316695.88139743"
"wavelet-HHL","glszm","LargeAreaLowGrayLevelEmphasis","55236.30093418098"
"wavelet-HHL","glszm","LowGrayLevelZoneEmphasis","0.029214625815462168"
"wavelet-HHL","glszm","SizeZoneNonUniformity","1807.1295060080106"
"wavelet-HHL","glszm","SizeZoneNonUniformityNormalized","0.40212049532888533"
"wavelet-HHL","glszm","SmallAreaEmphasis","0.6573026610669113"
"wavelet-HHL","glszm","SmallAreaHighGrayLevelEmphasis","29.211411283706646"
"wavelet-HHL","glszm","SmallAreaLowGrayLevelEmphasis","0.019340736305055572"
"wavelet-HHL","glszm","ZoneEntropy","3.561426431786443"
"wavelet-HHL","glszm","ZonePercentage","0.021231663241442846"
"wavelet-HHL","glszm","ZoneVariance","2288995.3877478233"
"wavelet-HHL","ngtdm","Busyness","410.5840527123209"
"wavelet-HHL","ngtdm","Coarseness","2.1130697020602605e-05"
"wavelet-HHL","ngtdm","Complexity","32.04611970496246"
"wavelet-HHL","ngtdm","Contrast","0.0036193809761365654"
"wavelet-HHL","ngtdm","Strength","0.0020320501912648573"
"wavelet-HHH","firstorder","10Percentile","-10.78089675131983"
"wavelet-HHH","firstorder","90Percentile","10.746802939482588"
"wavelet-HHH","firstorder","Energy","15686418.554396644"
"wavelet-HHH","firstorder","Entropy","1.0600248278483078"
"wavelet-HHH","firstorder","InterquartileRange","11.12805203714958"
"wavelet-HHH","firstorder","Kurtosis","3.5307312010716707"
"wavelet-HHH","firstorder","Maximum","65.85876385713932"
"wavelet-HHH","firstorder","MeanAbsoluteDeviation","6.745791607605085"
"wavelet-HHH","firstorder","Mean","-0.007958035558091115"
"wavelet-HHH","firstorder","Median","-0.012058862523716584"
"wavelet-HHH","firstorder","Minimum","-51.80347654589385"
"wavelet-HHH","firstorder","Range","117.66224040303317"
"wavelet-HHH","firstorder","RobustMeanAbsoluteDeviation","4.622291537063771"
"wavelet-HHH","firstorder","RootMeanSquared","8.60869604394601"
"wavelet-HHH","firstorder","Skewness","-0.0044808051451144205"
"wavelet-HHH","firstorder","TotalEnergy","9693907.950638793"
"wavelet-HHH","firstorder","Uniformity","0.4930897626354157"
"wavelet-HHH","firstorder","Variance","74.10958424672171"
"wavelet-HHH","glcm","Autocorrelation","12.241961232405528"
"wavelet-HHH","glcm","ClusterProminence","0.5997220414634903"
"wavelet-HHH","glcm","ClusterShade","9.731710352001381e-05"
"wavelet-HHH","glcm","ClusterTendency","0.5153759461131868"
"wavelet-HHH","glcm","Contrast","0.5363570474827983"
"wavelet-HHH","glcm","Correlation","-0.019927231624925375"
"wavelet-HHH","glcm","DifferenceAverage","0.5226601012014904"
"wavelet-HHH","glcm","DifferenceEntropy","1.0451120944478567"
"wavelet-HHH","glcm","DifferenceVariance","0.2611973781707183"
"wavelet-HHH","glcm","Id","0.7409054239020771"
"wavelet-HHH","glcm","Idm","0.7400391998096993"
"wavelet-HHH","glcm","Idmn","0.9855630239077819"
"wavelet-HHH","glcm","Idn","0.9255765898437823"
"wavelet-HHH","glcm","Imc1","-0.006617681040823131"
"wavelet-HHH","glcm","Imc2","0.0894347262246913"
"wavelet-HHH","glcm","InverseVariance","0.5111193418009011"
"wavelet-HHH","glcm","JointAverage","3.499600904386525"
"wavelet-HHH","glcm","JointEnergy","0.2457386806305401"
"wavelet-HHH","glcm","JointEntropy","2.105523713038094"
"wavelet-HHH","glcm","MCC","0.07497855829476853"
"wavelet-HHH","glcm","MaximumProbability","0.26226192168650714"
"wavelet-HHH","glcm","SumAverage","6.99920180877305"
"wavelet-HHH","glcm","SumEntropy","1.5391280894351065"
"wavelet-HHH","glcm","SumSquares","0.2629332483989964"
"wavelet-HHH","gldm","DependenceEntropy","4.344168090958629"
"wavelet-HHH","gldm","DependenceNonUniformity","26220.5100465358"
"wavelet-HHH","gldm","DependenceNonUniformityNormalized","0.12387740082930952"
"wavelet-HHH","gldm","DependenceVariance","7.331882296968909"
"wavelet-HHH","gldm","GrayLevelNonUniformity","104369.84460822526"
"wavelet-HHH","gldm","GrayLevelVariance","0.2639745616364735"
"wavelet-HHH","gldm","HighGrayLevelEmphasis","12.509824486806982"
"wavelet-HHH","gldm","LargeDependenceEmphasis","165.47101788203057"
"wavelet-HHH","gldm","LargeDependenceHighGrayLevelEmphasis","2067.6445798785817"
"wavelet-HHH","gldm","LargeDependenceLowGrayLevelEmphasis","14.3706775538915"
"wavelet-HHH","gldm","LowGrayLevelEmphasis","0.08724468434134651"
"wavelet-HHH","gldm","SmallDependenceEmphasis","0.012767705395888954"
"wavelet-HHH","gldm","SmallDependenceHighGrayLevelEmphasis","0.16831156547743595"
"wavelet-HHH","gldm","SmallDependenceLowGrayLevelEmphasis","0.0014097453330275777"
"wavelet-HHH","glrlm","GrayLevelNonUniformity","57294.01340552797"
"wavelet-HHH","glrlm","GrayLevelNonUniformityNormalized","0.48785069329999625"
"wavelet-HHH","glrlm","GrayLevelVariance","0.27470469426414656"
"wavelet-HHH","glrlm","HighGrayLevelRunEmphasis","12.520835048736533"
"wavelet-HHH","glrlm","LongRunEmphasis","4.819677231831523"
"wavelet-HHH","glrlm","LongRunHighGrayLevelEmphasis","60.24594332962474"
"wavelet-HHH","glrlm","LongRunLowGrayLevelEmphasis","0.41934439951213426"
"wavelet-HHH","glrlm","LowGrayLevelRunEmphasis","0.08755859658831877"
"wavelet-HHH","glrlm","RunEntropy","2.83730262170148"
"wavelet-HHH","glrlm","RunLengthNonUniformity","46457.442311879495"
"wavelet-HHH","glrlm","RunLengthNonUniformityNormalized","0.3938297587548606"
"wavelet-HHH","glrlm","RunPercentage","0.5547946773657213"
"wavelet-HHH","glrlm","RunVariance","1.5242539948227611"
"wavelet-HHH","glrlm","ShortRunEmphasis","0.6266919176683322"
"wavelet-HHH","glrlm","ShortRunHighGrayLevelEmphasis","7.854837811022135"
"wavelet-HHH","glrlm","ShortRunLowGrayLevelEmphasis","0.05513696070228738"
"wavelet-HHH","glszm","GrayLevelNonUniformity","539.9276895943563"
"wavelet-HHH","glszm","GrayLevelNonUniformityNormalized","0.4761267104006669"
"wavelet-HHH","glszm","GrayLevelVariance","2.215367399817723"
"wavelet-HHH","glszm","HighGrayLevelZoneEmphasis","14.231922398589065"
"wavelet-HHH","glszm","LargeAreaEmphasis","9940079.875661375"
"wavelet-HHH","glszm","LargeAreaHighGrayLevelEmphasis","124184950.52380952"
"wavelet-HHH","glszm","LargeAreaLowGrayLevelEmphasis","863313.0386302174"
"wavelet-HHH","glszm","LowGrayLevelZoneEmphasis","0.14673598863413675"
"wavelet-HHH","glszm","SizeZoneNonUniformity","823.2927689594356"
"wavelet-HHH","glszm","SizeZoneNonUniformityNormalized","0.7260077327684618"
"wavelet-HHH","glszm","SmallAreaEmphasis","0.8726019899445611"
"wavelet-HHH","glszm","SmallAreaHighGrayLevelEmphasis","12.422063454421158"
"wavelet-HHH","glszm","SmallAreaLowGrayLevelEmphasis","0.12851894532519678"
"wavelet-HHH","glszm","ZoneEntropy","2.0986826997468655"
"wavelet-HHH","glszm","ZonePercentage","0.005357522500177167"
"wavelet-HHH","glszm","ZoneVariance","9905240.36931357"
"wavelet-HHH","ngtdm","Busyness","1849.0483411027087"
"wavelet-HHH","ngtdm","Coarseness","1.8773993747656847e-05"
"wavelet-HHH","ngtdm","Complexity","8.730392498345811"
"wavelet-HHH","ngtdm","Contrast","0.00910323694870056"
"wavelet-HHH","ngtdm","Strength","0.0003485955977891826"
"wavelet-LLL","firstorder","10Percentile","-245.61023221509453"
"wavelet-LLL","firstorder","90Percentile","188.01061673533658"
"wavelet-LLL","firstorder","Energy","21048463453.4362"
"wavelet-LLL","firstorder","Entropy","4.536057373578874"
"wavelet-LLL","firstorder","InterquartileRange","125.48700897167197"
"wavelet-LLL","firstorder","Kurtosis","18.873635247690995"
"wavelet-LLL","firstorder","Maximum","720.1970759079439"
"wavelet-LLL","firstorder","MeanAbsoluteDeviation","177.87663100504562"
"wavelet-LLL","firstorder","Mean","4.219253104547207"
"wavelet-LLL","firstorder","Median","91.08183195787579"
"wavelet-LLL","firstorder","Minimum","-2600.4064639107633"
"wavelet-LLL","firstorder","Range","3320.6035398187073"
"wavelet-LLL","firstorder","RobustMeanAbsoluteDeviation","62.76449975721639"
"wavelet-LLL","firstorder","RootMeanSquared","315.3447995973695"
"wavelet-LLL","firstorder","Skewness","-3.631496799432856"
"wavelet-LLL","firstorder","TotalEnergy","13007549588.991789"
"wavelet-LLL","firstorder","Uniformity","0.07158793278339258"
"wavelet-LLL","firstorder","Variance","99424.54053634491"
"wavelet-LLL","glcm","Autocorrelation","11431.639116721994"
"wavelet-LLL","glcm","ClusterProminence","5019204.620506091"
"wavelet-LLL","glcm","ClusterShade","-40375.75528874092"
"wavelet-LLL","glcm","ClusterTendency","474.0166288357346"
"wavelet-LLL","glcm","Contrast","39.5242569043072"
"wavelet-LLL","glcm","Correlation","0.8426200972502575"
"wavelet-LLL","glcm","DifferenceAverage","3.214918799592707"
"wavelet-LLL","glcm","DifferenceEntropy","3.117842793614499"
"wavelet-LLL","glcm","DifferenceVariance","28.80035685909826"
"wavelet-LLL","glcm","Id","0.45464859928791224"
"wavelet-LLL","glcm","Idm","0.39329850945628403"
"wavelet-LLL","glcm","Idmn","0.9978898337464325"
"wavelet-LLL","glcm","Idn","0.9778859213189002"
"wavelet-LLL","glcm","Imc1","-0.1970386298287561"
"wavelet-LLL","glcm","Imc2","0.890873603304673"
"wavelet-LLL","glcm","InverseVariance","0.37130829252475855"
"wavelet-LLL","glcm","JointAverage","106.40943981786846"
"wavelet-LLL","glcm","JointEnergy","0.011532223456726139"
"wavelet-LLL","glcm","JointEntropy","7.972848269332975"
"wavelet-LLL","glcm","MCC","0.8529588233394872"
"wavelet-LLL","glcm","MaximumProbability","0.03143526092158455"
"wavelet-LLL","glcm","SumAverage","212.81887963573706"
"wavelet-LLL","glcm","SumEntropy","5.351883409559044"
"wavelet-LLL","glcm","SumSquares","128.3852214350102"
"wavelet-LLL","gldm","DependenceEntropy","7.802232457938271"
"wavelet-LLL","gldm","DependenceNonUniformity","19080.053494909407"
"wavelet-LLL","gldm","DependenceNonUniformityNormalized","0.09014269480031847"
"wavelet-LLL","gldm","DependenceVariance","11.55861456240934"
"wavelet-LLL","gldm","GrayLevelNonUniformity","15152.659792596793"
"wavelet-LLL","gldm","GrayLevelVariance","159.15145212540446"
"wavelet-LLL","gldm","HighGrayLevelEmphasis","11325.103106323671"
"wavelet-LLL","gldm","LargeDependenceEmphasis","41.80110552051591"
"wavelet-LLL","gldm","LargeDependenceHighGrayLevelEmphasis","503324.1654548461"
"wavelet-LLL","gldm","LargeDependenceLowGrayLevelEmphasis","0.003625878881384227"
"wavelet-LLL","gldm","LowGrayLevelEmphasis","0.00011687840507698224"
"wavelet-LLL","gldm","SmallDependenceEmphasis","0.17616838701632226"
"wavelet-LLL","gldm","SmallDependenceHighGrayLevelEmphasis","1624.6831431869743"
"wavelet-LLL","gldm","SmallDependenceLowGrayLevelEmphasis","3.723505454623388e-05"
"wavelet-LLL","glrlm","GrayLevelNonUniformity","11360.142962819536"
"wavelet-LLL","glrlm","GrayLevelNonUniformityNormalized","0.06483783539535863"
"wavelet-LLL","glrlm","GrayLevelVariance","183.87815441955823"
"wavelet-LLL","glrlm","HighGrayLevelRunEmphasis","11183.667226116559"
"wavelet-LLL","glrlm","LongRunEmphasis","1.783888572207309"
"wavelet-LLL","glrlm","LongRunHighGrayLevelEmphasis","20595.335174617354"
"wavelet-LLL","glrlm","LongRunLowGrayLevelEmphasis","0.00019179596812933316"
"wavelet-LLL","glrlm","LowGrayLevelRunEmphasis","0.00012285849294766372"
"wavelet-LLL","glrlm","RunEntropy","5.452797239409798"
"wavelet-LLL","glrlm","RunLengthNonUniformity","126700.42222702067"
"wavelet-LLL","glrlm","RunLengthNonUniformityNormalized","0.7207742792251172"
"wavelet-LLL","glrlm","RunPercentage","0.8269493339438773"
"wavelet-LLL","glrlm","RunVariance","0.3076937572175344"
"wavelet-LLL","glrlm","ShortRunEmphasis","0.8728002099164851"
"wavelet-LLL","glrlm","ShortRunHighGrayLevelEmphasis","9661.481863885838"
"wavelet-LLL","glrlm","ShortRunLowGrayLevelEmphasis","0.00011142296863633042"
"wavelet-LLL","glszm","GrayLevelNonUniformity","739.5525561834669"
"wavelet-LLL","glszm","GrayLevelNonUniformityNormalized","0.019438889635522854"
"wavelet-LLL","glszm","GrayLevelVariance","438.3020087040613"
"wavelet-LLL","glszm","HighGrayLevelZoneEmphasis","8987.125903535287"
"wavelet-LLL","glszm","LargeAreaEmphasis","27873.70653173873"
"wavelet-LLL","glszm","LargeAreaHighGrayLevelEmphasis","337756127.4118807"
"wavelet-LLL","glszm","LargeAreaLowGrayLevelEmphasis","2.302145378027668"
"wavelet-LLL","glszm","LowGrayLevelZoneEmphasis","0.0002209215104453293"
"wavelet-LLL","glszm","SizeZoneNonUniformity","17661.930897621238"
"wavelet-LLL","glszm","SizeZoneNonUniformityNormalized","0.4642378997929094"
"wavelet-LLL","glszm","SmallAreaEmphasis","0.7085866553686283"
"wavelet-LLL","glszm","SmallAreaHighGrayLevelEmphasis","5984.060434732045"
"wavelet-LLL","glszm","SmallAreaLowGrayLevelEmphasis","0.00017616469045330909"
"wavelet-LLL","glszm","ZoneEntropy","7.828281963686905"
"wavelet-LLL","glszm","ZonePercentage","0.1797415727682895"
"wavelet-LLL","glszm","ZoneVariance","27842.7535191058"
"wavelet-LLL","ngtdm","Busyness","0.661894510471541"
"wavelet-LLL","ngtdm","Coarseness","6.2749227950135e-05"
"wavelet-LLL","ngtdm","Complexity","17029.432337981398"
"wavelet-LLL","ngtdm","Contrast","0.03472695025218926"
"wavelet-LLL","ngtdm","Strength","1.985429921987174"
