"Image type","Feature Class","Feature Name","Segmentation_2_segment_Segment_1"
"diagnostics","Versions","PyRadiomics","v3.0.1.post4+gad5b2de"
"diagnostics","Versions","Numpy","1.19.2"
"diagnostics","Versions","SimpleITK","2.0.2"
"diagnostics","Versions","PyWavelet","1.1.1"
"diagnostics","Versions","Python","3.6.7"
"diagnostics","Configuration","Settings","{'minimumROIDimensions': 2, 'minimumROISize': None, 'normalize': False, 'normalizeScale': 1, 'removeOutliers': None, 'resampledPixelSpacing': None, 'interpolator': 'sitkBSpline', 'preCrop': False, 'padDistance': 5, 'distances': [1], 'force2D': False, 'force2Ddimension': 0, 'resegmentRange': None, 'label': 1, 'additionalInfo': True, 'binWidth': 25.0, 'symmetricalGLCM': True, 'correctMask': True}"
"diagnostics","Configuration","EnabledImageTypes","{'Original': {}, 'Wavelet': {}}"
"diagnostics","Image-original","Hash","2a4714f40894c06967c89752e055fbaa5031a631"
"diagnostics","Image-original","Dimensionality","3D"
"diagnostics","Image-original","Spacing","(0.742188, 0.742188, 5.0)"
"diagnostics","Image-original","Size","(512, 512, 61)"
"diagnostics","Image-original","Mean","-1118.578869678935"
"diagnostics","Image-original","Minimum","-3024.0"
"diagnostics","Image-original","Maximum","2159.0"
"diagnostics","Mask-original","Hash","ab2b77bc0e326cda449d80bcb7bb608a4ddc2e22"
"diagnostics","Mask-original","Spacing","(0.742188, 0.742188, 5.0)"
"diagnostics","Mask-original","Size","(512, 512, 61)"
"diagnostics","Mask-original","BoundingBox","(183, 304, 44, 39, 38, 3)"
"diagnostics","Mask-original","VoxelNum","1697"
"diagnostics","Mask-original","VolumeNum","1"
"diagnostics","Mask-original","CenterOfMassIndex","(199.5839717147908, 322.304655274013, 45.12846199175015)"
"diagnostics","Mask-original","CenterOfMass","(-48.07117120094284, 49.210647488509125, -113.10769004124924)"
"original","shape","Elongation","0.8008556505121192"
"original","shape","Flatness","0.48944235578465467"
"original","shape","LeastAxisLength","13.660711620940443"
"original","shape","MajorAxisLength","27.91076714037168"
"original","shape","Maximum2DDiameterColumn","26.846950005719457"
"original","shape","Maximum2DDiameterRow","27.834918869944634"
"original","shape","Maximum2DDiameterSlice","31.92271292647916"
"original","shape","Maximum3DDiameter","39.80553468407367"
"original","shape","MeshVolume","4566.373937717858"
"original","shape","MinorAxisLength","22.35249557449464"
"original","shape","Sphericity","0.5434015275833532"
"original","shape","SurfaceArea","2449.5007947031313"
"original","shape","SurfaceVolumeRatio","0.5364214206091324"
"original","shape","VoxelVolume","4673.9030870138395"
"original","firstorder","10Percentile","-144.39999999999998"
"original","firstorder","90Percentile","96.0"
"original","firstorder","Energy","30260840.0"
"original","firstorder","Entropy","3.879883480919481"
"original","firstorder","InterquartileRange","88.0"
"original","firstorder","Kurtosis","14.836444975360594"
"original","firstorder","Maximum","306.0"
"original","firstorder","MeanAbsoluteDeviation","84.43616225937207"
"original","firstorder","Mean","-4.37713612256924"
"original","firstorder","Median","28.0"
"original","firstorder","Minimum","-991.0"
"original","firstorder","Range","1297.0"
"original","firstorder","RobustMeanAbsoluteDeviation","42.2351163935305"
"original","firstorder","RootMeanSquared","133.5363706500508"
"original","firstorder","Skewness","-2.795693337593859"
"original","firstorder","TotalEnergy","83344863.57786204"
"original","firstorder","Uniformity","0.10140915595444003"
"original","firstorder","Variance","17812.802965752242"
"original","glcm","Autocorrelation","1663.1037415686765"
"original","glcm","ClusterProminence","39692.844896216186"
"original","glcm","ClusterShade","-964.9277542911956"
"original","glcm","ClusterTendency","53.19357032223509"
"original","glcm","Contrast","34.01777374431359"
"original","glcm","Correlation","0.2140964092512229"
"original","glcm","DifferenceAverage","3.693938051419899"
"original","glcm","DifferenceEntropy","3.365231155386506"
"original","glcm","DifferenceVariance","19.894275650144017"
"original","glcm","Id","0.38105204659905684"
"original","glcm","Idm","0.3032449206711035"
"original","glcm","Idmn","0.9890752943582346"
"original","glcm","Idn","0.9397946295989984"
"original","glcm","Imc1","-0.11026768113793127"
"original","glcm","Imc2","0.7361198819948247"
"original","glcm","InverseVariance","0.3037663192410431"
"original","glcm","JointAverage","40.72229442466008"
"original","glcm","JointEnergy","0.01448847094397043"
"original","glcm","JointEntropy","7.01775327914882"
"original","glcm","MCC","0.4902512063696143"
"original","glcm","MaximumProbability","0.03891463894242953"
"original","glcm","SumAverage","81.44458884932018"
"original","glcm","SumEntropy","4.444482952239944"
"original","glcm","SumSquares","21.802836016637173"
"original","gldm","DependenceEntropy","6.225215891600874"
"original","gldm","DependenceNonUniformity","288.00648202710664"
"original","gldm","DependenceNonUniformityNormalized","0.1697150748539226"
"original","gldm","DependenceVariance","4.070205350424282"
"original","gldm","GrayLevelNonUniformity","172.09133765468474"
"original","gldm","GrayLevelVariance","28.65160154718594"
"original","gldm","HighGrayLevelEmphasis","1656.1107837360048"
"original","gldm","LargeDependenceEmphasis","14.094873305833824"
"original","gldm","LargeDependenceHighGrayLevelEmphasis","24783.29994107248"
"original","gldm","LargeDependenceLowGrayLevelEmphasis","0.008972573895553218"
"original","gldm","LowGrayLevelEmphasis","0.0014954463869589236"
"original","gldm","SmallDependenceEmphasis","0.33563018519612403"
"original","gldm","SmallDependenceHighGrayLevelEmphasis","503.587901221221"
"original","gldm","SmallDependenceLowGrayLevelEmphasis","0.00110337381471433"
"original","glrlm","GrayLevelNonUniformity","148.67711991174627"
"original","glrlm","GrayLevelNonUniformityNormalized","0.09534825388333155"
"original","glrlm","GrayLevelVariance","30.698896375610666"
"original","glrlm","HighGrayLevelRunEmphasis","1646.7107503378134"
"original","glrlm","LongRunEmphasis","1.3249242127649896"
"original","glrlm","LongRunHighGrayLevelEmphasis","2217.358303564168"
"original","glrlm","LongRunLowGrayLevelEmphasis","0.001770165846354563"
"original","glrlm","LowGrayLevelRunEmphasis","0.0015829314763418747"
"original","glrlm","RunEntropy","4.350234258508557"
"original","glrlm","RunLengthNonUniformity","1337.0816583111757"
"original","glrlm","RunLengthNonUniformityNormalized","0.8543474761384601"
"original","glrlm","RunPercentage","0.9166855536920357"
"original","glrlm","RunVariance","0.12011735916717928"
"original","glrlm","ShortRunEmphasis","0.937922747616992"
"original","glrlm","ShortRunHighGrayLevelEmphasis","1537.8975257370007"
"original","glrlm","ShortRunLowGrayLevelEmphasis","0.0015470069905294168"
"original","glszm","GrayLevelNonUniformity","30.346341463414635"
"original","glszm","GrayLevelNonUniformityNormalized","0.04934364465595875"
"original","glszm","GrayLevelVariance","59.35571683521713"
"original","glszm","HighGrayLevelZoneEmphasis","1504.8390243902438"
"original","glszm","LargeAreaEmphasis","126.52845528455285"
"original","glszm","LargeAreaHighGrayLevelEmphasis","225166.32845528456"
"original","glszm","LargeAreaLowGrayLevelEmphasis","0.07369521954501483"
"original","glszm","LowGrayLevelZoneEmphasis","0.0030976048258359004"
"original","glszm","SizeZoneNonUniformity","305.25040650406504"
"original","glszm","SizeZoneNonUniformityNormalized","0.4963421243968537"
"original","glszm","SmallAreaEmphasis","0.7313587893615898"
"original","glszm","SmallAreaHighGrayLevelEmphasis","1056.266761944182"
"original","glszm","SmallAreaLowGrayLevelEmphasis","0.0029268751500255473"
"original","glszm","ZoneEntropy","6.108673404561134"
"original","glszm","ZonePercentage","0.3624042427813789"
"original","glszm","ZoneVariance","118.91444510542668"
"original","ngtdm","Busyness","0.09855076571167894"
"original","ngtdm","Coarseness","0.003582283927059305"
"original","ngtdm","Complexity","2753.668586893206"
"original","ngtdm","Contrast","0.07752579774998421"
"original","ngtdm","Strength","6.746318967085666"
"wavelet-LLH","firstorder","10Percentile","-547.1693687853938"
"wavelet-LLH","firstorder","90Percentile","433.6484546621016"
"wavelet-LLH","firstorder","Energy","267083978.6566258"
"wavelet-LLH","firstorder","Entropy","5.665232507413079"
"wavelet-LLH","firstorder","InterquartileRange","532.4491562905141"
"wavelet-LLH","firstorder","Kurtosis","2.404027414296854"
"wavelet-LLH","firstorder","Maximum","995.1756369252828"
"wavelet-LLH","firstorder","MeanAbsoluteDeviation","303.2618266746127"
"wavelet-LLH","firstorder","Mean","-156.76564555187215"
"wavelet-LLH","firstorder","Median","-250.25231287920906"
"wavelet-LLH","firstorder","Minimum","-1000.3094786481481"
"wavelet-LLH","firstorder","Range","1995.485115573431"
"wavelet-LLH","firstorder","RobustMeanAbsoluteDeviation","227.34521942176667"
"wavelet-LLH","firstorder","RootMeanSquared","396.71899711675144"
"wavelet-LLH","firstorder","Skewness","0.5962544440730639"
"wavelet-LLH","firstorder","TotalEnergy","735606736.7914801"
"wavelet-LLH","firstorder","Uniformity","0.023240777426558498"
"wavelet-LLH","firstorder","Variance","132810.4950480258"
"wavelet-LLH","glcm","Autocorrelation","1193.6008004323312"
"wavelet-LLH","glcm","ClusterProminence","524994.4256597194"
"wavelet-LLH","glcm","ClusterShade","4898.673306370192"
"wavelet-LLH","glcm","ClusterTendency","378.5509578317047"
"wavelet-LLH","glcm","Contrast","417.1646919565294"
"wavelet-LLH","glcm","Correlation","-0.06066894882871335"
"wavelet-LLH","glcm","DifferenceAverage","14.95395816380941"
"wavelet-LLH","glcm","DifferenceEntropy","4.963558741026558"
"wavelet-LLH","glcm","DifferenceVariance","148.2779247906725"
"wavelet-LLH","glcm","Id","0.17666899661994315"
"wavelet-LLH","glcm","Idm","0.10782685634113294"
"wavelet-LLH","glcm","Idmn","0.9466607677639607"
"wavelet-LLH","glcm","Idn","0.8603673303773282"
"wavelet-LLH","glcm","Imc1","-0.26387614034633533"
"wavelet-LLH","glcm","Imc2","0.9722450255024188"
"wavelet-LLH","glcm","InverseVariance","0.11167645514536319"
"wavelet-LLH","glcm","JointAverage","34.68675980327582"
"wavelet-LLH","glcm","JointEnergy","0.001553392396107864"
"wavelet-LLH","glcm","JointEntropy","9.668342047558314"
"wavelet-LLH","glcm","MCC","0.7063948299714783"
"wavelet-LLH","glcm","MaximumProbability","0.005528078822786325"
"wavelet-LLH","glcm","SumAverage","69.3735196065516"
"wavelet-LLH","glcm","SumEntropy","5.976039839534504"
"wavelet-LLH","glcm","SumSquares","198.92891244705862"
"wavelet-LLH","gldm","DependenceEntropy","7.184883827464786"
"wavelet-LLH","gldm","DependenceNonUniformity","614.389510901591"
"wavelet-LLH","gldm","DependenceNonUniformityNormalized","0.3620444967009965"
"wavelet-LLH","gldm","DependenceVariance","0.9323118304026412"
"wavelet-LLH","gldm","GrayLevelNonUniformity","39.43959929286977"
"wavelet-LLH","gldm","GrayLevelVariance","212.90053055601948"
"wavelet-LLH","gldm","HighGrayLevelEmphasis","1453.8744843842073"
"wavelet-LLH","gldm","LargeDependenceEmphasis","4.097230406599882"
"wavelet-LLH","gldm","LargeDependenceHighGrayLevelEmphasis","5402.885680612846"
"wavelet-LLH","gldm","LargeDependenceLowGrayLevelEmphasis","0.006464023565405336"
"wavelet-LLH","gldm","LowGrayLevelEmphasis","0.002315080583045159"
"wavelet-LLH","gldm","SmallDependenceEmphasis","0.5914530544097427"
"wavelet-LLH","gldm","SmallDependenceHighGrayLevelEmphasis","916.2131373993323"
"wavelet-LLH","gldm","SmallDependenceLowGrayLevelEmphasis","0.0017523482340463044"
"wavelet-LLH","glrlm","GrayLevelNonUniformity","37.95356702127414"
"wavelet-LLH","glrlm","GrayLevelNonUniformityNormalized","0.023052863300754154"
"wavelet-LLH","glrlm","GrayLevelVariance","213.77156585023315"
"wavelet-LLH","glrlm","HighGrayLevelRunEmphasis","1458.7793841756497"
"wavelet-LLH","glrlm","LongRunEmphasis","1.1032884895303212"
"wavelet-LLH","glrlm","LongRunHighGrayLevelEmphasis","1594.926023953836"
"wavelet-LLH","glrlm","LongRunLowGrayLevelEmphasis","0.002484631651506324"
"wavelet-LLH","glrlm","LowGrayLevelRunEmphasis","0.0023459340557020047"
"wavelet-LLH","glrlm","RunEntropy","5.824917831673492"
"wavelet-LLH","glrlm","RunLengthNonUniformity","1559.340187691546"
"wavelet-LLH","glrlm","RunLengthNonUniformityNormalized","0.9452412068519435"
"wavelet-LLH","glrlm","RunPercentage","0.9700376229545351"
"wavelet-LLH","glrlm","RunVariance","0.036593573867301506"
"wavelet-LLH","glrlm","ShortRunEmphasis","0.977814389944919"
"wavelet-LLH","glrlm","ShortRunHighGrayLevelEmphasis","1430.3850299188348"
"wavelet-LLH","glrlm","ShortRunLowGrayLevelEmphasis","0.0023154736660576233"
"wavelet-LLH","glszm","GrayLevelNonUniformity","23.755477651183174"
"wavelet-LLH","glszm","GrayLevelNonUniformityNormalized","0.020819875242053615"
"wavelet-LLH","glszm","GrayLevelVariance","224.9235559932129"
"wavelet-LLH","glszm","HighGrayLevelZoneEmphasis","1527.7475898334794"
"wavelet-LLH","glszm","LargeAreaEmphasis","3.510078878177038"
"wavelet-LLH","glszm","LargeAreaHighGrayLevelEmphasis","4628.356704645048"
"wavelet-LLH","glszm","LargeAreaLowGrayLevelEmphasis","0.0061525383479587295"
"wavelet-LLH","glszm","LowGrayLevelZoneEmphasis","0.0027777777831188596"
"wavelet-LLH","glszm","SizeZoneNonUniformity","651.988606485539"
"wavelet-LLH","glszm","SizeZoneNonUniformityNormalized","0.5714185858768965"
"wavelet-LLH","glszm","SmallAreaEmphasis","0.7844647247268434"
"wavelet-LLH","glszm","SmallAreaHighGrayLevelEmphasis","1237.673749098513"
"wavelet-LLH","glszm","SmallAreaLowGrayLevelEmphasis","0.002474776395882685"
"wavelet-LLH","glszm","ZoneEntropy","6.857728544204675"
"wavelet-LLH","glszm","ZonePercentage","0.6723629935179729"
"wavelet-LLH","glszm","ZoneVariance","1.2980418333165626"
"wavelet-LLH","ngtdm","Busyness","0.17486415706530817"
"wavelet-LLH","ngtdm","Coarseness","0.0029813134273642718"
"wavelet-LLH","ngtdm","Complexity","20039.544121874158"
"wavelet-LLH","ngtdm","Contrast","0.8303357951358856"
"wavelet-LLH","ngtdm","Strength","5.722099427062132"
"wavelet-LHL","firstorder","10Percentile","-141.27516832806023"
"wavelet-LHL","firstorder","90Percentile","85.02090062616226"
"wavelet-LHL","firstorder","Energy","19182048.944670085"
"wavelet-LHL","firstorder","Entropy","3.93175716472869"
"wavelet-LHL","firstorder","InterquartileRange","99.71790037235586"
"wavelet-LHL","firstorder","Kurtosis","8.553940367985593"
"wavelet-LHL","firstorder","Maximum","517.6033100768708"
"wavelet-LHL","firstorder","MeanAbsoluteDeviation","72.69725519404405"
"wavelet-LHL","firstorder","Mean","-17.89242418612311"
"wavelet-LHL","firstorder","Median","-9.091180933877038"
"wavelet-LHL","firstorder","Minimum","-776.7267738455498"
"wavelet-LHL","firstorder","Range","1294.3300839224207"
"wavelet-LHL","firstorder","RobustMeanAbsoluteDeviation","42.902799392216515"
"wavelet-LHL","firstorder","RootMeanSquared","106.3179456418801"
"wavelet-LHL","firstorder","Skewness","-0.7098573882200516"
"wavelet-LHL","firstorder","TotalEnergy","52831489.556714244"
"wavelet-LHL","firstorder","Uniformity","0.08817077799256824"
"wavelet-LHL","firstorder","Variance","10983.366722253608"
"wavelet-LHL","glcm","Autocorrelation","1019.2547008060048"
"wavelet-LHL","glcm","ClusterProminence","8163.856961195731"
"wavelet-LHL","glcm","ClusterShade","-141.9747288357434"
"wavelet-LHL","glcm","ClusterTendency","33.54501476015312"
"wavelet-LHL","glcm","Contrast","22.10170535083406"
"wavelet-LHL","glcm","Correlation","0.19858811198481366"
"wavelet-LHL","glcm","DifferenceAverage","3.3938988008042474"
"wavelet-LHL","glcm","DifferenceEntropy","3.2576861604801346"
"wavelet-LHL","glcm","DifferenceVariance","10.20430577898843"
"wavelet-LHL","glcm","Id","0.3631909037223423"
"wavelet-LHL","glcm","Idm","0.27745155235374364"
"wavelet-LHL","glcm","Idmn","0.9924915482483961"
"wavelet-LHL","glcm","Idn","0.9426391263687545"
"wavelet-LHL","glcm","Imc1","-0.09059199581571639"
"wavelet-LHL","glcm","Imc2","0.6886513758245087"
"wavelet-LHL","glcm","InverseVariance","0.283713568512401"
"wavelet-LHL","glcm","JointAverage","31.88089403779456"
"wavelet-LHL","glcm","JointEnergy","0.010900076352138141"
"wavelet-LHL","glcm","JointEntropy","7.2688794655393085"
"wavelet-LHL","glcm","MCC","0.47825470643221735"
"wavelet-LHL","glcm","MaximumProbability","0.033425385070684745"
"wavelet-LHL","glcm","SumAverage","63.76178807558911"
"wavelet-LHL","glcm","SumEntropy","4.398100586220531"
"wavelet-LHL","glcm","SumSquares","13.911680027746797"
"wavelet-LHL","gldm","DependenceEntropy","6.128232881417938"
"wavelet-LHL","gldm","DependenceNonUniformity","357.1296405421332"
"wavelet-LHL","gldm","DependenceNonUniformityNormalized","0.21044763732594765"
"wavelet-LHL","gldm","DependenceVariance","3.2305378585871494"
"wavelet-LHL","gldm","GrayLevelNonUniformity","149.62581025338832"
"wavelet-LHL","gldm","GrayLevelVariance","17.70649581274314"
"wavelet-LHL","gldm","HighGrayLevelEmphasis","1028.0247495580436"
"wavelet-LHL","gldm","LargeDependenceEmphasis","10.671184443134944"
"wavelet-LHL","gldm","LargeDependenceHighGrayLevelEmphasis","11121.714790807308"
"wavelet-LHL","gldm","LargeDependenceLowGrayLevelEmphasis","0.011122278237441526"
"wavelet-LHL","gldm","LowGrayLevelEmphasis","0.001687375341179796"
"wavelet-LHL","gldm","SmallDependenceEmphasis","0.3791234912784385"
"wavelet-LHL","gldm","SmallDependenceHighGrayLevelEmphasis","384.7442302612665"
"wavelet-LHL","gldm","SmallDependenceLowGrayLevelEmphasis","0.0010643898295557303"
"wavelet-LHL","glrlm","GrayLevelNonUniformity","134.0315185720619"
"wavelet-LHL","glrlm","GrayLevelNonUniformityNormalized","0.0845523826662462"
"wavelet-LHL","glrlm","GrayLevelVariance","18.540081841124753"
"wavelet-LHL","glrlm","HighGrayLevelRunEmphasis","1027.1254810756259"
"wavelet-LHL","glrlm","LongRunEmphasis","1.235576479662665"
"wavelet-LHL","glrlm","LongRunHighGrayLevelEmphasis","1272.1712349080476"
"wavelet-LHL","glrlm","LongRunLowGrayLevelEmphasis","0.0019706010629266107"
"wavelet-LHL","glrlm","LowGrayLevelRunEmphasis","0.001738383475727275"
"wavelet-LHL","glrlm","RunEntropy","4.312193337280606"
"wavelet-LHL","glrlm","RunLengthNonUniformity","1393.9016731165598"
"wavelet-LHL","glrlm","RunLengthNonUniformityNormalized","0.8778570462131949"
"wavelet-LHL","glrlm","RunPercentage","0.9335478899415257"
"wavelet-LHL","glrlm","RunVariance","0.08281356026532666"
"wavelet-LHL","glrlm","ShortRunEmphasis","0.9497612637109467"
"wavelet-LHL","glrlm","ShortRunHighGrayLevelEmphasis","974.8557435525875"
"wavelet-LHL","glrlm","ShortRunLowGrayLevelEmphasis","0.0016887532970932596"
"wavelet-LHL","glszm","GrayLevelNonUniformity","45.85676741130092"
"wavelet-LHL","glszm","GrayLevelNonUniformityNormalized","0.06025856427240594"
"wavelet-LHL","glszm","GrayLevelVariance","29.574316938947124"
"wavelet-LHL","glszm","HighGrayLevelZoneEmphasis","1017.1524310118266"
"wavelet-LHL","glszm","LargeAreaEmphasis","20.537450722733247"
"wavelet-LHL","glszm","LargeAreaHighGrayLevelEmphasis","21340.147174770038"
"wavelet-LHL","glszm","LargeAreaLowGrayLevelEmphasis","0.02151168674078201"
"wavelet-LHL","glszm","LowGrayLevelZoneEmphasis","0.002535816248884154"
"wavelet-LHL","glszm","SizeZoneNonUniformity","321.86202365308804"
"wavelet-LHL","glszm","SizeZoneNonUniformityNormalized","0.42294615460326945"
"wavelet-LHL","glszm","SmallAreaEmphasis","0.6756228345881319"
"wavelet-LHL","glszm","SmallAreaHighGrayLevelEmphasis","682.6893184836993"
"wavelet-LHL","glszm","SmallAreaLowGrayLevelEmphasis","0.002200964270427301"
"wavelet-LHL","glszm","ZoneEntropy","6.013204639330393"
"wavelet-LHL","glszm","ZonePercentage","0.44843842074248674"
"wavelet-LHL","glszm","ZoneVariance","15.564726542466946"
"wavelet-LHL","ngtdm","Busyness","0.1573260546878103"
"wavelet-LHL","ngtdm","Coarseness","0.003992096117046132"
"wavelet-LHL","ngtdm","Complexity","1680.8825758678727"
"wavelet-LHL","ngtdm","Contrast","0.07375220514042596"
"wavelet-LHL","ngtdm","Strength","2.9983054177980364"
"wavelet-LHH","firstorder","10Percentile","-87.89491473164375"
"wavelet-LHH","firstorder","90Percentile","97.54060665784527"
"wavelet-LHH","firstorder","Energy","10736281.279626854"
"wavelet-LHH","firstorder","Entropy","3.6554166651184015"
"wavelet-LHH","firstorder","InterquartileRange","86.29339979261027"
"wavelet-LHH","firstorder","Kurtosis","4.390701779333017"
"wavelet-LHH","firstorder","Maximum","353.184112174633"
"wavelet-LHH","firstorder","MeanAbsoluteDeviation","58.772345809891085"
"wavelet-LHH","firstorder","Mean","3.171881772204989"
"wavelet-LHH","firstorder","Median","-1.2940305869280109"
"wavelet-LHH","firstorder","Minimum","-260.53712685191044"
"wavelet-LHH","firstorder","Range","613.7212390265435"
"wavelet-LHH","firstorder","RobustMeanAbsoluteDeviation","36.58683252333578"
"wavelet-LHH","firstorder","RootMeanSquared","79.5400792506833"
"wavelet-LHH","firstorder","Skewness","0.4686384998854738"
"wavelet-LHH","firstorder","TotalEnergy","29570028.412431847"
"wavelet-LHH","firstorder","Uniformity","0.10175153977225573"
"wavelet-LHH","firstorder","Variance","6316.563373228135"
"wavelet-LHH","glcm","Autocorrelation","133.1126991304722"
"wavelet-LHH","glcm","ClusterProminence","1626.9130046394869"
"wavelet-LHH","glcm","ClusterShade","29.415231704905814"
"wavelet-LHH","glcm","ClusterTendency","18.148218013405153"
"wavelet-LHH","glcm","Contrast","19.14791039304243"
"wavelet-LHH","glcm","Correlation","-0.033766102055480286"
"wavelet-LHH","glcm","DifferenceAverage","3.195374609365544"
"wavelet-LHH","glcm","DifferenceEntropy","3.1887559790340876"
"wavelet-LHH","glcm","DifferenceVariance","8.653038885693798"
"wavelet-LHH","glcm","Id","0.37621590453390563"
"wavelet-LHH","glcm","Idm","0.2928646242580363"
"wavelet-LHH","glcm","Idmn","0.9746970569888744"
"wavelet-LHH","glcm","Idn","0.8987948413016063"
"wavelet-LHH","glcm","Imc1","-0.07398778543699744"
"wavelet-LHH","glcm","Imc2","0.6170811143108228"
"wavelet-LHH","glcm","InverseVariance","0.2991710946812097"
"wavelet-LHH","glcm","JointAverage","11.548064804362648"
"wavelet-LHH","glcm","JointEnergy","0.013563810878364346"
"wavelet-LHH","glcm","JointEntropy","6.902894971206294"
"wavelet-LHH","glcm","MCC","0.36295803099286716"
"wavelet-LHH","glcm","MaximumProbability","0.03497773195972977"
"wavelet-LHH","glcm","SumAverage","23.096129608725278"
"wavelet-LHH","glcm","SumEntropy","4.030177211165138"
"wavelet-LHH","glcm","SumSquares","9.324032101611895"
"wavelet-LHH","gldm","DependenceEntropy","5.90009476886901"
"wavelet-LHH","gldm","DependenceNonUniformity","322.3730111962286"
"wavelet-LHH","gldm","DependenceNonUniformityNormalized","0.18996641791174346"
"wavelet-LHH","gldm","DependenceVariance","2.9465391628403137"
"wavelet-LHH","gldm","GrayLevelNonUniformity","172.67236299351796"
"wavelet-LHH","gldm","GrayLevelVariance","10.199889645459127"
"wavelet-LHH","gldm","HighGrayLevelEmphasis","145.57866823806717"
"wavelet-LHH","gldm","LargeDependenceEmphasis","11.280494991160872"
"wavelet-LHH","gldm","LargeDependenceHighGrayLevelEmphasis","1526.8232174425457"
"wavelet-LHH","gldm","LargeDependenceLowGrayLevelEmphasis","0.09534599343546657"
"wavelet-LHH","gldm","LowGrayLevelEmphasis","0.010876684575308751"
"wavelet-LHH","gldm","SmallDependenceEmphasis","0.34533399220357297"
"wavelet-LHH","gldm","SmallDependenceHighGrayLevelEmphasis","54.580693864021754"
"wavelet-LHH","gldm","SmallDependenceLowGrayLevelEmphasis","0.005211039394182323"
"wavelet-LHH","glrlm","GrayLevelNonUniformity","154.34162040034204"
"wavelet-LHH","glrlm","GrayLevelNonUniformityNormalized","0.09802084874251532"
"wavelet-LHH","glrlm","GrayLevelVariance","10.692398989250334"
"wavelet-LHH","glrlm","HighGrayLevelRunEmphasis","146.37041010194528"
"wavelet-LHH","glrlm","LongRunEmphasis","1.2644113861124622"
"wavelet-LHH","glrlm","LongRunHighGrayLevelEmphasis","182.2575746917609"
"wavelet-LHH","glrlm","LongRunLowGrayLevelEmphasis","0.013293849135494735"
"wavelet-LHH","glrlm","LowGrayLevelRunEmphasis","0.0110779050434984"
"wavelet-LHH","glrlm","RunEntropy","4.060438841756508"
"wavelet-LHH","glrlm","RunLengthNonUniformity","1371.3064296282503"
"wavelet-LHH","glrlm","RunLengthNonUniformityNormalized","0.8680033337442659"
"wavelet-LHH","glrlm","RunPercentage","0.9274284937219528"
"wavelet-LHH","glrlm","RunVariance","0.09229475925502494"
"wavelet-LHH","glrlm","ShortRunEmphasis","0.9447789208255192"
"wavelet-LHH","glrlm","ShortRunHighGrayLevelEmphasis","138.85871045178567"
"wavelet-LHH","glrlm","ShortRunLowGrayLevelEmphasis","0.010613578622280132"
"wavelet-LHH","glszm","GrayLevelNonUniformity","46.56804733727811"
"wavelet-LHH","glszm","GrayLevelNonUniformityNormalized","0.06888764399005637"
"wavelet-LHH","glszm","GrayLevelVariance","18.00293232029691"
"wavelet-LHH","glszm","HighGrayLevelZoneEmphasis","157.7041420118343"
"wavelet-LHH","glszm","LargeAreaEmphasis","33.41568047337278"
"wavelet-LHH","glszm","LargeAreaHighGrayLevelEmphasis","4423.9807692307695"
"wavelet-LHH","glszm","LargeAreaLowGrayLevelEmphasis","0.2741864687005672"
"wavelet-LHH","glszm","LowGrayLevelZoneEmphasis","0.014426572820343498"
"wavelet-LHH","glszm","SizeZoneNonUniformity","288.2573964497041"
"wavelet-LHH","glszm","SizeZoneNonUniformityNormalized","0.4264162669374322"
"wavelet-LHH","glszm","SmallAreaEmphasis","0.6785984789119275"
"wavelet-LHH","glszm","SmallAreaHighGrayLevelEmphasis","110.1160427172842"
"wavelet-LHH","glszm","SmallAreaLowGrayLevelEmphasis","0.011416390067423548"
"wavelet-LHH","glszm","ZoneEntropy","5.767200118528038"
"wavelet-LHH","glszm","ZonePercentage","0.3983500294637596"
"wavelet-LHH","glszm","ZoneVariance","27.113798098806065"
"wavelet-LHH","ngtdm","Busyness","0.7141640817532209"
"wavelet-LHH","ngtdm","Coarseness","0.0038831695329847814"
"wavelet-LHH","ngtdm","Complexity","608.2614938553004"
"wavelet-LHH","ngtdm","Contrast","0.08037363247067927"
"wavelet-LHH","ngtdm","Strength","0.8122831807744625"
"wavelet-HLL","firstorder","10Percentile","-111.65045734117072"
"wavelet-HLL","firstorder","90Percentile","79.79094491873619"
"wavelet-HLL","firstorder","Energy","17263942.289831273"
"wavelet-HLL","firstorder","Entropy","3.8034352639031845"
"wavelet-HLL","firstorder","InterquartileRange","82.09514089715262"
"wavelet-HLL","firstorder","Kurtosis","8.271147866144629"
"wavelet-HLL","firstorder","Maximum","488.3085830182494"
"wavelet-HLL","firstorder","MeanAbsoluteDeviation","65.95063943029957"
"wavelet-HLL","firstorder","Mean","-7.834351529273131"
"wavelet-HLL","firstorder","Median","-2.4554033998969134"
"wavelet-HLL","firstorder","Minimum","-596.4986564424667"
"wavelet-HLL","firstorder","Range","1084.8072394607161"
"wavelet-HLL","firstorder","RobustMeanAbsoluteDeviation","36.03009977314485"
"wavelet-HLL","firstorder","RootMeanSquared","100.86234629005274"
"wavelet-HLL","firstorder","Skewness","0.010437137883414336"
"wavelet-HLL","firstorder","TotalEnergy","47548611.174113825"
"wavelet-HLL","firstorder","Uniformity","0.10235713549058287"
"wavelet-HLL","firstorder","Variance","10111.835835250293"
"wavelet-HLL","glcm","Autocorrelation","592.930360065169"
"wavelet-HLL","glcm","ClusterProminence","11326.314555290546"
"wavelet-HLL","glcm","ClusterShade","104.99890884749108"
"wavelet-HLL","glcm","ClusterTendency","37.21174030499822"
"wavelet-HLL","glcm","Contrast","22.296192180251598"
"wavelet-HLL","glcm","Correlation","0.24755438082105455"
"wavelet-HLL","glcm","DifferenceAverage","3.238175443945175"
"wavelet-HLL","glcm","DifferenceEntropy","3.220050102768438"
"wavelet-HLL","glcm","DifferenceVariance","11.462393154761939"
"wavelet-HLL","glcm","Id","0.38810386228331006"
"wavelet-HLL","glcm","Idm","0.3079803386695543"
"wavelet-HLL","glcm","Idmn","0.9892890678747251"
"wavelet-HLL","glcm","Idn","0.9357589431998445"
"wavelet-HLL","glcm","Imc1","-0.11562159448564342"
"wavelet-HLL","glcm","Imc2","0.7507354931281267"
"wavelet-HLL","glcm","InverseVariance","0.30512761129021176"
"wavelet-HLL","glcm","JointAverage","24.273286717458465"
"wavelet-HLL","glcm","JointEnergy","0.014228361877564643"
"wavelet-HLL","glcm","JointEntropy","7.058604853867995"
"wavelet-HLL","glcm","MCC","0.5283106356067868"
"wavelet-HLL","glcm","MaximumProbability","0.042443904786760564"
"wavelet-HLL","glcm","SumAverage","48.54657343491693"
"wavelet-HLL","glcm","SumEntropy","4.37097554891386"
"wavelet-HLL","glcm","SumSquares","14.87698312131246"
"wavelet-HLL","gldm","DependenceEntropy","6.116821274793064"
"wavelet-HLL","gldm","DependenceNonUniformity","304.9882144961697"
"wavelet-HLL","gldm","DependenceNonUniformityNormalized","0.17972198850687668"
"wavelet-HLL","gldm","DependenceVariance","3.734992147048641"
"wavelet-HLL","gldm","GrayLevelNonUniformity","173.70005892751914"
"wavelet-HLL","gldm","GrayLevelVariance","16.291818658806886"
"wavelet-HLL","gldm","HighGrayLevelEmphasis","601.6352386564525"
"wavelet-HLL","gldm","LargeDependenceEmphasis","12.92692987625221"
"wavelet-HLL","gldm","LargeDependenceHighGrayLevelEmphasis","7835.710665880966"
"wavelet-HLL","gldm","LargeDependenceLowGrayLevelEmphasis","0.022677120613597924"
"wavelet-HLL","gldm","LowGrayLevelEmphasis","0.0025419185014583755"
"wavelet-HLL","gldm","SmallDependenceEmphasis","0.3451602872917575"
"wavelet-HLL","gldm","SmallDependenceHighGrayLevelEmphasis","208.58795561514611"
"wavelet-HLL","gldm","SmallDependenceLowGrayLevelEmphasis","0.0013821285595373592"
"wavelet-HLL","glrlm","GrayLevelNonUniformity","152.1806137162219"
"wavelet-HLL","glrlm","GrayLevelNonUniformityNormalized","0.0972047132343131"
"wavelet-HLL","glrlm","GrayLevelVariance","17.298099020354282"
"wavelet-HLL","glrlm","HighGrayLevelRunEmphasis","601.3761467751639"
"wavelet-HLL","glrlm","LongRunEmphasis","1.2861765989310388"
"wavelet-HLL","glrlm","LongRunHighGrayLevelEmphasis","774.405519254745"
"wavelet-HLL","glrlm","LongRunLowGrayLevelEmphasis","0.00310334313194775"
"wavelet-HLL","glrlm","LowGrayLevelRunEmphasis","0.0026136366846048428"
"wavelet-HLL","glrlm","RunEntropy","4.24768052508461"
"wavelet-HLL","glrlm","RunLengthNonUniformity","1346.897682376721"
"wavelet-HLL","glrlm","RunLengthNonUniformityNormalized","0.8587217542903187"
"wavelet-HLL","glrlm","RunPercentage","0.9218530438330084"
"wavelet-HLL","glrlm","RunVariance","0.10299757197408187"
"wavelet-HLL","glrlm","ShortRunEmphasis","0.9411879685530382"
"wavelet-HLL","glrlm","ShortRunHighGrayLevelEmphasis","565.7979161572608"
"wavelet-HLL","glrlm","ShortRunLowGrayLevelEmphasis","0.002512622697293243"
"wavelet-HLL","glszm","GrayLevelNonUniformity","40.096385542168676"
"wavelet-HLL","glszm","GrayLevelNonUniformityNormalized","0.06038612280447089"
"wavelet-HLL","glszm","GrayLevelVariance","31.63147771810132"
"wavelet-HLL","glszm","HighGrayLevelZoneEmphasis","602.1506024096385"
"wavelet-HLL","glszm","LargeAreaEmphasis","73.2816265060241"
"wavelet-HLL","glszm","LargeAreaHighGrayLevelEmphasis","44503.81174698795"
"wavelet-HLL","glszm","LargeAreaLowGrayLevelEmphasis","0.12353878447423661"
"wavelet-HLL","glszm","LowGrayLevelZoneEmphasis","0.0037753821139719056"
"wavelet-HLL","glszm","SizeZoneNonUniformity","300.55120481927713"
"wavelet-HLL","glszm","SizeZoneNonUniformityNormalized","0.45263735665553784"
"wavelet-HLL","glszm","SmallAreaEmphasis","0.6993983729705417"
"wavelet-HLL","glszm","SmallAreaHighGrayLevelEmphasis","424.31925225825233"
"wavelet-HLL","glszm","SmallAreaLowGrayLevelEmphasis","0.0031967512807328227"
"wavelet-HLL","glszm","ZoneEntropy","5.982684583574084"
"wavelet-HLL","glszm","ZonePercentage","0.3912787271655863"
"wavelet-HLL","glszm","ZoneVariance","66.74990700754827"
"wavelet-HLL","ngtdm","Busyness","0.15722588445734648"
"wavelet-HLL","ngtdm","Coarseness","0.004265277927261815"
"wavelet-HLL","ngtdm","Complexity","1649.913265841616"
"wavelet-HLL","ngtdm","Contrast","0.04549904685863907"
"wavelet-HLL","ngtdm","Strength","3.405071464127995"
"wavelet-HLH","firstorder","10Percentile","-73.07132551654641"
"wavelet-HLH","firstorder","90Percentile","71.05368022472572"
"wavelet-HLH","firstorder","Energy","7425615.66846374"
"wavelet-HLH","firstorder","Entropy","3.334758480071916"
"wavelet-HLH","firstorder","InterquartileRange","63.73387476953528"
"wavelet-HLH","firstorder","Kurtosis","5.773532622776782"
"wavelet-HLH","firstorder","Maximum","282.4469482824422"
"wavelet-HLH","firstorder","MeanAbsoluteDeviation","46.61539954618193"
"wavelet-HLH","firstorder","Mean","-1.0939069332798739"
"wavelet-HLH","firstorder","Median","-1.6428414184413909"
"wavelet-HLH","firstorder","Minimum","-294.80949033639246"
"wavelet-HLH","firstorder","Range","577.2564386188346"
"wavelet-HLH","firstorder","RobustMeanAbsoluteDeviation","27.596510708325916"
"wavelet-HLH","firstorder","RootMeanSquared","66.1493091055876"
"wavelet-HLH","firstorder","Skewness","-0.16555552304628604"
"wavelet-HLH","firstorder","TotalEnergy","20451743.07354803"
"wavelet-HLH","firstorder","Uniformity","0.133451558766571"
"wavelet-HLH","firstorder","Variance","4374.534462767899"
"wavelet-HLH","glcm","Autocorrelation","154.76408072466614"
"wavelet-HLH","glcm","ClusterProminence","1116.7475635772246"
"wavelet-HLH","glcm","ClusterShade","-3.5482719629333013"
"wavelet-HLH","glcm","ClusterTendency","13.595739756153588"
"wavelet-HLH","glcm","Contrast","13.669424166692515"
"wavelet-HLH","glcm","Correlation","-0.004054687770473838"
"wavelet-HLH","glcm","DifferenceAverage","2.5829486485779323"
"wavelet-HLH","glcm","DifferenceEntropy","2.944950972339095"
"wavelet-HLH","glcm","DifferenceVariance","6.854955560174679"
"wavelet-HLH","glcm","Id","0.43033788540010015"
"wavelet-HLH","glcm","Idm","0.35634112417153907"
"wavelet-HLH","glcm","Idmn","0.978936857800056"
"wavelet-HLH","glcm","Idn","0.9105262929979332"
"wavelet-HLH","glcm","Imc1","-0.07466788144505145"
"wavelet-HLH","glcm","Imc2","0.6064632367822869"
"wavelet-HLH","glcm","InverseVariance","0.3435203791103805"
"wavelet-HLH","glcm","JointAverage","12.441144345964657"
"wavelet-HLH","glcm","JointEnergy","0.02233871679398267"
"wavelet-HLH","glcm","JointEntropy","6.349349631935859"
"wavelet-HLH","glcm","MCC","0.4143778882608045"
"wavelet-HLH","glcm","MaximumProbability","0.057982812052936865"
"wavelet-HLH","glcm","SumAverage","24.882288691929315"
"wavelet-HLH","glcm","SumEntropy","3.7829066269060903"
"wavelet-HLH","glcm","SumSquares","6.816290980711522"
"wavelet-HLH","gldm","DependenceEntropy","5.862162562569416"
"wavelet-HLH","gldm","DependenceNonUniformity","254.38951090159105"
"wavelet-HLH","gldm","DependenceNonUniformityNormalized","0.14990542775579907"
"wavelet-HLH","gldm","DependenceVariance","5.6685502406583215"
"wavelet-HLH","gldm","GrayLevelNonUniformity","226.46729522687096"
"wavelet-HLH","gldm","GrayLevelVariance","7.0963060397408295"
"wavelet-HLH","gldm","HighGrayLevelEmphasis","162.16263995285797"
"wavelet-HLH","gldm","LargeDependenceEmphasis","18.290512669416618"
"wavelet-HLH","gldm","LargeDependenceHighGrayLevelEmphasis","2881.6817913965824"
"wavelet-HLH","gldm","LargeDependenceLowGrayLevelEmphasis","0.1242348491019693"
"wavelet-HLH","gldm","LowGrayLevelEmphasis","0.010245126338114804"
"wavelet-HLH","gldm","SmallDependenceEmphasis","0.29609259732298115"
"wavelet-HLH","gldm","SmallDependenceHighGrayLevelEmphasis","49.91299142306043"
"wavelet-HLH","gldm","SmallDependenceLowGrayLevelEmphasis","0.005361941577865122"
"wavelet-HLH","glrlm","GrayLevelNonUniformity","191.7449627127278"
"wavelet-HLH","glrlm","GrayLevelNonUniformityNormalized","0.12512664128099457"
"wavelet-HLH","glrlm","GrayLevelVariance","7.671387473902651"
"wavelet-HLH","glrlm","HighGrayLevelRunEmphasis","162.6440606155283"
"wavelet-HLH","glrlm","LongRunEmphasis","1.3869117472234518"
"wavelet-HLH","glrlm","LongRunHighGrayLevelEmphasis","223.52541691537604"
"wavelet-HLH","glrlm","LongRunLowGrayLevelEmphasis","0.013239444473671156"
"wavelet-HLH","glrlm","LowGrayLevelRunEmphasis","0.010644202520437039"
"wavelet-HLH","glrlm","RunEntropy","3.8634778652974835"
"wavelet-HLH","glrlm","RunLengthNonUniformity","1273.4726256965462"
"wavelet-HLH","glrlm","RunLengthNonUniformityNormalized","0.8280501613593132"
"wavelet-HLH","glrlm","RunPercentage","0.9018176873215176"
"wavelet-HLH","glrlm","RunVariance","0.14353240939152093"
"wavelet-HLH","glrlm","ShortRunEmphasis","0.9264741397999686"
"wavelet-HLH","glrlm","ShortRunHighGrayLevelEmphasis","150.99845157221313"
"wavelet-HLH","glrlm","ShortRunLowGrayLevelEmphasis","0.01015017808767074"
"wavelet-HLH","glszm","GrayLevelNonUniformity","41.96739130434783"
"wavelet-HLH","glszm","GrayLevelNonUniformityNormalized","0.07602788279773157"
"wavelet-HLH","glszm","GrayLevelVariance","15.78642879647133"
"wavelet-HLH","glszm","HighGrayLevelZoneEmphasis","169.06159420289856"
"wavelet-HLH","glszm","LargeAreaEmphasis","176.40398550724638"
"wavelet-HLH","glszm","LargeAreaHighGrayLevelEmphasis","27462.746376811596"
"wavelet-HLH","glszm","LargeAreaLowGrayLevelEmphasis","1.1600413826404306"
"wavelet-HLH","glszm","LowGrayLevelZoneEmphasis","0.01726922074447277"
"wavelet-HLH","glszm","SizeZoneNonUniformity","248.17753623188406"
"wavelet-HLH","glszm","SizeZoneNonUniformityNormalized","0.44959698592732616"
"wavelet-HLH","glszm","SmallAreaEmphasis","0.69738719706412"
"wavelet-HLH","glszm","SmallAreaHighGrayLevelEmphasis","119.13956296175915"
"wavelet-HLH","glszm","SmallAreaLowGrayLevelEmphasis","0.014943866014736924"
"wavelet-HLH","glszm","ZoneEntropy","5.567461760746551"
"wavelet-HLH","glszm","ZonePercentage","0.3252799057159694"
"wavelet-HLH","glszm","ZoneVariance","166.95281650388574"
"wavelet-HLH","ngtdm","Busyness","0.5792707150958181"
"wavelet-HLH","ngtdm","Coarseness","0.004145294069778378"
"wavelet-HLH","ngtdm","Complexity","439.32036732446926"
"wavelet-HLH","ngtdm","Contrast","0.04773576538565414"
"wavelet-HLH","ngtdm","Strength","0.8381497826992559"
"wavelet-HHL","firstorder","10Percentile","-41.731042457539225"
"wavelet-HHL","firstorder","90Percentile","42.839317139693364"
"wavelet-HHL","firstorder","Energy","2250162.066953715"
"wavelet-HHL","firstorder","Entropy","2.5727382926515996"
"wavelet-HHL","firstorder","InterquartileRange","42.78758142875568"
"wavelet-HHL","firstorder","Kurtosis","4.728471965659412"
"wavelet-HHL","firstorder","Maximum","197.53659871113612"
"wavelet-HHL","firstorder","MeanAbsoluteDeviation","27.245754395061578"
"wavelet-HHL","firstorder","Mean","0.7667895789790293"
"wavelet-HHL","firstorder","Median","0.6361625944064817"
"wavelet-HHL","firstorder","Minimum","-132.10379359426793"
"wavelet-HHL","firstorder","Range","329.640392305404"
"wavelet-HHL","firstorder","RobustMeanAbsoluteDeviation","17.552016889057445"
"wavelet-HHL","firstorder","RootMeanSquared","36.41379797470558"
"wavelet-HHL","firstorder","Skewness","0.2715808489151169"
"wavelet-HHL","firstorder","TotalEnergy","6197430.424877083"
"wavelet-HHL","firstorder","Uniformity","0.210660845910267"
"wavelet-HHL","firstorder","Variance","1325.3767166842413"
"wavelet-HHL","glcm","Autocorrelation","42.58664138903573"
"wavelet-HHL","glcm","ClusterProminence","81.46399605717976"
"wavelet-HHL","glcm","ClusterShade","1.7872233850244859"
"wavelet-HHL","glcm","ClusterTendency","4.103712153517073"
"wavelet-HHL","glcm","Contrast","3.875946923192813"
"wavelet-HHL","glcm","Correlation","0.028908632686336585"
"wavelet-HHL","glcm","DifferenceAverage","1.4540924374006086"
"wavelet-HHL","glcm","DifferenceEntropy","2.2135871298228826"
"wavelet-HHL","glcm","DifferenceVariance","1.7432096783726567"
"wavelet-HHL","glcm","Id","0.5330326146967322"
"wavelet-HHL","glcm","Idm","0.47946379835646624"
"wavelet-HHL","glcm","Idmn","0.9817167083452045"
"wavelet-HHL","glcm","Idn","0.9119932655791013"
"wavelet-HHL","glcm","Imc1","-0.03324994935728859"
"wavelet-HHL","glcm","Imc2","0.3743525139197088"
"wavelet-HHL","glcm","InverseVariance","0.44414180710962436"
"wavelet-HHL","glcm","JointAverage","6.5214743205587755"
"wavelet-HHL","glcm","JointEnergy","0.051004375765371535"
"wavelet-HHL","glcm","JointEntropy","4.935091308969627"
"wavelet-HHL","glcm","MCC","0.34855299137421436"
"wavelet-HHL","glcm","MaximumProbability","0.10488445985012754"
"wavelet-HHL","glcm","SumAverage","13.04294864111755"
"wavelet-HHL","glcm","SumEntropy","3.0123481391693847"
"wavelet-HHL","glcm","SumSquares","1.9949147691774713"
"wavelet-HHL","gldm","DependenceEntropy","5.442176310053942"
"wavelet-HHL","gldm","DependenceNonUniformity","186.9799646434885"
"wavelet-HHL","gldm","DependenceNonUniformityNormalized","0.11018265447465439"
"wavelet-HHL","gldm","DependenceVariance","7.382376400657127"
"wavelet-HHL","gldm","GrayLevelNonUniformity","357.49145550972304"
"wavelet-HHL","gldm","GrayLevelVariance","2.190151499630704"
"wavelet-HHL","gldm","HighGrayLevelEmphasis","44.835592221567474"
"wavelet-HHL","gldm","LargeDependenceEmphasis","28.579257513258693"
"wavelet-HHL","gldm","LargeDependenceHighGrayLevelEmphasis","1258.572775486152"
"wavelet-HHL","gldm","LargeDependenceLowGrayLevelEmphasis","0.6958638514799623"
"wavelet-HHL","gldm","LowGrayLevelEmphasis","0.029533517974957815"
"wavelet-HHL","gldm","SmallDependenceEmphasis","0.19741717120092547"
"wavelet-HHL","gldm","SmallDependenceHighGrayLevelEmphasis","9.496836153584848"
"wavelet-HHL","gldm","SmallDependenceLowGrayLevelEmphasis","0.008427927572819922"
"wavelet-HHL","glrlm","GrayLevelNonUniformity","287.7360542054687"
"wavelet-HHL","glrlm","GrayLevelNonUniformityNormalized","0.19654022519055836"
"wavelet-HHL","glrlm","GrayLevelVariance","2.4135479451642916"
"wavelet-HHL","glrlm","HighGrayLevelRunEmphasis","44.994281058083814"
"wavelet-HHL","glrlm","LongRunEmphasis","1.5608273251019684"
"wavelet-HHL","glrlm","LongRunHighGrayLevelEmphasis","69.53626494790007"
"wavelet-HHL","glrlm","LongRunLowGrayLevelEmphasis","0.04420630181096501"
"wavelet-HHL","glrlm","LowGrayLevelRunEmphasis","0.030305571778725227"
"wavelet-HHL","glrlm","RunEntropy","3.270863926850285"
"wavelet-HHL","glrlm","RunLengthNonUniformity","1112.6390133343923"
"wavelet-HHL","glrlm","RunLengthNonUniformityNormalized","0.7573684164036829"
"wavelet-HHL","glrlm","RunPercentage","0.8613843434114501"
"wavelet-HHL","glrlm","RunVariance","0.19870912438982913"
"wavelet-HHL","glrlm","ShortRunEmphasis","0.8922113579979251"
"wavelet-HHL","glrlm","ShortRunHighGrayLevelEmphasis","40.256359028146186"
"wavelet-HHL","glrlm","ShortRunLowGrayLevelEmphasis","0.027614593952745015"
"wavelet-HHL","glszm","GrayLevelNonUniformity","47.97191011235955"
"wavelet-HHL","glszm","GrayLevelNonUniformityNormalized","0.134752556495392"
"wavelet-HHL","glszm","GrayLevelVariance","5.832936182300214"
"wavelet-HHL","glszm","HighGrayLevelZoneEmphasis","48.55898876404494"
"wavelet-HHL","glszm","LargeAreaEmphasis","990.564606741573"
"wavelet-HHL","glszm","LargeAreaHighGrayLevelEmphasis","42329.17415730337"
"wavelet-HHL","glszm","LargeAreaLowGrayLevelEmphasis","23.856094847161287"
"wavelet-HHL","glszm","LowGrayLevelZoneEmphasis","0.04309378598424466"
"wavelet-HHL","glszm","SizeZoneNonUniformity","141.40449438202248"
"wavelet-HHL","glszm","SizeZoneNonUniformityNormalized","0.3972036359045575"
"wavelet-HHL","glszm","SmallAreaEmphasis","0.6549387519562768"
"wavelet-HHL","glszm","SmallAreaHighGrayLevelEmphasis","32.465278194415355"
"wavelet-HHL","glszm","SmallAreaLowGrayLevelEmphasis","0.032030622094088884"
"wavelet-HHL","glszm","ZoneEntropy","4.945772782538616"
"wavelet-HHL","glszm","ZonePercentage","0.20978196817913966"
"wavelet-HHL","glszm","ZoneVariance","967.8417103269787"
"wavelet-HHL","ngtdm","Busyness","2.161788777675978"
"wavelet-HHL","ngtdm","Coarseness","0.003692370938712452"
"wavelet-HHL","ngtdm","Complexity","99.66962109433987"
"wavelet-HHL","ngtdm","Contrast","0.027824479404825797"
"wavelet-HHL","ngtdm","Strength","0.27659487616574957"
"wavelet-HHH","firstorder","10Percentile","-32.08791159712636"
"wavelet-HHH","firstorder","90Percentile","33.3214399451669"
"wavelet-HHH","firstorder","Energy","1353510.1963676983"
"wavelet-HHH","firstorder","Entropy","2.2458006350436617"
"wavelet-HHH","firstorder","InterquartileRange","32.820224127824815"
"wavelet-HHH","firstorder","Kurtosis","4.6657673277726674"
"wavelet-HHH","firstorder","Maximum","127.67726861067753"
"wavelet-HHH","firstorder","MeanAbsoluteDeviation","21.10379818229408"
"wavelet-HHH","firstorder","Mean","0.17684916212089288"
"wavelet-HHH","firstorder","Median","0.49428888057866793"
"wavelet-HHH","firstorder","Minimum","-124.09007876991176"
"wavelet-HHH","firstorder","Range","251.76734738058929"
"wavelet-HHH","firstorder","RobustMeanAbsoluteDeviation","13.628906551808063"
"wavelet-HHH","firstorder","RootMeanSquared","28.24163557907578"
"wavelet-HHH","firstorder","Skewness","0.03473125948917019"
"wavelet-HHH","firstorder","TotalEnergy","3727858.2705407734"
"wavelet-HHH","firstorder","Uniformity","0.263490738448279"
"wavelet-HHH","firstorder","Variance","797.5587045551763"
"wavelet-HHH","glcm","Autocorrelation","30.253105441388488"
"wavelet-HHH","glcm","ClusterProminence","30.15641800315776"
"wavelet-HHH","glcm","ClusterShade","0.00348013040253761"
"wavelet-HHH","glcm","ClusterTendency","2.608917905769685"
"wavelet-HHH","glcm","Contrast","2.8243967092291533"
"wavelet-HHH","glcm","Correlation","-0.04002329314983349"
"wavelet-HHH","glcm","DifferenceAverage","1.2222383703001822"
"wavelet-HHH","glcm","DifferenceEntropy","2.033148490005379"
"wavelet-HHH","glcm","DifferenceVariance","1.3217674984829946"
"wavelet-HHH","glcm","Id","0.5750279326382124"
"wavelet-HHH","glcm","Idm","0.5322521824575746"
"wavelet-HHH","glcm","Idmn","0.978638372122198"
"wavelet-HHH","glcm","Idn","0.9073060139413294"
"wavelet-HHH","glcm","Imc1","-0.029128879580080428"
"wavelet-HHH","glcm","Imc2","0.33735694473312033"
"wavelet-HHH","glcm","InverseVariance","0.46738827195691013"
"wavelet-HHH","glcm","JointAverage","5.505170856156706"
"wavelet-HHH","glcm","JointEnergy","0.07505681919295754"
"wavelet-HHH","glcm","JointEntropy","4.402732083444712"
"wavelet-HHH","glcm","MCC","0.22907887180214143"
"wavelet-HHH","glcm","MaximumProbability","0.13333020553979286"
"wavelet-HHH","glcm","SumAverage","11.010341712313412"
"wavelet-HHH","glcm","SumEntropy","2.6892515566273136"
"wavelet-HHH","glcm","SumSquares","1.3583286537497097"
"wavelet-HHH","gldm","DependenceEntropy","5.2694951184891"
"wavelet-HHH","gldm","DependenceNonUniformity","165.69063052445492"
"wavelet-HHH","gldm","DependenceNonUniformityNormalized","0.09763737803444604"
"wavelet-HHH","gldm","DependenceVariance","8.768083577765054"
"wavelet-HHH","gldm","GrayLevelNonUniformity","447.1437831467295"
"wavelet-HHH","gldm","GrayLevelVariance","1.386039143568202"
"wavelet-HHH","gldm","HighGrayLevelEmphasis","31.736593989393047"
"wavelet-HHH","gldm","LargeDependenceEmphasis","37.038892162639954"
"wavelet-HHH","gldm","LargeDependenceHighGrayLevelEmphasis","1145.5857395403652"
"wavelet-HHH","gldm","LargeDependenceLowGrayLevelEmphasis","1.278847872934925"
"wavelet-HHH","gldm","LowGrayLevelEmphasis","0.04084766530041902"
"wavelet-HHH","gldm","SmallDependenceEmphasis","0.14888014265076244"
"wavelet-HHH","gldm","SmallDependenceHighGrayLevelEmphasis","5.118824408062256"
"wavelet-HHH","gldm","SmallDependenceLowGrayLevelEmphasis","0.009420112512504953"
"wavelet-HHH","glrlm","GrayLevelNonUniformity","346.58537123297145"
"wavelet-HHH","glrlm","GrayLevelNonUniformityNormalized","0.24434022925830637"
"wavelet-HHH","glrlm","GrayLevelVariance","1.5551044321824317"
"wavelet-HHH","glrlm","HighGrayLevelRunEmphasis","31.88789523146792"
"wavelet-HHH","glrlm","LongRunEmphasis","1.7266744565871903"
"wavelet-HHH","glrlm","LongRunHighGrayLevelEmphasis","54.42887351366557"
"wavelet-HHH","glrlm","LongRunLowGrayLevelEmphasis","0.06736872649543676"
"wavelet-HHH","glrlm","LowGrayLevelRunEmphasis","0.04204337293476829"
"wavelet-HHH","glrlm","RunEntropy","3.0547378670147576"
"wavelet-HHH","glrlm","RunLengthNonUniformity","1025.1203896227833"
"wavelet-HHH","glrlm","RunLengthNonUniformityNormalized","0.718370739774614"
"wavelet-HHH","glrlm","RunPercentage","0.833960382575586"
"wavelet-HHH","glrlm","RunVariance","0.26180201379376433"
"wavelet-HHH","glrlm","ShortRunEmphasis","0.8706951879338185"
"wavelet-HHH","glrlm","ShortRunHighGrayLevelEmphasis","27.8828489167221"
"wavelet-HHH","glrlm","ShortRunLowGrayLevelEmphasis","0.03747553684829302"
"wavelet-HHH","glszm","GrayLevelNonUniformity","40.37190082644628"
"wavelet-HHH","glszm","GrayLevelNonUniformityNormalized","0.16682603647291852"
"wavelet-HHH","glszm","GrayLevelVariance","4.534321426132095"
"wavelet-HHH","glszm","HighGrayLevelZoneEmphasis","34.01652892561984"
"wavelet-HHH","glszm","LargeAreaEmphasis","2487.3429752066118"
"wavelet-HHH","glszm","LargeAreaHighGrayLevelEmphasis","77419.28512396694"
"wavelet-HHH","glszm","LargeAreaLowGrayLevelEmphasis","82.81214233026074"
"wavelet-HHH","glszm","LowGrayLevelZoneEmphasis","0.06806901816118839"
"wavelet-HHH","glszm","SizeZoneNonUniformity","97.03305785123968"
"wavelet-HHH","glszm","SizeZoneNonUniformityNormalized","0.40096304897206475"
"wavelet-HHH","glszm","SmallAreaEmphasis","0.6581235649163272"
"wavelet-HHH","glszm","SmallAreaHighGrayLevelEmphasis","23.70783970896209"
"wavelet-HHH","glszm","SmallAreaLowGrayLevelEmphasis","0.04997282035899884"
"wavelet-HHH","glszm","ZoneEntropy","4.7022202802859"
"wavelet-HHH","glszm","ZonePercentage","0.1426045963464938"
"wavelet-HHH","glszm","ZoneVariance","2438.169267809576"
"wavelet-HHH","ngtdm","Busyness","3.531848771021553"
"wavelet-HHH","ngtdm","Coarseness","0.003434390003089228"
"wavelet-HHH","ngtdm","Complexity","50.11506348647971"
"wavelet-HHH","ngtdm","Contrast","0.02420552352181698"
"wavelet-HHH","ngtdm","Strength","0.15693016041395083"
"wavelet-LLL","firstorder","10Percentile","-585.1080328339966"
"wavelet-LLL","firstorder","90Percentile","294.19520953200265"
"wavelet-LLL","firstorder","Energy","260593544.87965018"
"wavelet-LLL","firstorder","Entropy","5.660561344058245"
"wavelet-LLL","firstorder","InterquartileRange","531.9604932224169"
"wavelet-LLL","firstorder","Kurtosis","5.512431100589101"
"wavelet-LLL","firstorder","Maximum","581.550766522944"
"wavelet-LLL","firstorder","MeanAbsoluteDeviation","306.8305325604571"
"wavelet-LLL","firstorder","Mean","-94.60035974606902"
"wavelet-LLL","firstorder","Median","18.34289254050131"
"wavelet-LLL","firstorder","Minimum","-2483.5646190647203"
"wavelet-LLL","firstorder","Range","3065.115385587664"
"wavelet-LLL","firstorder","RobustMeanAbsoluteDeviation","222.33420893567364"
"wavelet-LLL","firstorder","RootMeanSquared","391.86899732740017"
"wavelet-LLL","firstorder","Skewness","-1.2340219283858271"
"wavelet-LLL","firstorder","TotalEnergy","717730685.8390551"
"wavelet-LLL","firstorder","Uniformity","0.025067287448577318"
"wavelet-LLL","firstorder","Variance","144612.08300229628"
"wavelet-LLL","glcm","Autocorrelation","9784.551518604016"
"wavelet-LLL","glcm","ClusterProminence","1179856.198060472"
"wavelet-LLL","glcm","ClusterShade","-11224.782222961388"
"wavelet-LLL","glcm","ClusterTendency","479.9880444540729"
"wavelet-LLL","glcm","Contrast","282.7654231361548"
"wavelet-LLL","glcm","Correlation","0.2458257143575582"
"wavelet-LLL","glcm","DifferenceAverage","12.514494695630285"
"wavelet-LLL","glcm","DifferenceEntropy","4.898536929240209"
"wavelet-LLL","glcm","DifferenceVariance","108.25606035946359"
"wavelet-LLL","glcm","Id","0.1862134134525584"
"wavelet-LLL","glcm","Idm","0.114351795700425"
"wavelet-LLL","glcm","Idmn","0.9826823635040773"
"wavelet-LLL","glcm","Idn","0.9140625319443434"
"wavelet-LLL","glcm","Imc1","-0.2425579349523075"
"wavelet-LLL","glcm","Imc2","0.9638584421155711"
"wavelet-LLL","glcm","InverseVariance","0.1200138788376642"
"wavelet-LLL","glcm","JointAverage","98.66564131475766"
"wavelet-LLL","glcm","JointEnergy","0.001654727612899878"
"wavelet-LLL","glcm","JointEntropy","9.691854522093562"
"wavelet-LLL","glcm","MCC","0.6284351367042006"
"wavelet-LLL","glcm","MaximumProbability","0.006792561612985132"
"wavelet-LLL","glcm","SumAverage","197.33128262951533"
"wavelet-LLL","glcm","SumEntropy","6.187613794820177"
"wavelet-LLL","glcm","SumSquares","190.68836689755685"
"wavelet-LLL","gldm","DependenceEntropy","7.097461552297791"
"wavelet-LLL","gldm","DependenceNonUniformity","621.4466705951679"
"wavelet-LLL","gldm","DependenceNonUniformityNormalized","0.366203105830977"
"wavelet-LLL","gldm","DependenceVariance","1.0239429073247566"
"wavelet-LLL","gldm","GrayLevelNonUniformity","42.53918680023571"
"wavelet-LLL","gldm","GrayLevelVariance","231.6791564996151"
"wavelet-LLL","gldm","HighGrayLevelEmphasis","9585.543901001767"
"wavelet-LLL","gldm","LargeDependenceEmphasis","4.205657041838538"
"wavelet-LLL","gldm","LargeDependenceHighGrayLevelEmphasis","44323.01001767826"
"wavelet-LLL","gldm","LargeDependenceLowGrayLevelEmphasis","0.0010544342479985266"
"wavelet-LLL","gldm","LowGrayLevelEmphasis","0.0007450124298360769"
"wavelet-LLL","gldm","SmallDependenceEmphasis","0.597724241926195"
"wavelet-LLL","gldm","SmallDependenceHighGrayLevelEmphasis","5365.666228832527"
"wavelet-LLL","gldm","SmallDependenceLowGrayLevelEmphasis","0.0007042345369143955"
"wavelet-LLL","glrlm","GrayLevelNonUniformity","40.486561468652965"
"wavelet-LLL","glrlm","GrayLevelNonUniformityNormalized","0.024586248426699167"
"wavelet-LLL","glrlm","GrayLevelVariance","234.26294348259682"
"wavelet-LLL","glrlm","HighGrayLevelRunEmphasis","9550.013285457077"
"wavelet-LLL","glrlm","LongRunEmphasis","1.1035885749882193"
"wavelet-LLL","glrlm","LongRunHighGrayLevelEmphasis","10661.834658567943"
"wavelet-LLL","glrlm","LongRunLowGrayLevelEmphasis","0.0007759172921346102"
"wavelet-LLL","glrlm","LowGrayLevelRunEmphasis","0.0007657715321337036"
"wavelet-LLL","glrlm","RunEntropy","5.831006695436923"
"wavelet-LLL","glrlm","RunLengthNonUniformity","1558.120199668047"
"wavelet-LLL","glrlm","RunLengthNonUniformityNormalized","0.9450729107431864"
"wavelet-LLL","glrlm","RunPercentage","0.9698563075109922"
"wavelet-LLL","glrlm","RunVariance","0.03724626913488518"
"wavelet-LLL","glrlm","ShortRunEmphasis","0.9779035168538173"
"wavelet-LLL","glrlm","ShortRunHighGrayLevelEmphasis","9314.779401548716"
"wavelet-LLL","glrlm","ShortRunLowGrayLevelEmphasis","0.0007635810786926873"
"wavelet-LLL","glszm","GrayLevelNonUniformity","22.942206654991242"
"wavelet-LLL","glszm","GrayLevelNonUniformityNormalized","0.02008949794657727"
"wavelet-LLL","glszm","GrayLevelVariance","263.1918263347248"
"wavelet-LLL","glszm","HighGrayLevelZoneEmphasis","9091.456217162871"
"wavelet-LLL","glszm","LargeAreaEmphasis","3.8957968476357268"
"wavelet-LLL","glszm","LargeAreaHighGrayLevelEmphasis","40863.970227670754"
"wavelet-LLL","glszm","LargeAreaLowGrayLevelEmphasis","0.001332735343743388"
"wavelet-LLL","glszm","LowGrayLevelZoneEmphasis","0.001058605798706986"
"wavelet-LLL","glszm","SizeZoneNonUniformity","671.8949211908931"
"wavelet-LLL","glszm","SizeZoneNonUniformityNormalized","0.5883493180305545"
"wavelet-LLL","glszm","SmallAreaEmphasis","0.7952315228796472"
"wavelet-LLL","glszm","SmallAreaHighGrayLevelEmphasis","7003.325756266953"
"wavelet-LLL","glszm","SmallAreaLowGrayLevelEmphasis","0.0010369851387915208"
"wavelet-LLL","glszm","ZoneEntropy","6.880093104695059"
"wavelet-LLL","glszm","ZonePercentage","0.6729522687094873"
"wavelet-LLL","glszm","ZoneVariance","1.687632076947378"
"wavelet-LLL","ngtdm","Busyness","0.02787996766060266"
"wavelet-LLL","ngtdm","Coarseness","0.0035356193008504086"
"wavelet-LLL","ngtdm","Complexity","29748.321164472407"
"wavelet-LLL","ngtdm","Contrast","0.5050087636204279"
"wavelet-LLL","ngtdm","Strength","16.636223517592693"
