"Image type","Feature Class","Feature Name","Segmentation_segment_Segment_1"
"diagnostics","Versions","PyRadiomics","v3.0.1.post4+gad5b2de"
"diagnostics","Versions","Numpy","1.19.2"
"diagnostics","Versions","SimpleITK","2.0.2"
"diagnostics","Versions","PyWavelet","1.1.1"
"diagnostics","Versions","Python","3.6.7"
"diagnostics","Configuration","Settings","{'minimumROIDimensions': 2, 'minimumROISize': None, 'normalize': False, 'normalizeScale': 1, 'removeOutliers': None, 'resampledPixelSpacing': None, 'interpolator': 'sitkBSpline', 'preCrop': False, 'padDistance': 5, 'distances': [1], 'force2D': False, 'force2Ddimension': 0, 'resegmentRange': None, 'label': 1, 'additionalInfo': True, 'binWidth': 25.0, 'symmetricalGLCM': True, 'correctMask': True}"
"diagnostics","Configuration","EnabledImageTypes","{'Original': {}, 'Wavelet': {}}"
"diagnostics","Image-original","Hash","1a01b7442da9281cb78ece4bf484b70c5e45b382"
"diagnostics","Image-original","Dimensionality","3D"
"diagnostics","Image-original","Spacing","(0.849609, 0.849609, 1.2499999999999996)"
"diagnostics","Image-original","Size","(512, 512, 365)"
"diagnostics","Image-original","Mean","-1058.5407324176945"
"diagnostics","Image-original","Minimum","-3024.0"
"diagnostics","Image-original","Maximum","3071.0"
"diagnostics","Mask-original","Hash","6e4a60873372df604d6eb0af9dddce573a1a1791"
"diagnostics","Mask-original","Spacing","(0.849609, 0.849609, 1.2499999999999996)"
"diagnostics","Mask-original","Size","(512, 512, 365)"
"diagnostics","Mask-original","BoundingBox","(93, 95, 131, 104, 99, 59)"
"diagnostics","Mask-original","VoxelNum","184645"
"diagnostics","Mask-original","VolumeNum","1"
"diagnostics","Mask-original","CenterOfMassIndex","(141.9519022990062, 146.32917219529367, 161.73205339976712)"
"diagnostics","Mask-original","CenterOfMass","(-96.89638623964366, -93.17741834032883, -167.58493325029104)"
"original","shape","Elongation","0.9129488174080408"
"original","shape","Flatness","0.5217896062025484"
"original","shape","LeastAxisLength","42.52807713428708"
"original","shape","MajorAxisLength","81.50426269276532"
"original","shape","Maximum2DDiameterColumn","94.04651454699635"
"original","shape","Maximum2DDiameterRow","90.01731593608031"
"original","shape","Maximum2DDiameterSlice","89.14418938308278"
"original","shape","Maximum3DDiameter","105.06804287709333"
"original","shape","MeshVolume","166483.1889625635"
"original","shape","MinorAxisLength","74.4092202390744"
"original","shape","Sphericity","0.6240085237835247"
"original","shape","SurfaceArea","23453.474666449954"
"original","shape","SurfaceVolumeRatio","0.140875933555813"
"original","shape","VoxelVolume","166604.13399651524"
"original","firstorder","10Percentile","-94.0"
"original","firstorder","90Percentile","56.0"
"original","firstorder","Energy","5897123639.0"
"original","firstorder","Entropy","3.3476127287024395"
"original","firstorder","InterquartileRange","47.0"
"original","firstorder","Kurtosis","82.69747716261318"
"original","firstorder","Maximum","3071.0"
"original","firstorder","MeanAbsoluteDeviation","73.84665358433263"
"original","firstorder","Mean","-6.479054401689729"
"original","firstorder","Median","16.0"
"original","firstorder","Minimum","-1024.0"
"original","firstorder","Range","4095.0"
"original","firstorder","RobustMeanAbsoluteDeviation","22.353065311920854"
"original","firstorder","RootMeanSquared","178.71102292942922"
"original","firstorder","Skewness","3.999409562977533"
"original","firstorder","TotalEnergy","5320941140.816017"
"original","firstorder","Uniformity","0.17765865519145002"
"original","firstorder","Variance","31895.65157054292"
"original","glcm","Autocorrelation","1752.015247013093"
"original","glcm","ClusterProminence","1800930.6209589536"
"original","glcm","ClusterShade","7059.255524555828"
"original","glcm","ClusterTendency","146.0519248497006"
"original","glcm","Contrast","39.704110971173904"
"original","glcm","Correlation","0.5697326010349838"
"original","glcm","DifferenceAverage","2.184003822268548"
"original","glcm","DifferenceEntropy","2.524542808465633"
"original","glcm","DifferenceVariance","34.738909053664024"
"original","glcm","Id","0.5815803002504585"
"original","glcm","Idm","0.5457657472467996"
"original","glcm","Idmn","0.9987328619746954"
"original","glcm","Idn","0.9878043955750336"
"original","glcm","Imc1","-0.17123986537394367"
"original","glcm","Imc2","0.7895993650636431"
"original","glcm","InverseVariance","0.4196744269341952"
"original","glcm","JointAverage","41.53821546255696"
"original","glcm","JointEnergy","0.054843119716523635"
"original","glcm","JointEntropy","5.930221679709711"
"original","glcm","MCC","0.7691465767972113"
"original","glcm","MaximumProbability","0.12958630419950648"
"original","glcm","SumAverage","83.07643092511401"
"original","glcm","SumEntropy","4.070768358366387"
"original","glcm","SumSquares","46.43900895521862"
"original","gldm","DependenceEntropy","7.137628121394792"
"original","gldm","DependenceNonUniformity","9802.576874543041"
"original","gldm","DependenceNonUniformityNormalized","0.053088775079439154"
"original","gldm","DependenceVariance","30.494994828018616"
"original","gldm","GrayLevelNonUniformity","32803.78238782529"
"original","gldm","GrayLevelVariance","51.06806248663388"
"original","gldm","HighGrayLevelEmphasis","1753.4432830566764"
"original","gldm","LargeDependenceEmphasis","111.95772969752768"
"original","gldm","LargeDependenceHighGrayLevelEmphasis","200734.10888461643"
"original","gldm","LargeDependenceLowGrayLevelEmphasis","0.06688731398139146"
"original","gldm","LowGrayLevelEmphasis","0.000995743058809544"
"original","gldm","SmallDependenceEmphasis","0.1067197245920057"
"original","gldm","SmallDependenceHighGrayLevelEmphasis","182.9579551869444"
"original","gldm","SmallDependenceLowGrayLevelEmphasis","0.00020828978321653556"
"original","glrlm","GrayLevelNonUniformity","17474.279005530356"
"original","glrlm","GrayLevelNonUniformityNormalized","0.1364929747578349"
"original","glrlm","GrayLevelVariance","69.79037914495623"
"original","glrlm","HighGrayLevelRunEmphasis","1738.3020543868047"
"original","glrlm","LongRunEmphasis","3.1465315904024562"
"original","glrlm","LongRunHighGrayLevelEmphasis","5580.612081800945"
"original","glrlm","LongRunLowGrayLevelEmphasis","0.002495818594881492"
"original","glrlm","LowGrayLevelRunEmphasis","0.0011500280559547872"
"original","glrlm","RunEntropy","4.921547367143886"
"original","glrlm","RunLengthNonUniformity","73877.97931635386"
"original","glrlm","RunLengthNonUniformityNormalized","0.572965501453224"
"original","glrlm","RunPercentage","0.6913203506937428"
"original","glrlm","RunVariance","0.9955889409114511"
"original","glrlm","ShortRunEmphasis","0.7834775309927592"
"original","glrlm","ShortRunHighGrayLevelEmphasis","1352.4980359620445"
"original","glrlm","ShortRunLowGrayLevelEmphasis","0.0009964443924463076"
"original","glszm","GrayLevelNonUniformity","552.8888166124593"
"original","glszm","GrayLevelNonUniformityNormalized","0.027665189722915155"
"original","glszm","GrayLevelVariance","285.7119342734471"
"original","glszm","HighGrayLevelZoneEmphasis","1676.891818864148"
"original","glszm","LargeAreaEmphasis","269471.58674005506"
"original","glszm","LargeAreaHighGrayLevelEmphasis","482469719.23767823"
"original","glszm","LargeAreaLowGrayLevelEmphasis","150.65588276056954"
"original","glszm","LowGrayLevelZoneEmphasis","0.0024005360336242583"
"original","glszm","SizeZoneNonUniformity","8732.127545659245"
"original","glszm","SizeZoneNonUniformityNormalized","0.43693407784134325"
"original","glszm","SmallAreaEmphasis","0.6875094417591601"
"original","glszm","SmallAreaHighGrayLevelEmphasis","1198.8931018475325"
"original","glszm","SmallAreaLowGrayLevelEmphasis","0.0014475453018932"
"original","glszm","ZoneEntropy","7.533756239257298"
"original","glszm","ZonePercentage","0.10823472068022422"
"original","glszm","ZoneVariance","269386.2243043554"
"original","ngtdm","Busyness","1.7041726561327832"
"original","ngtdm","Coarseness","4.632140570283315e-05"
"original","ngtdm","Complexity","23596.71930854749"
"original","ngtdm","Contrast","0.005748536781060144"
"original","ngtdm","Strength","4.686132151732449"
"wavelet-LLH","firstorder","10Percentile","-91.64816613612157"
"wavelet-LLH","firstorder","90Percentile","70.55257327147824"
"wavelet-LLH","firstorder","Energy","5620855456.95906"
"wavelet-LLH","firstorder","Entropy","3.6286152669004843"
"wavelet-LLH","firstorder","InterquartileRange","55.00044668795446"
"wavelet-LLH","firstorder","Kurtosis","95.23535535207179"
"wavelet-LLH","firstorder","Maximum","3557.5078919227985"
"wavelet-LLH","firstorder","MeanAbsoluteDeviation","69.36563070393538"
"wavelet-LLH","firstorder","Mean","-5.686070016998231"
"wavelet-LLH","firstorder","Median","-1.4241138963788256"
"wavelet-LLH","firstorder","Minimum","-4651.121341985652"
"wavelet-LLH","firstorder","Range","8208.62923390845"
"wavelet-LLH","firstorder","RobustMeanAbsoluteDeviation","25.52063031046895"
"wavelet-LLH","firstorder","RootMeanSquared","174.47468894141866"
"wavelet-LLH","firstorder","Skewness","-2.431457616595186"
"wavelet-LLH","firstorder","TotalEnergy","5071665930.440851"
"wavelet-LLH","firstorder","Uniformity","0.14151596876397915"
"wavelet-LLH","firstorder","Variance","30409.0856889666"
"wavelet-LLH","glcm","Autocorrelation","35080.975981633404"
"wavelet-LLH","glcm","ClusterProminence","1080827.925051473"
"wavelet-LLH","glcm","ClusterShade","-2578.6619805797873"
"wavelet-LLH","glcm","ClusterTendency","102.04598245016957"
"wavelet-LLH","glcm","Contrast","91.71496455119843"
"wavelet-LLH","glcm","Correlation","0.05327110041169729"
"wavelet-LLH","glcm","DifferenceAverage","3.429510979619278"
"wavelet-LLH","glcm","DifferenceEntropy","3.0487027319673388"
"wavelet-LLH","glcm","DifferenceVariance","78.7856394941767"
"wavelet-LLH","glcm","Id","0.4890268470874336"
"wavelet-LLH","glcm","Idm","0.434905326802818"
"wavelet-LLH","glcm","Idmn","0.9992243351396926"
"wavelet-LLH","glcm","Idn","0.9902928143403291"
"wavelet-LLH","glcm","Imc1","-0.1358010619097524"
"wavelet-LLH","glcm","Imc2","0.7348717311390338"
"wavelet-LLH","glcm","InverseVariance","0.3710119874257534"
"wavelet-LLH","glcm","JointAverage","187.29226664438107"
"wavelet-LLH","glcm","JointEnergy","0.034974338372382854"
"wavelet-LLH","glcm","JointEntropy","6.667265090393116"
"wavelet-LLH","glcm","MCC","0.6919703388014509"
"wavelet-LLH","glcm","MaximumProbability","0.08976125573281236"
"wavelet-LLH","glcm","SumAverage","374.5845332887623"
"wavelet-LLH","glcm","SumEntropy","4.138155837934272"
"wavelet-LLH","glcm","SumSquares","48.44023675034186"
"wavelet-LLH","gldm","DependenceEntropy","7.03136153154739"
"wavelet-LLH","gldm","DependenceNonUniformity","13215.362316878334"
"wavelet-LLH","gldm","DependenceNonUniformityNormalized","0.07157173125120277"
"wavelet-LLH","gldm","DependenceVariance","20.87161373231905"
"wavelet-LLH","gldm","GrayLevelNonUniformity","26130.216052424923"
"wavelet-LLH","gldm","GrayLevelVariance","48.74770056315579"
"wavelet-LLH","gldm","HighGrayLevelEmphasis","35119.67658479785"
"wavelet-LLH","gldm","LargeDependenceEmphasis","66.63841967017791"
"wavelet-LLH","gldm","LargeDependenceHighGrayLevelEmphasis","2342486.58221452"
"wavelet-LLH","gldm","LargeDependenceLowGrayLevelEmphasis","0.0019017240141315597"
"wavelet-LLH","gldm","LowGrayLevelEmphasis","3.414357406987077e-05"
"wavelet-LLH","gldm","SmallDependenceEmphasis","0.14765374346775617"
"wavelet-LLH","gldm","SmallDependenceHighGrayLevelEmphasis","5188.607309144509"
"wavelet-LLH","gldm","SmallDependenceLowGrayLevelEmphasis","9.840019664587701e-06"
"wavelet-LLH","glrlm","GrayLevelNonUniformity","16586.78307474653"
"wavelet-LLH","glrlm","GrayLevelNonUniformityNormalized","0.11482408154096943"
"wavelet-LLH","glrlm","GrayLevelVariance","62.405782308505316"
"wavelet-LLH","glrlm","HighGrayLevelRunEmphasis","35112.91475211215"
"wavelet-LLH","glrlm","LongRunEmphasis","2.3133732488734093"
"wavelet-LLH","glrlm","LongRunHighGrayLevelEmphasis","81275.42412121786"
"wavelet-LLH","glrlm","LongRunLowGrayLevelEmphasis","7.324536696131434e-05"
"wavelet-LLH","glrlm","LowGrayLevelRunEmphasis","3.586560547106954e-05"
"wavelet-LLH","glrlm","RunEntropy","4.78348319949834"
"wavelet-LLH","glrlm","RunLengthNonUniformity","98375.76436443276"
"wavelet-LLH","glrlm","RunLengthNonUniformityNormalized","0.6735919425781162"
"wavelet-LLH","glrlm","RunPercentage","0.7782647366984878"
"wavelet-LLH","glrlm","RunVariance","0.5869248790708027"
"wavelet-LLH","glrlm","ShortRunEmphasis","0.8435174504260614"
"wavelet-LLH","glrlm","ShortRunHighGrayLevelEmphasis","29614.870533451496"
"wavelet-LLH","glrlm","ShortRunLowGrayLevelEmphasis","3.140939255769134e-05"
"wavelet-LLH","glszm","GrayLevelNonUniformity","944.3922206506365"
"wavelet-LLH","glszm","GrayLevelNonUniformityNormalized","0.033394350093728306"
"wavelet-LLH","glszm","GrayLevelVariance","270.0177804647003"
"wavelet-LLH","glszm","HighGrayLevelZoneEmphasis","35134.32864214993"
"wavelet-LLH","glszm","LargeAreaEmphasis","130729.26000707214"
"wavelet-LLH","glszm","LargeAreaHighGrayLevelEmphasis","4594825839.57203"
"wavelet-LLH","glszm","LargeAreaLowGrayLevelEmphasis","3.719629069470374"
"wavelet-LLH","glszm","LowGrayLevelZoneEmphasis","6.531701260358018e-05"
"wavelet-LLH","glszm","SizeZoneNonUniformity","11653.892362093353"
"wavelet-LLH","glszm","SizeZoneNonUniformityNormalized","0.41208954604290493"
"wavelet-LLH","glszm","SmallAreaEmphasis","0.6675051701979463"
"wavelet-LLH","glszm","SmallAreaHighGrayLevelEmphasis","23478.36673119928"
"wavelet-LLH","glszm","SmallAreaLowGrayLevelEmphasis","5.576049734118699e-05"
"wavelet-LLH","glszm","ZoneEntropy","7.484394031620251"
"wavelet-LLH","glszm","ZonePercentage","0.15315876411492324"
"wavelet-LLH","glszm","ZoneVariance","130686.6299127524"
"wavelet-LLH","ngtdm","Busyness","0.2679362640074611"
"wavelet-LLH","ngtdm","Coarseness","4.222187498380636e-05"
"wavelet-LLH","ngtdm","Complexity","77067.52288852693"
"wavelet-LLH","ngtdm","Contrast","0.004197414678016855"
"wavelet-LLH","ngtdm","Strength","5.894947523803904"
"wavelet-LHL","firstorder","10Percentile","-41.509067958156976"
"wavelet-LHL","firstorder","90Percentile","28.08224898924596"
"wavelet-LHL","firstorder","Energy","2012357144.7348168"
"wavelet-LHL","firstorder","Entropy","2.602801835160973"
"wavelet-LHL","firstorder","InterquartileRange","28.30570716391137"
"wavelet-LHL","firstorder","Kurtosis","185.17747438764158"
"wavelet-LHL","firstorder","Maximum","2744.1655278362464"
"wavelet-LHL","firstorder","MeanAbsoluteDeviation","34.95952547228734"
"wavelet-LHL","firstorder","Mean","-4.490358890760605"
"wavelet-LHL","firstorder","Median","-1.7782406013968965"
"wavelet-LHL","firstorder","Minimum","-3683.20016066257"
"wavelet-LHL","firstorder","Range","6427.365688498816"
"wavelet-LHL","firstorder","RobustMeanAbsoluteDeviation","12.396900961832841"
"wavelet-LHL","firstorder","RootMeanSquared","104.39597484162726"
"wavelet-LHL","firstorder","Skewness","-4.391660143119445"
"wavelet-LHL","firstorder","TotalEnergy","1815738413.6599648"
"wavelet-LHL","firstorder","Uniformity","0.2685828449241125"
"wavelet-LHL","firstorder","Variance","10878.35624016584"
"wavelet-LHL","glcm","Autocorrelation","22003.42928880665"
"wavelet-LHL","glcm","ClusterProminence","351853.9467541561"
"wavelet-LHL","glcm","ClusterShade","-1405.0934193736964"
"wavelet-LHL","glcm","ClusterTendency","44.14439459547665"
"wavelet-LHL","glcm","Contrast","26.16329379780806"
"wavelet-LHL","glcm","Correlation","0.254865426325386"
"wavelet-LHL","glcm","DifferenceAverage","1.6299427004603173"
"wavelet-LHL","glcm","DifferenceEntropy","2.1970523239321746"
"wavelet-LHL","glcm","DifferenceVariance","23.403264506216114"
"wavelet-LHL","glcm","Id","0.6162123364791978"
"wavelet-LHL","glcm","Idm","0.5865013039774355"
"wavelet-LHL","glcm","Idmn","0.9996352492725111"
"wavelet-LHL","glcm","Idn","0.9940055984962826"
"wavelet-LHL","glcm","Imc1","-0.12096033395622381"
"wavelet-LHL","glcm","Imc2","0.6567193967735876"
"wavelet-LHL","glcm","InverseVariance","0.4492350115309245"
"wavelet-LHL","glcm","JointAverage","148.32037614955678"
"wavelet-LHL","glcm","JointEnergy","0.1002556758668088"
"wavelet-LHL","glcm","JointEntropy","4.763404173341662"
"wavelet-LHL","glcm","MCC","0.6954177215004815"
"wavelet-LHL","glcm","MaximumProbability","0.17144238167535147"
"wavelet-LHL","glcm","SumAverage","296.64075229911356"
"wavelet-LHL","glcm","SumEntropy","3.1802482703776493"
"wavelet-LHL","glcm","SumSquares","17.57692209832114"
"wavelet-LHL","gldm","DependenceEntropy","6.193392400008449"
"wavelet-LHL","gldm","DependenceNonUniformity","10587.056042676488"
"wavelet-LHL","gldm","DependenceNonUniformityNormalized","0.057337355697021246"
"wavelet-LHL","gldm","DependenceVariance","25.981194756030256"
"wavelet-LHL","gldm","GrayLevelNonUniformity","49592.47940101275"
"wavelet-LHL","gldm","GrayLevelVariance","17.492661348707266"
"wavelet-LHL","gldm","HighGrayLevelEmphasis","22015.904752362643"
"wavelet-LHL","gldm","LargeDependenceEmphasis","119.84674916732108"
"wavelet-LHL","gldm","LargeDependenceHighGrayLevelEmphasis","2641202.2998781446"
"wavelet-LHL","gldm","LargeDependenceLowGrayLevelEmphasis","0.005444389820202485"
"wavelet-LHL","gldm","LowGrayLevelEmphasis","5.1101601160506145e-05"
"wavelet-LHL","gldm","SmallDependenceEmphasis","0.08205045008043457"
"wavelet-LHL","gldm","SmallDependenceHighGrayLevelEmphasis","1811.0786856741922"
"wavelet-LHL","gldm","SmallDependenceLowGrayLevelEmphasis","9.358672286021158e-06"
"wavelet-LHL","glrlm","GrayLevelNonUniformity","25993.87097327625"
"wavelet-LHL","glrlm","GrayLevelNonUniformityNormalized","0.21037833573280695"
"wavelet-LHL","glrlm","GrayLevelVariance","25.972060468604965"
"wavelet-LHL","glrlm","HighGrayLevelRunEmphasis","22007.91103949085"
"wavelet-LHL","glrlm","LongRunEmphasis","3.4104580561684545"
"wavelet-LHL","glrlm","LongRunHighGrayLevelEmphasis","75122.09445620206"
"wavelet-LHL","glrlm","LongRunLowGrayLevelEmphasis","0.0001634798921694302"
"wavelet-LHL","glrlm","LowGrayLevelRunEmphasis","5.406796419625197e-05"
"wavelet-LHL","glrlm","RunEntropy","4.251863312845027"
"wavelet-LHL","glrlm","RunLengthNonUniformity","65981.5949218745"
"wavelet-LHL","glrlm","RunLengthNonUniformityNormalized","0.5300669711104041"
"wavelet-LHL","glrlm","RunPercentage","0.6658298564605262"
"wavelet-LHL","glrlm","RunVariance","1.0660602850272145"
"wavelet-LHL","glrlm","ShortRunEmphasis","0.7536681195985633"
"wavelet-LHL","glrlm","ShortRunHighGrayLevelEmphasis","16582.096170411343"
"wavelet-LHL","glrlm","ShortRunLowGrayLevelEmphasis","4.28808129658074e-05"
"wavelet-LHL","glszm","GrayLevelNonUniformity","923.988582602662"
"wavelet-LHL","glszm","GrayLevelNonUniformityNormalized","0.058284777808784584"
"wavelet-LHL","glszm","GrayLevelVariance","166.6889322029162"
"wavelet-LHL","glszm","HighGrayLevelZoneEmphasis","22077.485901722073"
"wavelet-LHL","glszm","LargeAreaEmphasis","541455.3675014193"
"wavelet-LHL","glszm","LargeAreaHighGrayLevelEmphasis","11935281304.641329"
"wavelet-LHL","glszm","LargeAreaLowGrayLevelEmphasis","24.56483084657245"
"wavelet-LHL","glszm","LowGrayLevelZoneEmphasis","0.00011110032125706236"
"wavelet-LHL","glszm","SizeZoneNonUniformity","5709.334826215858"
"wavelet-LHL","glszm","SizeZoneNonUniformityNormalized","0.36014223340792645"
"wavelet-LHL","glszm","SmallAreaEmphasis","0.6226718497418882"
"wavelet-LHL","glszm","SmallAreaHighGrayLevelEmphasis","13783.412394481607"
"wavelet-LHL","glszm","SmallAreaLowGrayLevelEmphasis","9.377407833621218e-05"
"wavelet-LHL","glszm","ZoneEntropy","7.088421841333623"
"wavelet-LHL","glszm","ZonePercentage","0.08585664383005226"
"wavelet-LHL","glszm","ZoneVariance","541319.7073852791"
"wavelet-LHL","ngtdm","Busyness","0.499179230782978"
"wavelet-LHL","ngtdm","Coarseness","3.6251487071825664e-05"
"wavelet-LHL","ngtdm","Complexity","21488.258361951463"
"wavelet-LHL","ngtdm","Contrast","0.0011222376985281788"
"wavelet-LHL","ngtdm","Strength","6.357926863532957"
"wavelet-LHH","firstorder","10Percentile","-23.394715358357878"
"wavelet-LHH","firstorder","90Percentile","23.54566099085205"
"wavelet-LHH","firstorder","Energy","843103276.109367"
"wavelet-LHH","firstorder","Entropy","2.1056560011357965"
"wavelet-LHH","firstorder","InterquartileRange","20.504792477151433"
"wavelet-LHH","firstorder","Kurtosis","183.6984837480109"
"wavelet-LHH","firstorder","Maximum","2173.066726393106"
"wavelet-LHH","firstorder","MeanAbsoluteDeviation","22.46425591116279"
"wavelet-LHH","firstorder","Mean","0.220765417513015"
"wavelet-LHH","firstorder","Median","-0.2565944382647217"
"wavelet-LHH","firstorder","Minimum","-2164.4401963968003"
"wavelet-LHH","firstorder","Range","4337.506922789906"
"wavelet-LHH","firstorder","RobustMeanAbsoluteDeviation","8.83071408097759"
"wavelet-LHH","firstorder","RootMeanSquared","67.57275292169935"
"wavelet-LHH","firstorder","Skewness","1.1012970429129405"
"wavelet-LHH","firstorder","TotalEnergy","760727293.9198242"
"wavelet-LHH","firstorder","Uniformity","0.3396106867866361"
"wavelet-LHH","firstorder","Variance","4566.02820004746"
"wavelet-LHH","glcm","Autocorrelation","7657.122770732103"
"wavelet-LHH","glcm","ClusterProminence","40637.82125561499"
"wavelet-LHH","glcm","ClusterShade","63.819071027320675"
"wavelet-LHH","glcm","ClusterTendency","14.811911043756824"
"wavelet-LHH","glcm","Contrast","15.02565436114679"
"wavelet-LHH","glcm","Correlation","-0.00722611357407053"
"wavelet-LHH","glcm","DifferenceAverage","1.2682968086825719"
"wavelet-LHH","glcm","DifferenceEntropy","1.9161236930908578"
"wavelet-LHH","glcm","DifferenceVariance","13.374222927747772"
"wavelet-LHH","glcm","Id","0.6522197168295527"
"wavelet-LHH","glcm","Idm","0.631300732314809"
"wavelet-LHH","glcm","Idmn","0.9995422200620373"
"wavelet-LHH","glcm","Idn","0.9931146258528426"
"wavelet-LHH","glcm","Imc1","-0.09731683354088738"
"wavelet-LHH","glcm","Imc2","0.5582531003180244"
"wavelet-LHH","glcm","InverseVariance","0.47443008232121947"
"wavelet-LHH","glcm","JointAverage","87.50529244513388"
"wavelet-LHH","glcm","JointEnergy","0.1434918189310797"
"wavelet-LHH","glcm","JointEntropy","3.910785589005005"
"wavelet-LHH","glcm","MCC","0.6489774687528456"
"wavelet-LHH","glcm","MaximumProbability","0.20897891976664257"
"wavelet-LHH","glcm","SumAverage","175.01058489026758"
"wavelet-LHH","glcm","SumEntropy","2.5652153333244376"
"wavelet-LHH","glcm","SumSquares","7.459391351225885"
"wavelet-LHH","gldm","DependenceEntropy","5.538010353873979"
"wavelet-LHH","gldm","DependenceNonUniformity","13601.035776760811"
"wavelet-LHH","gldm","DependenceNonUniformityNormalized","0.07366046075854105"
"wavelet-LHH","gldm","DependenceVariance","21.15989010489782"
"wavelet-LHH","gldm","GrayLevelNonUniformity","62707.41526171843"
"wavelet-LHH","gldm","GrayLevelVariance","7.406864884981598"
"wavelet-LHH","gldm","HighGrayLevelEmphasis","7664.988058165669"
"wavelet-LHH","gldm","LargeDependenceEmphasis","132.84212949172738"
"wavelet-LHH","gldm","LargeDependenceHighGrayLevelEmphasis","1016583.9264426332"
"wavelet-LHH","gldm","LargeDependenceLowGrayLevelEmphasis","0.017368863374235807"
"wavelet-LHH","gldm","LowGrayLevelEmphasis","0.00013711533065673538"
"wavelet-LHH","gldm","SmallDependenceEmphasis","0.06453606557557752"
"wavelet-LHH","gldm","SmallDependenceHighGrayLevelEmphasis","500.83542270710325"
"wavelet-LHH","gldm","SmallDependenceLowGrayLevelEmphasis","1.4851522376712056e-05"
"wavelet-LHH","glrlm","GrayLevelNonUniformity","32912.40846822351"
"wavelet-LHH","glrlm","GrayLevelNonUniformityNormalized","0.2807396266834679"
"wavelet-LHH","glrlm","GrayLevelVariance","11.584231445719722"
"wavelet-LHH","glrlm","HighGrayLevelRunEmphasis","7671.696651893754"
"wavelet-LHH","glrlm","LongRunEmphasis","3.898103507025859"
"wavelet-LHH","glrlm","LongRunHighGrayLevelEmphasis","29851.02696977862"
"wavelet-LHH","glrlm","LongRunLowGrayLevelEmphasis","0.0005198034037270329"
"wavelet-LHH","glrlm","LowGrayLevelRunEmphasis","0.0001410263042616559"
"wavelet-LHH","glrlm","RunEntropy","3.8544607092560548"
"wavelet-LHH","glrlm","RunLengthNonUniformity","57279.37729780171"
"wavelet-LHH","glrlm","RunLengthNonUniformityNormalized","0.48425450551430094"
"wavelet-LHH","glrlm","RunPercentage","0.6320006998877263"
"wavelet-LHH","glrlm","RunVariance","1.2521183419714548"
"wavelet-LHH","glrlm","ShortRunEmphasis","0.7186229227793175"
"wavelet-LHH","glrlm","ShortRunHighGrayLevelEmphasis","5517.733671595199"
"wavelet-LHH","glrlm","ShortRunLowGrayLevelEmphasis","0.00010425556888642597"
"wavelet-LHH","glszm","GrayLevelNonUniformity","967.3068143100511"
"wavelet-LHH","glszm","GrayLevelNonUniformityNormalized","0.08239410684071985"
"wavelet-LHH","glszm","GrayLevelVariance","96.39140098935192"
"wavelet-LHH","glszm","HighGrayLevelZoneEmphasis","7772.166183986372"
"wavelet-LHH","glszm","LargeAreaEmphasis","960612.6791311755"
"wavelet-LHH","glszm","LargeAreaHighGrayLevelEmphasis","7351429471.587223"
"wavelet-LHH","glszm","LargeAreaLowGrayLevelEmphasis","125.53993353467197"
"wavelet-LHH","glszm","LowGrayLevelZoneEmphasis","0.00023179506014224652"
"wavelet-LHH","glszm","SizeZoneNonUniformity","4693.876149914821"
"wavelet-LHH","glszm","SizeZoneNonUniformityNormalized","0.399819092837719"
"wavelet-LHH","glszm","SmallAreaEmphasis","0.6564035923274237"
"wavelet-LHH","glszm","SmallAreaHighGrayLevelEmphasis","5122.240568207532"
"wavelet-LHH","glszm","SmallAreaLowGrayLevelEmphasis","0.000186658369676406"
"wavelet-LHH","glszm","ZoneEntropy","6.4577705131493905"
"wavelet-LHH","glszm","ZonePercentage","0.06358146713964635"
"wavelet-LHH","glszm","ZoneVariance","960365.313755699"
"wavelet-LHH","ngtdm","Busyness","1.5043825203962948"
"wavelet-LHH","ngtdm","Coarseness","2.991991320816012e-05"
"wavelet-LHH","ngtdm","Complexity","8583.421357104233"
"wavelet-LHH","ngtdm","Contrast","0.0008901062212371892"
"wavelet-LHH","ngtdm","Strength","2.220232903907745"
"wavelet-HLL","firstorder","10Percentile","-30.604398140570623"
"wavelet-HLL","firstorder","90Percentile","24.83786751359557"
"wavelet-HLL","firstorder","Energy","1666878987.18224"
"wavelet-HLL","firstorder","Entropy","2.3636516009232142"
"wavelet-HLL","firstorder","InterquartileRange","22.343596663223295"
"wavelet-HLL","firstorder","Kurtosis","211.76680441439208"
"wavelet-HLL","firstorder","Maximum","2738.382802969152"
"wavelet-HLL","firstorder","MeanAbsoluteDeviation","29.424966334144376"
"wavelet-HLL","firstorder","Mean","-1.70556350402067"
"wavelet-HLL","firstorder","Median","-0.871260021463719"
"wavelet-HLL","firstorder","Minimum","-3286.7001291162396"
"wavelet-HLL","firstorder","Range","6025.082932085392"
"wavelet-HLL","firstorder","RobustMeanAbsoluteDeviation","9.809307113176247"
"wavelet-HLL","firstorder","RootMeanSquared","95.01305009858918"
"wavelet-HLL","firstorder","Skewness","-3.5718622199983088"
"wavelet-HLL","firstorder","TotalEnergy","1504015435.7631428"
"wavelet-HLL","firstorder","Uniformity","0.30946021864118234"
"wavelet-HLL","firstorder","Variance","9024.57074217077"
"wavelet-HLL","glcm","Autocorrelation","17543.15380035852"
"wavelet-HLL","glcm","ClusterProminence","281586.64937842195"
"wavelet-HLL","glcm","ClusterShade","-838.9517747380853"
"wavelet-HLL","glcm","ClusterTendency","36.973616190775175"
"wavelet-HLL","glcm","Contrast","20.81940717762052"
"wavelet-HLL","glcm","Correlation","0.27962952752934883"
"wavelet-HLL","glcm","DifferenceAverage","1.385017146423337"
"wavelet-HLL","glcm","DifferenceEntropy","2.0138994730641566"
"wavelet-HLL","glcm","DifferenceVariance","18.83863307088338"
"wavelet-HLL","glcm","Id","0.6535801689892667"
"wavelet-HLL","glcm","Idm","0.6310880877527549"
"wavelet-HLL","glcm","Idmn","0.9996718308204815"
"wavelet-HLL","glcm","Idn","0.9945678083594184"
"wavelet-HLL","glcm","Imc1","-0.12384775951764514"
"wavelet-HLL","glcm","Imc2","0.6429627791448542"
"wavelet-HLL","glcm","InverseVariance","0.4476037299491138"
"wavelet-HLL","glcm","JointAverage","132.43532476041023"
"wavelet-HLL","glcm","JointEnergy","0.12911123514414574"
"wavelet-HLL","glcm","JointEntropy","4.3038539717708995"
"wavelet-HLL","glcm","MCC","0.7001653046497093"
"wavelet-HLL","glcm","MaximumProbability","0.19743665966152335"
"wavelet-HLL","glcm","SumAverage","264.8706495208205"
"wavelet-HLL","glcm","SumEntropy","2.9472930158567108"
"wavelet-HLL","glcm","SumSquares","14.448255842098918"
"wavelet-HLL","gldm","DependenceEntropy","6.043637516286812"
"wavelet-HLL","gldm","DependenceNonUniformity","10633.668786048906"
"wavelet-HLL","gldm","DependenceNonUniformityNormalized","0.05758980089387151"
"wavelet-HLL","gldm","DependenceVariance","27.79677835863885"
"wavelet-HLL","gldm","GrayLevelNonUniformity","57140.28207100111"
"wavelet-HLL","gldm","GrayLevelVariance","14.533937881819003"
"wavelet-HLL","gldm","HighGrayLevelEmphasis","17552.700224755612"
"wavelet-HLL","gldm","LargeDependenceEmphasis","146.29134284708493"
"wavelet-HLL","gldm","LargeDependenceHighGrayLevelEmphasis","2567152.245471039"
"wavelet-HLL","gldm","LargeDependenceLowGrayLevelEmphasis","0.008343274249670615"
"wavelet-HLL","gldm","LowGrayLevelEmphasis","6.287931917254059e-05"
"wavelet-HLL","gldm","SmallDependenceEmphasis","0.06897295684240727"
"wavelet-HLL","gldm","SmallDependenceHighGrayLevelEmphasis","1219.7802495000751"
"wavelet-HLL","gldm","SmallDependenceLowGrayLevelEmphasis","9.76614753355977e-06"
"wavelet-HLL","glrlm","GrayLevelNonUniformity","27818.911420274228"
"wavelet-HLL","glrlm","GrayLevelNonUniformityNormalized","0.24177636729991875"
"wavelet-HLL","glrlm","GrayLevelVariance","23.19918396459736"
"wavelet-HLL","glrlm","HighGrayLevelRunEmphasis","17556.332671925233"
"wavelet-HLL","glrlm","LongRunEmphasis","4.058879206629273"
"wavelet-HLL","glrlm","LongRunHighGrayLevelEmphasis","71231.57222730902"
"wavelet-HLL","glrlm","LongRunLowGrayLevelEmphasis","0.00024094588327484208"
"wavelet-HLL","glrlm","LowGrayLevelRunEmphasis","6.659831506931583e-05"
"wavelet-HLL","glrlm","RunEntropy","4.221535546395549"
"wavelet-HLL","glrlm","RunLengthNonUniformity","55546.33447619551"
"wavelet-HLL","glrlm","RunLengthNonUniformityNormalized","0.4794507484499354"
"wavelet-HLL","glrlm","RunPercentage","0.6197876590630252"
"wavelet-HLL","glrlm","RunVariance","1.3569661764712877"
"wavelet-HLL","glrlm","ShortRunEmphasis","0.7161292380078221"
"wavelet-HLL","glrlm","ShortRunHighGrayLevelEmphasis","12575.4960725777"
"wavelet-HLL","glrlm","ShortRunLowGrayLevelEmphasis","5.041519433755681e-05"
"wavelet-HLL","glszm","GrayLevelNonUniformity","773.3976067858225"
"wavelet-HLL","glszm","GrayLevelNonUniformityNormalized","0.058572978399410974"
"wavelet-HLL","glszm","GrayLevelVariance","170.4387149258746"
"wavelet-HLL","glszm","HighGrayLevelZoneEmphasis","17693.910178733717"
"wavelet-HLL","glszm","LargeAreaEmphasis","771782.4500908816"
"wavelet-HLL","glszm","LargeAreaHighGrayLevelEmphasis","13544357222.99417"
"wavelet-HLL","glszm","LargeAreaLowGrayLevelEmphasis","43.98017545727127"
"wavelet-HLL","glszm","LowGrayLevelZoneEmphasis","0.00013866730110947953"
"wavelet-HLL","glszm","SizeZoneNonUniformity","4929.450772493184"
"wavelet-HLL","glszm","SizeZoneNonUniformityNormalized","0.3733301100040279"
"wavelet-HLL","glszm","SmallAreaEmphasis","0.6345422126032578"
"wavelet-HLL","glszm","SmallAreaHighGrayLevelEmphasis","11271.17138930319"
"wavelet-HLL","glszm","SmallAreaLowGrayLevelEmphasis","0.00011767361888623418"
"wavelet-HLL","glszm","ZoneEntropy","7.035132658421173"
"wavelet-HLL","glszm","ZonePercentage","0.07151019523951366"
"wavelet-HLL","glszm","ZoneVariance","771586.8972756907"
"wavelet-HLL","ngtdm","Busyness","0.5984624984976876"
"wavelet-HLL","ngtdm","Coarseness","3.4859278569928057e-05"
"wavelet-HLL","ngtdm","Complexity","17304.16034639969"
"wavelet-HLL","ngtdm","Contrast","0.0008495548104944445"
"wavelet-HLL","ngtdm","Strength","6.779961329616306"
"wavelet-HLH","firstorder","10Percentile","-18.914596047603872"
"wavelet-HLH","firstorder","90Percentile","19.003238416945727"
"wavelet-HLH","firstorder","Energy","746029630.0377"
"wavelet-HLH","firstorder","Entropy","1.9047250201201142"
"wavelet-HLH","firstorder","InterquartileRange","16.232539526252104"
"wavelet-HLH","firstorder","Kurtosis","236.60852263843603"
"wavelet-HLH","firstorder","Maximum","2288.918591833259"
"wavelet-HLH","firstorder","MeanAbsoluteDeviation","18.849214905351733"
"wavelet-HLH","firstorder","Mean","-0.02495234764975274"
"wavelet-HLH","firstorder","Median","-0.07882867133510257"
"wavelet-HLH","firstorder","Minimum","-1926.6407959558871"
"wavelet-HLH","firstorder","Range","4215.559387789146"
"wavelet-HLH","firstorder","RobustMeanAbsoluteDeviation","7.025696712172642"
"wavelet-HLH","firstorder","RootMeanSquared","63.56371363115131"
"wavelet-HLH","firstorder","Skewness","1.2959246016539232"
"wavelet-HLH","firstorder","TotalEnergy","673138294.8261348"
"wavelet-HLH","firstorder","Uniformity","0.3728565646022484"
"wavelet-HLH","firstorder","Variance","4040.3450679633584"
"wavelet-HLH","glcm","Autocorrelation","6162.05298811607"
"wavelet-HLH","glcm","ClusterProminence","38770.30308433319"
"wavelet-HLH","glcm","ClusterShade","59.326459958372666"
"wavelet-HLH","glcm","ClusterTendency","12.988187154529658"
"wavelet-HLH","glcm","Contrast","13.434338376883188"
"wavelet-HLH","glcm","Correlation","-0.016592405565887324"
"wavelet-HLH","glcm","DifferenceAverage","1.1294606222583536"
"wavelet-HLH","glcm","DifferenceEntropy","1.7659775721233812"
"wavelet-HLH","glcm","DifferenceVariance","12.129589062810409"
"wavelet-HLH","glcm","Id","0.674137750074261"
"wavelet-HLH","glcm","Idm","0.658101271202402"
"wavelet-HLH","glcm","Idmn","0.9995756059673453"
"wavelet-HLH","glcm","Idn","0.9937298798136246"
"wavelet-HLH","glcm","Imc1","-0.09710782823053592"
"wavelet-HLH","glcm","Imc2","0.5406080265551816"
"wavelet-HLH","glcm","InverseVariance","0.4805618061692926"
"wavelet-HLH","glcm","JointAverage","78.49945557702144"
"wavelet-HLH","glcm","JointEnergy","0.16498506883331385"
"wavelet-HLH","glcm","JointEntropy","3.559682891594742"
"wavelet-HLH","glcm","MCC","0.6693505001271683"
"wavelet-HLH","glcm","MaximumProbability","0.21919986685125192"
"wavelet-HLH","glcm","SumAverage","156.99891115404276"
"wavelet-HLH","glcm","SumEntropy","2.3729457197430253"
"wavelet-HLH","glcm","SumSquares","6.605631382853205"
"wavelet-HLH","gldm","DependenceEntropy","5.33508387908596"
"wavelet-HLH","gldm","DependenceNonUniformity","14850.373002247556"
"wavelet-HLH","gldm","DependenceNonUniformityNormalized","0.08042661865876442"
"wavelet-HLH","gldm","DependenceVariance","19.127078872865912"
"wavelet-HLH","gldm","GrayLevelNonUniformity","68846.10037098215"
"wavelet-HLH","gldm","GrayLevelVariance","6.57488199023857"
"wavelet-HLH","gldm","HighGrayLevelEmphasis","6168.676508976685"
"wavelet-HLH","gldm","LargeDependenceEmphasis","144.61136234395732"
"wavelet-HLH","gldm","LargeDependenceHighGrayLevelEmphasis","890906.7752931301"
"wavelet-HLH","gldm","LargeDependenceLowGrayLevelEmphasis","0.023485895414323006"
"wavelet-HLH","gldm","LowGrayLevelEmphasis","0.00017010824687018828"
"wavelet-HLH","gldm","SmallDependenceEmphasis","0.05165988221881988"
"wavelet-HLH","gldm","SmallDependenceHighGrayLevelEmphasis","323.97607991453214"
"wavelet-HLH","gldm","SmallDependenceLowGrayLevelEmphasis","1.6097197904322645e-05"
"wavelet-HLH","glrlm","GrayLevelNonUniformity","35753.64647869057"
"wavelet-HLH","glrlm","GrayLevelNonUniformityNormalized","0.3176232861519142"
"wavelet-HLH","glrlm","GrayLevelVariance","10.680607914886426"
"wavelet-HLH","glrlm","HighGrayLevelRunEmphasis","6173.5398022712525"
"wavelet-HLH","glrlm","LongRunEmphasis","4.161988624727202"
"wavelet-HLH","glrlm","LongRunHighGrayLevelEmphasis","25654.202126292068"
"wavelet-HLH","glrlm","LongRunLowGrayLevelEmphasis","0.0006886686631484674"
"wavelet-HLH","glrlm","LowGrayLevelRunEmphasis","0.00017530196529549742"
"wavelet-HLH","glrlm","RunEntropy","3.7368746279511615"
"wavelet-HLH","glrlm","RunLengthNonUniformity","51657.08708372786"
"wavelet-HLH","glrlm","RunLengthNonUniformityNormalized","0.4543405604857558"
"wavelet-HLH","glrlm","RunPercentage","0.6076162782220351"
"wavelet-HLH","glrlm","RunVariance","1.3230174442966138"
"wavelet-HLH","glrlm","ShortRunEmphasis","0.6933298733629051"
"wavelet-HLH","glrlm","ShortRunHighGrayLevelEmphasis","4283.839620113622"
"wavelet-HLH","glrlm","ShortRunLowGrayLevelEmphasis","0.00012551520300241005"
"wavelet-HLH","glszm","GrayLevelNonUniformity","672.1622743075026"
"wavelet-HLH","glszm","GrayLevelNonUniformityNormalized","0.0753798670301113"
"wavelet-HLH","glszm","GrayLevelVariance","116.22239876103609"
"wavelet-HLH","glszm","HighGrayLevelZoneEmphasis","6280.893574071997"
"wavelet-HLH","glszm","LargeAreaEmphasis","1405387.3166984413"
"wavelet-HLH","glszm","LargeAreaHighGrayLevelEmphasis","8658731888.073792"
"wavelet-HLH","glszm","LargeAreaLowGrayLevelEmphasis","228.1437733722501"
"wavelet-HLH","glszm","LowGrayLevelZoneEmphasis","0.00032248476934029947"
"wavelet-HLH","glszm","SizeZoneNonUniformity","3866.2712795783336"
"wavelet-HLH","glszm","SizeZoneNonUniformityNormalized","0.4335843085766887"
"wavelet-HLH","glszm","SmallAreaEmphasis","0.6849229341748055"
"wavelet-HLH","glszm","SmallAreaHighGrayLevelEmphasis","4333.8703930585"
"wavelet-HLH","glszm","SmallAreaLowGrayLevelEmphasis","0.0002706071113473481"
"wavelet-HLH","glszm","ZoneEntropy","6.496482540271444"
"wavelet-HLH","glszm","ZonePercentage","0.04829266971756614"
"wavelet-HLH","glszm","ZoneVariance","1404958.5336866076"
"wavelet-HLH","ngtdm","Busyness","1.6611423231053681"
"wavelet-HLH","ngtdm","Coarseness","2.791634211421263e-05"
"wavelet-HLH","ngtdm","Complexity","9031.838569385558"
"wavelet-HLH","ngtdm","Contrast","0.0006184195782852288"
"wavelet-HLH","ngtdm","Strength","3.0137487096569244"
"wavelet-HHL","firstorder","10Percentile","-13.685619691103735"
"wavelet-HHL","firstorder","90Percentile","13.77803193071393"
"wavelet-HHL","firstorder","Energy","225993573.57797828"
"wavelet-HHL","firstorder","Entropy","1.5787384219185823"
"wavelet-HHL","firstorder","InterquartileRange","12.655584568182867"
"wavelet-HHL","firstorder","Kurtosis","214.93298272324114"
"wavelet-HHL","firstorder","Maximum","1215.8088680577891"
"wavelet-HHL","firstorder","MeanAbsoluteDeviation","12.303424459697654"
"wavelet-HHL","firstorder","Mean","0.06179749212044099"
"wavelet-HHL","firstorder","Median","-0.058605700891772194"
"wavelet-HHL","firstorder","Minimum","-1164.6032129954951"
"wavelet-HHL","firstorder","Range","2380.412081053284"
"wavelet-HHL","firstorder","RobustMeanAbsoluteDeviation","5.403057132260813"
"wavelet-HHL","firstorder","RootMeanSquared","34.98478979820842"
"wavelet-HHL","firstorder","Skewness","0.9014996395161298"
"wavelet-HHL","firstorder","TotalEnergy","203912716.91481933"
"wavelet-HHL","firstorder","Uniformity","0.4225113827355824"
"wavelet-HHL","firstorder","Variance","1223.9316982947953"
"wavelet-HHL","glcm","Autocorrelation","2256.5080770368845"
"wavelet-HHL","glcm","ClusterProminence","3779.029077187813"
"wavelet-HHL","glcm","ClusterShade","9.01882021119645"
"wavelet-HHL","glcm","ClusterTendency","4.488718198015335"
"wavelet-HHL","glcm","Contrast","4.001725817676888"
"wavelet-HHL","glcm","Correlation","0.05722901083116923"
"wavelet-HHL","glcm","DifferenceAverage","0.7870414879703999"
"wavelet-HHL","glcm","DifferenceEntropy","1.4686226446380846"
"wavelet-HHL","glcm","DifferenceVariance","3.3725150934944423"
"wavelet-HHL","glcm","Id","0.7093216599553462"
"wavelet-HHL","glcm","Idm","0.7003651492384986"
"wavelet-HHL","glcm","Idmn","0.9995964056102166"
"wavelet-HHL","glcm","Idn","0.9921623161236677"
"wavelet-HHL","glcm","Imc1","-0.0782293622381288"
"wavelet-HHL","glcm","Imc2","0.4544281649917805"
"wavelet-HHL","glcm","InverseVariance","0.48826917435572254"
"wavelet-HHL","glcm","JointAverage","47.50143501858637"
"wavelet-HHL","glcm","JointEnergy","0.19874378615566293"
"wavelet-HHL","glcm","JointEntropy","2.982097393920315"
"wavelet-HHL","glcm","MCC","0.6355535473662193"
"wavelet-HHL","glcm","MaximumProbability","0.2386990544281426"
"wavelet-HHL","glcm","SumAverage","95.00287003717276"
"wavelet-HHL","glcm","SumEntropy","2.0770209308966936"
"wavelet-HHL","glcm","SumSquares","2.1226110039230575"
"wavelet-HHL","gldm","DependenceEntropy","5.032345680870346"
"wavelet-HHL","gldm","DependenceNonUniformity","16911.939402637494"
"wavelet-HHL","gldm","DependenceNonUniformityNormalized","0.09159164560447071"
"wavelet-HHL","gldm","DependenceVariance","15.315167278424097"
"wavelet-HHL","gldm","GrayLevelNonUniformity","78014.61426521163"
"wavelet-HHL","gldm","GrayLevelVariance","2.1005736178206154"
"wavelet-HHL","gldm","HighGrayLevelEmphasis","2258.5525196999647"
"wavelet-HHL","gldm","LargeDependenceEmphasis","164.42724687914648"
"wavelet-HHL","gldm","LargeDependenceHighGrayLevelEmphasis","370822.6146822281"
"wavelet-HHL","gldm","LargeDependenceLowGrayLevelEmphasis","0.0729549252976564"
"wavelet-HHL","gldm","LowGrayLevelEmphasis","0.00045252351631695065"
"wavelet-HHL","gldm","SmallDependenceEmphasis","0.0315810630960878"
"wavelet-HHL","gldm","SmallDependenceHighGrayLevelEmphasis","72.70444862557798"
"wavelet-HHL","gldm","SmallDependenceLowGrayLevelEmphasis","2.283372976014024e-05"
"wavelet-HHL","glrlm","GrayLevelNonUniformity","39962.146687402754"
"wavelet-HHL","glrlm","GrayLevelNonUniformityNormalized","0.37957610305753753"
"wavelet-HHL","glrlm","GrayLevelVariance","3.4725468611619474"
"wavelet-HHL","glrlm","HighGrayLevelRunEmphasis","2260.6723168159415"
"wavelet-HHL","glrlm","LongRunEmphasis","4.815349337421998"
"wavelet-HHL","glrlm","LongRunHighGrayLevelEmphasis","10866.202307352156"
"wavelet-HHL","glrlm","LongRunLowGrayLevelEmphasis","0.00215206179202669"
"wavelet-HHL","glrlm","LowGrayLevelRunEmphasis","0.0004595289514608271"
"wavelet-HHL","glrlm","RunEntropy","3.502087519260758"
"wavelet-HHL","glrlm","RunLengthNonUniformity","43364.96402720152"
"wavelet-HHL","glrlm","RunLengthNonUniformityNormalized","0.40813617501123034"
"wavelet-HHL","glrlm","RunPercentage","0.5688020879983836"
"wavelet-HHL","glrlm","RunVariance","1.5756193296321124"
"wavelet-HHL","glrlm","ShortRunEmphasis","0.6501417113960636"
"wavelet-HHL","glrlm","ShortRunHighGrayLevelEmphasis","1471.281532034131"
"wavelet-HHL","glrlm","ShortRunLowGrayLevelEmphasis","0.00030435516265567644"
"wavelet-HHL","glszm","GrayLevelNonUniformity","523.0497988891017"
"wavelet-HHL","glszm","GrayLevelNonUniformityNormalized","0.1001819189597973"
"wavelet-HHL","glszm","GrayLevelVariance","51.93450286459354"
"wavelet-HHL","glszm","HighGrayLevelZoneEmphasis","2309.6312966864584"
"wavelet-HHL","glszm","LargeAreaEmphasis","2743523.9925301666"
"wavelet-HHL","glszm","LargeAreaHighGrayLevelEmphasis","6188078469.547596"
"wavelet-HHL","glszm","LargeAreaLowGrayLevelEmphasis","1216.8982875703475"
"wavelet-HHL","glszm","LowGrayLevelZoneEmphasis","0.0007589983665841111"
"wavelet-HHL","glszm","SizeZoneNonUniformity","2004.5847538785674"
"wavelet-HHL","glszm","SizeZoneNonUniformityNormalized","0.3839465148206411"
"wavelet-HHL","glszm","SmallAreaEmphasis","0.6434084907571409"
"wavelet-HHL","glszm","SmallAreaHighGrayLevelEmphasis","1499.0106465574843"
"wavelet-HHL","glszm","SmallAreaLowGrayLevelEmphasis","0.0005960930738553712"
"wavelet-HHL","glszm","ZoneEntropy","6.275123563747206"
"wavelet-HHL","glszm","ZonePercentage","0.02827588074413063"
"wavelet-HHL","glszm","ZoneVariance","2742273.2505773082"
"wavelet-HHL","ngtdm","Busyness","5.302280863775144"
"wavelet-HHL","ngtdm","Coarseness","2.571189948449997e-05"
"wavelet-HHL","ngtdm","Complexity","2179.4351911554677"
"wavelet-HHL","ngtdm","Contrast","0.00045012643121490387"
"wavelet-HHL","ngtdm","Strength","0.7711581065112294"
"wavelet-HHH","firstorder","10Percentile","-9.870928733006217"
"wavelet-HHH","firstorder","90Percentile","9.919037112873035"
"wavelet-HHH","firstorder","Energy","140076771.7846914"
"wavelet-HHH","firstorder","Entropy","1.3684128624074925"
"wavelet-HHH","firstorder","InterquartileRange","9.224451029863532"
"wavelet-HHH","firstorder","Kurtosis","311.040371392972"
"wavelet-HHH","firstorder","Maximum","1185.5263277073254"
"wavelet-HHH","firstorder","MeanAbsoluteDeviation","8.86815542106061"
"wavelet-HHH","firstorder","Mean","0.003976444238099989"
"wavelet-HHH","firstorder","Median","0.037552104531231006"
"wavelet-HHH","firstorder","Minimum","-1143.7479320586951"
"wavelet-HHH","firstorder","Range","2329.274259766021"
"wavelet-HHH","firstorder","RobustMeanAbsoluteDeviation","3.9199846705001327"
"wavelet-HHH","firstorder","RootMeanSquared","27.543193061229946"
"wavelet-HHH","firstorder","Skewness","0.4663495571337292"
"wavelet-HHH","firstorder","TotalEnergy","126390474.99913894"
"wavelet-HHH","firstorder","Uniformity","0.45579867016211506"
"wavelet-HHH","firstorder","Variance","758.6274681960767"
"wavelet-HHH","glcm","Autocorrelation","2162.262952335907"
"wavelet-HHH","glcm","ClusterProminence","1652.5120617396908"
"wavelet-HHH","glcm","ClusterShade","0.5652914431611021"
"wavelet-HHH","glcm","ClusterTendency","2.7237699609785846"
"wavelet-HHH","glcm","Contrast","2.897703550700299"
"wavelet-HHH","glcm","Correlation","-0.031031928580907163"
"wavelet-HHH","glcm","DifferenceAverage","0.7037949839095201"
"wavelet-HHH","glcm","DifferenceEntropy","1.3330276910726995"
"wavelet-HHH","glcm","DifferenceVariance","2.399849375905952"
"wavelet-HHH","glcm","Id","0.7194034303894858"
"wavelet-HHH","glcm","Idm","0.7139448550776339"
"wavelet-HHH","glcm","Idmn","0.9996923207605403"
"wavelet-HHH","glcm","Idn","0.9927896972184574"
"wavelet-HHH","glcm","Imc1","-0.06228708584951686"
"wavelet-HHH","glcm","Imc2","0.39235532432354875"
"wavelet-HHH","glcm","InverseVariance","0.5021385951586775"
"wavelet-HHH","glcm","JointAverage","46.50060683148317"
"wavelet-HHH","glcm","JointEnergy","0.21944264391485008"
"wavelet-HHH","glcm","JointEntropy","2.6312189698391615"
"wavelet-HHH","glcm","MCC","0.6372811490081672"
"wavelet-HHH","glcm","MaximumProbability","0.2462707791767641"
"wavelet-HHH","glcm","SumAverage","93.00121366296632"
"wavelet-HHH","glcm","SumEntropy","1.8478177734796157"
"wavelet-HHH","glcm","SumSquares","1.4053683779197206"
"wavelet-HHH","gldm","DependenceEntropy","4.5450531441210735"
"wavelet-HHH","gldm","DependenceNonUniformity","22765.005188334373"
"wavelet-HHH","gldm","DependenceNonUniformityNormalized","0.12329066689233054"
"wavelet-HHH","gldm","DependenceVariance","10.442689742988067"
"wavelet-HHH","gldm","GrayLevelNonUniformity","84160.94545208373"
"wavelet-HHH","gldm","GrayLevelVariance","1.3843055389169086"
"wavelet-HHH","gldm","HighGrayLevelEmphasis","2163.719174632403"
"wavelet-HHH","gldm","LargeDependenceEmphasis","164.46188632240245"
"wavelet-HHH","gldm","LargeDependenceHighGrayLevelEmphasis","355747.40962928865"
"wavelet-HHH","gldm","LargeDependenceLowGrayLevelEmphasis","0.07607461899951742"
"wavelet-HHH","gldm","LowGrayLevelEmphasis","0.0004693657450369418"
"wavelet-HHH","gldm","SmallDependenceEmphasis","0.024939917771574477"
"wavelet-HHH","gldm","SmallDependenceHighGrayLevelEmphasis","55.004245432471556"
"wavelet-HHH","gldm","SmallDependenceLowGrayLevelEmphasis","1.804438936241571e-05"
"wavelet-HHH","glrlm","GrayLevelNonUniformity","44315.55638862086"
"wavelet-HHH","glrlm","GrayLevelNonUniformityNormalized","0.4275159723422416"
"wavelet-HHH","glrlm","GrayLevelVariance","2.2461502559928985"
"wavelet-HHH","glrlm","HighGrayLevelRunEmphasis","2164.3434610167355"
"wavelet-HHH","glrlm","LongRunEmphasis","4.730764581477096"
"wavelet-HHH","glrlm","LongRunHighGrayLevelEmphasis","10234.009007205641"
"wavelet-HHH","glrlm","LongRunLowGrayLevelEmphasis","0.002200410207557728"
"wavelet-HHH","glrlm","LowGrayLevelRunEmphasis","0.0004747084945882159"
"wavelet-HHH","glrlm","RunEntropy","3.256364920599793"
"wavelet-HHH","glrlm","RunLengthNonUniformity","41570.11213191978"
"wavelet-HHH","glrlm","RunLengthNonUniformityNormalized","0.40002657867692126"
"wavelet-HHH","glrlm","RunPercentage","0.5611366509955695"
"wavelet-HHH","glrlm","RunVariance","1.5213983069708068"
"wavelet-HHH","glrlm","ShortRunEmphasis","0.6418197492077898"
"wavelet-HHH","glrlm","ShortRunHighGrayLevelEmphasis","1389.6671732469085"
"wavelet-HHH","glrlm","ShortRunLowGrayLevelEmphasis","0.00030900019010541283"
"wavelet-HHH","glszm","GrayLevelNonUniformity","411.3338806787083"
"wavelet-HHH","glszm","GrayLevelNonUniformityNormalized","0.11257084857107506"
"wavelet-HHH","glszm","GrayLevelVariance","47.54352601568218"
"wavelet-HHH","glszm","HighGrayLevelZoneEmphasis","2216.9258347016967"
"wavelet-HHH","glszm","LargeAreaEmphasis","4244940.837164751"
"wavelet-HHH","glszm","LargeAreaHighGrayLevelEmphasis","9181964289.978928"
"wavelet-HHH","glszm","LargeAreaLowGrayLevelEmphasis","1963.399187860929"
"wavelet-HHH","glszm","LowGrayLevelZoneEmphasis","0.0007941105312131917"
"wavelet-HHH","glszm","SizeZoneNonUniformity","1718.3875205254515"
"wavelet-HHH","glszm","SizeZoneNonUniformityNormalized","0.4702757308498773"
"wavelet-HHH","glszm","SmallAreaEmphasis","0.713033412606177"
"wavelet-HHH","glszm","SmallAreaHighGrayLevelEmphasis","1596.3507160806607"
"wavelet-HHH","glszm","SmallAreaLowGrayLevelEmphasis","0.0006566206909708395"
"wavelet-HHH","glszm","ZoneEntropy","5.851162130727554"
"wavelet-HHH","glszm","ZonePercentage","0.019789325462373743"
"wavelet-HHH","glszm","ZoneVariance","4242387.3244908"
"wavelet-HHH","ngtdm","Busyness","6.381888959259109"
"wavelet-HHH","ngtdm","Coarseness","2.322815665645042e-05"
"wavelet-HHH","ngtdm","Complexity","1813.4529167830642"
"wavelet-HHH","ngtdm","Contrast","0.00031747098466487994"
"wavelet-HHH","ngtdm","Strength","0.6750865688631084"
"wavelet-LLL","firstorder","10Percentile","-264.9591056890199"
"wavelet-LLL","firstorder","90Percentile","140.1827393024355"
"wavelet-LLL","firstorder","Energy","36195078363.16535"
"wavelet-LLL","firstorder","Entropy","4.607864247413417"
"wavelet-LLL","firstorder","InterquartileRange","112.31622796416417"
"wavelet-LLL","firstorder","Kurtosis","57.50089455660802"
"wavelet-LLL","firstorder","Maximum","9472.729580358839"
"wavelet-LLL","firstorder","MeanAbsoluteDeviation","194.6759085768981"
"wavelet-LLL","firstorder","Mean","-18.93398750030473"
"wavelet-LLL","firstorder","Median","50.091713956314685"
"wavelet-LLL","firstorder","Minimum","-2780.340888652378"
"wavelet-LLL","firstorder","Range","12253.070469011216"
"wavelet-LLL","firstorder","RobustMeanAbsoluteDeviation","56.49984170483681"
"wavelet-LLL","firstorder","RootMeanSquared","442.7473644793004"
"wavelet-LLL","firstorder","Skewness","2.1581586984804995"
"wavelet-LLL","firstorder","TotalEnergy","32658613477.923416"
"wavelet-LLL","firstorder","Uniformity","0.07779354322780677"
"wavelet-LLL","firstorder","Variance","195666.7328707048"
"wavelet-LLL","glcm","Autocorrelation","12867.919354258067"
"wavelet-LLL","glcm","ClusterProminence","57030530.59702686"
"wavelet-LLL","glcm","ClusterShade","73882.17929455465"
"wavelet-LLL","glcm","ClusterTendency","960.4676102539393"
"wavelet-LLL","glcm","Contrast","146.35653393070837"
"wavelet-LLL","glcm","Correlation","0.733089588748868"
"wavelet-LLL","glcm","DifferenceAverage","4.4831633485418685"
"wavelet-LLL","glcm","DifferenceEntropy","3.3315070729875558"
"wavelet-LLL","glcm","DifferenceVariance","125.48422245884886"
"wavelet-LLL","glcm","Id","0.46047341684295523"
"wavelet-LLL","glcm","Idm","0.4052662855693849"
"wavelet-LLL","glcm","Idmn","0.999423056322163"
"wavelet-LLL","glcm","Idn","0.9913868148884342"
"wavelet-LLL","glcm","Imc1","-0.19975130267819347"
"wavelet-LLL","glcm","Imc2","0.8941177476494798"
"wavelet-LLL","glcm","InverseVariance","0.3649114904018284"
"wavelet-LLL","glcm","JointAverage","112.53599716586058"
"wavelet-LLL","glcm","JointEnergy","0.014317467052341817"
"wavelet-LLL","glcm","JointEntropy","8.077380888553954"
"wavelet-LLL","glcm","MCC","0.8291412608288657"
"wavelet-LLL","glcm","MaximumProbability","0.04107401224543074"
"wavelet-LLL","glcm","SumAverage","225.0719943317214"
"wavelet-LLL","glcm","SumEntropy","5.408439402705468"
"wavelet-LLL","glcm","SumSquares","276.70603604616224"
"wavelet-LLL","gldm","DependenceEntropy","7.949610075895677"
"wavelet-LLL","gldm","DependenceNonUniformity","14899.556917327845"
"wavelet-LLL","gldm","DependenceNonUniformityNormalized","0.08069298880190552"
"wavelet-LLL","gldm","DependenceVariance","16.638023522359312"
"wavelet-LLL","gldm","GrayLevelNonUniformity","14364.188789298383"
"wavelet-LLL","gldm","GrayLevelVariance","313.1726040384815"
"wavelet-LLL","gldm","HighGrayLevelEmphasis","12799.522705732623"
"wavelet-LLL","gldm","LargeDependenceEmphasis","53.67646565030193"
"wavelet-LLL","gldm","LargeDependenceHighGrayLevelEmphasis","708674.9008963145"
"wavelet-LLL","gldm","LargeDependenceLowGrayLevelEmphasis","0.004230207264117338"
"wavelet-LLL","gldm","LowGrayLevelEmphasis","0.0001292724575945714"
"wavelet-LLL","gldm","SmallDependenceEmphasis","0.18960568424356222"
"wavelet-LLL","gldm","SmallDependenceHighGrayLevelEmphasis","2253.868097394413"
"wavelet-LLL","gldm","SmallDependenceLowGrayLevelEmphasis","4.7166058118689984e-05"
"wavelet-LLL","glrlm","GrayLevelNonUniformity","9927.968273405386"
"wavelet-LLL","glrlm","GrayLevelNonUniformityNormalized","0.06668510226091098"
"wavelet-LLL","glrlm","GrayLevelVariance","383.2800775712742"
"wavelet-LLL","glrlm","HighGrayLevelRunEmphasis","12708.001309675175"
"wavelet-LLL","glrlm","LongRunEmphasis","1.9779216541721827"
"wavelet-LLL","glrlm","LongRunHighGrayLevelEmphasis","25599.5680591021"
"wavelet-LLL","glrlm","LongRunLowGrayLevelEmphasis","0.00022007196981696522"
"wavelet-LLL","glrlm","LowGrayLevelRunEmphasis","0.0001409108828092583"
"wavelet-LLL","glrlm","RunEntropy","5.6751975334430735"
"wavelet-LLL","glrlm","RunLengthNonUniformity","104389.67210166334"
"wavelet-LLL","glrlm","RunLengthNonUniformityNormalized","0.6989632396058314"
"wavelet-LLL","glrlm","RunPercentage","0.804387629484437"
"wavelet-LLL","glrlm","RunVariance","0.41052078370803086"
"wavelet-LLL","glrlm","ShortRunEmphasis","0.860575020001117"
"wavelet-LLL","glrlm","ShortRunHighGrayLevelEmphasis","10874.873794992347"
"wavelet-LLL","glrlm","ShortRunLowGrayLevelEmphasis","0.00012910057295592982"
"wavelet-LLL","glszm","GrayLevelNonUniformity","534.8767004664935"
"wavelet-LLL","glszm","GrayLevelNonUniformityNormalized","0.014941107306530726"
"wavelet-LLL","glszm","GrayLevelVariance","1289.7914699911519"
"wavelet-LLL","glszm","HighGrayLevelZoneEmphasis","11730.213804854884"
"wavelet-LLL","glszm","LargeAreaEmphasis","49451.34654599291"
"wavelet-LLL","glszm","LargeAreaHighGrayLevelEmphasis","656032865.2765161"
"wavelet-LLL","glszm","LargeAreaLowGrayLevelEmphasis","3.729499362585018"
"wavelet-LLL","glszm","LowGrayLevelZoneEmphasis","0.00027654717460334657"
"wavelet-LLL","glszm","SizeZoneNonUniformity","18903.47046006872"
"wavelet-LLL","glszm","SizeZoneNonUniformityNormalized","0.5280446509698237"
"wavelet-LLL","glszm","SmallAreaEmphasis","0.754291483676026"
"wavelet-LLL","glszm","SmallAreaHighGrayLevelEmphasis","8807.284523813421"
"wavelet-LLL","glszm","SmallAreaLowGrayLevelEmphasis","0.0002096041973790528"
"wavelet-LLL","glszm","ZoneEntropy","8.175764078339778"
"wavelet-LLL","glszm","ZonePercentage","0.19388014839286197"
"wavelet-LLL","glszm","ZoneVariance","49424.743380685155"
"wavelet-LLL","ngtdm","Busyness","0.18051563664591294"
"wavelet-LLL","ngtdm","Coarseness","6.650494933419395e-05"
"wavelet-LLL","ngtdm","Complexity","235798.20092976725"
"wavelet-LLL","ngtdm","Contrast","0.01018046760706832"
"wavelet-LLL","ngtdm","Strength","39.42977968933321"
