"Image type","Feature Class","Feature Name","Segmentation_10_segment_Segment_1"
"diagnostics","Versions","PyRadiomics","v3.0.1.post4+gad5b2de"
"diagnostics","Versions","Numpy","1.19.2"
"diagnostics","Versions","SimpleITK","2.0.2"
"diagnostics","Versions","PyWavelet","1.1.1"
"diagnostics","Versions","Python","3.6.7"
"diagnostics","Configuration","Settings","{'minimumROIDimensions': 2, 'minimumROISize': None, 'normalize': False, 'normalizeScale': 1, 'removeOutliers': None, 'resampledPixelSpacing': None, 'interpolator': 'sitkBSpline', 'preCrop': False, 'padDistance': 5, 'distances': [1], 'force2D': False, 'force2Ddimension': 0, 'resegmentRange': None, 'label': 1, 'additionalInfo': True, 'binWidth': 25.0, 'symmetricalGLCM': True, 'correctMask': True}"
"diagnostics","Configuration","EnabledImageTypes","{'Original': {}, 'Wavelet': {}}"
"diagnostics","Image-original","Hash","b4e30d913245596091093c455ce77b35102d761e"
"diagnostics","Image-original","Dimensionality","3D"
"diagnostics","Image-original","Spacing","(0.923828, 0.923828, 1.2499999999999984)"
"diagnostics","Image-original","Size","(512, 512, 665)"
"diagnostics","Image-original","Mean","-1231.0489885545314"
"diagnostics","Image-original","Minimum","-3024.0"
"diagnostics","Image-original","Maximum","3071.0"
"diagnostics","Mask-original","Hash","ab0faec83a3b5c6f4d0cc5a271258152423bc709"
"diagnostics","Mask-original","Spacing","(0.923828, 0.923828, 1.2499999999999984)"
"diagnostics","Mask-original","Size","(512, 512, 665)"
"diagnostics","Mask-original","BoundingBox","(167, 195, 469, 42, 43, 29)"
"diagnostics","Mask-original","VoxelNum","23628"
"diagnostics","Mask-original","VolumeNum","1"
"diagnostics","Mask-original","CenterOfMassIndex","(187.7764093448451, 216.5407567293042, 483.14592855933637)"
"diagnostics","Mask-original","CenterOfMass","(-16.726895307770462, -36.45358579228028, -6.067589300830036)"
"original","shape","Elongation","0.9457692902990534"
"original","shape","Flatness","0.7986452459526193"
"original","shape","LeastAxisLength","29.12107779346952"
"original","shape","MajorAxisLength","36.4630953994274"
"original","shape","Maximum2DDiameterColumn","40.96853681232383"
"original","shape","Maximum2DDiameterRow","42.91977007110843"
"original","shape","Maximum2DDiameterSlice","44.160524528581405"
"original","shape","Maximum3DDiameter","48.19413531014692"
"original","shape","MeshVolume","25147.1450846524"
"original","shape","MinorAxisLength","34.485675858023136"
"original","shape","Sphericity","0.7665222360844592"
"original","shape","SurfaceArea","5415.249757682151"
"original","shape","SurfaceVolumeRatio","0.21534252653543332"
"original","shape","VoxelVolume","25206.88715680341"
"original","firstorder","10Percentile","-36.0"
"original","firstorder","90Percentile","40.0"
"original","firstorder","Energy","141271884.0"
"original","firstorder","Entropy","2.3900537980400713"
"original","firstorder","InterquartileRange","28.0"
"original","firstorder","Kurtosis","26.165927595192677"
"original","firstorder","Maximum","132.0"
"original","firstorder","MeanAbsoluteDeviation","38.69404304901012"
"original","firstorder","Mean","-1.5025393600812595"
"original","firstorder","Median","17.0"
"original","firstorder","Minimum","-739.0"
"original","firstorder","Range","871.0"
"original","firstorder","RobustMeanAbsoluteDeviation","12.789607640811642"
"original","firstorder","RootMeanSquared","77.3240133932021"
"original","firstorder","Skewness","-4.417343941550004"
"original","firstorder","TotalEnergy","150712055.1217632"
"original","firstorder","Uniformity","0.2897377646793168"
"original","firstorder","Variance","5976.745422703505"
"original","glcm","Autocorrelation","948.3560728268765"
"original","glcm","ClusterProminence","16698.316999578918"
"original","glcm","ClusterShade","-511.15082181731884"
"original","glcm","ClusterTendency","21.884645876767124"
"original","glcm","Contrast","5.046567998595614"
"original","glcm","Correlation","0.6193481320914292"
"original","glcm","DifferenceAverage","1.0987874628384946"
"original","glcm","DifferenceEntropy","1.8972314840583084"
"original","glcm","DifferenceVariance","3.827509813944608"
"original","glcm","Id","0.6611069058064659"
"original","glcm","Idm","0.6402473975834948"
"original","glcm","Idmn","0.9964334123479388"
"original","glcm","Idn","0.9725928703203816"
"original","glcm","Imc1","-0.1061390979216703"
"original","glcm","Imc2","0.5983103932638237"
"original","glcm","InverseVariance","0.45808312847668964"
"original","glcm","JointAverage","30.726940655870234"
"original","glcm","JointEnergy","0.1155231974924693"
"original","glcm","JointEntropy","4.18234794608502"
"original","glcm","MCC","0.6657194085900632"
"original","glcm","MaximumProbability","0.22439394520558265"
"original","glcm","SumAverage","61.45388131174047"
"original","glcm","SumEntropy","2.9926689742731103"
"original","glcm","SumSquares","6.732803468840682"
"original","gldm","DependenceEntropy","6.1697325285278195"
"original","gldm","DependenceNonUniformity","1185.6182495344506"
"original","gldm","DependenceNonUniformityNormalized","0.05017852757467626"
"original","gldm","DependenceVariance","32.036564907983916"
"original","gldm","GrayLevelNonUniformity","6845.923903842899"
"original","gldm","GrayLevelVariance","9.64362299312672"
"original","gldm","HighGrayLevelEmphasis","937.465845606907"
"original","gldm","LargeDependenceEmphasis","146.8241916370408"
"original","gldm","LargeDependenceHighGrayLevelEmphasis","143926.11084306755"
"original","gldm","LargeDependenceLowGrayLevelEmphasis","0.15070085424898313"
"original","gldm","LowGrayLevelEmphasis","0.0012775928240490787"
"original","gldm","SmallDependenceEmphasis","0.08394333769982759"
"original","gldm","SmallDependenceHighGrayLevelEmphasis","57.31519215571756"
"original","gldm","SmallDependenceLowGrayLevelEmphasis","0.00025747404342039884"
"original","glrlm","GrayLevelNonUniformity","3324.78041853251"
"original","glrlm","GrayLevelNonUniformityNormalized","0.22435067274423648"
"original","glrlm","GrayLevelVariance","14.239330042735334"
"original","glrlm","HighGrayLevelRunEmphasis","913.2982913069184"
"original","glrlm","LongRunEmphasis","3.925036783630022"
"original","glrlm","LongRunHighGrayLevelEmphasis","3776.3753559237257"
"original","glrlm","LongRunLowGrayLevelEmphasis","0.0044393111796882994"
"original","glrlm","LowGrayLevelRunEmphasis","0.0014222202140531499"
"original","glrlm","RunEntropy","4.166631059253667"
"original","glrlm","RunLengthNonUniformity","7403.830220383802"
"original","glrlm","RunLengthNonUniformityNormalized","0.4976864466310815"
"original","glrlm","RunPercentage","0.6263885090700734"
"original","glrlm","RunVariance","1.3417615283225433"
"original","glrlm","ShortRunEmphasis","0.7319706429601666"
"original","glrlm","ShortRunHighGrayLevelEmphasis","651.9335837921933"
"original","glrlm","ShortRunLowGrayLevelEmphasis","0.0011410186823761553"
"original","glszm","GrayLevelNonUniformity","120.6200101061142"
"original","glszm","GrayLevelNonUniformityNormalized","0.060949979841391715"
"original","glszm","GrayLevelVariance","41.24163851823633"
"original","glszm","HighGrayLevelZoneEmphasis","646.6154623547246"
"original","glszm","LargeAreaEmphasis","78777.8221323901"
"original","glszm","LargeAreaHighGrayLevelEmphasis","77212352.0348661"
"original","glszm","LargeAreaLowGrayLevelEmphasis","80.46852551383802"
"original","glszm","LowGrayLevelZoneEmphasis","0.003252066995324568"
"original","glszm","SizeZoneNonUniformity","949.900454775139"
"original","glszm","SizeZoneNonUniformityNormalized","0.47999012368627536"
"original","glszm","SmallAreaEmphasis","0.7203624519328182"
"original","glszm","SmallAreaHighGrayLevelEmphasis","440.5030516950345"
"original","glszm","SmallAreaLowGrayLevelEmphasis","0.0026323452190413544"
"original","glszm","ZoneEntropy","5.930925037510203"
"original","glszm","ZonePercentage","0.08375656001354326"
"original","glszm","ZoneVariance","78635.27373602719"
"original","ngtdm","Busyness","1.8156105985370683"
"original","ngtdm","Coarseness","0.00028954257504342797"
"original","ngtdm","Complexity","613.7469428879084"
"original","ngtdm","Contrast","0.013722070597294652"
"original","ngtdm","Strength","0.8560352665186985"
"wavelet-LLH","firstorder","10Percentile","-57.10658301496095"
"wavelet-LLH","firstorder","90Percentile","25.364257889218205"
"wavelet-LLH","firstorder","Energy","64671271.77623407"
"wavelet-LLH","firstorder","Entropy","2.596855702118513"
"wavelet-LLH","firstorder","InterquartileRange","32.12861027100661"
"wavelet-LLH","firstorder","Kurtosis","12.51392030967676"
"wavelet-LLH","firstorder","Maximum","430.2603624401077"
"wavelet-LLH","firstorder","MeanAbsoluteDeviation","30.36146659364523"
"wavelet-LLH","firstorder","Mean","-10.171580006841374"
"wavelet-LLH","firstorder","Median","-3.8751282639367632"
"wavelet-LLH","firstorder","Minimum","-354.81430447867535"
"wavelet-LLH","firstorder","Range","785.0746669187831"
"wavelet-LLH","firstorder","RobustMeanAbsoluteDeviation","14.344602966498893"
"wavelet-LLH","firstorder","RootMeanSquared","52.316926189149406"
"wavelet-LLH","firstorder","Skewness","-0.5309746279200365"
"wavelet-LLH","firstorder","TotalEnergy","68992781.86687393"
"wavelet-LLH","firstorder","Uniformity","0.24941763163352831"
"wavelet-LLH","firstorder","Variance","2633.599726045332"
"wavelet-LLH","glcm","Autocorrelation","230.4980280441514"
"wavelet-LLH","glcm","ClusterProminence","1234.2320399306707"
"wavelet-LLH","glcm","ClusterShade","-27.02258428957229"
"wavelet-LLH","glcm","ClusterTendency","9.31571047710306"
"wavelet-LLH","glcm","Contrast","4.6993951211967495"
"wavelet-LLH","glcm","Correlation","0.3161015790907031"
"wavelet-LLH","glcm","DifferenceAverage","1.282848646164521"
"wavelet-LLH","glcm","DifferenceEntropy","2.1076450979009036"
"wavelet-LLH","glcm","DifferenceVariance","2.983898272846509"
"wavelet-LLH","glcm","Id","0.6014060085210465"
"wavelet-LLH","glcm","Idm","0.5670764676726817"
"wavelet-LLH","glcm","Idmn","0.9959401060113132"
"wavelet-LLH","glcm","Idn","0.9647290304546453"
"wavelet-LLH","glcm","Imc1","-0.09934862360410603"
"wavelet-LLH","glcm","Imc2","0.5859602411252262"
"wavelet-LLH","glcm","InverseVariance","0.4609031731200348"
"wavelet-LLH","glcm","JointAverage","15.144091527015686"
"wavelet-LLH","glcm","JointEnergy","0.09107636746312459"
"wavelet-LLH","glcm","JointEntropy","4.650370027416461"
"wavelet-LLH","glcm","MCC","0.5631811153127674"
"wavelet-LLH","glcm","MaximumProbability","0.16263696079077763"
"wavelet-LLH","glcm","SumAverage","30.28818305403137"
"wavelet-LLH","glcm","SumEntropy","3.057412703209667"
"wavelet-LLH","glcm","SumSquares","3.503776399574952"
"wavelet-LLH","gldm","DependenceEntropy","6.092460639650762"
"wavelet-LLH","gldm","DependenceNonUniformity","1405.8794650414761"
"wavelet-LLH","gldm","DependenceNonUniformityNormalized","0.05950056987648029"
"wavelet-LLH","gldm","DependenceVariance","23.520900792026424"
"wavelet-LLH","gldm","GrayLevelNonUniformity","5893.239800237007"
"wavelet-LLH","gldm","GrayLevelVariance","4.286861859857646"
"wavelet-LLH","gldm","HighGrayLevelEmphasis","232.09010496021668"
"wavelet-LLH","gldm","LargeDependenceEmphasis","100.92932114440494"
"wavelet-LLH","gldm","LargeDependenceHighGrayLevelEmphasis","24041.798247841543"
"wavelet-LLH","gldm","LargeDependenceLowGrayLevelEmphasis","0.42967749134476424"
"wavelet-LLH","gldm","LowGrayLevelEmphasis","0.004943922377993285"
"wavelet-LLH","gldm","SmallDependenceEmphasis","0.0919659382534942"
"wavelet-LLH","gldm","SmallDependenceHighGrayLevelEmphasis","21.333633700454715"
"wavelet-LLH","gldm","SmallDependenceLowGrayLevelEmphasis","0.0006697167688615657"
"wavelet-LLH","glrlm","GrayLevelNonUniformity","3324.779325337967"
"wavelet-LLH","glrlm","GrayLevelNonUniformityNormalized","0.20018959400310934"
"wavelet-LLH","glrlm","GrayLevelVariance","5.694426278262305"
"wavelet-LLH","glrlm","HighGrayLevelRunEmphasis","230.0462694476628"
"wavelet-LLH","glrlm","LongRunEmphasis","2.988561166247538"
"wavelet-LLH","glrlm","LongRunHighGrayLevelEmphasis","701.9022700607845"
"wavelet-LLH","glrlm","LongRunLowGrayLevelEmphasis","0.0137785116477101"
"wavelet-LLH","glrlm","LowGrayLevelRunEmphasis","0.00520894778494216"
"wavelet-LLH","glrlm","RunEntropy","4.036247853045821"
"wavelet-LLH","glrlm","RunLengthNonUniformity","9545.389413392157"
"wavelet-LLH","glrlm","RunLengthNonUniformityNormalized","0.5697090327882351"
"wavelet-LLH","glrlm","RunPercentage","0.7000690185047727"
"wavelet-LLH","glrlm","RunVariance","0.8674919355577668"
"wavelet-LLH","glrlm","ShortRunEmphasis","0.7806522321466242"
"wavelet-LLH","glrlm","ShortRunHighGrayLevelEmphasis","178.3269974559894"
"wavelet-LLH","glrlm","ShortRunLowGrayLevelEmphasis","0.004242022350576798"
"wavelet-LLH","glszm","GrayLevelNonUniformity","176.44419742107604"
"wavelet-LLH","glszm","GrayLevelNonUniformityNormalized","0.0784545119702428"
"wavelet-LLH","glszm","GrayLevelVariance","21.905538571463314"
"wavelet-LLH","glszm","HighGrayLevelZoneEmphasis","231.64650955980434"
"wavelet-LLH","glszm","LargeAreaEmphasis","56737.29746554024"
"wavelet-LLH","glszm","LargeAreaHighGrayLevelEmphasis","13565921.32992441"
"wavelet-LLH","glszm","LargeAreaLowGrayLevelEmphasis","238.34929738249946"
"wavelet-LLH","glszm","LowGrayLevelZoneEmphasis","0.007842651614820359"
"wavelet-LLH","glszm","SizeZoneNonUniformity","802.6300578034682"
"wavelet-LLH","glszm","SizeZoneNonUniformityNormalized","0.35688308483924774"
"wavelet-LLH","glszm","SmallAreaEmphasis","0.6197116772385367"
"wavelet-LLH","glszm","SmallAreaHighGrayLevelEmphasis","148.5177229488403"
"wavelet-LLH","glszm","SmallAreaLowGrayLevelEmphasis","0.00495668201496037"
"wavelet-LLH","glszm","ZoneEntropy","6.232111446834187"
"wavelet-LLH","glszm","ZonePercentage","0.0951836803792111"
"wavelet-LLH","glszm","ZoneVariance","56626.92137348332"
"wavelet-LLH","ngtdm","Busyness","4.249325011976047"
"wavelet-LLH","ngtdm","Coarseness","0.0002750990738575101"
"wavelet-LLH","ngtdm","Complexity","523.5145344421534"
"wavelet-LLH","ngtdm","Contrast","0.008350453605091563"
"wavelet-LLH","ngtdm","Strength","0.26775868356257715"
"wavelet-LHL","firstorder","10Percentile","-48.866022145615084"
"wavelet-LHL","firstorder","90Percentile","26.173086706356653"
"wavelet-LHL","firstorder","Energy","48341830.640417"
"wavelet-LHL","firstorder","Entropy","2.5043318975814524"
"wavelet-LHL","firstorder","InterquartileRange","32.19818664939751"
"wavelet-LHL","firstorder","Kurtosis","12.287484734048226"
"wavelet-LHL","firstorder","Maximum","331.3740870674414"
"wavelet-LHL","firstorder","MeanAbsoluteDeviation","27.345929660742488"
"wavelet-LHL","firstorder","Mean","-8.892597432415776"
"wavelet-LHL","firstorder","Median","-3.432055367475722"
"wavelet-LHL","firstorder","Minimum","-346.64777500012497"
"wavelet-LHL","firstorder","Range","678.0218620675664"
"wavelet-LHL","firstorder","RobustMeanAbsoluteDeviation","13.912459084524462"
"wavelet-LHL","firstorder","RootMeanSquared","45.232236841896174"
"wavelet-LHL","firstorder","Skewness","-1.2724251891104819"
"wavelet-LHL","firstorder","TotalEnergy","51572163.10759661"
"wavelet-LHL","firstorder","Uniformity","0.25379402621451863"
"wavelet-LHL","firstorder","Variance","1966.8769606263822"
"wavelet-LHL","glcm","Autocorrelation","202.1967674702091"
"wavelet-LHL","glcm","ClusterProminence","678.9802244581354"
"wavelet-LHL","glcm","ClusterShade","-33.187282004401965"
"wavelet-LHL","glcm","ClusterTendency","6.966360787212467"
"wavelet-LHL","glcm","Contrast","3.626691364890943"
"wavelet-LHL","glcm","Correlation","0.3082885751044888"
"wavelet-LHL","glcm","DifferenceAverage","1.1854398424406758"
"wavelet-LHL","glcm","DifferenceEntropy","2.0257968014670236"
"wavelet-LHL","glcm","DifferenceVariance","2.1692898823460904"
"wavelet-LHL","glcm","Id","0.6067890271725487"
"wavelet-LHL","glcm","Idm","0.5727566472132934"
"wavelet-LHL","glcm","Idmn","0.9956496102621679"
"wavelet-LHL","glcm","Idn","0.9615486487350912"
"wavelet-LHL","glcm","Imc1","-0.08136793197146416"
"wavelet-LHL","glcm","Imc2","0.5271073354250176"
"wavelet-LHL","glcm","InverseVariance","0.46585432310389346"
"wavelet-LHL","glcm","JointAverage","14.190196692756928"
"wavelet-LHL","glcm","JointEnergy","0.08860405601712297"
"wavelet-LHL","glcm","JointEntropy","4.541334025951409"
"wavelet-LHL","glcm","MCC","0.52822590699955"
"wavelet-LHL","glcm","MaximumProbability","0.1555144600631433"
"wavelet-LHL","glcm","SumAverage","28.380393385513848"
"wavelet-LHL","glcm","SumEntropy","2.9814095496188973"
"wavelet-LHL","glcm","SumSquares","2.6482630380258523"
"wavelet-LHL","gldm","DependenceEntropy","6.02573170382084"
"wavelet-LHL","gldm","DependenceNonUniformity","1411.3258845437617"
"wavelet-LHL","gldm","DependenceNonUniformityNormalized","0.05973107688097857"
"wavelet-LHL","gldm","DependenceVariance","22.604087812306826"
"wavelet-LHL","gldm","GrayLevelNonUniformity","5996.645251396648"
"wavelet-LHL","gldm","GrayLevelVariance","3.2256587626809305"
"wavelet-LHL","gldm","HighGrayLevelEmphasis","203.203656678517"
"wavelet-LHL","gldm","LargeDependenceEmphasis","100.86981547316744"
"wavelet-LHL","gldm","LargeDependenceHighGrayLevelEmphasis","21058.98738784493"
"wavelet-LHL","gldm","LargeDependenceLowGrayLevelEmphasis","0.48953727769019567"
"wavelet-LHL","gldm","LowGrayLevelEmphasis","0.0057055374030588685"
"wavelet-LHL","gldm","SmallDependenceEmphasis","0.08044645227899759"
"wavelet-LHL","gldm","SmallDependenceHighGrayLevelEmphasis","15.916222620022484"
"wavelet-LHL","gldm","SmallDependenceLowGrayLevelEmphasis","0.0008642551326451784"
"wavelet-LHL","glrlm","GrayLevelNonUniformity","3439.2992515330625"
"wavelet-LHL","glrlm","GrayLevelNonUniformityNormalized","0.20799776351118854"
"wavelet-LHL","glrlm","GrayLevelVariance","4.2471565798263935"
"wavelet-LHL","glrlm","HighGrayLevelRunEmphasis","201.26563546940756"
"wavelet-LHL","glrlm","LongRunEmphasis","2.951692218709075"
"wavelet-LHL","glrlm","LongRunHighGrayLevelEmphasis","607.4017574132866"
"wavelet-LHL","glrlm","LongRunLowGrayLevelEmphasis","0.015607835361483637"
"wavelet-LHL","glrlm","LowGrayLevelRunEmphasis","0.006049008134231278"
"wavelet-LHL","glrlm","RunEntropy","3.9292811299659554"
"wavelet-LHL","glrlm","RunLengthNonUniformity","9422.4215145931"
"wavelet-LHL","glrlm","RunLengthNonUniformityNormalized","0.5650180678185879"
"wavelet-LHL","glrlm","RunPercentage","0.6982003099321535"
"wavelet-LHL","glrlm","RunVariance","0.8394942286346748"
"wavelet-LHL","glrlm","ShortRunEmphasis","0.7777091132873483"
"wavelet-LHL","glrlm","ShortRunHighGrayLevelEmphasis","155.2876754009357"
"wavelet-LHL","glrlm","ShortRunLowGrayLevelEmphasis","0.004940211604599143"
"wavelet-LHL","glszm","GrayLevelNonUniformity","166.98144329896908"
"wavelet-LHL","glszm","GrayLevelNonUniformityNormalized","0.08607290891699437"
"wavelet-LHL","glszm","GrayLevelVariance","17.530843872887658"
"wavelet-LHL","glszm","HighGrayLevelZoneEmphasis","195.68453608247424"
"wavelet-LHL","glszm","LargeAreaEmphasis","66223.52577319587"
"wavelet-LHL","glszm","LargeAreaHighGrayLevelEmphasis","13859471.860824741"
"wavelet-LHL","glszm","LargeAreaLowGrayLevelEmphasis","318.0104026142893"
"wavelet-LHL","glszm","LowGrayLevelZoneEmphasis","0.0112846058972498"
"wavelet-LHL","glszm","SizeZoneNonUniformity","619.0917525773195"
"wavelet-LHL","glszm","SizeZoneNonUniformityNormalized","0.31911946009140185"
"wavelet-LHL","glszm","SmallAreaEmphasis","0.5841352659510519"
"wavelet-LHL","glszm","SmallAreaHighGrayLevelEmphasis","118.55001192160933"
"wavelet-LHL","glszm","SmallAreaLowGrayLevelEmphasis","0.007929626679704847"
"wavelet-LHL","glszm","ZoneEntropy","6.233008425656133"
"wavelet-LHL","glszm","ZonePercentage","0.08210597596072457"
"wavelet-LHL","glszm","ZoneVariance","66075.18844085452"
"wavelet-LHL","ngtdm","Busyness","5.29828755545497"
"wavelet-LHL","ngtdm","Coarseness","0.0002807255290956404"
"wavelet-LHL","ngtdm","Complexity","339.5671081060928"
"wavelet-LHL","ngtdm","Contrast","0.008029304389103003"
"wavelet-LHL","ngtdm","Strength","0.17280686642173282"
"wavelet-LHH","firstorder","10Percentile","-22.177031913590433"
"wavelet-LHH","firstorder","90Percentile","22.967619171224296"
"wavelet-LHH","firstorder","Energy","11125958.74664516"
"wavelet-LHH","firstorder","Entropy","1.8163112944279904"
"wavelet-LHH","firstorder","InterquartileRange","22.16582457641372"
"wavelet-LHH","firstorder","Kurtosis","8.695932705136077"
"wavelet-LHH","firstorder","Maximum","166.17758106060515"
"wavelet-LHH","firstorder","MeanAbsoluteDeviation","15.176521347144776"
"wavelet-LHH","firstorder","Mean","0.331371446818973"
"wavelet-LHH","firstorder","Median","-0.11876402461004341"
"wavelet-LHH","firstorder","Minimum","-201.92854961592747"
"wavelet-LHH","firstorder","Range","368.10613067653264"
"wavelet-LHH","firstorder","RobustMeanAbsoluteDeviation","9.31181503274025"
"wavelet-LHH","firstorder","RootMeanSquared","21.699775539150533"
"wavelet-LHH","firstorder","Skewness","0.2002879111824914"
"wavelet-LHH","firstorder","TotalEnergy","11869425.53910337"
"wavelet-LHH","firstorder","Uniformity","0.3576068737286183"
"wavelet-LHH","firstorder","Variance","470.77045141374884"
"wavelet-LHH","glcm","Autocorrelation","90.43777146957538"
"wavelet-LHH","glcm","ClusterProminence","18.190547397417504"
"wavelet-LHH","glcm","ClusterShade","0.5926259651001247"
"wavelet-LHH","glcm","ClusterTendency","1.504313252051496"
"wavelet-LHH","glcm","Contrast","1.4491760967019898"
"wavelet-LHH","glcm","Correlation","0.017331724778854703"
"wavelet-LHH","glcm","DifferenceAverage","0.8164955581698549"
"wavelet-LHH","glcm","DifferenceEntropy","1.6044026028249287"
"wavelet-LHH","glcm","DifferenceVariance","0.7674917230195073"
"wavelet-LHH","glcm","Id","0.6667820261998109"
"wavelet-LHH","glcm","Idm","0.6477159567062731"
"wavelet-LHH","glcm","Idmn","0.994548253733856"
"wavelet-LHH","glcm","Idn","0.9538658227115427"
"wavelet-LHH","glcm","Imc1","-0.037681208694543125"
"wavelet-LHH","glcm","Imc2","0.31542231680561045"
"wavelet-LHH","glcm","InverseVariance","0.4996491455191157"
"wavelet-LHH","glcm","JointAverage","9.509152542438516"
"wavelet-LHH","glcm","JointEnergy","0.1488700873425951"
"wavelet-LHH","glcm","JointEntropy","3.406945649275717"
"wavelet-LHH","glcm","MCC","0.2950747793823591"
"wavelet-LHH","glcm","MaximumProbability","0.21232235868805083"
"wavelet-LHH","glcm","SumAverage","19.018305084877024"
"wavelet-LHH","glcm","SumEntropy","2.228723700775592"
"wavelet-LHH","glcm","SumSquares","0.7383723371883714"
"wavelet-LHH","gldm","DependenceEntropy","5.252658664119094"
"wavelet-LHH","gldm","DependenceNonUniformity","1775.2949889961062"
"wavelet-LHH","gldm","DependenceNonUniformityNormalized","0.07513522045861293"
"wavelet-LHH","gldm","DependenceVariance","19.01445497875498"
"wavelet-LHH","gldm","GrayLevelNonUniformity","8449.535212459794"
"wavelet-LHH","gldm","GrayLevelVariance","0.8409830301935517"
"wavelet-LHH","gldm","HighGrayLevelEmphasis","91.34607245640765"
"wavelet-LHH","gldm","LargeDependenceEmphasis","126.51066531234129"
"wavelet-LHH","gldm","LargeDependenceHighGrayLevelEmphasis","11391.763543253766"
"wavelet-LHH","gldm","LargeDependenceLowGrayLevelEmphasis","1.4233146051332983"
"wavelet-LHH","gldm","LowGrayLevelEmphasis","0.011437742524894337"
"wavelet-LHH","gldm","SmallDependenceEmphasis","0.05411947127918311"
"wavelet-LHH","gldm","SmallDependenceHighGrayLevelEmphasis","5.248869094506491"
"wavelet-LHH","gldm","SmallDependenceLowGrayLevelEmphasis","0.0007377148755620871"
"wavelet-LHH","glrlm","GrayLevelNonUniformity","4667.502808316112"
"wavelet-LHH","glrlm","GrayLevelNonUniformityNormalized","0.3082187044491009"
"wavelet-LHH","glrlm","GrayLevelVariance","1.1216689459556126"
"wavelet-LHH","glrlm","HighGrayLevelRunEmphasis","91.93616818329866"
"wavelet-LHH","glrlm","LongRunEmphasis","3.6365115233918597"
"wavelet-LHH","glrlm","LongRunHighGrayLevelEmphasis","329.80992276057026"
"wavelet-LHH","glrlm","LongRunLowGrayLevelEmphasis","0.04120209260283769"
"wavelet-LHH","glrlm","LowGrayLevelRunEmphasis","0.011547401984560723"
"wavelet-LHH","glrlm","RunEntropy","3.41902809884547"
"wavelet-LHH","glrlm","RunLengthNonUniformity","7439.766395096963"
"wavelet-LHH","glrlm","RunLengthNonUniformityNormalized","0.48669545693589666"
"wavelet-LHH","glrlm","RunPercentage","0.639690849188056"
"wavelet-LHH","glrlm","RunVariance","1.0948122012567083"
"wavelet-LHH","glrlm","ShortRunEmphasis","0.720374399950389"
"wavelet-LHH","glrlm","ShortRunHighGrayLevelEmphasis","66.62398576424233"
"wavelet-LHH","glrlm","ShortRunLowGrayLevelEmphasis","0.008401902777484163"
"wavelet-LHH","glszm","GrayLevelNonUniformity","274.2722929936306"
"wavelet-LHH","glszm","GrayLevelNonUniformityNormalized","0.21836966002677594"
"wavelet-LHH","glszm","GrayLevelVariance","5.235602230313603"
"wavelet-LHH","glszm","HighGrayLevelZoneEmphasis","98.24442675159236"
"wavelet-LHH","glszm","LargeAreaEmphasis","154730.8168789809"
"wavelet-LHH","glszm","LargeAreaHighGrayLevelEmphasis","13957640.113853503"
"wavelet-LHH","glszm","LargeAreaLowGrayLevelEmphasis","1734.4662091012403"
"wavelet-LHH","glszm","LowGrayLevelZoneEmphasis","0.013964729726179202"
"wavelet-LHH","glszm","SizeZoneNonUniformity","407.11624203821657"
"wavelet-LHH","glszm","SizeZoneNonUniformityNormalized","0.3241371353807457"
"wavelet-LHH","glszm","SmallAreaEmphasis","0.5856552002061116"
"wavelet-LHH","glszm","SmallAreaHighGrayLevelEmphasis","58.18819445022465"
"wavelet-LHH","glszm","SmallAreaLowGrayLevelEmphasis","0.008752853416939247"
"wavelet-LHH","glszm","ZoneEntropy","4.8870958685509525"
"wavelet-LHH","glszm","ZonePercentage","0.05315727103436601"
"wavelet-LHH","glszm","ZoneVariance","154376.92170067754"
"wavelet-LHH","ngtdm","Busyness","19.403807154399345"
"wavelet-LHH","ngtdm","Coarseness","0.00022237734026278025"
"wavelet-LHH","ngtdm","Complexity","77.44850944461113"
"wavelet-LHH","ngtdm","Contrast","0.005732542270086881"
"wavelet-LHH","ngtdm","Strength","0.03696889364757527"
"wavelet-HLL","firstorder","10Percentile","-42.092926790139"
"wavelet-HLL","firstorder","90Percentile","16.63561009738607"
"wavelet-HLL","firstorder","Energy","57366225.65879916"
"wavelet-HLL","firstorder","Entropy","2.264215346876568"
"wavelet-HLL","firstorder","InterquartileRange","19.81436564130947"
"wavelet-HLL","firstorder","Kurtosis","14.856529175203145"
"wavelet-HLL","firstorder","Maximum","345.30969893272857"
"wavelet-HLL","firstorder","MeanAbsoluteDeviation","24.988080215693234"
"wavelet-HLL","firstorder","Mean","-6.885352110459503"
"wavelet-HLL","firstorder","Median","-2.251757201770774"
"wavelet-HLL","firstorder","Minimum","-403.08734314382957"
"wavelet-HLL","firstorder","Range","748.3970420765581"
"wavelet-HLL","firstorder","RobustMeanAbsoluteDeviation","9.089187210443672"
"wavelet-HLL","firstorder","RootMeanSquared","49.27364127172531"
"wavelet-HLL","firstorder","Skewness","-0.46215193038117724"
"wavelet-HLL","firstorder","TotalEnergy","61199592.720207825"
"wavelet-HLL","firstorder","Uniformity","0.3230963669453701"
"wavelet-HLL","firstorder","Variance","2380.483650489663"
"wavelet-HLL","glcm","Autocorrelation","297.7458615337056"
"wavelet-HLL","glcm","ClusterProminence","1339.7922263344954"
"wavelet-HLL","glcm","ClusterShade","-23.619073469883404"
"wavelet-HLL","glcm","ClusterTendency","8.952379342741855"
"wavelet-HLL","glcm","Contrast","4.273907097806572"
"wavelet-HLL","glcm","Correlation","0.347360501573694"
"wavelet-HLL","glcm","DifferenceAverage","1.051373747879274"
"wavelet-HLL","glcm","DifferenceEntropy","1.8724086430561004"
"wavelet-HLL","glcm","DifferenceVariance","3.1310887150718054"
"wavelet-HLL","glcm","Id","0.6697554566400516"
"wavelet-HLL","glcm","Idm","0.649889656780267"
"wavelet-HLL","glcm","Idmn","0.995928384547289"
"wavelet-HLL","glcm","Idn","0.9696561594088016"
"wavelet-HLL","glcm","Imc1","-0.13200650234986372"
"wavelet-HLL","glcm","Imc2","0.6391640379389979"
"wavelet-HLL","glcm","InverseVariance","0.44822634240351616"
"wavelet-HLL","glcm","JointAverage","17.221386481726288"
"wavelet-HLL","glcm","JointEnergy","0.14987042607314993"
"wavelet-HLL","glcm","JointEntropy","3.946300277819579"
"wavelet-HLL","glcm","MCC","0.6449716544690971"
"wavelet-HLL","glcm","MaximumProbability","0.22281827279929908"
"wavelet-HLL","glcm","SumAverage","34.44277296345256"
"wavelet-HLL","glcm","SumEntropy","2.761091321582656"
"wavelet-HLL","glcm","SumSquares","3.306571610137106"
"wavelet-HLL","gldm","DependenceEntropy","5.861761267677418"
"wavelet-HLL","gldm","DependenceNonUniformity","1439.3162349754527"
"wavelet-HLL","gldm","DependenceNonUniformityNormalized","0.060915703190090265"
"wavelet-HLL","gldm","DependenceVariance","28.191046192852827"
"wavelet-HLL","gldm","GrayLevelNonUniformity","7634.120958185204"
"wavelet-HLL","gldm","GrayLevelVariance","3.9163108395696753"
"wavelet-HLL","gldm","HighGrayLevelEmphasis","300.5231928220755"
"wavelet-HLL","gldm","LargeDependenceEmphasis","151.25376671745386"
"wavelet-HLL","gldm","LargeDependenceHighGrayLevelEmphasis","45979.55391907906"
"wavelet-HLL","gldm","LargeDependenceLowGrayLevelEmphasis","0.5011416379055207"
"wavelet-HLL","gldm","LowGrayLevelEmphasis","0.0036639972226857943"
"wavelet-HLL","gldm","SmallDependenceEmphasis","0.07463692448264742"
"wavelet-HLL","gldm","SmallDependenceHighGrayLevelEmphasis","22.87206604781503"
"wavelet-HLL","gldm","SmallDependenceLowGrayLevelEmphasis","0.0004029906111284212"
"wavelet-HLL","glrlm","GrayLevelNonUniformity","3637.4306090254872"
"wavelet-HLL","glrlm","GrayLevelNonUniformityNormalized","0.2500785240540196"
"wavelet-HLL","glrlm","GrayLevelVariance","5.955537628557753"
"wavelet-HLL","glrlm","HighGrayLevelRunEmphasis","298.75852498285275"
"wavelet-HLL","glrlm","LongRunEmphasis","4.188423936331141"
"wavelet-HLL","glrlm","LongRunHighGrayLevelEmphasis","1266.1751945294063"
"wavelet-HLL","glrlm","LongRunLowGrayLevelEmphasis","0.014494853773800451"
"wavelet-HLL","glrlm","LowGrayLevelRunEmphasis","0.0038706638017810785"
"wavelet-HLL","glrlm","RunEntropy","4.132599411968075"
"wavelet-HLL","glrlm","RunLengthNonUniformity","6923.8972571406375"
"wavelet-HLL","glrlm","RunLengthNonUniformityNormalized","0.47280218273686014"
"wavelet-HLL","glrlm","RunPercentage","0.6117936997825265"
"wavelet-HLL","glrlm","RunVariance","1.4144400793624217"
"wavelet-HLL","glrlm","ShortRunEmphasis","0.710534616892365"
"wavelet-HLL","glrlm","ShortRunHighGrayLevelEmphasis","211.13185151668455"
"wavelet-HLL","glrlm","ShortRunLowGrayLevelEmphasis","0.0028930622900558197"
"wavelet-HLL","glszm","GrayLevelNonUniformity","126.14240506329114"
"wavelet-HLL","glszm","GrayLevelNonUniformityNormalized","0.06653080435827592"
"wavelet-HLL","glszm","GrayLevelVariance","24.102836974131638"
"wavelet-HLL","glszm","HighGrayLevelZoneEmphasis","308.2457805907173"
"wavelet-HLL","glszm","LargeAreaEmphasis","92294.16561181434"
"wavelet-HLL","glszm","LargeAreaHighGrayLevelEmphasis","28071252.684599157"
"wavelet-HLL","glszm","LargeAreaLowGrayLevelEmphasis","304.4451471755457"
"wavelet-HLL","glszm","LowGrayLevelZoneEmphasis","0.005608000836410332"
"wavelet-HLL","glszm","SizeZoneNonUniformity","732.032700421941"
"wavelet-HLL","glszm","SizeZoneNonUniformityNormalized","0.38609319642507434"
"wavelet-HLL","glszm","SmallAreaEmphasis","0.6443024041715149"
"wavelet-HLL","glszm","SmallAreaHighGrayLevelEmphasis","203.0048018977187"
"wavelet-HLL","glszm","SmallAreaLowGrayLevelEmphasis","0.0037493752561727064"
"wavelet-HLL","glszm","ZoneEntropy","6.152735689918356"
"wavelet-HLL","glszm","ZonePercentage","0.08024377856780092"
"wavelet-HLL","glszm","ZoneVariance","92138.86353682636"
"wavelet-HLL","ngtdm","Busyness","4.256182336331304"
"wavelet-HLL","ngtdm","Coarseness","0.0002544607382782129"
"wavelet-HLL","ngtdm","Complexity","372.6647843047779"
"wavelet-HLL","ngtdm","Contrast","0.007279799176023787"
"wavelet-HLL","ngtdm","Strength","0.2592863506576702"
"wavelet-HLH","firstorder","10Percentile","-14.18884630016385"
"wavelet-HLH","firstorder","90Percentile","14.588660704541756"
"wavelet-HLH","firstorder","Energy","8541244.406179622"
"wavelet-HLH","firstorder","Entropy","1.6053207399684473"
"wavelet-HLH","firstorder","InterquartileRange","13.079027070553456"
"wavelet-HLH","firstorder","Kurtosis","15.09906716523616"
"wavelet-HLH","firstorder","Maximum","162.10827109525124"
"wavelet-HLH","firstorder","MeanAbsoluteDeviation","11.130664271057729"
"wavelet-HLH","firstorder","Mean","0.2312344735826112"
"wavelet-HLH","firstorder","Median","-0.15486330716708302"
"wavelet-HLH","firstorder","Minimum","-156.7546294778128"
"wavelet-HLH","firstorder","Range","318.86290057306405"
"wavelet-HLH","firstorder","RobustMeanAbsoluteDeviation","5.575212572941404"
"wavelet-HLH","firstorder","RootMeanSquared","19.012844381861843"
"wavelet-HLH","firstorder","Skewness","0.29182700420429836"
"wavelet-HLH","firstorder","TotalEnergy","9111993.56379076"
"wavelet-HLH","firstorder","Uniformity","0.4091021829554986"
"wavelet-HLH","firstorder","Variance","361.4347821071224"
"wavelet-HLH","glcm","Autocorrelation","56.42849258202236"
"wavelet-HLH","glcm","ClusterProminence","21.12603093331243"
"wavelet-HLH","glcm","ClusterShade","0.6880331695020856"
"wavelet-HLH","glcm","ClusterTendency","1.3170261355503483"
"wavelet-HLH","glcm","Contrast","1.1935560777863952"
"wavelet-HLH","glcm","Correlation","0.04551042272146252"
"wavelet-HLH","glcm","DifferenceAverage","0.691063868410956"
"wavelet-HLH","glcm","DifferenceEntropy","1.431836171018051"
"wavelet-HLH","glcm","DifferenceVariance","0.7089919925722092"
"wavelet-HLH","glcm","Id","0.7062891608473492"
"wavelet-HLH","glcm","Idm","0.6960570496503831"
"wavelet-HLH","glcm","Idmn","0.9942562228786985"
"wavelet-HLH","glcm","Idn","0.9557585500336783"
"wavelet-HLH","glcm","Imc1","-0.05483813002400798"
"wavelet-HLH","glcm","Imc2","0.37758239545850575"
"wavelet-HLH","glcm","InverseVariance","0.49308426712019254"
"wavelet-HLH","glcm","JointAverage","7.509835008661464"
"wavelet-HLH","glcm","JointEnergy","0.19403235138881564"
"wavelet-HLH","glcm","JointEntropy","2.950484607197109"
"wavelet-HLH","glcm","MCC","0.4153574437867395"
"wavelet-HLH","glcm","MaximumProbability","0.24337308876182748"
"wavelet-HLH","glcm","SumAverage","15.01967001732293"
"wavelet-HLH","glcm","SumEntropy","2.0340298222978666"
"wavelet-HLH","glcm","SumSquares","0.6276455533341857"
"wavelet-HLH","gldm","DependenceEntropy","5.07098570301771"
"wavelet-HLH","gldm","DependenceNonUniformity","2074.665058405282"
"wavelet-HLH","gldm","DependenceNonUniformityNormalized","0.08780536052163881"
"wavelet-HLH","gldm","DependenceVariance","16.93545176234685"
"wavelet-HLH","gldm","GrayLevelNonUniformity","9666.266378872524"
"wavelet-HLH","gldm","GrayLevelVariance","0.7219114601330499"
"wavelet-HLH","gldm","HighGrayLevelEmphasis","57.09831555781277"
"wavelet-HLH","gldm","LargeDependenceEmphasis","154.42864398171662"
"wavelet-HLH","gldm","LargeDependenceHighGrayLevelEmphasis","8657.914042661248"
"wavelet-HLH","gldm","LargeDependenceLowGrayLevelEmphasis","2.8101521810440495"
"wavelet-HLH","gldm","LowGrayLevelEmphasis","0.018808338868453574"
"wavelet-HLH","gldm","SmallDependenceEmphasis","0.035740841701217343"
"wavelet-HLH","gldm","SmallDependenceHighGrayLevelEmphasis","2.1873699304606817"
"wavelet-HLH","gldm","SmallDependenceLowGrayLevelEmphasis","0.0010684373805823003"
"wavelet-HLH","glrlm","GrayLevelNonUniformity","5049.337573767552"
"wavelet-HLH","glrlm","GrayLevelNonUniformityNormalized","0.3631198194429706"
"wavelet-HLH","glrlm","GrayLevelVariance","1.0087738000103346"
"wavelet-HLH","glrlm","HighGrayLevelRunEmphasis","57.667554819453144"
"wavelet-HLH","glrlm","LongRunEmphasis","4.3831232716307476"
"wavelet-HLH","glrlm","LongRunHighGrayLevelEmphasis","247.61306124371688"
"wavelet-HLH","glrlm","LongRunLowGrayLevelEmphasis","0.08086176330843096"
"wavelet-HLH","glrlm","LowGrayLevelRunEmphasis","0.01925000177358655"
"wavelet-HLH","glrlm","RunEntropy","3.4270693406009087"
"wavelet-HLH","glrlm","RunLengthNonUniformity","6041.419302351531"
"wavelet-HLH","glrlm","RunLengthNonUniformityNormalized","0.4304460917246968"
"wavelet-HLH","glrlm","RunPercentage","0.5874711880298473"
"wavelet-HLH","glrlm","RunVariance","1.3869695890728482"
"wavelet-HLH","glrlm","ShortRunEmphasis","0.6716593146461707"
"wavelet-HLH","glrlm","ShortRunHighGrayLevelEmphasis","39.11296489423302"
"wavelet-HLH","glrlm","ShortRunLowGrayLevelEmphasis","0.013278354341092617"
"wavelet-HLH","glszm","GrayLevelNonUniformity","119.23927178153446"
"wavelet-HLH","glszm","GrayLevelNonUniformityNormalized","0.15505757058717096"
"wavelet-HLH","glszm","GrayLevelVariance","6.79872700431716"
"wavelet-HLH","glszm","HighGrayLevelZoneEmphasis","62.28088426527958"
"wavelet-HLH","glszm","LargeAreaEmphasis","294356.76723016903"
"wavelet-HLH","glszm","LargeAreaHighGrayLevelEmphasis","16521208.388816645"
"wavelet-HLH","glszm","LargeAreaLowGrayLevelEmphasis","5338.5222253192"
"wavelet-HLH","glszm","LowGrayLevelZoneEmphasis","0.033285761636575595"
"wavelet-HLH","glszm","SizeZoneNonUniformity","243.64239271781534"
"wavelet-HLH","glszm","SizeZoneNonUniformityNormalized","0.3168301595810343"
"wavelet-HLH","glszm","SmallAreaEmphasis","0.5812619319425767"
"wavelet-HLH","glszm","SmallAreaHighGrayLevelEmphasis","35.76469200750071"
"wavelet-HLH","glszm","SmallAreaLowGrayLevelEmphasis","0.022056539272579504"
"wavelet-HLH","glszm","ZoneEntropy","5.275551368232655"
"wavelet-HLH","glszm","ZonePercentage","0.032546131708142884"
"wavelet-HLH","glszm","ZoneVariance","293412.70364802546"
"wavelet-HLH","ngtdm","Busyness","28.316238621806367"
"wavelet-HLH","ngtdm","Coarseness","0.0002054606606072724"
"wavelet-HLH","ngtdm","Complexity","57.936895036477175"
"wavelet-HLH","ngtdm","Contrast","0.005046790463531363"
"wavelet-HLH","ngtdm","Strength","0.031614834438647245"
"wavelet-HHL","firstorder","10Percentile","-15.720296061146465"
"wavelet-HHL","firstorder","90Percentile","16.37560547330113"
"wavelet-HHL","firstorder","Energy","6956104.813695123"
"wavelet-HHL","firstorder","Entropy","1.542878154504194"
"wavelet-HHL","firstorder","InterquartileRange","15.217950279963695"
"wavelet-HHL","firstorder","Kurtosis","12.105634519816107"
"wavelet-HHL","firstorder","Maximum","165.90389241328316"
"wavelet-HHL","firstorder","MeanAbsoluteDeviation","11.22478983883425"
"wavelet-HHL","firstorder","Mean","0.18249352681601916"
"wavelet-HHL","firstorder","Median","-0.25729469596526505"
"wavelet-HHL","firstorder","Minimum","-157.75132260136328"
"wavelet-HHL","firstorder","Range","323.65521501464644"
"wavelet-HHL","firstorder","RobustMeanAbsoluteDeviation","6.426810717202575"
"wavelet-HHL","firstorder","RootMeanSquared","17.158115128103187"
"wavelet-HHL","firstorder","Skewness","0.36215429981456004"
"wavelet-HHL","firstorder","TotalEnergy","7420930.636943879"
"wavelet-HHL","firstorder","Uniformity","0.4150600531934391"
"wavelet-HHL","firstorder","Variance","294.3676108619136"
"wavelet-HHL","glcm","Autocorrelation","56.33084358599433"
"wavelet-HHL","glcm","ClusterProminence","11.86582205396925"
"wavelet-HHL","glcm","ClusterShade","0.4198618170541437"
"wavelet-HHL","glcm","ClusterTendency","1.1039759051442712"
"wavelet-HHL","glcm","Contrast","1.003957495802416"
"wavelet-HHL","glcm","Correlation","0.04629930466577693"
"wavelet-HHL","glcm","DifferenceAverage","0.6613774766087119"
"wavelet-HHL","glcm","DifferenceEntropy","1.3792375824152545"
"wavelet-HHL","glcm","DifferenceVariance","0.558930379510595"
"wavelet-HHL","glcm","Id","0.7087884312308717"
"wavelet-HHL","glcm","Idm","0.6992453805331462"
"wavelet-HHL","glcm","Idmn","0.9950798741932467"
"wavelet-HHL","glcm","Idn","0.9571941920975552"
"wavelet-HHL","glcm","Imc1","-0.04467254976051567"
"wavelet-HHL","glcm","Imc2","0.32893242600638517"
"wavelet-HHL","glcm","InverseVariance","0.49812540846701"
"wavelet-HHL","glcm","JointAverage","7.503721641304495"
"wavelet-HHL","glcm","JointEnergy","0.19557660817887473"
"wavelet-HHL","glcm","JointEntropy","2.876380938533778"
"wavelet-HHL","glcm","MCC","0.3584268625600193"
"wavelet-HHL","glcm","MaximumProbability","0.24475411633441985"
"wavelet-HHL","glcm","SumAverage","15.00744328260899"
"wavelet-HHL","glcm","SumEntropy","1.9786819195382852"
"wavelet-HHL","glcm","SumSquares","0.5269833502366716"
"wavelet-HHL","gldm","DependenceEntropy","5.040541891953856"
"wavelet-HHL","gldm","DependenceNonUniformity","2039.3959708820043"
"wavelet-HHL","gldm","DependenceNonUniformityNormalized","0.08631267863898782"
"wavelet-HHL","gldm","DependenceVariance","16.342971960942258"
"wavelet-HHL","gldm","GrayLevelNonUniformity","9807.038936854578"
"wavelet-HHL","gldm","GrayLevelVariance","0.5860846990292999"
"wavelet-HHL","gldm","HighGrayLevelEmphasis","56.93325715253089"
"wavelet-HHL","gldm","LargeDependenceEmphasis","153.97316742847468"
"wavelet-HHL","gldm","LargeDependenceHighGrayLevelEmphasis","8624.971262908413"
"wavelet-HHL","gldm","LargeDependenceLowGrayLevelEmphasis","2.8024421186777833"
"wavelet-HHL","gldm","LowGrayLevelEmphasis","0.018467616277615298"
"wavelet-HHL","gldm","SmallDependenceEmphasis","0.03496260622648064"
"wavelet-HHL","gldm","SmallDependenceHighGrayLevelEmphasis","2.1826753901071765"
"wavelet-HHL","gldm","SmallDependenceLowGrayLevelEmphasis","0.0008668119548004642"
"wavelet-HHL","glrlm","GrayLevelNonUniformity","5175.565165521557"
"wavelet-HHL","glrlm","GrayLevelNonUniformityNormalized","0.37213305411814335"
"wavelet-HHL","glrlm","GrayLevelVariance","0.788961984531719"
"wavelet-HHL","glrlm","HighGrayLevelRunEmphasis","57.44098292763252"
"wavelet-HHL","glrlm","LongRunEmphasis","4.444824343636141"
"wavelet-HHL","glrlm","LongRunHighGrayLevelEmphasis","250.71975719434275"
"wavelet-HHL","glrlm","LongRunLowGrayLevelEmphasis","0.08135315333983753"
"wavelet-HHL","glrlm","LowGrayLevelRunEmphasis","0.018679294369293373"
"wavelet-HHL","glrlm","RunEntropy","3.340871482612054"
"wavelet-HHL","glrlm","RunLengthNonUniformity","6002.5330234109315"
"wavelet-HHL","glrlm","RunLengthNonUniformityNormalized","0.42721685452881675"
"wavelet-HHL","glrlm","RunPercentage","0.5872465523303512"
"wavelet-HHL","glrlm","RunVariance","1.4066575775911367"
"wavelet-HHL","glrlm","ShortRunEmphasis","0.667774312748015"
"wavelet-HHL","glrlm","ShortRunHighGrayLevelEmphasis","38.69978666251608"
"wavelet-HHL","glrlm","ShortRunLowGrayLevelEmphasis","0.012646890548611147"
"wavelet-HHL","glszm","GrayLevelNonUniformity","163.46235138705416"
"wavelet-HHL","glszm","GrayLevelNonUniformityNormalized","0.2159344139855405"
"wavelet-HHL","glszm","GrayLevelVariance","5.031831483869617"
"wavelet-HHL","glszm","HighGrayLevelZoneEmphasis","63.87714663143989"
"wavelet-HHL","glszm","LargeAreaEmphasis","303398.00264200795"
"wavelet-HHL","glszm","LargeAreaHighGrayLevelEmphasis","17005069.615587845"
"wavelet-HHL","glszm","LargeAreaLowGrayLevelEmphasis","5509.989419146381"
"wavelet-HHL","glszm","LowGrayLevelZoneEmphasis","0.026308196435672435"
"wavelet-HHL","glszm","SizeZoneNonUniformity","264.51651254953765"
"wavelet-HHL","glszm","SizeZoneNonUniformityNormalized","0.34942736136002334"
"wavelet-HHL","glszm","SmallAreaEmphasis","0.6091298113743527"
"wavelet-HHL","glszm","SmallAreaHighGrayLevelEmphasis","39.6005364011967"
"wavelet-HHL","glszm","SmallAreaLowGrayLevelEmphasis","0.01771532949157994"
"wavelet-HHL","glszm","ZoneEntropy","4.754848549802242"
"wavelet-HHL","glszm","ZonePercentage","0.032038259691890975"
"wavelet-HHL","glszm","ZoneVariance","302423.77114697"
"wavelet-HHL","ngtdm","Busyness","28.533965240348348"
"wavelet-HHL","ngtdm","Coarseness","0.00020206297069931943"
"wavelet-HHL","ngtdm","Complexity","56.75316713425418"
"wavelet-HHL","ngtdm","Contrast","0.0039213380610392985"
"wavelet-HHL","ngtdm","Strength","0.032768605430099476"
"wavelet-HHH","firstorder","10Percentile","-10.964679288044046"
"wavelet-HHH","firstorder","90Percentile","11.087735886659912"
"wavelet-HHH","firstorder","Energy","2535911.2847934496"
"wavelet-HHH","firstorder","Entropy","1.2156843092993217"
"wavelet-HHH","firstorder","InterquartileRange","11.04583519578198"
"wavelet-HHH","firstorder","Kurtosis","8.00773938687694"
"wavelet-HHH","firstorder","Maximum","88.85084739509821"
"wavelet-HHH","firstorder","MeanAbsoluteDeviation","7.370750812110441"
"wavelet-HHH","firstorder","Mean","-0.012236740045149519"
"wavelet-HHH","firstorder","Median","-0.00223943237733743"
"wavelet-HHH","firstorder","Minimum","-76.57800495894044"
"wavelet-HHH","firstorder","Range","165.42885235403867"
"wavelet-HHH","firstorder","RobustMeanAbsoluteDeviation","4.604285842800681"
"wavelet-HHH","firstorder","RootMeanSquared","10.359851902271604"
"wavelet-HHH","firstorder","Skewness","-0.11081344681931757"
"wavelet-HHH","firstorder","TotalEnergy","2705367.766863587"
"wavelet-HHH","firstorder","Uniformity","0.4695062705041397"
"wavelet-HHH","firstorder","Variance","107.32638169919363"
"wavelet-HHH","glcm","Autocorrelation","20.22667554906675"
"wavelet-HHH","glcm","ClusterProminence","1.2502187372813955"
"wavelet-HHH","glcm","ClusterShade","-0.01576150710073323"
"wavelet-HHH","glcm","ClusterTendency","0.6038711231282401"
"wavelet-HHH","glcm","Contrast","0.6267527223360906"
"wavelet-HHH","glcm","Correlation","-0.018118334358498425"
"wavelet-HHH","glcm","DifferenceAverage","0.5576815532588447"
"wavelet-HHH","glcm","DifferenceEntropy","1.1495217594642766"
"wavelet-HHH","glcm","DifferenceVariance","0.3128518277691247"
"wavelet-HHH","glcm","Id","0.7311922118719273"
"wavelet-HHH","glcm","Idm","0.7279378108306206"
"wavelet-HHH","glcm","Idmn","0.9905004254646307"
"wavelet-HHH","glcm","Idn","0.9387642030739004"
"wavelet-HHH","glcm","Imc1","-0.01586473758193107"
"wavelet-HHH","glcm","Imc2","0.17895034763023998"
"wavelet-HHH","glcm","InverseVariance","0.510312768166588"
"wavelet-HHH","glcm","JointAverage","4.498043523497497"
"wavelet-HHH","glcm","JointEnergy","0.23119274869295398"
"wavelet-HHH","glcm","JointEntropy","2.3322375569098797"
"wavelet-HHH","glcm","MCC","0.208466392558797"
"wavelet-HHH","glcm","MaximumProbability","0.2582180634991755"
"wavelet-HHH","glcm","SumAverage","8.996087046994992"
"wavelet-HHH","glcm","SumEntropy","1.65575247676731"
"wavelet-HHH","glcm","SumSquares","0.30765596136608264"
"wavelet-HHH","gldm","DependenceEntropy","4.4898582534281015"
"wavelet-HHH","gldm","DependenceNonUniformity","2794.370492635856"
"wavelet-HHH","gldm","DependenceNonUniformityNormalized","0.11826521468748331"
"wavelet-HHH","gldm","DependenceVariance","9.87269295604355"
"wavelet-HHH","gldm","GrayLevelNonUniformity","11093.494159471813"
"wavelet-HHH","gldm","GrayLevelVariance","0.32490716561817934"
"wavelet-HHH","gldm","HighGrayLevelEmphasis","20.557008633824275"
"wavelet-HHH","gldm","LargeDependenceEmphasis","162.00050787201624"
"wavelet-HHH","gldm","LargeDependenceHighGrayLevelEmphasis","3321.5328000677164"
"wavelet-HHH","gldm","LargeDependenceLowGrayLevelEmphasis","8.307842459062655"
"wavelet-HHH","gldm","LowGrayLevelEmphasis","0.052133661499558344"
"wavelet-HHH","gldm","SmallDependenceEmphasis","0.020844718773308377"
"wavelet-HHH","gldm","SmallDependenceHighGrayLevelEmphasis","0.47394390918188567"
"wavelet-HHH","gldm","SmallDependenceLowGrayLevelEmphasis","0.0014755447798087673"
"wavelet-HHH","glrlm","GrayLevelNonUniformity","5996.426529920433"
"wavelet-HHH","glrlm","GrayLevelNonUniformityNormalized","0.4496812946099021"
"wavelet-HHH","glrlm","GrayLevelVariance","0.3770015478394707"
"wavelet-HHH","glrlm","HighGrayLevelRunEmphasis","20.597816126009334"
"wavelet-HHH","glrlm","LongRunEmphasis","4.665455704583882"
"wavelet-HHH","glrlm","LongRunHighGrayLevelEmphasis","95.79454751804566"
"wavelet-HHH","glrlm","LongRunLowGrayLevelEmphasis","0.24073761359043425"
"wavelet-HHH","glrlm","LowGrayLevelRunEmphasis","0.052751200401455464"
"wavelet-HHH","glrlm","RunEntropy","3.0186784868424223"
"wavelet-HHH","glrlm","RunLengthNonUniformity","5349.648309380893"
"wavelet-HHH","glrlm","RunLengthNonUniformityNormalized","0.39949352633003116"
"wavelet-HHH","glrlm","RunPercentage","0.564076519383782"
"wavelet-HHH","glrlm","RunVariance","1.471306682915082"
"wavelet-HHH","glrlm","ShortRunEmphasis","0.6402843505628547"
"wavelet-HHH","glrlm","ShortRunHighGrayLevelEmphasis","13.221827361642509"
"wavelet-HHH","glrlm","ShortRunLowGrayLevelEmphasis","0.034262591375651935"
"wavelet-HHH","glszm","GrayLevelNonUniformity","130.63483146067415"
"wavelet-HHH","glszm","GrayLevelNonUniformityNormalized","0.3669517737659386"
"wavelet-HHH","glszm","GrayLevelVariance","2.889881328115137"
"wavelet-HHH","glszm","HighGrayLevelZoneEmphasis","23.853932584269664"
"wavelet-HHH","glszm","LargeAreaEmphasis","735515.4325842697"
"wavelet-HHH","glszm","LargeAreaHighGrayLevelEmphasis","15087332.008426966"
"wavelet-HHH","glszm","LargeAreaLowGrayLevelEmphasis","37672.316787772455"
"wavelet-HHH","glszm","LowGrayLevelZoneEmphasis","0.08145778395627915"
"wavelet-HHH","glszm","SizeZoneNonUniformity","160.02808988764045"
"wavelet-HHH","glszm","SizeZoneNonUniformityNormalized","0.4495171064259563"
"wavelet-HHH","glszm","SmallAreaEmphasis","0.69628086205909"
"wavelet-HHH","glszm","SmallAreaHighGrayLevelEmphasis","17.26969839852208"
"wavelet-HHH","glszm","SmallAreaLowGrayLevelEmphasis","0.0583696312560319"
"wavelet-HHH","glszm","ZoneEntropy","3.4430512912536866"
"wavelet-HHH","glszm","ZonePercentage","0.015066869815473168"
"wavelet-HHH","glszm","ZoneVariance","731110.3512814038"
"wavelet-HHH","ngtdm","Busyness","105.41673008892081"
"wavelet-HHH","ngtdm","Coarseness","0.00017622237075354003"
"wavelet-HHH","ngtdm","Complexity","16.50195353730593"
"wavelet-HHH","ngtdm","Contrast","0.006326531452137641"
"wavelet-HHH","ngtdm","Strength","0.006924151398390433"
"wavelet-LLL","firstorder","10Percentile","-149.77928269268241"
"wavelet-LLL","firstorder","90Percentile","102.24411552555479"
"wavelet-LLL","firstorder","Energy","1048684667.339691"
"wavelet-LLL","firstorder","Entropy","3.596861059532573"
"wavelet-LLL","firstorder","InterquartileRange","62.430560423179855"
"wavelet-LLL","firstorder","Kurtosis","23.11921313630057"
"wavelet-LLL","firstorder","Maximum","306.40289124513174"
"wavelet-LLL","firstorder","MeanAbsoluteDeviation","112.4899448379383"
"wavelet-LLL","firstorder","Mean","-5.959882483530019"
"wavelet-LLL","firstorder","Median","52.11389060067032"
"wavelet-LLL","firstorder","Minimum","-2064.8525044454605"
"wavelet-LLL","firstorder","Range","2371.255395690592"
"wavelet-LLL","firstorder","RobustMeanAbsoluteDeviation","32.61014526055357"
"wavelet-LLL","firstorder","RootMeanSquared","210.6730477173628"
"wavelet-LLL","firstorder","Skewness","-4.107467604450804"
"wavelet-LLL","firstorder","TotalEnergy","1118760626.0665953"
"wavelet-LLL","firstorder","Uniformity","0.13999490981610485"
"wavelet-LLL","firstorder","Variance","44347.612835304746"
"wavelet-LLL","glcm","Autocorrelation","7099.000474038538"
"wavelet-LLL","glcm","ClusterProminence","862845.1202746021"
"wavelet-LLL","glcm","ClusterShade","-10142.35047005463"
"wavelet-LLL","glcm","ClusterTendency","167.14730009772077"
"wavelet-LLL","glcm","Contrast","29.851643099634153"
"wavelet-LLL","glcm","Correlation","0.6912022622205983"
"wavelet-LLL","glcm","DifferenceAverage","2.4484426478694234"
"wavelet-LLL","glcm","DifferenceEntropy","2.6733710092700225"
"wavelet-LLL","glcm","DifferenceVariance","23.75696720194031"
"wavelet-LLL","glcm","Id","0.5483062348855279"
"wavelet-LLL","glcm","Idm","0.5087096025279065"
"wavelet-LLL","glcm","Idmn","0.9969756549659612"
"wavelet-LLL","glcm","Idn","0.9771329283425965"
"wavelet-LLL","glcm","Imc1","-0.1602648169128145"
"wavelet-LLL","glcm","Imc2","0.7996584968269154"
"wavelet-LLL","glcm","InverseVariance","0.42825373209220846"
"wavelet-LLL","glcm","JointAverage","84.0515378471651"
"wavelet-LLL","glcm","JointEnergy","0.03639668099951061"
"wavelet-LLL","glcm","JointEntropy","6.201012104427772"
"wavelet-LLL","glcm","MCC","0.8350038606214696"
"wavelet-LLL","glcm","MaximumProbability","0.09124382441432505"
"wavelet-LLL","glcm","SumAverage","168.10307569433024"
"wavelet-LLL","glcm","SumEntropy","4.281599637765362"
"wavelet-LLL","glcm","SumSquares","49.24973579933866"
"wavelet-LLL","gldm","DependenceEntropy","7.110486934556346"
"wavelet-LLL","gldm","DependenceNonUniformity","1551.465633993567"
"wavelet-LLL","gldm","DependenceNonUniformityNormalized","0.06566216497348769"
"wavelet-LLL","gldm","DependenceVariance","21.914075884579585"
"wavelet-LLL","gldm","GrayLevelNonUniformity","3307.7997291349247"
"wavelet-LLL","gldm","GrayLevelVariance","71.09140373664377"
"wavelet-LLL","gldm","HighGrayLevelEmphasis","7003.5496021669205"
"wavelet-LLL","gldm","LargeDependenceEmphasis","82.07567293042153"
"wavelet-LLL","gldm","LargeDependenceHighGrayLevelEmphasis","605909.3328254613"
"wavelet-LLL","gldm","LargeDependenceLowGrayLevelEmphasis","0.011206518551440092"
"wavelet-LLL","gldm","LowGrayLevelEmphasis","0.00020573612696608354"
"wavelet-LLL","gldm","SmallDependenceEmphasis","0.150078370912426"
"wavelet-LLL","gldm","SmallDependenceHighGrayLevelEmphasis","818.5215300695747"
"wavelet-LLL","gldm","SmallDependenceLowGrayLevelEmphasis","8.517181021920652e-05"
"wavelet-LLL","glrlm","GrayLevelNonUniformity","2048.3701064721117"
"wavelet-LLL","glrlm","GrayLevelNonUniformityNormalized","0.11694614170757625"
"wavelet-LLL","glrlm","GrayLevelVariance","91.37467336394499"
"wavelet-LLL","glrlm","HighGrayLevelRunEmphasis","6873.386754206424"
"wavelet-LLL","glrlm","LongRunEmphasis","2.470607105766416"
"wavelet-LLL","glrlm","LongRunHighGrayLevelEmphasis","17720.117882750033"
"wavelet-LLL","glrlm","LongRunLowGrayLevelEmphasis","0.0004307225359987518"
"wavelet-LLL","glrlm","LowGrayLevelRunEmphasis","0.00023032503859302946"
"wavelet-LLL","glrlm","RunEntropy","4.915640922324673"
"wavelet-LLL","glrlm","RunLengthNonUniformity","10820.178384451541"
"wavelet-LLL","glrlm","RunLengthNonUniformityNormalized","0.616439437130661"
"wavelet-LLL","glrlm","RunPercentage","0.7401388183511088"
"wavelet-LLL","glrlm","RunVariance","0.6263803426630801"
"wavelet-LLL","glrlm","ShortRunEmphasis","0.8128406219861896"
"wavelet-LLL","glrlm","ShortRunHighGrayLevelEmphasis","5495.751744033108"
"wavelet-LLL","glrlm","ShortRunLowGrayLevelEmphasis","0.00020467412817280298"
"wavelet-LLL","glszm","GrayLevelNonUniformity","104.14927857935628"
"wavelet-LLL","glszm","GrayLevelNonUniformityNormalized","0.028898245998711505"
"wavelet-LLL","glszm","GrayLevelVariance","219.21298592573797"
"wavelet-LLL","glszm","HighGrayLevelZoneEmphasis","5334.2805216426195"
"wavelet-LLL","glszm","LargeAreaEmphasis","18851.44284128746"
"wavelet-LLL","glszm","LargeAreaHighGrayLevelEmphasis","139320954.07325193"
"wavelet-LLL","glszm","LargeAreaLowGrayLevelEmphasis","2.5522205498778394"
"wavelet-LLL","glszm","LowGrayLevelZoneEmphasis","0.0005703655278868542"
"wavelet-LLL","glszm","SizeZoneNonUniformity","2038.9012208657048"
"wavelet-LLL","glszm","SizeZoneNonUniformityNormalized","0.5657328581758337"
"wavelet-LLL","glszm","SmallAreaEmphasis","0.7794880373392841"
"wavelet-LLL","glszm","SmallAreaHighGrayLevelEmphasis","3963.485960355791"
"wavelet-LLL","glszm","SmallAreaLowGrayLevelEmphasis","0.000524550656098447"
"wavelet-LLL","glszm","ZoneEntropy","6.815410475099521"
"wavelet-LLL","glszm","ZonePercentage","0.15253089554765534"
"wavelet-LLL","glszm","ZoneVariance","18808.461064965428"
"wavelet-LLL","ngtdm","Busyness","0.19870217174836033"
"wavelet-LLL","ngtdm","Coarseness","0.0003729368429891492"
"wavelet-LLL","ngtdm","Complexity","8086.174386770348"
"wavelet-LLL","ngtdm","Contrast","0.03018329449724698"
"wavelet-LLL","ngtdm","Strength","8.222519202307483"
