"Image type","Feature Class","Feature Name","Segmentation_2_segment_Segment_1"
"diagnostics","Versions","PyRadiomics","v3.0.1.post4+gad5b2de"
"diagnostics","Versions","Numpy","1.19.2"
"diagnostics","Versions","SimpleITK","2.0.2"
"diagnostics","Versions","PyWavelet","1.1.1"
"diagnostics","Versions","Python","3.6.7"
"diagnostics","Configuration","Settings","{'minimumROIDimensions': 2, 'minimumROISize': None, 'normalize': False, 'normalizeScale': 1, 'removeOutliers': None, 'resampledPixelSpacing': None, 'interpolator': 'sitkBSpline', 'preCrop': False, 'padDistance': 5, 'distances': [1], 'force2D': False, 'force2Ddimension': 0, 'resegmentRange': None, 'label': 1, 'additionalInfo': True, 'binWidth': 25.0, 'symmetricalGLCM': True, 'correctMask': True}"
"diagnostics","Configuration","EnabledImageTypes","{'Original': {}, 'Wavelet': {}}"
"diagnostics","Image-original","Hash","2058918ecad5f008b3d018b401aa2a87f4f38d7c"
"diagnostics","Image-original","Dimensionality","3D"
"diagnostics","Image-original","Spacing","(0.761719, 0.761719, 1.25)"
"diagnostics","Image-original","Size","(512, 512, 253)"
"diagnostics","Image-original","Mean","-1016.0386116419857"
"diagnostics","Image-original","Minimum","-3024.0"
"diagnostics","Image-original","Maximum","1781.0"
"diagnostics","Mask-original","Hash","b75927d0d367ecbc457ebb547f0c8f5814465cc9"
"diagnostics","Mask-original","Spacing","(0.761719, 0.761719, 1.25)"
"diagnostics","Mask-original","Size","(512, 512, 253)"
"diagnostics","Mask-original","BoundingBox","(296, 219, 162, 83, 77, 47)"
"diagnostics","Mask-original","VoxelNum","56871"
"diagnostics","Mask-original","VolumeNum","2"
"diagnostics","Mask-original","CenterOfMassIndex","(330.51298552865256, 257.3926429990681, 178.13968454924301)"
"diagnostics","Mask-original","CenterOfMass","(70.55802082389974, 1.0608666326072012, -93.32539431344622)"
"original","shape","Elongation","0.7138280904163145"
"original","shape","Flatness","0.5623991739662134"
"original","shape","LeastAxisLength","32.93092567588701"
"original","shape","MajorAxisLength","58.55436352021628"
"original","shape","Maximum2DDiameterColumn","62.245801815757574"
"original","shape","Maximum2DDiameterRow","70.25721514837782"
"original","shape","Maximum2DDiameterSlice","61.48728633307764"
"original","shape","Maximum3DDiameter","80.06530654219058"
"original","shape","MeshVolume","41161.35748022718"
"original","shape","MinorAxisLength","41.797749497178685"
"original","shape","Sphericity","0.5619620113294205"
"original","shape","SurfaceArea","10258.966831359698"
"original","shape","SurfaceVolumeRatio","0.2492378157422974"
"original","shape","VoxelVolume","41246.818437583795"
"original","firstorder","10Percentile","-78.0"
"original","firstorder","90Percentile","47.0"
"original","firstorder","Energy","816183234.0"
"original","firstorder","Entropy","2.835282600859685"
"original","firstorder","InterquartileRange","38.0"
"original","firstorder","Kurtosis","18.52332256225406"
"original","firstorder","Maximum","345.0"
"original","firstorder","MeanAbsoluteDeviation","63.009280076755616"
"original","firstorder","Mean","-14.466177841078933"
"original","firstorder","Median","18.0"
"original","firstorder","Minimum","-878.0"
"original","firstorder","Range","1223.0"
"original","firstorder","RobustMeanAbsoluteDeviation","17.90174510855644"
"original","firstorder","RootMeanSquared","119.7976785212425"
"original","firstorder","Skewness","-3.7790262088620517"
"original","firstorder","TotalEnergy","591953045.745599"
"original","firstorder","Uniformity","0.228258154810925"
"original","firstorder","Variance","14142.213477749245"
"original","glcm","Autocorrelation","1333.1214465626965"
"original","glcm","ClusterProminence","65675.11057668332"
"original","glcm","ClusterShade","-1591.28062603224"
"original","glcm","ClusterTendency","52.10051068831212"
"original","glcm","Contrast","10.409952446314216"
"original","glcm","Correlation","0.657946415013103"
"original","glcm","DifferenceAverage","1.4996244559247063"
"original","glcm","DifferenceEntropy","2.1696216915691546"
"original","glcm","DifferenceVariance","8.123165944929381"
"original","glcm","Id","0.621753314082008"
"original","glcm","Idm","0.5947084286957831"
"original","glcm","Idmn","0.9961652215762609"
"original","glcm","Idn","0.9733307022867171"
"original","glcm","Imc1","-0.13407084126641314"
"original","glcm","Imc2","0.6931147396799534"
"original","glcm","InverseVariance","0.4524520635591939"
"original","glcm","JointAverage","36.36881474103901"
"original","glcm","JointEnergy","0.08094675632640112"
"original","glcm","JointEntropy","4.920493158018267"
"original","glcm","MCC","0.6992866658326756"
"original","glcm","MaximumProbability","0.15312412048274882"
"original","glcm","SumAverage","72.73762948207806"
"original","glcm","SumEntropy","3.4863186350778133"
"original","glcm","SumSquares","15.627615783656587"
"original","gldm","DependenceEntropy","6.576592367044476"
"original","gldm","DependenceNonUniformity","3070.4978811696647"
"original","gldm","DependenceNonUniformityNormalized","0.0539905730718585"
"original","gldm","DependenceVariance","28.969214210985864"
"original","gldm","GrayLevelNonUniformity","12981.269522252114"
"original","gldm","GrayLevelVariance","22.70275843612141"
"original","gldm","HighGrayLevelEmphasis","1314.3791035853071"
"original","gldm","LargeDependenceEmphasis","121.19046614267377"
"original","gldm","LargeDependenceHighGrayLevelEmphasis","169452.5679520318"
"original","gldm","LargeDependenceLowGrayLevelEmphasis","0.08764827652055165"
"original","gldm","LowGrayLevelEmphasis","0.001011094798680931"
"original","gldm","SmallDependenceEmphasis","0.10520789915098311"
"original","gldm","SmallDependenceHighGrayLevelEmphasis","95.0776704218284"
"original","gldm","SmallDependenceLowGrayLevelEmphasis","0.00027559312585857815"
"original","glrlm","GrayLevelNonUniformity","6844.962559835006"
"original","glrlm","GrayLevelNonUniformityNormalized","0.17939396292134008"
"original","glrlm","GrayLevelVariance","31.554470629966293"
"original","glrlm","HighGrayLevelRunEmphasis","1274.897385242762"
"original","glrlm","LongRunEmphasis","3.334633703389179"
"original","glrlm","LongRunHighGrayLevelEmphasis","4532.826597046617"
"original","glrlm","LongRunLowGrayLevelEmphasis","0.0028531938217298014"
"original","glrlm","LowGrayLevelRunEmphasis","0.0011495986376007022"
"original","glrlm","RunEntropy","4.465212911776792"
"original","glrlm","RunLengthNonUniformity","20714.737924206165"
"original","glrlm","RunLengthNonUniformityNormalized","0.5404630396713391"
"original","glrlm","RunPercentage","0.6691080894277602"
"original","glrlm","RunVariance","1.0475380273853372"
"original","glrlm","ShortRunEmphasis","0.7622644552341054"
"original","glrlm","ShortRunHighGrayLevelEmphasis","944.924641634508"
"original","glrlm","ShortRunLowGrayLevelEmphasis","0.000971602995582508"
"original","glszm","GrayLevelNonUniformity","249.81003937007873"
"original","glszm","GrayLevelNonUniformityNormalized","0.04097933716700767"
"original","glszm","GrayLevelVariance","75.74863597036223"
"original","glszm","HighGrayLevelZoneEmphasis","853.9627624671916"
"original","glszm","LargeAreaEmphasis","109089.56643700787"
"original","glszm","LargeAreaHighGrayLevelEmphasis","152799245.1351706"
"original","glszm","LargeAreaLowGrayLevelEmphasis","77.95676375101904"
"original","glszm","LowGrayLevelZoneEmphasis","0.00279054271888187"
"original","glszm","SizeZoneNonUniformity","3010.6998031496064"
"original","glszm","SizeZoneNonUniformityNormalized","0.49388120130406926"
"original","glszm","SmallAreaEmphasis","0.7302700156970215"
"original","glszm","SmallAreaHighGrayLevelEmphasis","580.870377759156"
"original","glszm","SmallAreaLowGrayLevelEmphasis","0.002261324960262398"
"original","glszm","ZoneEntropy","6.425892941248485"
"original","glszm","ZonePercentage","0.10718995621670095"
"original","glszm","ZoneVariance","109002.53186200905"
"original","ngtdm","Busyness","2.473678439466957"
"original","ngtdm","Coarseness","0.00012515834415439194"
"original","ngtdm","Complexity","1426.6692300914742"
"original","ngtdm","Contrast","0.021091412041433596"
"original","ngtdm","Strength","0.5252350739033284"
"wavelet-LLH","firstorder","10Percentile","-90.07616622287487"
"wavelet-LLH","firstorder","90Percentile","37.82117241868016"
"wavelet-LLH","firstorder","Energy","419774115.7645641"
"wavelet-LLH","firstorder","Entropy","3.1610411400951444"
"wavelet-LLH","firstorder","InterquartileRange","42.019947331999504"
"wavelet-LLH","firstorder","Kurtosis","11.140749260934497"
"wavelet-LLH","firstorder","Maximum","751.833889216943"
"wavelet-LLH","firstorder","MeanAbsoluteDeviation","47.87137267878627"
"wavelet-LLH","firstorder","Mean","-11.976694206936251"
"wavelet-LLH","firstorder","Median","-3.97231625653692"
"wavelet-LLH","firstorder","Minimum","-691.4035017417025"
"wavelet-LLH","firstorder","Range","1443.2373909586454"
"wavelet-LLH","firstorder","RobustMeanAbsoluteDeviation","19.638082399582693"
"wavelet-LLH","firstorder","RootMeanSquared","85.91369453362289"
"wavelet-LLH","firstorder","Skewness","-0.38356901583124775"
"wavelet-LLH","firstorder","TotalEnergy","304449486.34169006"
"wavelet-LLH","firstorder","Uniformity","0.18824490612681377"
"wavelet-LLH","firstorder","Variance","7237.721704290203"
"wavelet-LLH","glcm","Autocorrelation","788.9070306134994"
"wavelet-LLH","glcm","ClusterProminence","8256.31519423411"
"wavelet-LLH","glcm","ClusterShade","-94.4224031521415"
"wavelet-LLH","glcm","ClusterTendency","25.31653276727521"
"wavelet-LLH","glcm","Contrast","13.376483923831257"
"wavelet-LLH","glcm","Correlation","0.29243764854813004"
"wavelet-LLH","glcm","DifferenceAverage","1.9830378273707938"
"wavelet-LLH","glcm","DifferenceEntropy","2.5783770809101365"
"wavelet-LLH","glcm","DifferenceVariance","9.23431546912308"
"wavelet-LLH","glcm","Id","0.5407101814139458"
"wavelet-LLH","glcm","Idm","0.49484619400966523"
"wavelet-LLH","glcm","Idmn","0.9963833580816039"
"wavelet-LLH","glcm","Idn","0.969576627495988"
"wavelet-LLH","glcm","Imc1","-0.11630247895839488"
"wavelet-LLH","glcm","Imc2","0.6766452346637464"
"wavelet-LLH","glcm","InverseVariance","0.41875334512464085"
"wavelet-LLH","glcm","JointAverage","28.034299451775766"
"wavelet-LLH","glcm","JointEnergy","0.05884280150598631"
"wavelet-LLH","glcm","JointEntropy","5.668205222858311"
"wavelet-LLH","glcm","MCC","0.6336703202346291"
"wavelet-LLH","glcm","MaximumProbability","0.12335760500136625"
"wavelet-LLH","glcm","SumAverage","56.06859890355156"
"wavelet-LLH","glcm","SumEntropy","3.6235420906689693"
"wavelet-LLH","glcm","SumSquares","9.673254172776605"
"wavelet-LLH","gldm","DependenceEntropy","6.519236472312165"
"wavelet-LLH","gldm","DependenceNonUniformity","3720.635068840006"
"wavelet-LLH","gldm","DependenceNonUniformityNormalized","0.06542236058518412"
"wavelet-LLH","gldm","DependenceVariance","22.08212507130047"
"wavelet-LLH","gldm","GrayLevelNonUniformity","10705.676056338029"
"wavelet-LLH","gldm","GrayLevelVariance","11.671083163591518"
"wavelet-LLH","gldm","HighGrayLevelEmphasis","796.8649751191292"
"wavelet-LLH","gldm","LargeDependenceEmphasis","78.01672205517751"
"wavelet-LLH","gldm","LargeDependenceHighGrayLevelEmphasis","63058.45369344657"
"wavelet-LLH","gldm","LargeDependenceLowGrayLevelEmphasis","0.09723016931762547"
"wavelet-LLH","gldm","LowGrayLevelEmphasis","0.0013936391780399121"
"wavelet-LLH","gldm","SmallDependenceEmphasis","0.13165584483868725"
"wavelet-LLH","gldm","SmallDependenceHighGrayLevelEmphasis","105.71469225798704"
"wavelet-LLH","gldm","SmallDependenceLowGrayLevelEmphasis","0.00025033898598856105"
"wavelet-LLH","glrlm","GrayLevelNonUniformity","6406.591085655247"
"wavelet-LLH","glrlm","GrayLevelNonUniformityNormalized","0.14929661217508683"
"wavelet-LLH","glrlm","GrayLevelVariance","14.925693933223151"
"wavelet-LLH","glrlm","HighGrayLevelRunEmphasis","793.9547206515583"
"wavelet-LLH","glrlm","LongRunEmphasis","2.503250980508495"
"wavelet-LLH","glrlm","LongRunHighGrayLevelEmphasis","2006.3315704903277"
"wavelet-LLH","glrlm","LongRunLowGrayLevelEmphasis","0.0033251619766866305"
"wavelet-LLH","glrlm","LowGrayLevelRunEmphasis","0.0014399403267603137"
"wavelet-LLH","glrlm","RunEntropy","4.423633967634112"
"wavelet-LLH","glrlm","RunLengthNonUniformity","27409.976877091223"
"wavelet-LLH","glrlm","RunLengthNonUniformityNormalized","0.6342920291618322"
"wavelet-LLH","glrlm","RunPercentage","0.7508098625364015"
"wavelet-LLH","glrlm","RunVariance","0.6627378113725034"
"wavelet-LLH","glrlm","ShortRunEmphasis","0.8216518045201706"
"wavelet-LLH","glrlm","ShortRunHighGrayLevelEmphasis","650.6431461072157"
"wavelet-LLH","glrlm","ShortRunLowGrayLevelEmphasis","0.001213633464825325"
"wavelet-LLH","glszm","GrayLevelNonUniformity","356.8459024635495"
"wavelet-LLH","glszm","GrayLevelNonUniformityNormalized","0.04485242615177847"
"wavelet-LLH","glszm","GrayLevelVariance","49.53878273376876"
"wavelet-LLH","glszm","HighGrayLevelZoneEmphasis","798.9810206133735"
"wavelet-LLH","glszm","LargeAreaEmphasis","64977.57126696833"
"wavelet-LLH","glszm","LargeAreaHighGrayLevelEmphasis","52656329.60281549"
"wavelet-LLH","glszm","LargeAreaLowGrayLevelEmphasis","80.29152902208199"
"wavelet-LLH","glszm","LowGrayLevelZoneEmphasis","0.0019411269416732208"
"wavelet-LLH","glszm","SizeZoneNonUniformity","3109.1820010055303"
"wavelet-LLH","glszm","SizeZoneNonUniformityNormalized","0.39079713436469715"
"wavelet-LLH","glszm","SmallAreaEmphasis","0.6488697936833884"
"wavelet-LLH","glszm","SmallAreaHighGrayLevelEmphasis","529.8174534744857"
"wavelet-LLH","glszm","SmallAreaLowGrayLevelEmphasis","0.0013576031008110526"
"wavelet-LLH","glszm","ZoneEntropy","6.800933448436704"
"wavelet-LLH","glszm","ZonePercentage","0.13989555309384397"
"wavelet-LLH","glszm","ZoneVariance","64926.47464604532"
"wavelet-LLH","ngtdm","Busyness","2.9465757762398774"
"wavelet-LLH","ngtdm","Coarseness","0.00012711193975234025"
"wavelet-LLH","ngtdm","Complexity","2142.714730706119"
"wavelet-LLH","ngtdm","Contrast","0.012116369885799392"
"wavelet-LLH","ngtdm","Strength","0.33958452653339366"
"wavelet-LHL","firstorder","10Percentile","-60.823028141306224"
"wavelet-LHL","firstorder","90Percentile","32.60338764111813"
"wavelet-LHL","firstorder","Energy","196711499.195335"
"wavelet-LHL","firstorder","Entropy","2.813554282918368"
"wavelet-LHL","firstorder","InterquartileRange","38.130288832920144"
"wavelet-LHL","firstorder","Kurtosis","11.920020373190628"
"wavelet-LHL","firstorder","Maximum","448.36741279929646"
"wavelet-LHL","firstorder","MeanAbsoluteDeviation","34.71492267571594"
"wavelet-LHL","firstorder","Mean","-9.622996622522496"
"wavelet-LHL","firstorder","Median","-3.5071500828722"
"wavelet-LHL","firstorder","Minimum","-430.49438570410854"
"wavelet-LHL","firstorder","Range","878.861798503405"
"wavelet-LHL","firstorder","RobustMeanAbsoluteDeviation","16.74496429008446"
"wavelet-LHL","firstorder","RootMeanSquared","58.81247304699744"
"wavelet-LHL","firstorder","Skewness","-0.7278680716193998"
"wavelet-LHL","firstorder","TotalEnergy","142668908.44006422"
"wavelet-LHL","firstorder","Uniformity","0.21406456764645693"
"wavelet-LHL","firstorder","Variance","3366.3049219067216"
"wavelet-LHL","glcm","Autocorrelation","330.5553184469535"
"wavelet-LHL","glcm","ClusterProminence","2155.748989597536"
"wavelet-LHL","glcm","ClusterShade","-57.67134331815622"
"wavelet-LHL","glcm","ClusterTendency","12.446864408352232"
"wavelet-LHL","glcm","Contrast","5.9956769247737185"
"wavelet-LHL","glcm","Correlation","0.3414216947511188"
"wavelet-LHL","glcm","DifferenceAverage","1.4767552749556385"
"wavelet-LHL","glcm","DifferenceEntropy","2.264081778197893"
"wavelet-LHL","glcm","DifferenceVariance","3.714588375303724"
"wavelet-LHL","glcm","Id","0.5679014160148192"
"wavelet-LHL","glcm","Idm","0.5251767039836861"
"wavelet-LHL","glcm","Idmn","0.9956872579133275"
"wavelet-LHL","glcm","Idn","0.9628147722328487"
"wavelet-LHL","glcm","Imc1","-0.09392059010392712"
"wavelet-LHL","glcm","Imc2","0.5889174094858782"
"wavelet-LHL","glcm","InverseVariance","0.44524415858254834"
"wavelet-LHL","glcm","JointAverage","18.136762863628856"
"wavelet-LHL","glcm","JointEnergy","0.06590239276302194"
"wavelet-LHL","glcm","JointEntropy","5.120278755803299"
"wavelet-LHL","glcm","MCC","0.5723684674021884"
"wavelet-LHL","glcm","MaximumProbability","0.1278291730131696"
"wavelet-LHL","glcm","SumAverage","36.27352572725769"
"wavelet-LHL","glcm","SumEntropy","3.305872420754293"
"wavelet-LHL","glcm","SumSquares","4.61063533328149"
"wavelet-LHL","gldm","DependenceEntropy","6.272007900659446"
"wavelet-LHL","gldm","DependenceNonUniformity","3619.222784899158"
"wavelet-LHL","gldm","DependenceNonUniformityNormalized","0.06363916204918425"
"wavelet-LHL","gldm","DependenceVariance","20.1665659356188"
"wavelet-LHL","gldm","GrayLevelNonUniformity","12174.066026621653"
"wavelet-LHL","gldm","GrayLevelVariance","5.4708821922340505"
"wavelet-LHL","gldm","HighGrayLevelEmphasis","333.6443881767509"
"wavelet-LHL","gldm","LargeDependenceEmphasis","81.90552302579522"
"wavelet-LHL","gldm","LargeDependenceHighGrayLevelEmphasis","27894.868913857677"
"wavelet-LHL","gldm","LargeDependenceLowGrayLevelEmphasis","0.24396120168153257"
"wavelet-LHL","gldm","LowGrayLevelEmphasis","0.0033803246513361995"
"wavelet-LHL","gldm","SmallDependenceEmphasis","0.0983551263018698"
"wavelet-LHL","gldm","SmallDependenceHighGrayLevelEmphasis","32.77314255274919"
"wavelet-LHL","gldm","SmallDependenceLowGrayLevelEmphasis","0.0004437777489109921"
"wavelet-LHL","glrlm","GrayLevelNonUniformity","7446.833755816023"
"wavelet-LHL","glrlm","GrayLevelNonUniformityNormalized","0.17735678214938963"
"wavelet-LHL","glrlm","GrayLevelVariance","6.937188323350876"
"wavelet-LHL","glrlm","HighGrayLevelRunEmphasis","331.75286324153154"
"wavelet-LHL","glrlm","LongRunEmphasis","2.584849713479132"
"wavelet-LHL","glrlm","LongRunHighGrayLevelEmphasis","869.9458922348401"
"wavelet-LHL","glrlm","LongRunLowGrayLevelEmphasis","0.008285640006074837"
"wavelet-LHL","glrlm","LowGrayLevelRunEmphasis","0.0035069025748712423"
"wavelet-LHL","glrlm","RunEntropy","4.094985988985439"
"wavelet-LHL","glrlm","RunLengthNonUniformity","25853.068287096936"
"wavelet-LHL","glrlm","RunLengthNonUniformityNormalized","0.6100233203657186"
"wavelet-LHL","glrlm","RunPercentage","0.736253302007377"
"wavelet-LHL","glrlm","RunVariance","0.6738451561205218"
"wavelet-LHL","glrlm","ShortRunEmphasis","0.8065733747916913"
"wavelet-LHL","glrlm","ShortRunHighGrayLevelEmphasis","266.4464196578508"
"wavelet-LHL","glrlm","ShortRunLowGrayLevelEmphasis","0.0029118537704269296"
"wavelet-LHL","glszm","GrayLevelNonUniformity","378.1753737906772"
"wavelet-LHL","glszm","GrayLevelNonUniformityNormalized","0.06652161368349643"
"wavelet-LHL","glszm","GrayLevelVariance","25.35119496213167"
"wavelet-LHL","glszm","HighGrayLevelZoneEmphasis","332.2079155672823"
"wavelet-LHL","glszm","LargeAreaEmphasis","104747.41653474055"
"wavelet-LHL","glszm","LargeAreaHighGrayLevelEmphasis","35767875.538082674"
"wavelet-LHL","glszm","LargeAreaLowGrayLevelEmphasis","307.7586366807194"
"wavelet-LHL","glszm","LowGrayLevelZoneEmphasis","0.004879778873147846"
"wavelet-LHL","glszm","SizeZoneNonUniformity","1965.5551451187334"
"wavelet-LHL","glszm","SizeZoneNonUniformityNormalized","0.34574408885114044"
"wavelet-LHL","glszm","SmallAreaEmphasis","0.6088666291834324"
"wavelet-LHL","glszm","SmallAreaHighGrayLevelEmphasis","207.75117937585097"
"wavelet-LHL","glszm","SmallAreaLowGrayLevelEmphasis","0.0029527374103130374"
"wavelet-LHL","glszm","ZoneEntropy","6.50978627109761"
"wavelet-LHL","glszm","ZonePercentage","0.09996307432610645"
"wavelet-LHL","glszm","ZoneVariance","104647.34264246747"
"wavelet-LHL","ngtdm","Busyness","7.3908834025146355"
"wavelet-LHL","ngtdm","Coarseness","0.00012183144806453505"
"wavelet-LHL","ngtdm","Complexity","673.8851591675902"
"wavelet-LHL","ngtdm","Contrast","0.00990772664845168"
"wavelet-LHL","ngtdm","Strength","0.12598403275144107"
"wavelet-LHH","firstorder","10Percentile","-28.386902097593243"
"wavelet-LHH","firstorder","90Percentile","29.2651801079905"
"wavelet-LHH","firstorder","Energy","49452002.16287485"
"wavelet-LHH","firstorder","Entropy","2.1577372637875274"
"wavelet-LHH","firstorder","InterquartileRange","27.225908508345796"
"wavelet-LHH","firstorder","Kurtosis","9.835142788473487"
"wavelet-LHH","firstorder","Maximum","273.8507122140585"
"wavelet-LHH","firstorder","MeanAbsoluteDeviation","19.846346289489624"
"wavelet-LHH","firstorder","Mean","0.6588703932686045"
"wavelet-LHH","firstorder","Median","-0.33019910626663584"
"wavelet-LHH","firstorder","Minimum","-197.24391067867566"
"wavelet-LHH","firstorder","Range","471.09462289273415"
"wavelet-LHH","firstorder","RobustMeanAbsoluteDeviation","11.576643130624975"
"wavelet-LHH","firstorder","RootMeanSquared","29.488080765990976"
"wavelet-LHH","firstorder","Skewness","0.6828657694275905"
"wavelet-LHH","firstorder","TotalEnergy","35866043.40678201"
"wavelet-LHH","firstorder","Uniformity","0.29771323780522424"
"wavelet-LHH","firstorder","Variance","869.1127970664808"
"wavelet-LHH","glcm","Autocorrelation","72.55523827376017"
"wavelet-LHH","glcm","ClusterProminence","76.45784068247643"
"wavelet-LHH","glcm","ClusterShade","3.102299005664306"
"wavelet-LHH","glcm","ClusterTendency","2.6830628707839845"
"wavelet-LHH","glcm","Contrast","2.4411585955054993"
"wavelet-LHH","glcm","Correlation","0.04166102791947562"
"wavelet-LHH","glcm","DifferenceAverage","1.0374827752279459"
"wavelet-LHH","glcm","DifferenceEntropy","1.8715971845707406"
"wavelet-LHH","glcm","DifferenceVariance","1.3320961977802392"
"wavelet-LHH","glcm","Id","0.6241439268303401"
"wavelet-LHH","glcm","Idm","0.5944158897749717"
"wavelet-LHH","glcm","Idmn","0.9935787037368959"
"wavelet-LHH","glcm","Idn","0.9511013488351333"
"wavelet-LHH","glcm","Imc1","-0.04991569643097207"
"wavelet-LHH","glcm","Imc2","0.38561891455852165"
"wavelet-LHH","glcm","InverseVariance","0.4815578099717777"
"wavelet-LHH","glcm","JointAverage","8.514384914396569"
"wavelet-LHH","glcm","JointEnergy","0.10907988382842161"
"wavelet-LHH","glcm","JointEntropy","4.04564068792051"
"wavelet-LHH","glcm","MCC","0.38960320466689385"
"wavelet-LHH","glcm","MaximumProbability","0.17788794953122944"
"wavelet-LHH","glcm","SumAverage","17.02876982879313"
"wavelet-LHH","glcm","SumEntropy","2.572846761257222"
"wavelet-LHH","glcm","SumSquares","1.281055366572371"
"wavelet-LHH","gldm","DependenceEntropy","5.6501689455117035"
"wavelet-LHH","gldm","DependenceNonUniformity","3678.7493274252256"
"wavelet-LHH","gldm","DependenceNonUniformityNormalized","0.06468585619076903"
"wavelet-LHH","gldm","DependenceVariance","20.308386911064183"
"wavelet-LHH","gldm","GrayLevelNonUniformity","16931.249547220905"
"wavelet-LHH","gldm","GrayLevelVariance","1.4720983147518265"
"wavelet-LHH","gldm","HighGrayLevelEmphasis","74.13864711364316"
"wavelet-LHH","gldm","LargeDependenceEmphasis","104.49274674262806"
"wavelet-LHH","gldm","LargeDependenceHighGrayLevelEmphasis","7539.55810518542"
"wavelet-LHH","gldm","LargeDependenceLowGrayLevelEmphasis","1.4789735326513178"
"wavelet-LHH","gldm","LowGrayLevelEmphasis","0.014960652043700898"
"wavelet-LHH","gldm","SmallDependenceEmphasis","0.06859929886215527"
"wavelet-LHH","gldm","SmallDependenceHighGrayLevelEmphasis","5.644773284666665"
"wavelet-LHH","gldm","SmallDependenceLowGrayLevelEmphasis","0.0013727618116611896"
"wavelet-LHH","glrlm","GrayLevelNonUniformity","9842.319114787708"
"wavelet-LHH","glrlm","GrayLevelNonUniformityNormalized","0.2517865851303073"
"wavelet-LHH","glrlm","GrayLevelVariance","1.9262210691069144"
"wavelet-LHH","glrlm","HighGrayLevelRunEmphasis","74.94313289633648"
"wavelet-LHH","glrlm","LongRunEmphasis","3.171804132052907"
"wavelet-LHH","glrlm","LongRunHighGrayLevelEmphasis","232.0901977949628"
"wavelet-LHH","glrlm","LongRunLowGrayLevelEmphasis","0.04615571292432062"
"wavelet-LHH","glrlm","LowGrayLevelRunEmphasis","0.01530570203686332"
"wavelet-LHH","glrlm","RunEntropy","3.599501149904606"
"wavelet-LHH","glrlm","RunLengthNonUniformity","21436.99772151228"
"wavelet-LHH","glrlm","RunLengthNonUniformityNormalized","0.5428910211010959"
"wavelet-LHH","glrlm","RunPercentage","0.6855690949693165"
"wavelet-LHH","glrlm","RunVariance","0.9297051380465132"
"wavelet-LHH","glrlm","ShortRunEmphasis","0.7619961917256408"
"wavelet-LHH","glrlm","ShortRunHighGrayLevelEmphasis","57.65127616174334"
"wavelet-LHH","glrlm","ShortRunLowGrayLevelEmphasis","0.011905265559790764"
"wavelet-LHH","glszm","GrayLevelNonUniformity","523.0864691753403"
"wavelet-LHH","glszm","GrayLevelNonUniformityNormalized","0.1396014062384148"
"wavelet-LHH","glszm","GrayLevelVariance","8.1306996313179"
"wavelet-LHH","glszm","HighGrayLevelZoneEmphasis","85.26287696824126"
"wavelet-LHH","glszm","LargeAreaEmphasis","241048.0760608487"
"wavelet-LHH","glszm","LargeAreaHighGrayLevelEmphasis","17388834.758206565"
"wavelet-LHH","glszm","LargeAreaLowGrayLevelEmphasis","3389.506773706938"
"wavelet-LHH","glszm","LowGrayLevelZoneEmphasis","0.021284576546398325"
"wavelet-LHH","glszm","SizeZoneNonUniformity","1173.2391246330399"
"wavelet-LHH","glszm","SizeZoneNonUniformityNormalized","0.31311425797519077"
"wavelet-LHH","glszm","SmallAreaEmphasis","0.5741957707045566"
"wavelet-LHH","glszm","SmallAreaHighGrayLevelEmphasis","49.15169560535045"
"wavelet-LHH","glszm","SmallAreaLowGrayLevelEmphasis","0.013296650874076062"
"wavelet-LHH","glszm","ZoneEntropy","5.5866197403457045"
"wavelet-LHH","glszm","ZonePercentage","0.06588595241863164"
"wavelet-LHH","glszm","ZoneVariance","240817.7122027486"
"wavelet-LHH","ngtdm","Busyness","36.656628660938736"
"wavelet-LHH","ngtdm","Coarseness","0.00010318123295857008"
"wavelet-LHH","ngtdm","Complexity","148.38280781502672"
"wavelet-LHH","ngtdm","Contrast","0.007466850145338605"
"wavelet-LHH","ngtdm","Strength","0.02592220604987258"
"wavelet-HLL","firstorder","10Percentile","-46.08224727656337"
"wavelet-HLL","firstorder","90Percentile","17.883237402117697"
"wavelet-HLL","firstorder","Energy","173874794.40682465"
"wavelet-HLL","firstorder","Entropy","2.3844555151585243"
"wavelet-HLL","firstorder","InterquartileRange","19.128329073304386"
"wavelet-HLL","firstorder","Kurtosis","15.059979568797186"
"wavelet-HLL","firstorder","Maximum","651.6536988050321"
"wavelet-HLL","firstorder","MeanAbsoluteDeviation","27.40930167987992"
"wavelet-HLL","firstorder","Mean","-5.748701972958883"
"wavelet-HLL","firstorder","Median","-1.5976331496799643"
"wavelet-HLL","firstorder","Minimum","-390.7082534122835"
"wavelet-HLL","firstorder","Range","1042.3619522173158"
"wavelet-HLL","firstorder","RobustMeanAbsoluteDeviation","9.149473247663895"
"wavelet-HLL","firstorder","RootMeanSquared","55.29334738497333"
"wavelet-HLL","firstorder","Skewness","0.10222864553775568"
"wavelet-HLL","firstorder","TotalEnergy","126106136.26928496"
"wavelet-HLL","firstorder","Uniformity","0.30865010130608544"
"wavelet-HLL","firstorder","Variance","3024.306690661435"
"wavelet-HLL","glcm","Autocorrelation","266.0121889114124"
"wavelet-HLL","glcm","ClusterProminence","2191.717688302867"
"wavelet-HLL","glcm","ClusterShade","-11.048112614353373"
"wavelet-HLL","glcm","ClusterTendency","11.479977914499228"
"wavelet-HLL","glcm","Contrast","5.395471831786712"
"wavelet-HLL","glcm","Correlation","0.3552262265934199"
"wavelet-HLL","glcm","DifferenceAverage","1.153382131416884"
"wavelet-HLL","glcm","DifferenceEntropy","1.9741127015608806"
"wavelet-HLL","glcm","DifferenceVariance","4.02514435268855"
"wavelet-HLL","glcm","Id","0.663789796813867"
"wavelet-HLL","glcm","Idm","0.6419565164561388"
"wavelet-HLL","glcm","Idmn","0.9972535928242233"
"wavelet-HLL","glcm","Idn","0.9756042551463591"
"wavelet-HLL","glcm","Imc1","-0.1332052895828484"
"wavelet-HLL","glcm","Imc2","0.6555310814611702"
"wavelet-HLL","glcm","InverseVariance","0.4316869890333148"
"wavelet-HLL","glcm","JointAverage","16.263180288199013"
"wavelet-HLL","glcm","JointEnergy","0.14248584257466695"
"wavelet-HLL","glcm","JointEntropy","4.167541372013326"
"wavelet-HLL","glcm","MCC","0.668188156402609"
"wavelet-HLL","glcm","MaximumProbability","0.207503841053287"
"wavelet-HLL","glcm","SumAverage","32.52636057639803"
"wavelet-HLL","glcm","SumEntropy","2.901690456090031"
"wavelet-HLL","glcm","SumSquares","4.218862436571485"
"wavelet-HLL","gldm","DependenceEntropy","6.0275437324512575"
"wavelet-HLL","gldm","DependenceNonUniformity","3318.6516326422957"
"wavelet-HLL","gldm","DependenceNonUniformityNormalized","0.0583540228348771"
"wavelet-HLL","gldm","DependenceVariance","31.03035474074613"
"wavelet-HLL","gldm","GrayLevelNonUniformity","17553.239911378383"
"wavelet-HLL","gldm","GrayLevelVariance","4.947570996783547"
"wavelet-HLL","gldm","HighGrayLevelEmphasis","269.70042728279793"
"wavelet-HLL","gldm","LargeDependenceEmphasis","153.1579012150305"
"wavelet-HLL","gldm","LargeDependenceHighGrayLevelEmphasis","41555.705491375214"
"wavelet-HLL","gldm","LargeDependenceLowGrayLevelEmphasis","0.5696503156929631"
"wavelet-HLL","gldm","LowGrayLevelEmphasis","0.004243643822500582"
"wavelet-HLL","gldm","SmallDependenceEmphasis","0.08065614237946105"
"wavelet-HLL","gldm","SmallDependenceHighGrayLevelEmphasis","23.319916885639362"
"wavelet-HLL","gldm","SmallDependenceLowGrayLevelEmphasis","0.0005255512233040028"
"wavelet-HLL","glrlm","GrayLevelNonUniformity","8179.521249533869"
"wavelet-HLL","glrlm","GrayLevelNonUniformityNormalized","0.23314609018789748"
"wavelet-HLL","glrlm","GrayLevelVariance","7.572722227240674"
"wavelet-HLL","glrlm","HighGrayLevelRunEmphasis","269.1800489617948"
"wavelet-HLL","glrlm","LongRunEmphasis","4.184530914695137"
"wavelet-HLL","glrlm","LongRunHighGrayLevelEmphasis","1132.0292001084379"
"wavelet-HLL","glrlm","LongRunLowGrayLevelEmphasis","0.01647097657701885"
"wavelet-HLL","glrlm","LowGrayLevelRunEmphasis","0.00454739768440386"
"wavelet-HLL","glrlm","RunEntropy","4.269081108347849"
"wavelet-HLL","glrlm","RunLengthNonUniformity","16895.073972829887"
"wavelet-HLL","glrlm","RunLengthNonUniformityNormalized","0.4794791692795857"
"wavelet-HLL","glrlm","RunPercentage","0.6134179512878675"
"wavelet-HLL","glrlm","RunVariance","1.4457257469300422"
"wavelet-HLL","glrlm","ShortRunEmphasis","0.7163375787747561"
"wavelet-HLL","glrlm","ShortRunHighGrayLevelEmphasis","192.6268256714548"
"wavelet-HLL","glrlm","ShortRunLowGrayLevelEmphasis","0.0034632415835264643"
"wavelet-HLL","glszm","GrayLevelNonUniformity","272.09883839413084"
"wavelet-HLL","glszm","GrayLevelNonUniformityNormalized","0.05545115924070325"
"wavelet-HLL","glszm","GrayLevelVariance","29.83855705525671"
"wavelet-HLL","glszm","HighGrayLevelZoneEmphasis","290.8714081923782"
"wavelet-HLL","glszm","LargeAreaEmphasis","195294.87364988792"
"wavelet-HLL","glszm","LargeAreaHighGrayLevelEmphasis","52957383.83146525"
"wavelet-HLL","glszm","LargeAreaLowGrayLevelEmphasis","722.8616627870066"
"wavelet-HLL","glszm","LowGrayLevelZoneEmphasis","0.0068724418226940335"
"wavelet-HLL","glszm","SizeZoneNonUniformity","1891.6134094151212"
"wavelet-HLL","glszm","SizeZoneNonUniformityNormalized","0.38549284887204427"
"wavelet-HLL","glszm","SmallAreaEmphasis","0.6444983956913335"
"wavelet-HLL","glszm","SmallAreaHighGrayLevelEmphasis","194.60254462438147"
"wavelet-HLL","glszm","SmallAreaLowGrayLevelEmphasis","0.004544105550391925"
"wavelet-HLL","glszm","ZoneEntropy","6.460047017365948"
"wavelet-HLL","glszm","ZonePercentage","0.08628299133125847"
"wavelet-HLL","glszm","ZoneVariance","195160.55088780104"
"wavelet-HLL","ngtdm","Busyness","8.341478217618633"
"wavelet-HLL","ngtdm","Coarseness","0.00011061956083047411"
"wavelet-HLL","ngtdm","Complexity","642.057645346985"
"wavelet-HLL","ngtdm","Contrast","0.006473685008257608"
"wavelet-HLL","ngtdm","Strength","0.21580640804218468"
"wavelet-HLH","firstorder","10Percentile","-17.94085017902147"
"wavelet-HLH","firstorder","90Percentile","18.485532231551232"
"wavelet-HLH","firstorder","Energy","40917074.00420813"
"wavelet-HLH","firstorder","Entropy","1.8994135521434403"
"wavelet-HLH","firstorder","InterquartileRange","13.817529197761054"
"wavelet-HLH","firstorder","Kurtosis","13.118718972182991"
"wavelet-HLH","firstorder","Maximum","202.61879218308334"
"wavelet-HLH","firstorder","MeanAbsoluteDeviation","14.709362852609443"
"wavelet-HLH","firstorder","Mean","0.05016731470068344"
"wavelet-HLH","firstorder","Median","-0.31879017250222025"
"wavelet-HLH","firstorder","Minimum","-233.1114947618007"
"wavelet-HLH","firstorder","Range","435.730286944884"
"wavelet-HLH","firstorder","RobustMeanAbsoluteDeviation","6.125889482084768"
"wavelet-HLH","firstorder","RootMeanSquared","26.822969291240835"
"wavelet-HLH","firstorder","Skewness","0.03252379137480609"
"wavelet-HLH","firstorder","TotalEnergy","29675917.821890812"
"wavelet-HLH","firstorder","Uniformity","0.3634792577117827"
"wavelet-HLH","firstorder","Variance","719.4691648393843"
"wavelet-HLH","glcm","Autocorrelation","110.39114367693684"
"wavelet-HLH","glcm","ClusterProminence","77.63815558298217"
"wavelet-HLH","glcm","ClusterShade","0.5098517459704787"
"wavelet-HLH","glcm","ClusterTendency","2.444540141258695"
"wavelet-HLH","glcm","Contrast","2.1438293999211067"
"wavelet-HLH","glcm","Correlation","0.061735749400662954"
"wavelet-HLH","glcm","DifferenceAverage","0.8618003899496396"
"wavelet-HLH","glcm","DifferenceEntropy","1.6771103545337107"
"wavelet-HLH","glcm","DifferenceVariance","1.3875657338851153"
"wavelet-HLH","glcm","Id","0.6802000362681123"
"wavelet-HLH","glcm","Idm","0.6637190151549165"
"wavelet-HLH","glcm","Idmn","0.9944521574958777"
"wavelet-HLH","glcm","Idn","0.9595314945702588"
"wavelet-HLH","glcm","Imc1","-0.08297212772392465"
"wavelet-HLH","glcm","Imc2","0.49570278900984194"
"wavelet-HLH","glcm","InverseVariance","0.4772311421137233"
"wavelet-HLH","glcm","JointAverage","10.503139970156486"
"wavelet-HLH","glcm","JointEnergy","0.16601325669299483"
"wavelet-HLH","glcm","JointEntropy","3.4731611974812164"
"wavelet-HLH","glcm","MCC","0.5119531239879124"
"wavelet-HLH","glcm","MaximumProbability","0.22709847382599482"
"wavelet-HLH","glcm","SumAverage","21.006279940312975"
"wavelet-HLH","glcm","SumEntropy","2.33474533959461"
"wavelet-HLH","glcm","SumSquares","1.14709238529495"
"wavelet-HLH","gldm","DependenceEntropy","5.403714358056262"
"wavelet-HLH","gldm","DependenceNonUniformity","4382.969017601238"
"wavelet-HLH","gldm","DependenceNonUniformityNormalized","0.07706861172831914"
"wavelet-HLH","gldm","DependenceVariance","20.87549252323039"
"wavelet-HLH","gldm","GrayLevelNonUniformity","20671.42886532679"
"wavelet-HLH","gldm","GrayLevelVariance","1.287470377524569"
"wavelet-HLH","gldm","HighGrayLevelEmphasis","111.52436215294263"
"wavelet-HLH","gldm","LargeDependenceEmphasis","143.14998857062474"
"wavelet-HLH","gldm","LargeDependenceHighGrayLevelEmphasis","15681.380246522833"
"wavelet-HLH","gldm","LargeDependenceLowGrayLevelEmphasis","1.3221425338174468"
"wavelet-HLH","gldm","LowGrayLevelEmphasis","0.009525873955438555"
"wavelet-HLH","gldm","SmallDependenceEmphasis","0.04983255904655011"
"wavelet-HLH","gldm","SmallDependenceHighGrayLevelEmphasis","5.895428114667019"
"wavelet-HLH","gldm","SmallDependenceLowGrayLevelEmphasis","0.0006357776567647046"
"wavelet-HLH","glrlm","GrayLevelNonUniformity","10736.507270362377"
"wavelet-HLH","glrlm","GrayLevelNonUniformityNormalized","0.30716491681766506"
"wavelet-HLH","glrlm","GrayLevelVariance","1.846586003524926"
"wavelet-HLH","glrlm","HighGrayLevelRunEmphasis","112.50463493172128"
"wavelet-HLH","glrlm","LongRunEmphasis","4.028158298567444"
"wavelet-HLH","glrlm","LongRunHighGrayLevelEmphasis","444.8850250536271"
"wavelet-HLH","glrlm","LongRunLowGrayLevelEmphasis","0.03769387829672515"
"wavelet-HLH","glrlm","LowGrayLevelRunEmphasis","0.009710757815668982"
"wavelet-HLH","glrlm","RunEntropy","3.667348138382592"
"wavelet-HLH","glrlm","RunLengthNonUniformity","16381.451234731443"
"wavelet-HLH","glrlm","RunLengthNonUniformityNormalized","0.4646604103157189"
"wavelet-HLH","glrlm","RunPercentage","0.6131623120070658"
"wavelet-HLH","glrlm","RunVariance","1.2769742833869109"
"wavelet-HLH","glrlm","ShortRunEmphasis","0.7015101157870194"
"wavelet-HLH","glrlm","ShortRunHighGrayLevelEmphasis","79.56653614184552"
"wavelet-HLH","glrlm","ShortRunLowGrayLevelEmphasis","0.006951379973263599"
"wavelet-HLH","glszm","GrayLevelNonUniformity","274.26444444444445"
"wavelet-HLH","glszm","GrayLevelNonUniformityNormalized","0.10157942386831276"
"wavelet-HLH","glszm","GrayLevelVariance","10.097078052126202"
"wavelet-HLH","glszm","HighGrayLevelZoneEmphasis","119.96629629629629"
"wavelet-HLH","glszm","LargeAreaEmphasis","425166.3062962963"
"wavelet-HLH","glszm","LargeAreaHighGrayLevelEmphasis","46612628.0762963"
"wavelet-HLH","glszm","LargeAreaLowGrayLevelEmphasis","3913.240122116933"
"wavelet-HLH","glszm","LowGrayLevelZoneEmphasis","0.01363797528427127"
"wavelet-HLH","glszm","SizeZoneNonUniformity","888.1296296296297"
"wavelet-HLH","glszm","SizeZoneNonUniformityNormalized","0.3289368998628258"
"wavelet-HLH","glszm","SmallAreaEmphasis","0.592829110142836"
"wavelet-HLH","glszm","SmallAreaHighGrayLevelEmphasis","70.90486862023938"
"wavelet-HLH","glszm","SmallAreaLowGrayLevelEmphasis","0.008700886526889844"
"wavelet-HLH","glszm","ZoneEntropy","5.846141194203625"
"wavelet-HLH","glszm","ZonePercentage","0.04747586643456243"
"wavelet-HLH","glszm","ZoneVariance","424722.64228518517"
"wavelet-HLH","ngtdm","Busyness","31.8625302564855"
"wavelet-HLH","ngtdm","Coarseness","9.399997137834861e-05"
"wavelet-HLH","ngtdm","Complexity","126.41673989289939"
"wavelet-HLH","ngtdm","Contrast","0.005698269683589251"
"wavelet-HLH","ngtdm","Strength","0.02784255796138018"
"wavelet-HHL","firstorder","10Percentile","-14.294225135366277"
"wavelet-HHL","firstorder","90Percentile","14.752452748160747"
"wavelet-HHL","firstorder","Energy","15593476.820486454"
"wavelet-HHL","firstorder","Entropy","1.5249111379774014"
"wavelet-HHL","firstorder","InterquartileRange","13.55588635618641"
"wavelet-HHL","firstorder","Kurtosis","12.6547898427814"
"wavelet-HHL","firstorder","Maximum","180.97687054532116"
"wavelet-HHL","firstorder","MeanAbsoluteDeviation","10.505416753994625"
"wavelet-HHL","firstorder","Mean","0.35130459672873765"
"wavelet-HHL","firstorder","Median","-0.1378356626443978"
"wavelet-HHL","firstorder","Minimum","-178.20971293007258"
"wavelet-HHL","firstorder","Range","359.1865834753937"
"wavelet-HHL","firstorder","RobustMeanAbsoluteDeviation","5.759665231949474"
"wavelet-HHL","firstorder","RootMeanSquared","16.558692724163993"
"wavelet-HHL","firstorder","Skewness","0.4942512383423018"
"wavelet-HHL","firstorder","TotalEnergy","11309477.716679435"
"wavelet-HHL","firstorder","Uniformity","0.4189131426723708"
"wavelet-HHL","firstorder","Variance","274.0668898135988"
"wavelet-HHL","glcm","Autocorrelation","72.45729751001211"
"wavelet-HHL","glcm","ClusterProminence","11.188698046842035"
"wavelet-HHL","glcm","ClusterShade","0.6398224532284005"
"wavelet-HHL","glcm","ClusterTendency","1.0955965848322757"
"wavelet-HHL","glcm","Contrast","0.954874984864073"
"wavelet-HHL","glcm","Correlation","0.06735906999740161"
"wavelet-HHL","glcm","DifferenceAverage","0.6466303154415987"
"wavelet-HHL","glcm","DifferenceEntropy","1.3612838354273091"
"wavelet-HHL","glcm","DifferenceVariance","0.5304275492901448"
"wavelet-HHL","glcm","Id","0.7132069159585908"
"wavelet-HHL","glcm","Idm","0.7043462338009494"
"wavelet-HHL","glcm","Idmn","0.9963693097806845"
"wavelet-HHL","glcm","Idn","0.9628898407870986"
"wavelet-HHL","glcm","Imc1","-0.044649543182041"
"wavelet-HHL","glcm","Imc2","0.3294029678925397"
"wavelet-HHL","glcm","InverseVariance","0.49526225532296525"
"wavelet-HHL","glcm","JointAverage","8.510118223313471"
"wavelet-HHL","glcm","JointEnergy","0.1981582885763042"
"wavelet-HHL","glcm","JointEntropy","2.8449965419473506"
"wavelet-HHL","glcm","MCC","0.45508151235174904"
"wavelet-HHL","glcm","MaximumProbability","0.24257035346251082"
"wavelet-HHL","glcm","SumAverage","17.020236446626935"
"wavelet-HHL","glcm","SumEntropy","1.9750622838574488"
"wavelet-HHL","glcm","SumSquares","0.5126178924240872"
"wavelet-HHL","gldm","DependenceEntropy","5.0526425385735"
"wavelet-HHL","gldm","DependenceNonUniformity","4897.124070264283"
"wavelet-HHL","gldm","DependenceNonUniformityNormalized","0.08610933639753622"
"wavelet-HHL","gldm","DependenceVariance","16.16207707427816"
"wavelet-HHL","gldm","GrayLevelNonUniformity","23824.0093369204"
"wavelet-HHL","gldm","GrayLevelVariance","0.5718152098798354"
"wavelet-HHL","gldm","HighGrayLevelEmphasis","73.02417752457316"
"wavelet-HHL","gldm","LargeDependenceEmphasis","156.57359638480068"
"wavelet-HHL","gldm","LargeDependenceHighGrayLevelEmphasis","11269.010638110813"
"wavelet-HHL","gldm","LargeDependenceLowGrayLevelEmphasis","2.208525186025451"
"wavelet-HHL","gldm","LowGrayLevelEmphasis","0.014176312701716891"
"wavelet-HHL","gldm","SmallDependenceEmphasis","0.03063011311879084"
"wavelet-HHL","gldm","SmallDependenceHighGrayLevelEmphasis","2.3636239536471257"
"wavelet-HHL","gldm","SmallDependenceLowGrayLevelEmphasis","0.0005240625205443163"
"wavelet-HHL","glrlm","GrayLevelNonUniformity","12553.638817005929"
"wavelet-HHL","glrlm","GrayLevelNonUniformityNormalized","0.3780968133886946"
"wavelet-HHL","glrlm","GrayLevelVariance","0.7645045769811767"
"wavelet-HHL","glrlm","HighGrayLevelRunEmphasis","73.58693699956785"
"wavelet-HHL","glrlm","LongRunEmphasis","4.531021139238218"
"wavelet-HHL","glrlm","LongRunHighGrayLevelEmphasis","328.19550204234383"
"wavelet-HHL","glrlm","LongRunLowGrayLevelEmphasis","0.06400875228921866"
"wavelet-HHL","glrlm","LowGrayLevelRunEmphasis","0.014249200638265232"
"wavelet-HHL","glrlm","RunEntropy","3.3372673839453286"
"wavelet-HHL","glrlm","RunLengthNonUniformity","14260.689266280298"
"wavelet-HHL","glrlm","RunLengthNonUniformityNormalized","0.42598049935077703"
"wavelet-HHL","glrlm","RunPercentage","0.5827101280495806"
"wavelet-HHL","glrlm","RunVariance","1.4705106587046"
"wavelet-HHL","glrlm","ShortRunEmphasis","0.6663380729356381"
"wavelet-HHL","glrlm","ShortRunHighGrayLevelEmphasis","49.40773481229634"
"wavelet-HHL","glrlm","ShortRunLowGrayLevelEmphasis","0.009557639854674133"
"wavelet-HHL","glszm","GrayLevelNonUniformity","284.4544244843646"
"wavelet-HHL","glszm","GrayLevelNonUniformityNormalized","0.18925776745466708"
"wavelet-HHL","glszm","GrayLevelVariance","5.190678744529128"
"wavelet-HHL","glszm","HighGrayLevelZoneEmphasis","77.61610113107119"
"wavelet-HHL","glszm","LargeAreaEmphasis","891767.0718562874"
"wavelet-HHL","glszm","LargeAreaHighGrayLevelEmphasis","64276952.175648704"
"wavelet-HHL","glszm","LargeAreaLowGrayLevelEmphasis","12544.341616367157"
"wavelet-HHL","glszm","LowGrayLevelZoneEmphasis","0.018363456729576535"
"wavelet-HHL","glszm","SizeZoneNonUniformity","483.6161011310712"
"wavelet-HHL","glszm","SizeZoneNonUniformityNormalized","0.32176719968800477"
"wavelet-HHL","glszm","SmallAreaEmphasis","0.5863066001858377"
"wavelet-HHL","glszm","SmallAreaHighGrayLevelEmphasis","45.7505791266786"
"wavelet-HHL","glszm","SmallAreaLowGrayLevelEmphasis","0.01150543364939041"
"wavelet-HHL","glszm","ZoneEntropy","5.153792040005295"
"wavelet-HHL","glszm","ZonePercentage","0.026428232315239754"
"wavelet-HHL","glszm","ZoneVariance","890335.333142099"
"wavelet-HHL","ngtdm","Busyness","51.512385658581515"
"wavelet-HHL","ngtdm","Coarseness","8.406242173802057e-05"
"wavelet-HHL","ngtdm","Complexity","73.57863448560485"
"wavelet-HHL","ngtdm","Contrast","0.0028403312207870655"
"wavelet-HHL","ngtdm","Strength","0.02059957559550056"
"wavelet-HHH","firstorder","10Percentile","-10.601217141770254"
"wavelet-HHH","firstorder","90Percentile","10.714794800774067"
"wavelet-HHH","firstorder","Energy","6421081.5993865095"
"wavelet-HHH","firstorder","Entropy","1.2576527207198005"
"wavelet-HHH","firstorder","InterquartileRange","10.009754139277387"
"wavelet-HHH","firstorder","Kurtosis","8.15148635786994"
"wavelet-HHH","firstorder","Maximum","88.9681315837245"
"wavelet-HHH","firstorder","MeanAbsoluteDeviation","7.252820745562994"
"wavelet-HHH","firstorder","Mean","-0.0024727649873792033"
"wavelet-HHH","firstorder","Median","0.045666006571605466"
"wavelet-HHH","firstorder","Minimum","-79.19903231959405"
"wavelet-HHH","firstorder","Range","168.16716390331857"
"wavelet-HHH","firstorder","RobustMeanAbsoluteDeviation","4.252436548354055"
"wavelet-HHH","firstorder","RootMeanSquared","10.625727206101315"
"wavelet-HHH","firstorder","Skewness","-0.14593550579067674"
"wavelet-HHH","firstorder","TotalEnergy","4657016.526925947"
"wavelet-HHH","firstorder","Uniformity","0.4614777795550653"
"wavelet-HHH","firstorder","Variance","112.90607254391496"
"wavelet-HHH","glcm","Autocorrelation","20.246252184192656"
"wavelet-HHH","glcm","ClusterProminence","1.452774312266975"
"wavelet-HHH","glcm","ClusterShade","-0.029816583816365837"
"wavelet-HHH","glcm","ClusterTendency","0.6422123304131299"
"wavelet-HHH","glcm","Contrast","0.6603624460796934"
"wavelet-HHH","glcm","Correlation","-0.01375280028022229"
"wavelet-HHH","glcm","DifferenceAverage","0.5717078600714613"
"wavelet-HHH","glcm","DifferenceEntropy","1.188529101982178"
"wavelet-HHH","glcm","DifferenceVariance","0.33133667343895645"
"wavelet-HHH","glcm","Id","0.7272213670250226"
"wavelet-HHH","glcm","Idm","0.7229104230060328"
"wavelet-HHH","glcm","Idmn","0.9900142172041312"
"wavelet-HHH","glcm","Idn","0.9374186470682221"
"wavelet-HHH","glcm","Imc1","-0.015631134073665492"
"wavelet-HHH","glcm","Imc2","0.18307699329480293"
"wavelet-HHH","glcm","InverseVariance","0.5094855406802377"
"wavelet-HHH","glcm","JointAverage","4.500087695929452"
"wavelet-HHH","glcm","JointEnergy","0.22330024201985604"
"wavelet-HHH","glcm","JointEntropy","2.424723870770751"
"wavelet-HHH","glcm","MCC","0.19483064551082385"
"wavelet-HHH","glcm","MaximumProbability","0.248991167428297"
"wavelet-HHH","glcm","SumAverage","9.000175391858903"
"wavelet-HHH","glcm","SumEntropy","1.7041203882362075"
"wavelet-HHH","glcm","SumSquares","0.3256436941232058"
"wavelet-HHH","gldm","DependenceEntropy","4.583380031997118"
"wavelet-HHH","gldm","DependenceNonUniformity","6388.167730477748"
"wavelet-HHH","gldm","DependenceNonUniformityNormalized","0.1123273325680531"
"wavelet-HHH","gldm","DependenceVariance","10.874818189116548"
"wavelet-HHH","gldm","GrayLevelNonUniformity","26244.70280107612"
"wavelet-HHH","gldm","GrayLevelVariance","0.341927316436764"
"wavelet-HHH","gldm","HighGrayLevelEmphasis","20.590423941903605"
"wavelet-HHH","gldm","LargeDependenceEmphasis","158.82152590951452"
"wavelet-HHH","gldm","LargeDependenceHighGrayLevelEmphasis","3268.5671783510047"
"wavelet-HHH","gldm","LargeDependenceLowGrayLevelEmphasis","8.118449262968774"
"wavelet-HHH","gldm","LowGrayLevelEmphasis","0.05222751737920936"
"wavelet-HHH","gldm","SmallDependenceEmphasis","0.021521847127628464"
"wavelet-HHH","gldm","SmallDependenceHighGrayLevelEmphasis","0.4661684741212333"
"wavelet-HHH","gldm","SmallDependenceLowGrayLevelEmphasis","0.0015356746307202192"
"wavelet-HHH","glrlm","GrayLevelNonUniformity","14237.113816453191"
"wavelet-HHH","glrlm","GrayLevelNonUniformityNormalized","0.4385622053299657"
"wavelet-HHH","glrlm","GrayLevelVariance","0.40128894627686695"
"wavelet-HHH","glrlm","HighGrayLevelRunEmphasis","20.606577972505395"
"wavelet-HHH","glrlm","LongRunEmphasis","4.5364546109149675"
"wavelet-HHH","glrlm","LongRunHighGrayLevelEmphasis","93.33470791617204"
"wavelet-HHH","glrlm","LongRunLowGrayLevelEmphasis","0.23406020282206239"
"wavelet-HHH","glrlm","LowGrayLevelRunEmphasis","0.052972340691189536"
"wavelet-HHH","glrlm","RunEntropy","3.0421548862524688"
"wavelet-HHH","glrlm","RunLengthNonUniformity","13321.050107486557"
"wavelet-HHH","glrlm","RunLengthNonUniformityNormalized","0.40922108029146326"
"wavelet-HHH","glrlm","RunPercentage","0.5706409783004182"
"wavelet-HHH","glrlm","RunVariance","1.4319599100470997"
"wavelet-HHH","glrlm","ShortRunEmphasis","0.6499435855093325"
"wavelet-HHH","glrlm","ShortRunHighGrayLevelEmphasis","13.404273075384019"
"wavelet-HHH","glrlm","ShortRunLowGrayLevelEmphasis","0.03501095799490462"
"wavelet-HHH","glszm","GrayLevelNonUniformity","296.50235849056605"
"wavelet-HHH","glszm","GrayLevelNonUniformityNormalized","0.3496490076539694"
"wavelet-HHH","glszm","GrayLevelVariance","2.8390830811676753"
"wavelet-HHH","glszm","HighGrayLevelZoneEmphasis","22.31132075471698"
"wavelet-HHH","glszm","LargeAreaEmphasis","1755213.1992924528"
"wavelet-HHH","glszm","LargeAreaHighGrayLevelEmphasis","36116175.12971698"
"wavelet-HHH","glszm","LargeAreaLowGrayLevelEmphasis","89619.68863144206"
"wavelet-HHH","glszm","LowGrayLevelZoneEmphasis","0.08347106737742266"
"wavelet-HHH","glszm","SizeZoneNonUniformity","344.2830188679245"
"wavelet-HHH","glszm","SizeZoneNonUniformityNormalized","0.4059941260234959"
"wavelet-HHH","glszm","SmallAreaEmphasis","0.6626888036062767"
"wavelet-HHH","glszm","SmallAreaHighGrayLevelEmphasis","14.93780756501986"
"wavelet-HHH","glszm","SmallAreaLowGrayLevelEmphasis","0.05764454487273024"
"wavelet-HHH","glszm","ZoneEntropy","3.8610896214122152"
"wavelet-HHH","glszm","ZonePercentage","0.014910938791299608"
"wavelet-HHH","glszm","ZoneVariance","1750715.5040480932"
"wavelet-HHH","ngtdm","Busyness","249.87492283585198"
"wavelet-HHH","ngtdm","Coarseness","7.462254578843417e-05"
"wavelet-HHH","ngtdm","Complexity","16.64786850543723"
"wavelet-HHH","ngtdm","Contrast","0.006738844686787293"
"wavelet-HHH","ngtdm","Strength","0.0028508932597860522"
"wavelet-LLL","firstorder","10Percentile","-323.44202694366345"
"wavelet-LLL","firstorder","90Percentile","119.39320576792434"
"wavelet-LLL","firstorder","Energy","6158676519.9697075"
"wavelet-LLL","firstorder","Entropy","4.1109863914126485"
"wavelet-LLL","firstorder","InterquartileRange","85.30504691000131"
"wavelet-LLL","firstorder","Kurtosis","16.16740196493758"
"wavelet-LLL","firstorder","Maximum","722.1940249377068"
"wavelet-LLL","firstorder","MeanAbsoluteDeviation","186.07840178953163"
"wavelet-LLL","firstorder","Mean","-44.388114973502304"
"wavelet-LLL","firstorder","Median","57.21728634282272"
"wavelet-LLL","firstorder","Minimum","-2491.3573607085664"
"wavelet-LLL","firstorder","Range","3213.551385646273"
"wavelet-LLL","firstorder","RobustMeanAbsoluteDeviation","51.46700167722526"
"wavelet-LLL","firstorder","RootMeanSquared","329.07755692617934"
"wavelet-LLL","firstorder","Skewness","-3.4806032661675976"
"wavelet-LLL","firstorder","TotalEnergy","4466702049.111162"
"wavelet-LLL","firstorder","Uniformity","0.1071056195433641"
"wavelet-LLL","firstorder","Variance","106321.73372160197"
"wavelet-LLL","glcm","Autocorrelation","10082.673038295508"
"wavelet-LLL","glcm","ClusterProminence","3461054.6714012106"
"wavelet-LLL","glcm","ClusterShade","-32010.717611868342"
"wavelet-LLL","glcm","ClusterTendency","404.62344581800636"
"wavelet-LLL","glcm","Contrast","64.0480699551261"
"wavelet-LLL","glcm","Correlation","0.7183440563450716"
"wavelet-LLL","glcm","DifferenceAverage","3.516343720285713"
"wavelet-LLL","glcm","DifferenceEntropy","3.0121432002899784"
"wavelet-LLL","glcm","DifferenceVariance","51.4028805621053"
"wavelet-LLL","glcm","Id","0.5056240705972689"
"wavelet-LLL","glcm","Idm","0.4601421071789774"
"wavelet-LLL","glcm","Idmn","0.9963991001605225"
"wavelet-LLL","glcm","Idn","0.9758664714746234"
"wavelet-LLL","glcm","Imc1","-0.17817986691617016"
"wavelet-LLL","glcm","Imc2","0.8515083456119191"
"wavelet-LLL","glcm","InverseVariance","0.40444816488322677"
"wavelet-LLL","glcm","JointAverage","99.98727912203259"
"wavelet-LLL","glcm","JointEnergy","0.02477295440494507"
"wavelet-LLL","glcm","JointEntropy","7.066950483354838"
"wavelet-LLL","glcm","MCC","0.7665266641177015"
"wavelet-LLL","glcm","MaximumProbability","0.0643622862195315"
"wavelet-LLL","glcm","SumAverage","199.97455824406524"
"wavelet-LLL","glcm","SumEntropy","4.824783784308395"
"wavelet-LLL","glcm","SumSquares","117.16787894328287"
"wavelet-LLL","gldm","DependenceEntropy","7.4573452160159315"
"wavelet-LLL","gldm","DependenceNonUniformity","4298.930087390761"
"wavelet-LLL","gldm","DependenceNonUniformityNormalized","0.07559090023721689"
"wavelet-LLL","gldm","DependenceVariance","18.476423184114303"
"wavelet-LLL","gldm","GrayLevelNonUniformity","6091.203689050659"
"wavelet-LLL","gldm","GrayLevelVariance","170.16738874403006"
"wavelet-LLL","gldm","HighGrayLevelEmphasis","9916.60041145751"
"wavelet-LLL","gldm","LargeDependenceEmphasis","64.83851171950555"
"wavelet-LLL","gldm","LargeDependenceHighGrayLevelEmphasis","689587.395087127"
"wavelet-LLL","gldm","LargeDependenceLowGrayLevelEmphasis","0.006163675749507714"
"wavelet-LLL","gldm","LowGrayLevelEmphasis","0.00014499136647314783"
"wavelet-LLL","gldm","SmallDependenceEmphasis","0.1840869253608085"
"wavelet-LLL","gldm","SmallDependenceHighGrayLevelEmphasis","1351.441159549583"
"wavelet-LLL","gldm","SmallDependenceLowGrayLevelEmphasis","6.352774946086856e-05"
"wavelet-LLL","glrlm","GrayLevelNonUniformity","3973.191863126349"
"wavelet-LLL","glrlm","GrayLevelNonUniformityNormalized","0.08978812278651703"
"wavelet-LLL","glrlm","GrayLevelVariance","209.99917100746194"
"wavelet-LLL","glrlm","HighGrayLevelRunEmphasis","9710.001475712143"
"wavelet-LLL","glrlm","LongRunEmphasis","2.1602036746762185"
"wavelet-LLL","glrlm","LongRunHighGrayLevelEmphasis","22042.777615818104"
"wavelet-LLL","glrlm","LongRunLowGrayLevelEmphasis","0.00026967923137564785"
"wavelet-LLL","glrlm","LowGrayLevelRunEmphasis","0.00015955942258582336"
"wavelet-LLL","glrlm","RunEntropy","5.297823337791558"
"wavelet-LLL","glrlm","RunLengthNonUniformity","29259.360724510967"
"wavelet-LLL","glrlm","RunLengthNonUniformityNormalized","0.659819796218694"
"wavelet-LLL","glrlm","RunPercentage","0.7765780315234344"
"wavelet-LLL","glrlm","RunVariance","0.4827964913044261"
"wavelet-LLL","glrlm","ShortRunEmphasis","0.8388353659414423"
"wavelet-LLL","glrlm","ShortRunHighGrayLevelEmphasis","7999.589360445889"
"wavelet-LLL","glrlm","ShortRunLowGrayLevelEmphasis","0.00014416011338588895"
"wavelet-LLL","glszm","GrayLevelNonUniformity","194.371927493594"
"wavelet-LLL","glszm","GrayLevelNonUniformityNormalized","0.018446609802941445"
"wavelet-LLL","glszm","GrayLevelVariance","454.57878870579464"
"wavelet-LLL","glszm","HighGrayLevelZoneEmphasis","7167.594951124608"
"wavelet-LLL","glszm","LargeAreaEmphasis","25498.316883363386"
"wavelet-LLL","glszm","LargeAreaHighGrayLevelEmphasis","272212105.95957106"
"wavelet-LLL","glszm","LargeAreaLowGrayLevelEmphasis","2.389517284001613"
"wavelet-LLL","glszm","LowGrayLevelZoneEmphasis","0.0003509548865992067"
"wavelet-LLL","glszm","SizeZoneNonUniformity","6510.798614406378"
"wavelet-LLL","glszm","SizeZoneNonUniformityNormalized","0.6178987011869012"
"wavelet-LLL","glszm","SmallAreaEmphasis","0.812318007550435"
"wavelet-LLL","glszm","SmallAreaHighGrayLevelEmphasis","5482.250288721447"
"wavelet-LLL","glszm","SmallAreaLowGrayLevelEmphasis","0.0003214591141071027"
"wavelet-LLL","glszm","ZoneEntropy","7.2676263532282475"
"wavelet-LLL","glszm","ZonePercentage","0.18527896467443863"
"wavelet-LLL","glszm","ZoneVariance","25469.186394731245"
"wavelet-LLL","ngtdm","Busyness","0.27399031223834186"
"wavelet-LLL","ngtdm","Coarseness","0.0001646510127156293"
"wavelet-LLL","ngtdm","Complexity","18416.39784752974"
"wavelet-LLL","ngtdm","Contrast","0.052869940459060405"
"wavelet-LLL","ngtdm","Strength","4.53890245802993"
