"Image type","Feature Class","Feature Name","Segmentation_segment_Segment_1"
"diagnostics","Versions","PyRadiomics","v3.0.1.post4+gad5b2de"
"diagnostics","Versions","Numpy","1.19.2"
"diagnostics","Versions","SimpleITK","2.0.2"
"diagnostics","Versions","PyWavelet","1.1.1"
"diagnostics","Versions","Python","3.6.7"
"diagnostics","Configuration","Settings","{'minimumROIDimensions': 2, 'minimumROISize': None, 'normalize': False, 'normalizeScale': 1, 'removeOutliers': None, 'resampledPixelSpacing': None, 'interpolator': 'sitkBSpline', 'preCrop': False, 'padDistance': 5, 'distances': [1], 'force2D': False, 'force2Ddimension': 0, 'resegmentRange': None, 'label': 1, 'additionalInfo': True, 'binWidth': 25.0, 'symmetricalGLCM': True, 'correctMask': True}"
"diagnostics","Configuration","EnabledImageTypes","{'Original': {}, 'Wavelet': {}}"
"diagnostics","Image-original","Hash","e8e27b55282011c493c033cdae5fd83c77e1955d"
"diagnostics","Image-original","Dimensionality","3D"
"diagnostics","Image-original","Spacing","(0.6835937499999999, 0.6835937499999999, 1.9999999992537316)"
"diagnostics","Image-original","Size","(512, 512, 135)"
"diagnostics","Image-original","Mean","-875.4840303209093"
"diagnostics","Image-original","Minimum","-952.0"
"diagnostics","Image-original","Maximum","-769.0"
"diagnostics","Mask-original","Hash","4b2e0fdc2ce637e26ebb724bea3196f9188e9441"
"diagnostics","Mask-original","Spacing","(0.6835937499999999, 0.6835937499999999, 1.9999999992537316)"
"diagnostics","Mask-original","Size","(512, 512, 135)"
"diagnostics","Mask-original","BoundingBox","(107, 131, 23, 308, 262, 94)"
"diagnostics","Mask-original","VoxelNum","23392"
"diagnostics","Mask-original","VolumeNum","117"
"diagnostics","Mask-original","CenterOfMassIndex","(244.71451778385773, 321.42394835841316, 68.49876025991792)"
"diagnostics","Mask-original","CenterOfMass","(-13.183252108690994, 45.065199198134025, -159.16593153128264)"
"original","shape","Elongation","0.6984944090630882"
"original","shape","Flatness","0.6009087572484922"
"original","shape","LeastAxisLength","152.07836623257342"
"original","shape","MajorAxisLength","253.08062896092034"
"original","shape","Maximum2DDiameterColumn","208.63264047597178"
"original","shape","Maximum2DDiameterRow","186.84725059456588"
"original","shape","Maximum2DDiameterSlice","211.30124977128557"
"original","shape","Maximum3DDiameter","236.2695005683243"
"original","shape","MeshVolume","21075.170826992955"
"original","shape","MinorAxisLength","176.77540437137276"
"original","shape","Sphericity","0.2009252675256382"
"original","shape","SurfaceArea","18363.84583765023"
"original","shape","SurfaceVolumeRatio","0.8713497977501528"
"original","shape","VoxelVolume","21862.182609029966"
"original","firstorder","10Percentile","-876.0"
"original","firstorder","90Percentile","-769.0"
"original","firstorder","Energy","15338106177.0"
"original","firstorder","Entropy","2.5381011745613975"
"original","firstorder","InterquartileRange","59.0"
"original","firstorder","Kurtosis","3.245054249721564"
"original","firstorder","Maximum","-769.0"
"original","firstorder","MeanAbsoluteDeviation","35.010380224435124"
"original","firstorder","Mean","-808.6447930916553"
"original","firstorder","Median","-791.0"
"original","firstorder","Minimum","-952.0"
"original","firstorder","Range","183.0"
"original","firstorder","RobustMeanAbsoluteDeviation","25.750279829714824"
"original","firstorder","RootMeanSquared","809.7523037796201"
"original","firstorder","Skewness","-1.1020588672485578"
"original","firstorder","TotalEnergy","14335006759.50173"
"original","firstorder","Uniformity","0.20554388647141167"
"original","firstorder","Variance","1792.392082156231"
"original","glcm","Autocorrelation","58.48871868465642"
"original","glcm","ClusterProminence","207.07130755200538"
"original","glcm","ClusterShade","-23.06150623206888"
"original","glcm","ClusterTendency","6.923322864152379"
"original","glcm","Contrast","2.494251026399442"
"original","glcm","Correlation","0.4578362722353516"
"original","glcm","DifferenceAverage","1.0763429460586158"
"original","glcm","DifferenceEntropy","1.9519064999372588"
"original","glcm","DifferenceVariance","1.2976623933694"
"original","glcm","Id","0.6239253364036933"
"original","glcm","Idm","0.5896699278346943"
"original","glcm","Idmn","0.9727955462313406"
"original","glcm","Idn","0.9036482145895847"
"original","glcm","Imc1","-0.09048737179758806"
"original","glcm","Imc2","0.5182674476041536"
"original","glcm","InverseVariance","0.43960401934600807"
"original","glcm","JointAverage","7.574380629696249"
"original","glcm","JointEnergy","0.08265646090062544"
"original","glcm","JointEntropy","4.374845434328575"
"original","glcm","MCC","0.4884698379974705"
"original","glcm","MaximumProbability","0.15073881643640516"
"original","glcm","SumAverage","15.148761259392497"
"original","glcm","SumEntropy","3.0763532734808625"
"original","glcm","SumSquares","2.3543934726379554"
"original","gldm","DependenceEntropy","6.1808031675208275"
"original","gldm","DependenceNonUniformity","1547.076436388509"
"original","gldm","DependenceNonUniformityNormalized","0.06613698855970028"
"original","gldm","DependenceVariance","24.636334565958222"
"original","gldm","GrayLevelNonUniformity","4808.082592339261"
"original","gldm","GrayLevelVariance","3.0704052052796467"
"original","gldm","HighGrayLevelEmphasis","54.98097640218878"
"original","gldm","LargeDependenceEmphasis","81.6016586867305"
"original","gldm","LargeDependenceHighGrayLevelEmphasis","5613.1027274281805"
"original","gldm","LargeDependenceLowGrayLevelEmphasis","1.316329219086698"
"original","gldm","LowGrayLevelEmphasis","0.02721216913902727"
"original","gldm","SmallDependenceEmphasis","0.10669220189600409"
"original","gldm","SmallDependenceHighGrayLevelEmphasis","3.690074268961504"
"original","gldm","SmallDependenceLowGrayLevelEmphasis","0.005512919398907958"
"original","glrlm","GrayLevelNonUniformity","3129.944754380477"
"original","glrlm","GrayLevelNonUniformityNormalized","0.17833805372873923"
"original","glrlm","GrayLevelVariance","3.303966781080272"
"original","glrlm","HighGrayLevelRunEmphasis","51.31436113742392"
"original","glrlm","LongRunEmphasis","2.534918731127239"
"original","glrlm","LongRunHighGrayLevelEmphasis","152.80576185283923"
"original","glrlm","LongRunLowGrayLevelEmphasis","0.057571427664015795"
"original","glrlm","LowGrayLevelRunEmphasis","0.030354962876731596"
"original","glrlm","RunEntropy","3.6522650203288367"
"original","glrlm","RunLengthNonUniformity","11202.27424641787"
"original","glrlm","RunLengthNonUniformityNormalized","0.6292958798913981"
"original","glrlm","RunPercentage","0.7481716300115753"
"original","glrlm","RunVariance","0.659202959649654"
"original","glrlm","ShortRunEmphasis","0.8175635387442259"
"original","glrlm","ShortRunHighGrayLevelEmphasis","39.615947991720866"
"original","glrlm","ShortRunLowGrayLevelEmphasis","0.026832407519294662"
"original","glszm","GrayLevelNonUniformity","439.1337535014006"
"original","glszm","GrayLevelNonUniformityNormalized","0.15375831705231113"
"original","glszm","GrayLevelVariance","3.141029818790261"
"original","glszm","HighGrayLevelZoneEmphasis","32.70553221288515"
"original","glszm","LargeAreaEmphasis","2157.656162464986"
"original","glszm","LargeAreaHighGrayLevelEmphasis","152654.63900560225"
"original","glszm","LargeAreaLowGrayLevelEmphasis","31.749422337111646"
"original","glszm","LowGrayLevelZoneEmphasis","0.053836008278972954"
"original","glszm","SizeZoneNonUniformity","680.266106442577"
"original","glszm","SizeZoneNonUniformityNormalized","0.23818841261994994"
"original","glszm","SmallAreaEmphasis","0.498810988539686"
"original","glszm","SmallAreaHighGrayLevelEmphasis","14.54290398008911"
"original","glszm","SmallAreaLowGrayLevelEmphasis","0.03129587931920911"
"original","glszm","ZoneEntropy","5.7722842451735294"
"original","glszm","ZonePercentage","0.12209302325581395"
"original","glszm","ZoneVariance","2090.5722622382286"
"original","ngtdm","Busyness","44.41258209841447"
"original","ngtdm","Coarseness","0.00029603722597752567"
"original","ngtdm","Complexity","33.12768604050467"
"original","ngtdm","Contrast","0.0736310716084088"
"original","ngtdm","Strength","0.013012177427410704"
"wavelet-LLH","firstorder","10Percentile","-70.8020928872946"
"wavelet-LLH","firstorder","90Percentile","57.68686143713822"
"wavelet-LLH","firstorder","Energy","57288295.13134313"
"wavelet-LLH","firstorder","Entropy","3.0063472602570904"
"wavelet-LLH","firstorder","InterquartileRange","58.049626477315115"
"wavelet-LLH","firstorder","Kurtosis","3.3180601736340076"
"wavelet-LLH","firstorder","Maximum","195.82490802965575"
"wavelet-LLH","firstorder","MeanAbsoluteDeviation","37.322941708285356"
"wavelet-LLH","firstorder","Mean","-8.049454725774831"
"wavelet-LLH","firstorder","Median","-8.03304204867488"
"wavelet-LLH","firstorder","Minimum","-202.91279881867416"
"wavelet-LLH","firstorder","Range","398.73770684832994"
"wavelet-LLH","firstorder","RobustMeanAbsoluteDeviation","24.681068564529383"
"wavelet-LLH","firstorder","RootMeanSquared","49.4879280676078"
"wavelet-LLH","firstorder","Skewness","0.12736505128176162"
"wavelet-LLH","firstorder","TotalEnergy","53541688.16353564"
"wavelet-LLH","firstorder","Uniformity","0.15235891487098607"
"wavelet-LLH","firstorder","Variance","2384.2613030424245"
"wavelet-LLH","glcm","Autocorrelation","82.92720874148492"
"wavelet-LLH","glcm","ClusterProminence","279.35393288666353"
"wavelet-LLH","glcm","ClusterShade","4.43618462969451"
"wavelet-LLH","glcm","ClusterTendency","8.136893681399487"
"wavelet-LLH","glcm","Contrast","5.624029762405848"
"wavelet-LLH","glcm","Correlation","0.151876238784336"
"wavelet-LLH","glcm","DifferenceAverage","1.5722406704877843"
"wavelet-LLH","glcm","DifferenceEntropy","2.31735414083968"
"wavelet-LLH","glcm","DifferenceVariance","2.84802375505027"
"wavelet-LLH","glcm","Id","0.5601925190295709"
"wavelet-LLH","glcm","Idm","0.5130527717605479"
"wavelet-LLH","glcm","Idmn","0.9822859095892846"
"wavelet-LLH","glcm","Idn","0.9227178844659031"
"wavelet-LLH","glcm","Imc1","-0.120307034153957"
"wavelet-LLH","glcm","Imc2","0.5853837032908216"
"wavelet-LLH","glcm","InverseVariance","0.4030909093982666"
"wavelet-LLH","glcm","JointAverage","9.071749806015768"
"wavelet-LLH","glcm","JointEnergy","0.04371616575494143"
"wavelet-LLH","glcm","JointEntropy","5.43088329619104"
"wavelet-LLH","glcm","MCC","0.4809739742095512"
"wavelet-LLH","glcm","MaximumProbability","0.13769948839916987"
"wavelet-LLH","glcm","SumAverage","18.143499612031544"
"wavelet-LLH","glcm","SumEntropy","3.4507060495070667"
"wavelet-LLH","glcm","SumSquares","3.4402308609513335"
"wavelet-LLH","gldm","DependenceEntropy","6.626295111345857"
"wavelet-LLH","gldm","DependenceNonUniformity","1930.1586867305061"
"wavelet-LLH","gldm","DependenceNonUniformityNormalized","0.08251362374873915"
"wavelet-LLH","gldm","DependenceVariance","22.581963901744327"
"wavelet-LLH","gldm","GrayLevelNonUniformity","3563.979736662107"
"wavelet-LLH","gldm","GrayLevelVariance","3.8976371848075315"
"wavelet-LLH","gldm","HighGrayLevelEmphasis","88.04014192886457"
"wavelet-LLH","gldm","LargeDependenceEmphasis","65.67193912448701"
"wavelet-LLH","gldm","LargeDependenceHighGrayLevelEmphasis","5401.827590629275"
"wavelet-LLH","gldm","LargeDependenceLowGrayLevelEmphasis","0.8543227126350336"
"wavelet-LLH","gldm","LowGrayLevelEmphasis","0.014096061356120345"
"wavelet-LLH","gldm","SmallDependenceEmphasis","0.11729043860433189"
"wavelet-LLH","gldm","SmallDependenceHighGrayLevelEmphasis","10.946558928664047"
"wavelet-LLH","gldm","SmallDependenceLowGrayLevelEmphasis","0.0018726172266648894"
"wavelet-LLH","glrlm","GrayLevelNonUniformity","2504.955505804729"
"wavelet-LLH","glrlm","GrayLevelNonUniformityNormalized","0.13607823549990422"
"wavelet-LLH","glrlm","GrayLevelVariance","4.3953218103044085"
"wavelet-LLH","glrlm","HighGrayLevelRunEmphasis","89.2076793193756"
"wavelet-LLH","glrlm","LongRunEmphasis","2.3742269961601576"
"wavelet-LLH","glrlm","LongRunHighGrayLevelEmphasis","204.19075869594812"
"wavelet-LLH","glrlm","LongRunLowGrayLevelEmphasis","0.03249394468279418"
"wavelet-LLH","glrlm","LowGrayLevelRunEmphasis","0.01431115090353462"
"wavelet-LLH","glrlm","RunEntropy","3.979584371093561"
"wavelet-LLH","glrlm","RunLengthNonUniformity","13036.199224993983"
"wavelet-LLH","glrlm","RunLengthNonUniformityNormalized","0.6897456218787"
"wavelet-LLH","glrlm","RunPercentage","0.7859886351678417"
"wavelet-LLH","glrlm","RunVariance","0.6267735929950988"
"wavelet-LLH","glrlm","ShortRunEmphasis","0.8487131708612311"
"wavelet-LLH","glrlm","ShortRunHighGrayLevelEmphasis","76.39555910923997"
"wavelet-LLH","glrlm","ShortRunLowGrayLevelEmphasis","0.012260549489325371"
"wavelet-LLH","glszm","GrayLevelNonUniformity","329.6259493670886"
"wavelet-LLH","glszm","GrayLevelNonUniformityNormalized","0.10431200929338247"
"wavelet-LLH","glszm","GrayLevelVariance","6.960868049991988"
"wavelet-LLH","glszm","HighGrayLevelZoneEmphasis","95.09493670886076"
"wavelet-LLH","glszm","LargeAreaEmphasis","1388.2158227848101"
"wavelet-LLH","glszm","LargeAreaHighGrayLevelEmphasis","112179.67626582278"
"wavelet-LLH","glszm","LargeAreaLowGrayLevelEmphasis","17.732481928941215"
"wavelet-LLH","glszm","LowGrayLevelZoneEmphasis","0.01597913825159273"
"wavelet-LLH","glszm","SizeZoneNonUniformity","687.0107594936709"
"wavelet-LLH","glszm","SizeZoneNonUniformityNormalized","0.21740846819419965"
"wavelet-LLH","glszm","SmallAreaEmphasis","0.4711165498929396"
"wavelet-LLH","glszm","SmallAreaHighGrayLevelEmphasis","44.30937963411441"
"wavelet-LLH","glszm","SmallAreaLowGrayLevelEmphasis","0.008141033674496308"
"wavelet-LLH","glszm","ZoneEntropy","6.493380367798331"
"wavelet-LLH","glszm","ZonePercentage","0.1350889192886457"
"wavelet-LLH","glszm","ZoneVariance","1333.4183480211505"
"wavelet-LLH","ngtdm","Busyness","14.25865269234433"
"wavelet-LLH","ngtdm","Coarseness","0.0003487760577247036"
"wavelet-LLH","ngtdm","Complexity","150.43644953092587"
"wavelet-LLH","ngtdm","Contrast","0.03449903596321784"
"wavelet-LLH","ngtdm","Strength","0.03372094804554088"
"wavelet-LHL","firstorder","10Percentile","-32.50328920857025"
"wavelet-LHL","firstorder","90Percentile","14.005614095515003"
"wavelet-LHL","firstorder","Energy","11087506.251805041"
"wavelet-LHL","firstorder","Entropy","1.8236247653460633"
"wavelet-LHL","firstorder","InterquartileRange","21.901641370842647"
"wavelet-LHL","firstorder","Kurtosis","5.221223518638409"
"wavelet-LHL","firstorder","Maximum","129.9726554323252"
"wavelet-LHL","firstorder","MeanAbsoluteDeviation","14.963500638982637"
"wavelet-LHL","firstorder","Mean","-7.34716432209871"
"wavelet-LHL","firstorder","Median","-6.045544410540329"
"wavelet-LHL","firstorder","Minimum","-136.97691247673652"
"wavelet-LHL","firstorder","Range","266.9495679090617"
"wavelet-LHL","firstorder","RobustMeanAbsoluteDeviation","9.319034598232875"
"wavelet-LHL","firstorder","RootMeanSquared","21.771244805198037"
"wavelet-LHL","firstorder","Skewness","-0.058619523312702426"
"wavelet-LHL","firstorder","TotalEnergy","10362392.542566825"
"wavelet-LHL","firstorder","Uniformity","0.3518201639142359"
"wavelet-LHL","firstorder","Variance","420.0062767919424"
"wavelet-LHL","glcm","Autocorrelation","38.767022707954716"
"wavelet-LHL","glcm","ClusterProminence","12.696487251410502"
"wavelet-LHL","glcm","ClusterShade","-0.5357665408651029"
"wavelet-LHL","glcm","ClusterTendency","1.6049780064376036"
"wavelet-LHL","glcm","Contrast","0.9929418918826463"
"wavelet-LHL","glcm","Correlation","0.23192161311310475"
"wavelet-LHL","glcm","DifferenceAverage","0.676595849354216"
"wavelet-LHL","glcm","DifferenceEntropy","1.4178942187442527"
"wavelet-LHL","glcm","DifferenceVariance","0.5140379123300861"
"wavelet-LHL","glcm","Id","0.7049421973719076"
"wavelet-LHL","glcm","Idm","0.6919880259022645"
"wavelet-LHL","glcm","Idmn","0.9933247448102189"
"wavelet-LHL","glcm","Idn","0.949595182214957"
"wavelet-LHL","glcm","Imc1","-0.07077799533108593"
"wavelet-LHL","glcm","Imc2","0.3884554283029119"
"wavelet-LHL","glcm","InverseVariance","0.4799782336944446"
"wavelet-LHL","glcm","JointAverage","6.214003986567797"
"wavelet-LHL","glcm","JointEnergy","0.15986436464984177"
"wavelet-LHL","glcm","JointEntropy","3.2767891449756896"
"wavelet-LHL","glcm","MCC","0.37894627759449584"
"wavelet-LHL","glcm","MaximumProbability","0.28722543968629"
"wavelet-LHL","glcm","SumAverage","12.428007973135594"
"wavelet-LHL","glcm","SumEntropy","2.312278443525415"
"wavelet-LHL","glcm","SumSquares","0.6494799745800625"
"wavelet-LHL","gldm","DependenceEntropy","5.717938538729566"
"wavelet-LHL","gldm","DependenceNonUniformity","1346.731874145007"
"wavelet-LHL","gldm","DependenceNonUniformityNormalized","0.05757232704108271"
"wavelet-LHL","gldm","DependenceVariance","23.589208411717454"
"wavelet-LHL","gldm","GrayLevelNonUniformity","8229.777274281805"
"wavelet-LHL","gldm","GrayLevelVariance","0.7698914842184169"
"wavelet-LHL","gldm","HighGrayLevelEmphasis","39.24414329685362"
"wavelet-LHL","gldm","LargeDependenceEmphasis","104.85875512995896"
"wavelet-LHL","gldm","LargeDependenceHighGrayLevelEmphasis","4047.718151504788"
"wavelet-LHL","gldm","LargeDependenceLowGrayLevelEmphasis","2.799895908599259"
"wavelet-LHL","gldm","LowGrayLevelEmphasis","0.027948802748951566"
"wavelet-LHL","gldm","SmallDependenceEmphasis","0.06571681293488815"
"wavelet-LHL","gldm","SmallDependenceHighGrayLevelEmphasis","2.847400561298434"
"wavelet-LHL","gldm","SmallDependenceLowGrayLevelEmphasis","0.002007830803602853"
"wavelet-LHL","glrlm","GrayLevelNonUniformity","4997.320936928319"
"wavelet-LHL","glrlm","GrayLevelNonUniformityNormalized","0.30825597575745767"
"wavelet-LHL","glrlm","GrayLevelVariance","0.9450559045691159"
"wavelet-LHL","glrlm","HighGrayLevelRunEmphasis","39.465999899631925"
"wavelet-LHL","glrlm","LongRunEmphasis","3.0464381901782924"
"wavelet-LHL","glrlm","LongRunHighGrayLevelEmphasis","118.84241200196324"
"wavelet-LHL","glrlm","LongRunLowGrayLevelEmphasis","0.08330008412205608"
"wavelet-LHL","glrlm","LowGrayLevelRunEmphasis","0.02840602131207459"
"wavelet-LHL","glrlm","RunEntropy","3.205340497985685"
"wavelet-LHL","glrlm","RunLengthNonUniformity","8945.007705119346"
"wavelet-LHL","glrlm","RunLengthNonUniformityNormalized","0.5418474939585086"
"wavelet-LHL","glrlm","RunPercentage","0.6917322161422709"
"wavelet-LHL","glrlm","RunVariance","0.8154987585191625"
"wavelet-LHL","glrlm","ShortRunEmphasis","0.7584094770923494"
"wavelet-LHL","glrlm","ShortRunHighGrayLevelEmphasis","30.101325942392513"
"wavelet-LHL","glrlm","ShortRunLowGrayLevelEmphasis","0.021833939906898695"
"wavelet-LHL","glszm","GrayLevelNonUniformity","324.4817313097246"
"wavelet-LHL","glszm","GrayLevelNonUniformityNormalized","0.18239557690259953"
"wavelet-LHL","glszm","GrayLevelVariance","2.605358057482192"
"wavelet-LHL","glszm","HighGrayLevelZoneEmphasis","42.794828555368184"
"wavelet-LHL","glszm","LargeAreaEmphasis","5075.7830241708825"
"wavelet-LHL","glszm","LargeAreaHighGrayLevelEmphasis","202476.3974142777"
"wavelet-LHL","glszm","LargeAreaLowGrayLevelEmphasis","130.0646122824505"
"wavelet-LHL","glszm","LowGrayLevelZoneEmphasis","0.03203095177945159"
"wavelet-LHL","glszm","SizeZoneNonUniformity","363.12928611579537"
"wavelet-LHL","glszm","SizeZoneNonUniformityNormalized","0.20411989101506206"
"wavelet-LHL","glszm","SmallAreaEmphasis","0.4601394136171006"
"wavelet-LHL","glszm","SmallAreaHighGrayLevelEmphasis","21.33435431939532"
"wavelet-LHL","glszm","SmallAreaLowGrayLevelEmphasis","0.014317432654027757"
"wavelet-LHL","glszm","ZoneEntropy","5.866729449359509"
"wavelet-LHL","glszm","ZonePercentage","0.07605164158686731"
"wavelet-LHL","glszm","ZoneVariance","4902.887872724096"
"wavelet-LHL","ngtdm","Busyness","30.788673298664005"
"wavelet-LHL","ngtdm","Coarseness","0.0002813231703677928"
"wavelet-LHL","ngtdm","Complexity","39.19893277957739"
"wavelet-LHL","ngtdm","Contrast","0.006797237625630309"
"wavelet-LHL","ngtdm","Strength","0.02249338529590998"
"wavelet-LHH","firstorder","10Percentile","-14.535052293984272"
"wavelet-LHH","firstorder","90Percentile","15.171609243661102"
"wavelet-LHH","firstorder","Energy","3787146.2394286823"
"wavelet-LHH","firstorder","Entropy","1.3389060833288402"
"wavelet-LHH","firstorder","InterquartileRange","13.938269291771341"
"wavelet-LHH","firstorder","Kurtosis","4.972350109840667"
"wavelet-LHH","firstorder","Maximum","70.5193613151339"
"wavelet-LHH","firstorder","MeanAbsoluteDeviation","9.380652501468354"
"wavelet-LHH","firstorder","Mean","0.0883744353239725"
"wavelet-LHH","firstorder","Median","-0.19537614620747426"
"wavelet-LHH","firstorder","Minimum","-70.5394491947638"
"wavelet-LHH","firstorder","Range","141.0588105098977"
"wavelet-LHH","firstorder","RobustMeanAbsoluteDeviation","5.929927036171411"
"wavelet-LHH","firstorder","RootMeanSquared","12.723961904293954"
"wavelet-LHH","firstorder","Skewness","0.09494679223104167"
"wavelet-LHH","firstorder","TotalEnergy","3539470.0176765975"
"wavelet-LHH","firstorder","Uniformity","0.4448159957640995"
"wavelet-LHH","firstorder","Variance","161.89139650110496"
"wavelet-LHH","glcm","Autocorrelation","12.278539102426887"
"wavelet-LHH","glcm","ClusterProminence","1.7986985800543684"
"wavelet-LHH","glcm","ClusterShade","0.03082625388586408"
"wavelet-LHH","glcm","ClusterTendency","0.7081341110977488"
"wavelet-LHH","glcm","Contrast","0.7183238750741595"
"wavelet-LHH","glcm","Correlation","-0.009576153311046732"
"wavelet-LHH","glcm","DifferenceAverage","0.597310770387814"
"wavelet-LHH","glcm","DifferenceEntropy","1.229648402560716"
"wavelet-LHH","glcm","DifferenceVariance","0.35077673920385793"
"wavelet-LHH","glcm","Id","0.719732638307197"
"wavelet-LHH","glcm","Idm","0.7133700168384682"
"wavelet-LHH","glcm","Idmn","0.9812197773823622"
"wavelet-LHH","glcm","Idn","0.9167434081813024"
"wavelet-LHH","glcm","Imc1","-0.03305582999101535"
"wavelet-LHH","glcm","Imc2","0.2150809937652491"
"wavelet-LHH","glcm","InverseVariance","0.5077105445716076"
"wavelet-LHH","glcm","JointAverage","3.504429459532585"
"wavelet-LHH","glcm","JointEnergy","0.21502192761259617"
"wavelet-LHH","glcm","JointEntropy","2.5429704384596894"
"wavelet-LHH","glcm","MCC","0.19497570645847256"
"wavelet-LHH","glcm","MaximumProbability","0.257946669529938"
"wavelet-LHH","glcm","SumAverage","7.008858919065168"
"wavelet-LHH","glcm","SumEntropy","1.7599478901144157"
"wavelet-LHH","glcm","SumSquares","0.35661449654297717"
"wavelet-LHH","gldm","DependenceEntropy","5.111682298675368"
"wavelet-LHH","gldm","DependenceNonUniformity","1608.5951607387142"
"wavelet-LHH","gldm","DependenceNonUniformityNormalized","0.06876689298643614"
"wavelet-LHH","gldm","DependenceVariance","15.440362582306248"
"wavelet-LHH","gldm","GrayLevelNonUniformity","10405.135772913816"
"wavelet-LHH","gldm","GrayLevelVariance","0.37969982342227443"
"wavelet-LHH","gldm","HighGrayLevelEmphasis","12.618331053351573"
"wavelet-LHH","gldm","LargeDependenceEmphasis","101.0265902872777"
"wavelet-LHH","gldm","LargeDependenceHighGrayLevelEmphasis","1255.4966655266758"
"wavelet-LHH","gldm","LargeDependenceLowGrayLevelEmphasis","8.857915989797082"
"wavelet-LHH","gldm","LowGrayLevelEmphasis","0.0911652488030096"
"wavelet-LHH","gldm","SmallDependenceEmphasis","0.04181211373464132"
"wavelet-LHH","gldm","SmallDependenceHighGrayLevelEmphasis","0.6016397570118486"
"wavelet-LHH","gldm","SmallDependenceLowGrayLevelEmphasis","0.005007876646402203"
"wavelet-LHH","glrlm","GrayLevelNonUniformity","6792.236543168793"
"wavelet-LHH","glrlm","GrayLevelNonUniformityNormalized","0.42473700907779033"
"wavelet-LHH","glrlm","GrayLevelVariance","0.43155397080304947"
"wavelet-LHH","glrlm","HighGrayLevelRunEmphasis","12.703311239137655"
"wavelet-LHH","glrlm","LongRunEmphasis","3.2065369575751452"
"wavelet-LHH","glrlm","LongRunHighGrayLevelEmphasis","40.15908082227167"
"wavelet-LHH","glrlm","LongRunLowGrayLevelEmphasis","0.2870633127758838"
"wavelet-LHH","glrlm","LowGrayLevelRunEmphasis","0.09265060960163893"
"wavelet-LHH","glrlm","RunEntropy","2.7264247729950974"
"wavelet-LHH","glrlm","RunLengthNonUniformity","8579.88766388284"
"wavelet-LHH","glrlm","RunLengthNonUniformityNormalized","0.5235697254322814"
"wavelet-LHH","glrlm","RunPercentage","0.6826429811638429"
"wavelet-LHH","glrlm","RunVariance","0.8192861281832674"
"wavelet-LHH","glrlm","ShortRunEmphasis","0.7406315855948419"
"wavelet-LHH","glrlm","ShortRunHighGrayLevelEmphasis","9.47118034648803"
"wavelet-LHH","glrlm","ShortRunLowGrayLevelEmphasis","0.0697142466883904"
"wavelet-LHH","glszm","GrayLevelNonUniformity","231.7791932059448"
"wavelet-LHH","glszm","GrayLevelNonUniformityNormalized","0.2460500989447397"
"wavelet-LHH","glszm","GrayLevelVariance","1.7435652111196758"
"wavelet-LHH","glszm","HighGrayLevelZoneEmphasis","15.009554140127388"
"wavelet-LHH","glszm","LargeAreaEmphasis","11793.029723991507"
"wavelet-LHH","glszm","LargeAreaHighGrayLevelEmphasis","146362.03609341825"
"wavelet-LHH","glszm","LargeAreaLowGrayLevelEmphasis","1031.4783660651099"
"wavelet-LHH","glszm","LowGrayLevelZoneEmphasis","0.13058386411889597"
"wavelet-LHH","glszm","SizeZoneNonUniformity","174.59235668789808"
"wavelet-LHH","glszm","SizeZoneNonUniformityNormalized","0.1853422045519088"
"wavelet-LHH","glszm","SmallAreaEmphasis","0.4296450835509969"
"wavelet-LHH","glszm","SmallAreaHighGrayLevelEmphasis","6.8984361157084075"
"wavelet-LHH","glszm","SmallAreaLowGrayLevelEmphasis","0.06280075580188407"
"wavelet-LHH","glszm","ZoneEntropy","5.49109071005504"
"wavelet-LHH","glszm","ZonePercentage","0.04027017783857729"
"wavelet-LHH","glszm","ZoneVariance","11176.388003119351"
"wavelet-LHH","ngtdm","Busyness","192.633664140115"
"wavelet-LHH","ngtdm","Coarseness","0.00019087168390710254"
"wavelet-LHH","ngtdm","Complexity","8.905095313844535"
"wavelet-LHH","ngtdm","Contrast","0.014137141240439407"
"wavelet-LHH","ngtdm","Strength","0.00302787030105555"
"wavelet-HLL","firstorder","10Percentile","-29.212355305832805"
"wavelet-HLL","firstorder","90Percentile","22.985902958106358"
"wavelet-HLL","firstorder","Energy","12939957.441126822"
"wavelet-HLL","firstorder","Entropy","1.962614805558564"
"wavelet-HLL","firstorder","InterquartileRange","19.615287030356768"
"wavelet-HLL","firstorder","Kurtosis","5.907824503783568"
"wavelet-HLL","firstorder","Maximum","144.522297943814"
"wavelet-HLL","firstorder","MeanAbsoluteDeviation","15.903731965281292"
"wavelet-HLL","firstorder","Mean","-2.761174514573576"
"wavelet-HLL","firstorder","Median","-2.6462957260087165"
"wavelet-HLL","firstorder","Minimum","-157.82688357979558"
"wavelet-HLL","firstorder","Range","302.34918152360956"
"wavelet-HLL","firstorder","RobustMeanAbsoluteDeviation","8.84931699154954"
"wavelet-HLL","firstorder","RootMeanSquared","23.519752447211904"
"wavelet-HLL","firstorder","Skewness","0.5096936446686099"
"wavelet-HLL","firstorder","TotalEnergy","12093694.961140163"
"wavelet-HLL","firstorder","Uniformity","0.3290855332057823"
"wavelet-HLL","firstorder","Variance","545.5546704781997"
"wavelet-HLL","glcm","Autocorrelation","54.33273801049798"
"wavelet-HLL","glcm","ClusterProminence","29.469731749911823"
"wavelet-HLL","glcm","ClusterShade","1.7191296256350306"
"wavelet-HLL","glcm","ClusterTendency","2.2286003787065587"
"wavelet-HLL","glcm","Contrast","1.2403410884233703"
"wavelet-HLL","glcm","Correlation","0.27995194949599916"
"wavelet-HLL","glcm","DifferenceAverage","0.7320790419907557"
"wavelet-HLL","glcm","DifferenceEntropy","1.5301997491057515"
"wavelet-HLL","glcm","DifferenceVariance","0.6802290644918082"
"wavelet-HLL","glcm","Id","0.6969678160837879"
"wavelet-HLL","glcm","Idm","0.6809041197327346"
"wavelet-HLL","glcm","Idmn","0.9929641544139832"
"wavelet-HLL","glcm","Idn","0.9499398392193523"
"wavelet-HLL","glcm","Imc1","-0.0869250805977617"
"wavelet-HLL","glcm","Imc2","0.4579761656222306"
"wavelet-HLL","glcm","InverseVariance","0.465337378856952"
"wavelet-HLL","glcm","JointAverage","7.354292261904169"
"wavelet-HLL","glcm","JointEnergy","0.14525457332786076"
"wavelet-HLL","glcm","JointEntropy","3.5565159336260783"
"wavelet-HLL","glcm","MCC","0.4218362458109838"
"wavelet-HLL","glcm","MaximumProbability","0.2684972001882734"
"wavelet-HLL","glcm","SumAverage","14.708584523808337"
"wavelet-HLL","glcm","SumEntropy","2.5012857924338423"
"wavelet-HLL","glcm","SumSquares","0.8672353667824821"
"wavelet-HLL","gldm","DependenceEntropy","5.870390125548589"
"wavelet-HLL","gldm","DependenceNonUniformity","1346.7391415868674"
"wavelet-HLL","gldm","DependenceNonUniformityNormalized","0.057572637721736805"
"wavelet-HLL","gldm","DependenceVariance","24.408377570359733"
"wavelet-HLL","gldm","GrayLevelNonUniformity","7697.968792749658"
"wavelet-HLL","gldm","GrayLevelVariance","0.9847351556344869"
"wavelet-HLL","gldm","HighGrayLevelEmphasis","55.4485294117647"
"wavelet-HLL","gldm","LargeDependenceEmphasis","104.32549589603283"
"wavelet-HLL","gldm","LargeDependenceHighGrayLevelEmphasis","5552.9097127222985"
"wavelet-HLL","gldm","LargeDependenceLowGrayLevelEmphasis","2.0088536741220984"
"wavelet-HLL","gldm","LowGrayLevelEmphasis","0.019466118503675616"
"wavelet-HLL","gldm","SmallDependenceEmphasis","0.06369269391276884"
"wavelet-HLL","gldm","SmallDependenceHighGrayLevelEmphasis","3.7724851168660902"
"wavelet-HLL","gldm","SmallDependenceLowGrayLevelEmphasis","0.0013822124904014446"
"wavelet-HLL","glrlm","GrayLevelNonUniformity","4669.056041975897"
"wavelet-HLL","glrlm","GrayLevelNonUniformityNormalized","0.2868825072236739"
"wavelet-HLL","glrlm","GrayLevelVariance","1.2097715466439254"
"wavelet-HLL","glrlm","HighGrayLevelRunEmphasis","56.15209755998574"
"wavelet-HLL","glrlm","LongRunEmphasis","2.987093295406048"
"wavelet-HLL","glrlm","LongRunHighGrayLevelEmphasis","162.7990328911093"
"wavelet-HLL","glrlm","LongRunLowGrayLevelEmphasis","0.057810857644105755"
"wavelet-HLL","glrlm","LowGrayLevelRunEmphasis","0.01957361123542223"
"wavelet-HLL","glrlm","RunEntropy","3.345274330432754"
"wavelet-HLL","glrlm","RunLengthNonUniformity","9078.68724337869"
"wavelet-HLL","glrlm","RunLengthNonUniformityNormalized","0.548573727839066"
"wavelet-HLL","glrlm","RunPercentage","0.6946293275807639"
"wavelet-HLL","glrlm","RunVariance","0.7959374329246613"
"wavelet-HLL","glrlm","ShortRunEmphasis","0.7630573601389454"
"wavelet-HLL","glrlm","ShortRunHighGrayLevelEmphasis","43.2994221811441"
"wavelet-HLL","glrlm","ShortRunLowGrayLevelEmphasis","0.015014568633800776"
"wavelet-HLL","glszm","GrayLevelNonUniformity","280.5362811791383"
"wavelet-HLL","glszm","GrayLevelNonUniformityNormalized","0.15903417300404668"
"wavelet-HLL","glszm","GrayLevelVariance","3.230309130454903"
"wavelet-HLL","glszm","HighGrayLevelZoneEmphasis","59.78684807256236"
"wavelet-HLL","glszm","LargeAreaEmphasis","5310.5430839002265"
"wavelet-HLL","glszm","LargeAreaHighGrayLevelEmphasis","288562.4149659864"
"wavelet-HLL","glszm","LargeAreaLowGrayLevelEmphasis","99.48749163481843"
"wavelet-HLL","glszm","LowGrayLevelZoneEmphasis","0.02189745380877449"
"wavelet-HLL","glszm","SizeZoneNonUniformity","304.7120181405896"
"wavelet-HLL","glszm","SizeZoneNonUniformityNormalized","0.17273923930872426"
"wavelet-HLL","glszm","SmallAreaEmphasis","0.41697013442546876"
"wavelet-HLL","glszm","SmallAreaHighGrayLevelEmphasis","24.93698907875662"
"wavelet-HLL","glszm","SmallAreaLowGrayLevelEmphasis","0.009947673808711092"
"wavelet-HLL","glszm","ZoneEntropy","6.264665367873236"
"wavelet-HLL","glszm","ZonePercentage","0.07541039671682627"
"wavelet-HLL","glszm","ZoneVariance","5134.695037047321"
"wavelet-HLL","ngtdm","Busyness","25.40083563280227"
"wavelet-HLL","ngtdm","Coarseness","0.00029791491485054935"
"wavelet-HLL","ngtdm","Complexity","40.53889213705043"
"wavelet-HLL","ngtdm","Contrast","0.008938169164071195"
"wavelet-HLL","ngtdm","Strength","0.023798770973363765"
"wavelet-HLH","firstorder","10Percentile","-13.846716401584327"
"wavelet-HLH","firstorder","90Percentile","15.386319813670612"
"wavelet-HLH","firstorder","Energy","3959111.227968424"
"wavelet-HLH","firstorder","Entropy","1.3736452030300739"
"wavelet-HLH","firstorder","InterquartileRange","12.350800235325327"
"wavelet-HLH","firstorder","Kurtosis","6.42719557289364"
"wavelet-HLH","firstorder","Maximum","76.16116051900346"
"wavelet-HLH","firstorder","MeanAbsoluteDeviation","9.121448978098584"
"wavelet-HLH","firstorder","Mean","0.27966300917146564"
"wavelet-HLH","firstorder","Median","-0.058397644147433814"
"wavelet-HLH","firstorder","Minimum","-94.24475415932066"
"wavelet-HLH","firstorder","Range","170.4059146783241"
"wavelet-HLH","firstorder","RobustMeanAbsoluteDeviation","5.401265125187237"
"wavelet-HLH","firstorder","RootMeanSquared","13.009636850828782"
"wavelet-HLH","firstorder","Skewness","0.03404337932413623"
"wavelet-HLH","firstorder","TotalEnergy","3700188.638650246"
"wavelet-HLH","firstorder","Uniformity","0.43900388442925287"
"wavelet-HLH","firstorder","Variance","169.17243959174337"
"wavelet-HLH","glcm","Autocorrelation","20.283624316004644"
"wavelet-HLH","glcm","ClusterProminence","2.5413910990734014"
"wavelet-HLH","glcm","ClusterShade","0.03111084535125119"
"wavelet-HLH","glcm","ClusterTendency","0.7745529885201216"
"wavelet-HLH","glcm","Contrast","0.776305224880895"
"wavelet-HLH","glcm","Correlation","-0.003243377987923215"
"wavelet-HLH","glcm","DifferenceAverage","0.6134168700365206"
"wavelet-HLH","glcm","DifferenceEntropy","1.2769853616408124"
"wavelet-HLH","glcm","DifferenceVariance","0.3899445526996936"
"wavelet-HLH","glcm","Id","0.7167700538488487"
"wavelet-HLH","glcm","Idm","0.7091838502524085"
"wavelet-HLH","glcm","Idmn","0.9884043563424693"
"wavelet-HLH","glcm","Idn","0.9335548017028933"
"wavelet-HLH","glcm","Imc1","-0.036121646977306035"
"wavelet-HLH","glcm","Imc2","0.2520708201228127"
"wavelet-HLH","glcm","InverseVariance","0.5027765291290508"
"wavelet-HLH","glcm","JointAverage","4.503769243384576"
"wavelet-HLH","glcm","JointEnergy","0.20668246837159404"
"wavelet-HLH","glcm","JointEntropy","2.64478756386847"
"wavelet-HLH","glcm","MCC","0.27128462910668555"
"wavelet-HLH","glcm","MaximumProbability","0.24910512467515655"
"wavelet-HLH","glcm","SumAverage","9.00753848676915"
"wavelet-HLH","glcm","SumEntropy","1.818412055807943"
"wavelet-HLH","glcm","SumSquares","0.38771455335025407"
"wavelet-HLH","gldm","DependenceEntropy","5.182881689692763"
"wavelet-HLH","gldm","DependenceNonUniformity","1587.4236491108072"
"wavelet-HLH","gldm","DependenceNonUniformityNormalized","0.06786181810494217"
"wavelet-HLH","gldm","DependenceVariance","15.970185468894158"
"wavelet-HLH","gldm","GrayLevelNonUniformity","10269.178864569083"
"wavelet-HLH","gldm","GrayLevelVariance","0.4021755785619413"
"wavelet-HLH","gldm","HighGrayLevelEmphasis","20.684892270861834"
"wavelet-HLH","gldm","LargeDependenceEmphasis","101.34456224350205"
"wavelet-HLH","gldm","LargeDependenceHighGrayLevelEmphasis","2057.8374230506156"
"wavelet-HLH","gldm","LargeDependenceLowGrayLevelEmphasis","5.261204794236008"
"wavelet-HLH","gldm","LowGrayLevelEmphasis","0.05281720179593155"
"wavelet-HLH","gldm","SmallDependenceEmphasis","0.039474999525750766"
"wavelet-HLH","gldm","SmallDependenceHighGrayLevelEmphasis","0.8672824317305879"
"wavelet-HLH","gldm","SmallDependenceLowGrayLevelEmphasis","0.0025041926185494934"
"wavelet-HLH","glrlm","GrayLevelNonUniformity","6692.303210209481"
"wavelet-HLH","glrlm","GrayLevelNonUniformityNormalized","0.4182496879703667"
"wavelet-HLH","glrlm","GrayLevelVariance","0.4593558340703442"
"wavelet-HLH","glrlm","HighGrayLevelRunEmphasis","20.81119184867848"
"wavelet-HLH","glrlm","LongRunEmphasis","3.158374939182882"
"wavelet-HLH","glrlm","LongRunHighGrayLevelEmphasis","64.75235957281626"
"wavelet-HLH","glrlm","LongRunLowGrayLevelEmphasis","0.16566321605504766"
"wavelet-HLH","glrlm","LowGrayLevelRunEmphasis","0.05326861998478905"
"wavelet-HLH","glrlm","RunEntropy","2.7605716431242247"
"wavelet-HLH","glrlm","RunLengthNonUniformity","8600.154552061314"
"wavelet-HLH","glrlm","RunLengthNonUniformityNormalized","0.5241218629118084"
"wavelet-HLH","glrlm","RunPercentage","0.6830836314847943"
"wavelet-HLH","glrlm","RunVariance","0.7917073162841368"
"wavelet-HLH","glrlm","ShortRunEmphasis","0.7393227769552998"
"wavelet-HLH","glrlm","ShortRunHighGrayLevelEmphasis","15.463747640688219"
"wavelet-HLH","glrlm","ShortRunLowGrayLevelEmphasis","0.039770520099996536"
"wavelet-HLH","glszm","GrayLevelNonUniformity","202.64692482915717"
"wavelet-HLH","glszm","GrayLevelNonUniformityNormalized","0.23080515356396034"
"wavelet-HLH","glszm","GrayLevelVariance","1.7943049797375479"
"wavelet-HLH","glszm","HighGrayLevelZoneEmphasis","22.66400911161731"
"wavelet-HLH","glszm","LargeAreaEmphasis","12708.318906605922"
"wavelet-HLH","glszm","LargeAreaHighGrayLevelEmphasis","258794.36332574033"
"wavelet-HLH","glszm","LargeAreaLowGrayLevelEmphasis","655.9207065845511"
"wavelet-HLH","glszm","LowGrayLevelZoneEmphasis","0.06663450127583304"
"wavelet-HLH","glszm","SizeZoneNonUniformity","141.0227790432802"
"wavelet-HLH","glszm","SizeZoneNonUniformityNormalized","0.16061819936592275"
"wavelet-HLH","glszm","SmallAreaEmphasis","0.40067751002333435"
"wavelet-HLH","glszm","SmallAreaHighGrayLevelEmphasis","9.195865757240107"
"wavelet-HLH","glszm","SmallAreaLowGrayLevelEmphasis","0.029638711227784834"
"wavelet-HLH","glszm","ZoneEntropy","5.8581033825420405"
"wavelet-HLH","glszm","ZonePercentage","0.037534199726402186"
"wavelet-HLH","glszm","ZoneVariance","11998.503079581362"
"wavelet-HLH","ngtdm","Busyness","97.47006653469239"
"wavelet-HLH","ngtdm","Coarseness","0.00019533652653817786"
"wavelet-HLH","ngtdm","Complexity","16.696411697422125"
"wavelet-HLH","ngtdm","Contrast","0.008077377772877915"
"wavelet-HLH","ngtdm","Strength","0.006874744387250663"
"wavelet-HHL","firstorder","10Percentile","-8.626945031285626"
"wavelet-HHL","firstorder","90Percentile","9.022006012479237"
"wavelet-HHL","firstorder","Energy","1363188.7017400344"
"wavelet-HHL","firstorder","Entropy","1.0762095826628253"
"wavelet-HHL","firstorder","InterquartileRange","8.09846181580158"
"wavelet-HHL","firstorder","Kurtosis","5.717837179885141"
"wavelet-HHL","firstorder","Maximum","53.954446190283996"
"wavelet-HHL","firstorder","MeanAbsoluteDeviation","5.55462128427043"
"wavelet-HHL","firstorder","Mean","0.06895041549427518"
"wavelet-HHL","firstorder","Median","-0.037455230240022064"
"wavelet-HHL","firstorder","Minimum","-59.47911932958142"
"wavelet-HHL","firstorder","Range","113.43356551986543"
"wavelet-HHL","firstorder","RobustMeanAbsoluteDeviation","3.4672981513021757"
"wavelet-HHL","firstorder","RootMeanSquared","7.63386211511448"
"wavelet-HHL","firstorder","Skewness","0.0519615807997484"
"wavelet-HHL","firstorder","TotalEnergy","1274037.2917239703"
"wavelet-HHL","firstorder","Uniformity","0.4909997057232845"
"wavelet-HHL","firstorder","Variance","58.271096632783284"
"wavelet-HHL","glcm","Autocorrelation","12.24582537778874"
"wavelet-HHL","glcm","ClusterProminence","0.6919882266343034"
"wavelet-HHL","glcm","ClusterShade","0.011587753431527669"
"wavelet-HHL","glcm","ClusterTendency","0.546884893388287"
"wavelet-HHL","glcm","Contrast","0.5182551254760951"
"wavelet-HHL","glcm","Correlation","0.026805151703606537"
"wavelet-HHL","glcm","DifferenceAverage","0.5022542836308715"
"wavelet-HHL","glcm","DifferenceEntropy","1.0443538228377887"
"wavelet-HHL","glcm","DifferenceVariance","0.2620211316896185"
"wavelet-HHL","glcm","Id","0.7514199991285738"
"wavelet-HHL","glcm","Idm","0.7504698747477956"
"wavelet-HHL","glcm","Idmn","0.9860673667083356"
"wavelet-HHL","glcm","Idn","0.9285293155176542"
"wavelet-HHL","glcm","Imc1","-0.014544223014511214"
"wavelet-HHL","glcm","Imc2","0.11254676812654216"
"wavelet-HHL","glcm","InverseVariance","0.4893621481019374"
"wavelet-HHL","glcm","JointAverage","3.4983793666400116"
"wavelet-HHL","glcm","JointEnergy","0.24647142835631966"
"wavelet-HHL","glcm","JointEntropy","2.1186239885470117"
"wavelet-HHL","glcm","MCC","0.1717134719108908"
"wavelet-HHL","glcm","MaximumProbability","0.2622028011910821"
"wavelet-HHL","glcm","SumAverage","6.996758733280023"
"wavelet-HHL","glcm","SumEntropy","1.5698409102441677"
"wavelet-HHL","glcm","SumSquares","0.26628500471609556"
"wavelet-HHL","gldm","DependenceEntropy","4.9397408904849485"
"wavelet-HHL","gldm","DependenceNonUniformity","1741.8709815321477"
"wavelet-HHL","gldm","DependenceNonUniformityNormalized","0.07446438874538935"
"wavelet-HHL","gldm","DependenceVariance","13.528915114267319"
"wavelet-HHL","gldm","GrayLevelNonUniformity","11485.46511627907"
"wavelet-HHL","gldm","GrayLevelVariance","0.26905886189298994"
"wavelet-HHL","gldm","HighGrayLevelEmphasis","12.499914500683994"
"wavelet-HHL","gldm","LargeDependenceEmphasis","114.26556087551299"
"wavelet-HHL","gldm","LargeDependenceHighGrayLevelEmphasis","1421.6896374829"
"wavelet-HHL","gldm","LargeDependenceLowGrayLevelEmphasis","9.969170965382276"
"wavelet-HHL","gldm","LowGrayLevelEmphasis","0.08751800235598114"
"wavelet-HHL","gldm","SmallDependenceEmphasis","0.025187163207214393"
"wavelet-HHL","gldm","SmallDependenceHighGrayLevelEmphasis","0.32913267019819875"
"wavelet-HHL","gldm","SmallDependenceLowGrayLevelEmphasis","0.0024470552083044506"
"wavelet-HHL","glrlm","GrayLevelNonUniformity","7430.218600695565"
"wavelet-HHL","glrlm","GrayLevelNonUniformityNormalized","0.48678136470971073"
"wavelet-HHL","glrlm","GrayLevelVariance","0.2781090619856307"
"wavelet-HHL","glrlm","HighGrayLevelRunEmphasis","12.521523848492668"
"wavelet-HHL","glrlm","LongRunEmphasis","3.1767492751212294"
"wavelet-HHL","glrlm","LongRunHighGrayLevelEmphasis","39.64451541970829"
"wavelet-HHL","glrlm","LongRunLowGrayLevelEmphasis","0.2774227920324836"
"wavelet-HHL","glrlm","LowGrayLevelRunEmphasis","0.08770647405177634"
"wavelet-HHL","glrlm","RunEntropy","2.5107622842565123"
"wavelet-HHL","glrlm","RunLengthNonUniformity","7405.58263766267"
"wavelet-HHL","glrlm","RunLengthNonUniformityNormalized","0.4794939672965051"
"wavelet-HHL","glrlm","RunPercentage","0.6524321266968326"
"wavelet-HHL","glrlm","RunVariance","0.7624667695377233"
"wavelet-HHL","glrlm","ShortRunEmphasis","0.704582016776945"
"wavelet-HHL","glrlm","ShortRunHighGrayLevelEmphasis","8.839573314632533"
"wavelet-HHL","glrlm","ShortRunLowGrayLevelEmphasis","0.061952995674661775"
"wavelet-HHL","glszm","GrayLevelNonUniformity","138.08658008658008"
"wavelet-HHL","glszm","GrayLevelNonUniformityNormalized","0.2988887014861041"
"wavelet-HHL","glszm","GrayLevelVariance","0.8291683064410336"
"wavelet-HHL","glszm","HighGrayLevelZoneEmphasis","13.292207792207792"
"wavelet-HHL","glszm","LargeAreaEmphasis","25846.4329004329"
"wavelet-HHL","glszm","LargeAreaHighGrayLevelEmphasis","322518.316017316"
"wavelet-HHL","glszm","LargeAreaLowGrayLevelEmphasis","2247.6168975468972"
"wavelet-HHL","glszm","LowGrayLevelZoneEmphasis","0.10299242424242425"
"wavelet-HHL","glszm","SizeZoneNonUniformity","57.38961038961039"
"wavelet-HHL","glszm","SizeZoneNonUniformityNormalized","0.12421993590824759"
"wavelet-HHL","glszm","SmallAreaEmphasis","0.36225512444050745"
"wavelet-HHL","glszm","SmallAreaHighGrayLevelEmphasis","5.07761301142042"
"wavelet-HHL","glszm","SmallAreaLowGrayLevelEmphasis","0.04357612059601411"
"wavelet-HHL","glszm","ZoneEntropy","6.269670849077269"
"wavelet-HHL","glszm","ZonePercentage","0.019750341997264022"
"wavelet-HHL","glszm","ZoneVariance","23282.829969453345"
"wavelet-HHL","ngtdm","Busyness","194.809822256124"
"wavelet-HHL","ngtdm","Coarseness","0.00017896054187156634"
"wavelet-HHL","ngtdm","Complexity","8.333621372627517"
"wavelet-HHL","ngtdm","Contrast","0.008883573407653717"
"wavelet-HHL","ngtdm","Strength","0.0032998303553096373"
"wavelet-HHH","firstorder","10Percentile","-6.265375306726547"
"wavelet-HHH","firstorder","90Percentile","6.205478890194496"
"wavelet-HHH","firstorder","Energy","660469.4441008104"
"wavelet-HHH","firstorder","Entropy","1.0128070118526344"
"wavelet-HHH","firstorder","InterquartileRange","6.059118312851515"
"wavelet-HHH","firstorder","Kurtosis","5.244280027902715"
"wavelet-HHH","firstorder","Maximum","34.747015497339326"
"wavelet-HHH","firstorder","MeanAbsoluteDeviation","3.954614037939577"
"wavelet-HHH","firstorder","Mean","-0.024037766659904827"
"wavelet-HHH","firstorder","Median","0.03185169300745995"
"wavelet-HHH","firstorder","Minimum","-39.9256168498247"
"wavelet-HHH","firstorder","Range","74.67263234716403"
"wavelet-HHH","firstorder","RobustMeanAbsoluteDeviation","2.550961425517385"
"wavelet-HHH","firstorder","RootMeanSquared","5.3136468509458545"
"wavelet-HHH","firstorder","Skewness","-0.15077816131116717"
"wavelet-HHH","firstorder","TotalEnergy","617275.2904675285"
"wavelet-HHH","firstorder","Uniformity","0.4988658511345794"
"wavelet-HHH","firstorder","Variance","28.23426504234081"
"wavelet-HHH","glcm","Autocorrelation","6.256529272041012"
"wavelet-HHH","glcm","ClusterProminence","0.5043193456264958"
"wavelet-HHH","glcm","ClusterShade","-0.004017533147893843"
"wavelet-HHH","glcm","ClusterTendency","0.49318315222196574"
"wavelet-HHH","glcm","Contrast","0.5136918607431376"
"wavelet-HHH","glcm","Correlation","-0.020363895803297394"
"wavelet-HHH","glcm","DifferenceAverage","0.5117234459898218"
"wavelet-HHH","glcm","DifferenceEntropy","1.0031924671872827"
"wavelet-HHH","glcm","DifferenceVariance","0.24967781928175692"
"wavelet-HHH","glcm","Id","0.7444582872689498"
"wavelet-HHH","glcm","Idm","0.7443351184804207"
"wavelet-HHH","glcm","Idmn","0.9698196163509037"
"wavelet-HHH","glcm","Idn","0.8977200036143813"
"wavelet-HHH","glcm","Imc1","-0.007209075712435008"
"wavelet-HHH","glcm","Imc2","0.07998176954540309"
"wavelet-HHH","glcm","InverseVariance","0.5100771945522051"
"wavelet-HHH","glcm","JointAverage","2.502329502915846"
"wavelet-HHH","glcm","JointEnergy","0.25142456385007833"
"wavelet-HHH","glcm","JointEntropy","2.012524069320139"
"wavelet-HHH","glcm","MCC","0.12954090687712683"
"wavelet-HHH","glcm","MaximumProbability","0.26459154730470585"
"wavelet-HHH","glcm","SumAverage","5.004659005831693"
"wavelet-HHH","glcm","SumEntropy","1.492262837761299"
"wavelet-HHH","glcm","SumSquares","0.2517187532412758"
"wavelet-HHH","gldm","DependenceEntropy","4.7586706605769225"
"wavelet-HHH","gldm","DependenceNonUniformity","1904.3525991792067"
"wavelet-HHH","gldm","DependenceNonUniformityNormalized","0.08141042233153242"
"wavelet-HHH","gldm","DependenceVariance","11.324939792282278"
"wavelet-HHH","gldm","GrayLevelNonUniformity","11669.469989740082"
"wavelet-HHH","gldm","GrayLevelVariance","0.2523023337102633"
"wavelet-HHH","gldm","HighGrayLevelEmphasis","6.514705882352941"
"wavelet-HHH","gldm","LargeDependenceEmphasis","106.39911080711354"
"wavelet-HHH","gldm","LargeDependenceHighGrayLevelEmphasis","694.93664500684"
"wavelet-HHH","gldm","LargeDependenceLowGrayLevelEmphasis","19.120003336848306"
"wavelet-HHH","gldm","LowGrayLevelEmphasis","0.18071616364569085"
"wavelet-HHH","gldm","SmallDependenceEmphasis","0.019683027884283548"
"wavelet-HHH","gldm","SmallDependenceHighGrayLevelEmphasis","0.12649004703111766"
"wavelet-HHH","gldm","SmallDependenceLowGrayLevelEmphasis","0.0039577176599001705"
"wavelet-HHH","glrlm","GrayLevelNonUniformity","7733.436253485496"
"wavelet-HHH","glrlm","GrayLevelNonUniformityNormalized","0.4983060678151159"
"wavelet-HHH","glrlm","GrayLevelVariance","0.2534154795794694"
"wavelet-HHH","glrlm","HighGrayLevelRunEmphasis","6.5081749830119024"
"wavelet-HHH","glrlm","LongRunEmphasis","3.03979003320215"
"wavelet-HHH","glrlm","LongRunHighGrayLevelEmphasis","19.829404533713777"
"wavelet-HHH","glrlm","LongRunLowGrayLevelEmphasis","0.5478011177392187"
"wavelet-HHH","glrlm","LowGrayLevelRunEmphasis","0.18116956659144767"
"wavelet-HHH","glrlm","RunEntropy","2.387861935807614"
"wavelet-HHH","glrlm","RunLengthNonUniformity","7726.4371894218075"
"wavelet-HHH","glrlm","RunLengthNonUniformityNormalized","0.49340596256818486"
"wavelet-HHH","glrlm","RunPercentage","0.6634385194149216"
"wavelet-HHH","glrlm","RunVariance","0.7216222204701397"
"wavelet-HHH","glrlm","ShortRunEmphasis","0.7172313408832379"
"wavelet-HHH","glrlm","ShortRunHighGrayLevelEmphasis","4.66358553093791"
"wavelet-HHH","glrlm","ShortRunLowGrayLevelEmphasis","0.13028267958218137"
"wavelet-HHH","glszm","GrayLevelNonUniformity","124.57342657342657"
"wavelet-HHH","glszm","GrayLevelNonUniformityNormalized","0.4355714215854076"
"wavelet-HHH","glszm","GrayLevelVariance","0.3877940241576605"
"wavelet-HHH","glszm","HighGrayLevelZoneEmphasis","6.4125874125874125"
"wavelet-HHH","glszm","LargeAreaEmphasis","42376.18881118881"
"wavelet-HHH","glszm","LargeAreaHighGrayLevelEmphasis","276519.3706293706"
"wavelet-HHH","glszm","LargeAreaLowGrayLevelEmphasis","7621.500218531469"
"wavelet-HHH","glszm","LowGrayLevelZoneEmphasis","0.2168560606060606"
"wavelet-HHH","glszm","SizeZoneNonUniformity","7.433566433566433"
"wavelet-HHH","glszm","SizeZoneNonUniformityNormalized","0.02599149102645606"
"wavelet-HHH","glszm","SmallAreaEmphasis","0.13622071058036542"
"wavelet-HHH","glszm","SmallAreaHighGrayLevelEmphasis","0.8187498160857772"
"wavelet-HHH","glszm","SmallAreaLowGrayLevelEmphasis","0.05366302329745527"
"wavelet-HHH","glszm","ZoneEntropy","7.019017755352186"
"wavelet-HHH","glszm","ZonePercentage","0.01222640218878249"
"wavelet-HHH","glszm","ZoneVariance","35686.550393662284"
"wavelet-HHH","ngtdm","Busyness","540.9277328760908"
"wavelet-HHH","ngtdm","Coarseness","0.00016771988361089288"
"wavelet-HHH","ngtdm","Complexity","3.5749984862525928"
"wavelet-HHH","ngtdm","Contrast","0.02153636386311936"
"wavelet-HHH","ngtdm","Strength","0.0010031812074396203"
"wavelet-LLL","firstorder","10Percentile","-2466.9867472624433"
"wavelet-LLL","firstorder","90Percentile","-2183.5959919333272"
"wavelet-LLL","firstorder","Energy","123888966763.7393"
"wavelet-LLL","firstorder","Entropy","3.847324688056589"
"wavelet-LLL","firstorder","InterquartileRange","173.55398877594644"
"wavelet-LLL","firstorder","Kurtosis","2.760191047147737"
"wavelet-LLL","firstorder","Maximum","-2121.671255761005"
"wavelet-LLL","firstorder","MeanAbsoluteDeviation","93.09322443835514"
"wavelet-LLL","firstorder","Mean","-2298.6586225279825"
"wavelet-LLL","firstorder","Median","-2269.4103570721804"
"wavelet-LLL","firstorder","Minimum","-2662.042024432705"
"wavelet-LLL","firstorder","Range","540.3707686717003"
"wavelet-LLL","firstorder","RobustMeanAbsoluteDeviation","70.32052951462384"
"wavelet-LLL","firstorder","RootMeanSquared","2301.3498124931334"
"wavelet-LLL","firstorder","Skewness","-0.8177493045212055"
"wavelet-LLL","firstorder","TotalEnergy","115786731131.70796"
"wavelet-LLL","firstorder","Uniformity","0.0892944263978378"
"wavelet-LLL","firstorder","Variance","12379.49653993846"
"wavelet-LLL","glcm","Autocorrelation","287.57260361409453"
"wavelet-LLL","glcm","ClusterProminence","9262.813525628713"
"wavelet-LLL","glcm","ClusterShade","-390.36592124434344"
"wavelet-LLL","glcm","ClusterTendency","50.07682942955026"
"wavelet-LLL","glcm","Contrast","12.249689849317178"
"wavelet-LLL","glcm","Correlation","0.5963229644476347"
"wavelet-LLL","glcm","DifferenceAverage","2.461170384635406"
"wavelet-LLL","glcm","DifferenceEntropy","2.919177644400572"
"wavelet-LLL","glcm","DifferenceVariance","5.859117167745481"
"wavelet-LLL","glcm","Id","0.476776044683631"
"wavelet-LLL","glcm","Idm","0.40890225618342263"
"wavelet-LLL","glcm","Idmn","0.9787099633492395"
"wavelet-LLL","glcm","Idn","0.9112343508151685"
"wavelet-LLL","glcm","Imc1","-0.12597192685523392"
"wavelet-LLL","glcm","Imc2","0.7146972430534911"
"wavelet-LLL","glcm","InverseVariance","0.28694600084143446"
"wavelet-LLL","glcm","JointAverage","16.673384062197233"
"wavelet-LLL","glcm","JointEnergy","0.03308754384748837"
"wavelet-LLL","glcm","JointEntropy","6.6246136783127705"
"wavelet-LLL","glcm","MCC","0.6400514933690078"
"wavelet-LLL","glcm","MaximumProbability","0.15174469250918807"
"wavelet-LLL","glcm","SumAverage","33.34676812439446"
"wavelet-LLL","glcm","SumEntropy","4.413365397601887"
"wavelet-LLL","glcm","SumSquares","15.581629819716854"
"wavelet-LLL","gldm","DependenceEntropy","6.83154241835246"
"wavelet-LLL","gldm","DependenceNonUniformity","2839.6627906976746"
"wavelet-LLL","gldm","DependenceNonUniformityNormalized","0.12139461314542042"
"wavelet-LLL","gldm","DependenceVariance","34.9945598501645"
"wavelet-LLL","gldm","GrayLevelNonUniformity","2088.7752222982217"
"wavelet-LLL","gldm","GrayLevelVariance","19.889262389374295"
"wavelet-LLL","gldm","HighGrayLevelEmphasis","261.890432626539"
"wavelet-LLL","gldm","LargeDependenceEmphasis","66.04830711354309"
"wavelet-LLL","gldm","LargeDependenceHighGrayLevelEmphasis","25219.22755642955"
"wavelet-LLL","gldm","LargeDependenceLowGrayLevelEmphasis","0.19369718672950834"
"wavelet-LLL","gldm","LowGrayLevelEmphasis","0.007499481253922689"
"wavelet-LLL","gldm","SmallDependenceEmphasis","0.24872318300802493"
"wavelet-LLL","gldm","SmallDependenceHighGrayLevelEmphasis","44.12784958181975"
"wavelet-LLL","gldm","SmallDependenceLowGrayLevelEmphasis","0.0031904896719047496"
"wavelet-LLL","glrlm","GrayLevelNonUniformity","1378.5518027506018"
"wavelet-LLL","glrlm","GrayLevelNonUniformityNormalized","0.07125576888278158"
"wavelet-LLL","glrlm","GrayLevelVariance","19.876485474658686"
"wavelet-LLL","glrlm","HighGrayLevelRunEmphasis","241.2911374397354"
"wavelet-LLL","glrlm","LongRunEmphasis","2.182770099655469"
"wavelet-LLL","glrlm","LongRunHighGrayLevelEmphasis","677.5072937364711"
"wavelet-LLL","glrlm","LongRunLowGrayLevelEmphasis","0.012215103114960452"
"wavelet-LLL","glrlm","LowGrayLevelRunEmphasis","0.008355883776950335"
"wavelet-LLL","glrlm","RunEntropy","4.60389156492254"
"wavelet-LLL","glrlm","RunLengthNonUniformity","15086.579538244097"
"wavelet-LLL","glrlm","RunLengthNonUniformityNormalized","0.775813286492619"
"wavelet-LLL","glrlm","RunPercentage","0.8241311954119752"
"wavelet-LLL","glrlm","RunVariance","0.6695007923414564"
"wavelet-LLL","glrlm","ShortRunEmphasis","0.8984906932319183"
"wavelet-LLL","glrlm","ShortRunHighGrayLevelEmphasis","207.16000146979246"
"wavelet-LLL","glrlm","ShortRunLowGrayLevelEmphasis","0.007929992257827754"
"wavelet-LLL","glszm","GrayLevelNonUniformity","442.0781881130987"
"wavelet-LLL","glszm","GrayLevelNonUniformityNormalized","0.06377354127424967"
"wavelet-LLL","glszm","GrayLevelVariance","18.47601854167215"
"wavelet-LLL","glszm","HighGrayLevelZoneEmphasis","176.75216387766878"
"wavelet-LLL","glszm","LargeAreaEmphasis","472.22158107328335"
"wavelet-LLL","glszm","LargeAreaHighGrayLevelEmphasis","185218.74451817657"
"wavelet-LLL","glszm","LargeAreaLowGrayLevelEmphasis","1.2452527618983338"
"wavelet-LLL","glszm","LowGrayLevelZoneEmphasis","0.012539548619429918"
"wavelet-LLL","glszm","SizeZoneNonUniformity","2462.9535487593766"
"wavelet-LLL","glszm","SizeZoneNonUniformityNormalized","0.3553020122272615"
"wavelet-LLL","glszm","SmallAreaEmphasis","0.6167942799393579"
"wavelet-LLL","glszm","SmallAreaHighGrayLevelEmphasis","98.38301513735021"
"wavelet-LLL","glszm","SmallAreaLowGrayLevelEmphasis","0.008993536830822763"
"wavelet-LLL","glszm","ZoneEntropy","6.252900212741221"
"wavelet-LLL","glszm","ZonePercentage","0.2963406292749658"
"wavelet-LLL","glszm","ZoneVariance","460.83436392568274"
"wavelet-LLL","ngtdm","Busyness","6.375888813717799"
"wavelet-LLL","ngtdm","Coarseness","0.0003534472286753135"
"wavelet-LLL","ngtdm","Complexity","396.80586939145144"
"wavelet-LLL","ngtdm","Contrast","0.1398982553883915"
"wavelet-LLL","ngtdm","Strength","0.08457628738841454"
