"Image type","Feature Class","Feature Name","Segmentation_3_segment_Segment_1"
"diagnostics","Versions","PyRadiomics","v3.0.1.post4+gad5b2de"
"diagnostics","Versions","Numpy","1.19.2"
"diagnostics","Versions","SimpleITK","2.0.2"
"diagnostics","Versions","PyWavelet","1.1.1"
"diagnostics","Versions","Python","3.6.7"
"diagnostics","Configuration","Settings","{'minimumROIDimensions': 2, 'minimumROISize': None, 'normalize': False, 'normalizeScale': 1, 'removeOutliers': None, 'resampledPixelSpacing': None, 'interpolator': 'sitkBSpline', 'preCrop': False, 'padDistance': 5, 'distances': [1], 'force2D': False, 'force2Ddimension': 0, 'resegmentRange': None, 'label': 1, 'additionalInfo': True, 'binWidth': 25.0, 'symmetricalGLCM': True, 'correctMask': True}"
"diagnostics","Configuration","EnabledImageTypes","{'Original': {}, 'Wavelet': {}}"
"diagnostics","Image-original","Hash","2fff04ed46af508c4e64e8a4fe4de934b9e8ad0f"
"diagnostics","Image-original","Dimensionality","3D"
"diagnostics","Image-original","Spacing","(0.68359375, 0.68359375, 2.0)"
"diagnostics","Image-original","Size","(512, 512, 148)"
"diagnostics","Image-original","Mean","-980.4287829527984"
"diagnostics","Image-original","Minimum","-1024.0"
"diagnostics","Image-original","Maximum","-769.0"
"diagnostics","Mask-original","Hash","72702ae46a8f9a38cf3e7363c33e83dd06c6bd1c"
"diagnostics","Mask-original","Spacing","(0.68359375, 0.68359375, 2.0)"
"diagnostics","Mask-original","Size","(512, 512, 148)"
"diagnostics","Mask-original","BoundingBox","(109, 246, 36, 283, 119, 86)"
"diagnostics","Mask-original","VoxelNum","53658"
"diagnostics","Mask-original","VolumeNum","3"
"diagnostics","Mask-original","CenterOfMassIndex","(247.70174065377017, 307.9319765924932, 81.86576093033658)"
"diagnostics","Mask-original","CenterOfMass","(-43.098206224961814, 35.84217162377465, -238.55070513932688)"
"original","shape","Elongation","0.1287246323278919"
"original","shape","Flatness","0.12485530544931417"
"original","shape","LeastAxisLength","46.73771753139189"
"original","shape","MajorAxisLength","374.335054190912"
"original","shape","Maximum2DDiameterColumn","225.83902591226345"
"original","shape","Maximum2DDiameterRow","74.50076191147728"
"original","shape","Maximum2DDiameterSlice","59.50407754726542"
"original","shape","Maximum3DDiameter","250.70523240632255"
"original","shape","MeshVolume","49883.4236462911"
"original","shape","MinorAxisLength","48.18614221816664"
"original","shape","Sphericity","0.33992532003999315"
"original","shape","SurfaceArea","19278.420308552297"
"original","shape","SurfaceVolumeRatio","0.3864694702041702"
"original","shape","VoxelVolume","50148.81134033203"
"original","firstorder","10Percentile","-973.0"
"original","firstorder","90Percentile","-886.0"
"original","firstorder","Energy","45229830921.0"
"original","firstorder","Entropy","2.414128381551591"
"original","firstorder","InterquartileRange","41.0"
"original","firstorder","Kurtosis","4.172043813777623"
"original","firstorder","Maximum","-769.0"
"original","firstorder","MeanAbsoluteDeviation","28.90794866411181"
"original","firstorder","Mean","-917.3337992470833"
"original","firstorder","Median","-905.0"
"original","firstorder","Minimum","-1024.0"
"original","firstorder","Range","255.0"
"original","firstorder","RobustMeanAbsoluteDeviation","18.382109398570194"
"original","firstorder","RootMeanSquared","918.11110740207"
"original","firstorder","Skewness","-0.9210098825645499"
"original","firstorder","TotalEnergy","42271837523.059845"
"original","firstorder","Uniformity","0.2411501245254829"
"original","firstorder","Variance","1426.7062939670786"
"original","glcm","Autocorrelation","26.455687999682198"
"original","glcm","ClusterProminence","167.58568725159648"
"original","glcm","ClusterShade","-12.398633278505043"
"original","glcm","ClusterTendency","6.408191508450755"
"original","glcm","Contrast","1.5516476786531612"
"original","glcm","Correlation","0.6046168318690458"
"original","glcm","DifferenceAverage","0.7640396472549283"
"original","glcm","DifferenceEntropy","1.669444458519069"
"original","glcm","DifferenceVariance","0.9362780354394"
"original","glcm","Id","0.711775933802386"
"original","glcm","Idm","0.6897800414568523"
"original","glcm","Idmn","0.9880984410077095"
"original","glcm","Idn","0.9408776830395108"
"original","glcm","Imc1","-0.19490140704686845"
"original","glcm","Imc2","0.7337733485868055"
"original","glcm","InverseVariance","0.3804177979522801"
"original","glcm","JointAverage","5.02385717458011"
"original","glcm","JointEnergy","0.1162311472269454"
"original","glcm","JointEntropy","4.166104169115256"
"original","glcm","MCC","0.6354263391391919"
"original","glcm","MaximumProbability","0.2715919186520856"
"original","glcm","SumAverage","10.04771434916022"
"original","glcm","SumEntropy","3.1014506816330174"
"original","glcm","SumSquares","1.9899597967759795"
"original","gldm","DependenceEntropy","6.635438356955822"
"original","gldm","DependenceNonUniformity","2298.678631331768"
"original","gldm","DependenceNonUniformityNormalized","0.04283943925103"
"original","gldm","DependenceVariance","50.95531581737701"
"original","gldm","GrayLevelNonUniformity","12939.633381788364"
"original","gldm","GrayLevelVariance","2.31203707694422"
"original","gldm","HighGrayLevelEmphasis","25.914271869991428"
"original","gldm","LargeDependenceEmphasis","189.07234708710723"
"original","gldm","LargeDependenceHighGrayLevelEmphasis","5995.420142383242"
"original","gldm","LargeDependenceLowGrayLevelEmphasis","8.368194359478698"
"original","gldm","LowGrayLevelEmphasis","0.09834008071334294"
"original","gldm","SmallDependenceEmphasis","0.045473759600319574"
"original","gldm","SmallDependenceHighGrayLevelEmphasis","0.762692274678926"
"original","gldm","SmallDependenceLowGrayLevelEmphasis","0.009352174040594666"
"original","glrlm","GrayLevelNonUniformity","5999.819963312109"
"original","glrlm","GrayLevelNonUniformityNormalized","0.18983652244747073"
"original","glrlm","GrayLevelVariance","2.757383415114804"
"original","glrlm","HighGrayLevelRunEmphasis","23.037669829426424"
"original","glrlm","LongRunEmphasis","6.661521991604221"
"original","glrlm","LongRunHighGrayLevelEmphasis","203.5991506574342"
"original","glrlm","LongRunLowGrayLevelEmphasis","0.3917027260769967"
"original","glrlm","LowGrayLevelRunEmphasis","0.12742457781850272"
"original","glrlm","RunEntropy","4.134632585027826"
"original","glrlm","RunLengthNonUniformity","16372.24888990314"
"original","glrlm","RunLengthNonUniformityNormalized","0.5025715707785646"
"original","glrlm","RunPercentage","0.586449221135568"
"original","glrlm","RunVariance","3.3684564923355516"
"original","glrlm","ShortRunEmphasis","0.7301815517767901"
"original","glrlm","ShortRunHighGrayLevelEmphasis","15.685691984613898"
"original","glrlm","ShortRunLowGrayLevelEmphasis","0.10640409296611208"
"original","glszm","GrayLevelNonUniformity","342.46789883268485"
"original","glszm","GrayLevelNonUniformityNormalized","0.16656998970461323"
"original","glszm","GrayLevelVariance","3.9223682417599055"
"original","glszm","HighGrayLevelZoneEmphasis","15.068093385214008"
"original","glszm","LargeAreaEmphasis","164699.63229571984"
"original","glszm","LargeAreaHighGrayLevelEmphasis","5277514.289883268"
"original","glszm","LargeAreaLowGrayLevelEmphasis","5539.564363930143"
"original","glszm","LowGrayLevelZoneEmphasis","0.2670320565439513"
"original","glszm","SizeZoneNonUniformity","485.18677042801556"
"original","glszm","SizeZoneNonUniformityNormalized","0.23598578328210873"
"original","glszm","SmallAreaEmphasis","0.49743136303073626"
"original","glszm","SmallAreaHighGrayLevelEmphasis","6.804256752975515"
"original","glszm","SmallAreaLowGrayLevelEmphasis","0.1176650803212231"
"original","glszm","ZoneEntropy","5.760818316910512"
"original","glszm","ZonePercentage","0.038316746803831674"
"original","glszm","ZoneVariance","164018.51369343215"
"original","ngtdm","Busyness","76.89168297961325"
"original","ngtdm","Coarseness","0.0001759588702886106"
"original","ngtdm","Complexity","33.90749588396946"
"original","ngtdm","Contrast","0.024636182313832036"
"original","ngtdm","Strength","0.009525490022715612"
"wavelet-LLH","firstorder","10Percentile","-58.1767512566771"
"wavelet-LLH","firstorder","90Percentile","52.259702371844014"
"wavelet-LLH","firstorder","Energy","106603524.15545726"
"wavelet-LLH","firstorder","Entropy","2.799431203138236"
"wavelet-LLH","firstorder","InterquartileRange","37.35810445538986"
"wavelet-LLH","firstorder","Kurtosis","4.836151911570833"
"wavelet-LLH","firstorder","Maximum","216.89841586053566"
"wavelet-LLH","firstorder","MeanAbsoluteDeviation","30.95720269955901"
"wavelet-LLH","firstorder","Mean","-4.178336129786489"
"wavelet-LLH","firstorder","Median","-3.3042814462068915"
"wavelet-LLH","firstorder","Minimum","-295.8262268927152"
"wavelet-LLH","firstorder","Range","512.7246427532509"
"wavelet-LLH","firstorder","RobustMeanAbsoluteDeviation","17.747621659784834"
"wavelet-LLH","firstorder","RootMeanSquared","44.57265875285049"
"wavelet-LLH","firstorder","Skewness","-0.04873305212304204"
"wavelet-LLH","firstorder","TotalEnergy","99631742.1649438"
"wavelet-LLH","firstorder","Uniformity","0.19450994536375385"
"wavelet-LLH","firstorder","Variance","1969.2634154845805"
"wavelet-LLH","glcm","Autocorrelation","151.18869248580492"
"wavelet-LLH","glcm","ClusterProminence","267.16020785978503"
"wavelet-LLH","glcm","ClusterShade","-1.258767947208893"
"wavelet-LLH","glcm","ClusterTendency","6.696523459402611"
"wavelet-LLH","glcm","Contrast","5.0331178917706385"
"wavelet-LLH","glcm","Correlation","0.11834912368070105"
"wavelet-LLH","glcm","DifferenceAverage","1.434282984601625"
"wavelet-LLH","glcm","DifferenceEntropy","2.215422378546347"
"wavelet-LLH","glcm","DifferenceVariance","2.7163568746761015"
"wavelet-LLH","glcm","Id","0.5829410180335759"
"wavelet-LLH","glcm","Idm","0.542093780564959"
"wavelet-LLH","glcm","Idmn","0.9893783615754596"
"wavelet-LLH","glcm","Idn","0.9409340588290006"
"wavelet-LLH","glcm","Imc1","-0.1292399585948399"
"wavelet-LLH","glcm","Imc2","0.607629107928127"
"wavelet-LLH","glcm","InverseVariance","0.4223222129518091"
"wavelet-LLH","glcm","JointAverage","12.278922282295934"
"wavelet-LLH","glcm","JointEnergy","0.06524479200608321"
"wavelet-LLH","glcm","JointEntropy","5.062592031505105"
"wavelet-LLH","glcm","MCC","0.5152104398331574"
"wavelet-LLH","glcm","MaximumProbability","0.15265419780917933"
"wavelet-LLH","glcm","SumAverage","24.55784456459187"
"wavelet-LLH","glcm","SumEntropy","3.2285809585606"
"wavelet-LLH","glcm","SumSquares","2.9324103377933124"
"wavelet-LLH","gldm","DependenceEntropy","6.546382981170208"
"wavelet-LLH","gldm","DependenceNonUniformity","3432.047075925305"
"wavelet-LLH","gldm","DependenceNonUniformityNormalized","0.06396151693923188"
"wavelet-LLH","gldm","DependenceVariance","23.8245558183678"
"wavelet-LLH","gldm","GrayLevelNonUniformity","10437.0146483283"
"wavelet-LLH","gldm","GrayLevelVariance","3.249361500363129"
"wavelet-LLH","gldm","HighGrayLevelEmphasis","155.32783555108279"
"wavelet-LLH","gldm","LargeDependenceEmphasis","88.98553803719855"
"wavelet-LLH","gldm","LargeDependenceHighGrayLevelEmphasis","13499.516549256401"
"wavelet-LLH","gldm","LargeDependenceLowGrayLevelEmphasis","0.6021169710828802"
"wavelet-LLH","gldm","LowGrayLevelEmphasis","0.007138375483598529"
"wavelet-LLH","gldm","SmallDependenceEmphasis","0.0743652595397835"
"wavelet-LLH","gldm","SmallDependenceHighGrayLevelEmphasis","11.999165469695408"
"wavelet-LLH","gldm","SmallDependenceLowGrayLevelEmphasis","0.0006180841532438903"
"wavelet-LLH","glrlm","GrayLevelNonUniformity","6374.353307924602"
"wavelet-LLH","glrlm","GrayLevelNonUniformityNormalized","0.1623061045070573"
"wavelet-LLH","glrlm","GrayLevelVariance","3.9268338634167397"
"wavelet-LLH","glrlm","HighGrayLevelRunEmphasis","156.36647732002086"
"wavelet-LLH","glrlm","LongRunEmphasis","3.1030972759230555"
"wavelet-LLH","glrlm","LongRunHighGrayLevelEmphasis","477.2944908790123"
"wavelet-LLH","glrlm","LongRunLowGrayLevelEmphasis","0.021604172761628078"
"wavelet-LLH","glrlm","LowGrayLevelRunEmphasis","0.007255269382744258"
"wavelet-LLH","glrlm","RunEntropy","4.055247881527731"
"wavelet-LLH","glrlm","RunLengthNonUniformity","24935.723964333236"
"wavelet-LLH","glrlm","RunLengthNonUniformityNormalized","0.6143164691562593"
"wavelet-LLH","glrlm","RunPercentage","0.7279909512381837"
"wavelet-LLH","glrlm","RunVariance","0.9780281850624024"
"wavelet-LLH","glrlm","ShortRunEmphasis","0.8023088609308555"
"wavelet-LLH","glrlm","ShortRunHighGrayLevelEmphasis","126.08270285803268"
"wavelet-LLH","glrlm","ShortRunLowGrayLevelEmphasis","0.005889669251658268"
"wavelet-LLH","glszm","GrayLevelNonUniformity","354.88918345705196"
"wavelet-LLH","glszm","GrayLevelNonUniformityNormalized","0.0940851493788579"
"wavelet-LLH","glszm","GrayLevelVariance","9.604269164204853"
"wavelet-LLH","glszm","HighGrayLevelZoneEmphasis","165.32449628844114"
"wavelet-LLH","glszm","LargeAreaEmphasis","61923.75291622482"
"wavelet-LLH","glszm","LargeAreaHighGrayLevelEmphasis","9390601.281283138"
"wavelet-LLH","glszm","LargeAreaLowGrayLevelEmphasis","411.4904970939498"
"wavelet-LLH","glszm","LowGrayLevelZoneEmphasis","0.008708075151307816"
"wavelet-LLH","glszm","SizeZoneNonUniformity","817.0779427359491"
"wavelet-LLH","glszm","SizeZoneNonUniformityNormalized","0.21661663381122723"
"wavelet-LLH","glszm","SmallAreaEmphasis","0.4684699611818666"
"wavelet-LLH","glszm","SmallAreaHighGrayLevelEmphasis","76.54401741759277"
"wavelet-LLH","glszm","SmallAreaLowGrayLevelEmphasis","0.004401798338301536"
"wavelet-LLH","glszm","ZoneEntropy","6.638770040848774"
"wavelet-LLH","glszm","ZonePercentage","0.07029706660702971"
"wavelet-LLH","glszm","ZoneVariance","61721.39248596289"
"wavelet-LLH","ngtdm","Busyness","18.192784232676164"
"wavelet-LLH","ngtdm","Coarseness","0.00014086190663208534"
"wavelet-LLH","ngtdm","Complexity","228.89464615127918"
"wavelet-LLH","ngtdm","Contrast","0.017406923385374116"
"wavelet-LLH","ngtdm","Strength","0.029007234810899587"
"wavelet-LHL","firstorder","10Percentile","-17.34232287127126"
"wavelet-LHL","firstorder","90Percentile","12.949701269704754"
"wavelet-LHL","firstorder","Energy","10162141.630550735"
"wavelet-LHL","firstorder","Entropy","1.4045748028861533"
"wavelet-LHL","firstorder","InterquartileRange","14.062628061889447"
"wavelet-LHL","firstorder","Kurtosis","6.360253504223636"
"wavelet-LHL","firstorder","Maximum","92.09518852451023"
"wavelet-LHL","firstorder","MeanAbsoluteDeviation","9.772980600321864"
"wavelet-LHL","firstorder","Mean","-1.747861073568419"
"wavelet-LHL","firstorder","Median","-1.193365921394748"
"wavelet-LHL","firstorder","Minimum","-106.18837793931667"
"wavelet-LHL","firstorder","Range","198.2835664638269"
"wavelet-LHL","firstorder","RobustMeanAbsoluteDeviation","5.986012746202479"
"wavelet-LHL","firstorder","RootMeanSquared","13.761804410170166"
"wavelet-LHL","firstorder","Skewness","-0.26909441412767054"
"wavelet-LHL","firstorder","TotalEnergy","9497546.003284188"
"wavelet-LHL","firstorder","Uniformity","0.43456688469547683"
"wavelet-LHL","firstorder","Variance","186.33224229128328"
"wavelet-LHL","glcm","Autocorrelation","29.55237776571355"
"wavelet-LHL","glcm","ClusterProminence","4.071389628217394"
"wavelet-LHL","glcm","ClusterShade","-0.1588706836122747"
"wavelet-LHL","glcm","ClusterTendency","0.9625751912827429"
"wavelet-LHL","glcm","Contrast","0.6027928032061602"
"wavelet-LHL","glcm","Correlation","0.22837477856251104"
"wavelet-LHL","glcm","DifferenceAverage","0.5152561961271211"
"wavelet-LHL","glcm","DifferenceEntropy","1.1615292800597237"
"wavelet-LHL","glcm","DifferenceVariance","0.3250130314654545"
"wavelet-LHL","glcm","Id","0.75531589795688"
"wavelet-LHL","glcm","Idm","0.750954337323279"
"wavelet-LHL","glcm","Idmn","0.9927615851384813"
"wavelet-LHL","glcm","Idn","0.9492372614346122"
"wavelet-LHL","glcm","Imc1","-0.06671481481369061"
"wavelet-LHL","glcm","Imc2","0.3363076001609802"
"wavelet-LHL","glcm","InverseVariance","0.4530058377561902"
"wavelet-LHL","glcm","JointAverage","5.42793011098666"
"wavelet-LHL","glcm","JointEnergy","0.21510898752247176"
"wavelet-LHL","glcm","JointEntropy","2.6137432795505195"
"wavelet-LHL","glcm","MCC","0.3143369872112053"
"wavelet-LHL","glcm","MaximumProbability","0.29165705034307166"
"wavelet-LHL","glcm","SumAverage","10.855860221973318"
"wavelet-LHL","glcm","SumEntropy","1.954540060935669"
"wavelet-LHL","glcm","SumSquares","0.3913419986222258"
"wavelet-LHL","gldm","DependenceEntropy","5.5097598629758835"
"wavelet-LHL","gldm","DependenceNonUniformity","3089.489544895449"
"wavelet-LHL","gldm","DependenceNonUniformityNormalized","0.05757742638367902"
"wavelet-LHL","gldm","DependenceVariance","23.549561320314428"
"wavelet-LHL","gldm","GrayLevelNonUniformity","23317.989898989897"
"wavelet-LHL","gldm","GrayLevelVariance","0.42188466379426925"
"wavelet-LHL","gldm","HighGrayLevelEmphasis","29.869972790636997"
"wavelet-LHL","gldm","LargeDependenceEmphasis","175.71951992247196"
"wavelet-LHL","gldm","LargeDependenceHighGrayLevelEmphasis","5167.455384099296"
"wavelet-LHL","gldm","LargeDependenceLowGrayLevelEmphasis","6.195486068678213"
"wavelet-LHL","gldm","LowGrayLevelEmphasis","0.03567693073308055"
"wavelet-LHL","gldm","SmallDependenceEmphasis","0.023487643272288954"
"wavelet-LHL","gldm","SmallDependenceHighGrayLevelEmphasis","0.7407436280546141"
"wavelet-LHL","gldm","SmallDependenceLowGrayLevelEmphasis","0.000997487462756671"
"wavelet-LHL","glrlm","GrayLevelNonUniformity","12128.307548462353"
"wavelet-LHL","glrlm","GrayLevelNonUniformityNormalized","0.3994492600071732"
"wavelet-LHL","glrlm","GrayLevelVariance","0.5233934348745599"
"wavelet-LHL","glrlm","HighGrayLevelRunEmphasis","30.08432391036753"
"wavelet-LHL","glrlm","LongRunEmphasis","5.520614545492761"
"wavelet-LHL","glrlm","LongRunHighGrayLevelEmphasis","163.28744962979852"
"wavelet-LHL","glrlm","LongRunLowGrayLevelEmphasis","0.1955497532398069"
"wavelet-LHL","glrlm","LowGrayLevelRunEmphasis","0.036068274081889784"
"wavelet-LHL","glrlm","RunEntropy","3.2763168977231993"
"wavelet-LHL","glrlm","RunLengthNonUniformity","12583.764733599091"
"wavelet-LHL","glrlm","RunLengthNonUniformityNormalized","0.40104496550396984"
"wavelet-LHL","glrlm","RunPercentage","0.5640108149333242"
"wavelet-LHL","glrlm","RunVariance","1.840301433383347"
"wavelet-LHL","glrlm","ShortRunEmphasis","0.6378325603211782"
"wavelet-LHL","glrlm","ShortRunHighGrayLevelEmphasis","19.300135458458993"
"wavelet-LHL","glrlm","ShortRunLowGrayLevelEmphasis","0.02331855051899732"
"wavelet-LHL","glszm","GrayLevelNonUniformity","246.198"
"wavelet-LHL","glszm","GrayLevelNonUniformityNormalized","0.246198"
"wavelet-LHL","glszm","GrayLevelVariance","2.6503750000000004"
"wavelet-LHL","glszm","HighGrayLevelZoneEmphasis","32.081"
"wavelet-LHL","glszm","LargeAreaEmphasis","479056.844"
"wavelet-LHL","glszm","LargeAreaHighGrayLevelEmphasis","14233987.823"
"wavelet-LHL","glszm","LargeAreaLowGrayLevelEmphasis","16654.81715463514"
"wavelet-LHL","glszm","LowGrayLevelZoneEmphasis","0.0485297656840514"
"wavelet-LHL","glszm","SizeZoneNonUniformity","207.05"
"wavelet-LHL","glszm","SizeZoneNonUniformityNormalized","0.20705"
"wavelet-LHL","glszm","SmallAreaEmphasis","0.45584685460517077"
"wavelet-LHL","glszm","SmallAreaHighGrayLevelEmphasis","15.204178375099364"
"wavelet-LHL","glszm","SmallAreaLowGrayLevelEmphasis","0.022483605309196603"
"wavelet-LHL","glszm","ZoneEntropy","5.316965107901816"
"wavelet-LHL","glszm","ZonePercentage","0.018636550001863653"
"wavelet-LHL","glszm","ZoneVariance","476177.66303600004"
"wavelet-LHL","ngtdm","Busyness","132.01767889874478"
"wavelet-LHL","ngtdm","Coarseness","0.00010395324989318294"
"wavelet-LHL","ngtdm","Complexity","17.831856014312073"
"wavelet-LHL","ngtdm","Contrast","0.005425153311515645"
"wavelet-LHL","ngtdm","Strength","0.005268467678567245"
"wavelet-LHH","firstorder","10Percentile","-11.044709986887925"
"wavelet-LHH","firstorder","90Percentile","10.98297674332754"
"wavelet-LHH","firstorder","Energy","5256078.05961786"
"wavelet-LHH","firstorder","Entropy","1.1891062464774054"
"wavelet-LHH","firstorder","InterquartileRange","10.536355853886326"
"wavelet-LHH","firstorder","Kurtosis","6.204756241584868"
"wavelet-LHH","firstorder","Maximum","62.557379241358916"
"wavelet-LHH","firstorder","MeanAbsoluteDeviation","7.151991498695746"
"wavelet-LHH","firstorder","Mean","-0.08293692966340879"
"wavelet-LHH","firstorder","Median","-0.07549383761038315"
"wavelet-LHH","firstorder","Minimum","-73.54804995705258"
"wavelet-LHH","firstorder","Range","136.1054291984115"
"wavelet-LHH","firstorder","RobustMeanAbsoluteDeviation","4.45528665683077"
"wavelet-LHH","firstorder","RootMeanSquared","9.89722999489083"
"wavelet-LHH","firstorder","Skewness","-0.1121282857539898"
"wavelet-LHH","firstorder","TotalEnergy","4912334.917474273"
"wavelet-LHH","firstorder","Uniformity","0.47303530588360754"
"wavelet-LHH","firstorder","Variance","97.94828303746476"
"wavelet-LHH","glcm","Autocorrelation","12.24364906603379"
"wavelet-LHH","glcm","ClusterProminence","1.0478216725294813"
"wavelet-LHH","glcm","ClusterShade","-0.0019482693474677034"
"wavelet-LHH","glcm","ClusterTendency","0.5943164736809404"
"wavelet-LHH","glcm","Contrast","0.5998929298766278"
"wavelet-LHH","glcm","Correlation","-0.006535946914334652"
"wavelet-LHH","glcm","DifferenceAverage","0.5455040564447504"
"wavelet-LHH","glcm","DifferenceEntropy","1.1127649564948043"
"wavelet-LHH","glcm","DifferenceVariance","0.29100913529516437"
"wavelet-LHH","glcm","Id","0.7356465833830728"
"wavelet-LHH","glcm","Idm","0.7326501794656901"
"wavelet-LHH","glcm","Idmn","0.984061777238828"
"wavelet-LHH","glcm","Idn","0.923009070785387"
"wavelet-LHH","glcm","Imc1","-0.036071675501216635"
"wavelet-LHH","glcm","Imc2","0.19534347697874127"
"wavelet-LHH","glcm","InverseVariance","0.5039485507842364"
"wavelet-LHH","glcm","JointAverage","3.4992900628214083"
"wavelet-LHH","glcm","JointEnergy","0.23872764223086676"
"wavelet-LHH","glcm","JointEntropy","2.280144624878721"
"wavelet-LHH","glcm","MCC","0.19014257846536425"
"wavelet-LHH","glcm","MaximumProbability","0.26746069802647454"
"wavelet-LHH","glcm","SumAverage","6.998580125642817"
"wavelet-LHH","glcm","SumEntropy","1.6242430339590992"
"wavelet-LHH","glcm","SumSquares","0.29855235088939214"
"wavelet-LHH","gldm","DependenceEntropy","4.965182079519392"
"wavelet-LHH","gldm","DependenceNonUniformity","4170.50109955645"
"wavelet-LHH","gldm","DependenceNonUniformityNormalized","0.07772375227471114"
"wavelet-LHH","gldm","DependenceVariance","14.143575838118107"
"wavelet-LHH","gldm","GrayLevelNonUniformity","25382.128443102614"
"wavelet-LHH","gldm","GrayLevelVariance","0.30968979864372287"
"wavelet-LHH","gldm","HighGrayLevelEmphasis","12.527097543702709"
"wavelet-LHH","gldm","LargeDependenceEmphasis","145.94431398859444"
"wavelet-LHH","gldm","LargeDependenceHighGrayLevelEmphasis","1821.2979425248798"
"wavelet-LHH","gldm","LargeDependenceLowGrayLevelEmphasis","12.708718690595997"
"wavelet-LHH","gldm","LowGrayLevelEmphasis","0.0892405657642435"
"wavelet-LHH","gldm","SmallDependenceEmphasis","0.021396724371117146"
"wavelet-LHH","gldm","SmallDependenceHighGrayLevelEmphasis","0.28069027866006935"
"wavelet-LHH","gldm","SmallDependenceLowGrayLevelEmphasis","0.002746031976422492"
"wavelet-LHH","glrlm","GrayLevelNonUniformity","14676.381562643803"
"wavelet-LHH","glrlm","GrayLevelNonUniformityNormalized","0.4571959601941093"
"wavelet-LHH","glrlm","GrayLevelVariance","0.34672438433075414"
"wavelet-LHH","glrlm","HighGrayLevelRunEmphasis","12.559529326544691"
"wavelet-LHH","glrlm","LongRunEmphasis","5.129887719474221"
"wavelet-LHH","glrlm","LongRunHighGrayLevelEmphasis","64.13578752932641"
"wavelet-LHH","glrlm","LongRunLowGrayLevelEmphasis","0.45090865149256676"
"wavelet-LHH","glrlm","LowGrayLevelRunEmphasis","0.0906748638167897"
"wavelet-LHH","glrlm","RunEntropy","2.890027272383866"
"wavelet-LHH","glrlm","RunLengthNonUniformity","14468.362607970883"
"wavelet-LHH","glrlm","RunLengthNonUniformityNormalized","0.4326503640325959"
"wavelet-LHH","glrlm","RunPercentage","0.5969057592673829"
"wavelet-LHH","glrlm","RunVariance","1.6122193021368996"
"wavelet-LHH","glrlm","ShortRunEmphasis","0.6591757533551802"
"wavelet-LHH","glrlm","ShortRunHighGrayLevelEmphasis","8.300630565641367"
"wavelet-LHH","glrlm","ShortRunLowGrayLevelEmphasis","0.06084377278956015"
"wavelet-LHH","glszm","GrayLevelNonUniformity","257.0280898876405"
"wavelet-LHH","glszm","GrayLevelNonUniformityNormalized","0.3609945082691579"
"wavelet-LHH","glszm","GrayLevelVariance","2.210800403989395"
"wavelet-LHH","glszm","HighGrayLevelZoneEmphasis","13.648876404494382"
"wavelet-LHH","glszm","LargeAreaEmphasis","732401.8539325843"
"wavelet-LHH","glszm","LargeAreaHighGrayLevelEmphasis","9119132.175561797"
"wavelet-LHH","glszm","LargeAreaLowGrayLevelEmphasis","63826.56659995318"
"wavelet-LHH","glszm","LowGrayLevelZoneEmphasis","0.17322214419475657"
"wavelet-LHH","glszm","SizeZoneNonUniformity","212.67977528089887"
"wavelet-LHH","glszm","SizeZoneNonUniformityNormalized","0.29870754955182427"
"wavelet-LHH","glszm","SmallAreaEmphasis","0.5520838715469776"
"wavelet-LHH","glszm","SmallAreaHighGrayLevelEmphasis","7.510452172069504"
"wavelet-LHH","glszm","SmallAreaLowGrayLevelEmphasis","0.09893136822129124"
"wavelet-LHH","glszm","ZoneEntropy","4.005967236030372"
"wavelet-LHH","glszm","ZonePercentage","0.013269223601326922"
"wavelet-LHH","glszm","ZoneVariance","726722.3686955562"
"wavelet-LHH","ngtdm","Busyness","445.83246794827227"
"wavelet-LHH","ngtdm","Coarseness","7.959004017888342e-05"
"wavelet-LHH","ngtdm","Complexity","8.600833048882148"
"wavelet-LHH","ngtdm","Contrast","0.01077453901691557"
"wavelet-LHH","ngtdm","Strength","0.0013826077225216748"
"wavelet-HLL","firstorder","10Percentile","-15.587902665586654"
"wavelet-HLL","firstorder","90Percentile","11.762185404459139"
"wavelet-HLL","firstorder","Energy","9976508.698736794"
"wavelet-HLL","firstorder","Entropy","1.4191771391975123"
"wavelet-HLL","firstorder","InterquartileRange","10.981240274074878"
"wavelet-HLL","firstorder","Kurtosis","8.349928395105591"
"wavelet-HLL","firstorder","Maximum","110.13568498460288"
"wavelet-HLL","firstorder","MeanAbsoluteDeviation","8.928325955870044"
"wavelet-HLL","firstorder","Mean","-1.3057189490219967"
"wavelet-HLL","firstorder","Median","-1.004745773152286"
"wavelet-HLL","firstorder","Minimum","-106.44963853884792"
"wavelet-HLL","firstorder","Range","216.5853235234508"
"wavelet-HLL","firstorder","RobustMeanAbsoluteDeviation","4.853124659366751"
"wavelet-HLL","firstorder","RootMeanSquared","13.635530910383943"
"wavelet-HLL","firstorder","Skewness","0.10722883048902865"
"wavelet-HLL","firstorder","TotalEnergy","9324053.311121043"
"wavelet-HLL","firstorder","Uniformity","0.4353328462753756"
"wavelet-HLL","firstorder","Variance","184.2228012342009"
"wavelet-HLL","glcm","Autocorrelation","29.61488948658465"
"wavelet-HLL","glcm","ClusterProminence","5.419725880509501"
"wavelet-HLL","glcm","ClusterShade","0.08076117256834843"
"wavelet-HLL","glcm","ClusterTendency","1.0242132565270288"
"wavelet-HLL","glcm","Contrast","0.6268335321753303"
"wavelet-HLL","glcm","Correlation","0.23892406958567167"
"wavelet-HLL","glcm","DifferenceAverage","0.5128347723682221"
"wavelet-HLL","glcm","DifferenceEntropy","1.1863765890610867"
"wavelet-HLL","glcm","DifferenceVariance","0.35433308371257666"
"wavelet-HLL","glcm","Id","0.7591357447429359"
"wavelet-HLL","glcm","Idm","0.7544585829606311"
"wavelet-HLL","glcm","Idmn","0.9939190598327856"
"wavelet-HLL","glcm","Idn","0.9541862032304391"
"wavelet-HLL","glcm","Imc1","-0.0691275261306339"
"wavelet-HLL","glcm","Imc2","0.3612851506953963"
"wavelet-HLL","glcm","InverseVariance","0.4419908641517234"
"wavelet-HLL","glcm","JointAverage","5.432820972083153"
"wavelet-HLL","glcm","JointEnergy","0.21518357736140217"
"wavelet-HLL","glcm","JointEntropy","2.6495764791559946"
"wavelet-HLL","glcm","MCC","0.3473072798444337"
"wavelet-HLL","glcm","MaximumProbability","0.306273170468029"
"wavelet-HLL","glcm","SumAverage","10.865641944166308"
"wavelet-HLL","glcm","SumEntropy","1.9874504395799955"
"wavelet-HLL","glcm","SumSquares","0.4127616971755898"
"wavelet-HLL","gldm","DependenceEntropy","5.538595069723897"
"wavelet-HLL","gldm","DependenceNonUniformity","3001.152335159715"
"wavelet-HLL","gldm","DependenceNonUniformityNormalized","0.055931125557413905"
"wavelet-HLL","gldm","DependenceVariance","24.672691716226556"
"wavelet-HLL","gldm","GrayLevelNonUniformity","23359.089865444108"
"wavelet-HLL","gldm","GrayLevelVariance","0.4401344329671666"
"wavelet-HLL","gldm","HighGrayLevelEmphasis","30.022680681352266"
"wavelet-HLL","gldm","LargeDependenceEmphasis","181.90871817809088"
"wavelet-HLL","gldm","LargeDependenceHighGrayLevelEmphasis","5310.645849640315"
"wavelet-HLL","gldm","LargeDependenceLowGrayLevelEmphasis","6.456992713067863"
"wavelet-HLL","gldm","LowGrayLevelEmphasis","0.03550044015408431"
"wavelet-HLL","gldm","SmallDependenceEmphasis","0.022527790362375212"
"wavelet-HLL","gldm","SmallDependenceHighGrayLevelEmphasis","0.7439057759646485"
"wavelet-HLL","gldm","SmallDependenceLowGrayLevelEmphasis","0.0008903999259519773"
"wavelet-HLL","glrlm","GrayLevelNonUniformity","11887.493889303683"
"wavelet-HLL","glrlm","GrayLevelNonUniformityNormalized","0.39741193622563825"
"wavelet-HLL","glrlm","GrayLevelVariance","0.5548947864399949"
"wavelet-HLL","glrlm","HighGrayLevelRunEmphasis","30.45574826770068"
"wavelet-HLL","glrlm","LongRunEmphasis","5.455323419619631"
"wavelet-HLL","glrlm","LongRunHighGrayLevelEmphasis","160.82583114190308"
"wavelet-HLL","glrlm","LongRunLowGrayLevelEmphasis","0.19385774746178824"
"wavelet-HLL","glrlm","LowGrayLevelRunEmphasis","0.03564269874145401"
"wavelet-HLL","glrlm","RunEntropy","3.3246764679748817"
"wavelet-HLL","glrlm","RunLengthNonUniformity","12174.727302430705"
"wavelet-HLL","glrlm","RunLengthNonUniformityNormalized","0.39521674557241815"
"wavelet-HLL","glrlm","RunPercentage","0.556177729609464"
"wavelet-HLL","glrlm","RunVariance","1.803836749557043"
"wavelet-HLL","glrlm","ShortRunEmphasis","0.6330371383957544"
"wavelet-HLL","glrlm","ShortRunHighGrayLevelEmphasis","19.518210404147133"
"wavelet-HLL","glrlm","ShortRunLowGrayLevelEmphasis","0.022729207844864506"
"wavelet-HLL","glszm","GrayLevelNonUniformity","222.261186264308"
"wavelet-HLL","glszm","GrayLevelNonUniformityNormalized","0.23128115115952966"
"wavelet-HLL","glszm","GrayLevelVariance","2.8105413953770406"
"wavelet-HLL","glszm","HighGrayLevelZoneEmphasis","33.884495317377734"
"wavelet-HLL","glszm","LargeAreaEmphasis","495007.66909469303"
"wavelet-HLL","glszm","LargeAreaHighGrayLevelEmphasis","14575708.972944848"
"wavelet-HLL","glszm","LargeAreaLowGrayLevelEmphasis","17356.97203763382"
"wavelet-HLL","glszm","LowGrayLevelZoneEmphasis","0.04473253956455978"
"wavelet-HLL","glszm","SizeZoneNonUniformity","186.72320499479707"
"wavelet-HLL","glszm","SizeZoneNonUniformityNormalized","0.19430094172195325"
"wavelet-HLL","glszm","SmallAreaEmphasis","0.4343169850555742"
"wavelet-HLL","glszm","SmallAreaHighGrayLevelEmphasis","15.579443390925913"
"wavelet-HLL","glszm","SmallAreaLowGrayLevelEmphasis","0.01902143091737872"
"wavelet-HLL","glszm","ZoneEntropy","5.43962011516254"
"wavelet-HLL","glszm","ZonePercentage","0.017909724551790972"
"wavelet-HLL","glszm","ZoneVariance","491890.05621528905"
"wavelet-HLL","ngtdm","Busyness","111.50009321696007"
"wavelet-HLL","ngtdm","Coarseness","0.0001072533166019612"
"wavelet-HLL","ngtdm","Complexity","21.55963977103446"
"wavelet-HLL","ngtdm","Contrast","0.004458468829983909"
"wavelet-HLL","ngtdm","Strength","0.007108780819137053"
"wavelet-HLH","firstorder","10Percentile","-9.429836609173037"
"wavelet-HLH","firstorder","90Percentile","9.95556688921741"
"wavelet-HLH","firstorder","Energy","4700246.323566799"
"wavelet-HLH","firstorder","Entropy","1.1891744501830273"
"wavelet-HLH","firstorder","InterquartileRange","8.189312541577497"
"wavelet-HLH","firstorder","Kurtosis","7.578634666417031"
"wavelet-HLH","firstorder","Maximum","75.12444255754103"
"wavelet-HLH","firstorder","MeanAbsoluteDeviation","6.328073524303565"
"wavelet-HLH","firstorder","Mean","0.026844420404247588"
"wavelet-HLH","firstorder","Median","-0.03849006810024738"
"wavelet-HLH","firstorder","Minimum","-79.35236102580802"
"wavelet-HLH","firstorder","Range","154.47680358334907"
"wavelet-HLH","firstorder","RobustMeanAbsoluteDeviation","3.566607393090822"
"wavelet-HLH","firstorder","RootMeanSquared","9.359293543330526"
"wavelet-HLH","firstorder","Skewness","-0.07613990985242666"
"wavelet-HLH","firstorder","TotalEnergy","4392854.1155771855"
"wavelet-HLH","firstorder","Uniformity","0.4729175258606635"
"wavelet-HLH","firstorder","Variance","87.59565500732162"
"wavelet-HLH","glcm","Autocorrelation","20.21447894340233"
"wavelet-HLH","glcm","ClusterProminence","1.074992199707009"
"wavelet-HLH","glcm","ClusterShade","-0.0021758124680930735"
"wavelet-HLH","glcm","ClusterTendency","0.6032096899153062"
"wavelet-HLH","glcm","Contrast","0.6017760881257279"
"wavelet-HLH","glcm","Correlation","-0.00019186924144796042"
"wavelet-HLH","glcm","DifferenceAverage","0.5435575067092177"
"wavelet-HLH","glcm","DifferenceEntropy","1.124214876984672"
"wavelet-HLH","glcm","DifferenceVariance","0.29674199541231294"
"wavelet-HLH","glcm","Id","0.7371574111244529"
"wavelet-HLH","glcm","Idm","0.7340012825154687"
"wavelet-HLH","glcm","Idmn","0.9908447782498436"
"wavelet-HLH","glcm","Idn","0.9402321367473968"
"wavelet-HLH","glcm","Imc1","-0.03223074425314683"
"wavelet-HLH","glcm","Imc2","0.19767519219635116"
"wavelet-HLH","glcm","InverseVariance","0.4995660921050638"
"wavelet-HLH","glcm","JointAverage","4.496009440963396"
"wavelet-HLH","glcm","JointEnergy","0.23621031573703993"
"wavelet-HLH","glcm","JointEntropy","2.2989366814148173"
"wavelet-HLH","glcm","MCC","0.18270194225272152"
"wavelet-HLH","glcm","MaximumProbability","0.2672587125315629"
"wavelet-HLH","glcm","SumAverage","8.992018881926793"
"wavelet-HLH","glcm","SumEntropy","1.6394281716016894"
"wavelet-HLH","glcm","SumSquares","0.30124644451025845"
"wavelet-HLH","gldm","DependenceEntropy","4.995678226373455"
"wavelet-HLH","gldm","DependenceNonUniformity","4096.390920272839"
"wavelet-HLH","gldm","DependenceNonUniformityNormalized","0.07634259421284503"
"wavelet-HLH","gldm","DependenceVariance","14.47052156322884"
"wavelet-HLH","gldm","GrayLevelNonUniformity","25375.80860263148"
"wavelet-HLH","gldm","GrayLevelVariance","0.30938837542272657"
"wavelet-HLH","gldm","HighGrayLevelEmphasis","20.514461962801445"
"wavelet-HLH","gldm","LargeDependenceEmphasis","148.26079988072607"
"wavelet-HLH","gldm","LargeDependenceHighGrayLevelEmphasis","3028.740933318424"
"wavelet-HLH","gldm","LargeDependenceLowGrayLevelEmphasis","7.631383274179191"
"wavelet-HLH","gldm","LowGrayLevelEmphasis","0.05196429081186813"
"wavelet-HLH","gldm","SmallDependenceEmphasis","0.02015351516195917"
"wavelet-HLH","gldm","SmallDependenceHighGrayLevelEmphasis","0.4211197931481666"
"wavelet-HLH","gldm","SmallDependenceLowGrayLevelEmphasis","0.0012678373977694833"
"wavelet-HLH","glrlm","GrayLevelNonUniformity","14593.534486766937"
"wavelet-HLH","glrlm","GrayLevelNonUniformityNormalized","0.4573379963364896"
"wavelet-HLH","glrlm","GrayLevelVariance","0.3456258215655995"
"wavelet-HLH","glrlm","HighGrayLevelRunEmphasis","20.551694664341976"
"wavelet-HLH","glrlm","LongRunEmphasis","4.9212789956082625"
"wavelet-HLH","glrlm","LongRunHighGrayLevelEmphasis","100.65741033005689"
"wavelet-HLH","glrlm","LongRunLowGrayLevelEmphasis","0.25442192079648024"
"wavelet-HLH","glrlm","LowGrayLevelRunEmphasis","0.05233558244691386"
"wavelet-HLH","glrlm","RunEntropy","2.8986768318289484"
"wavelet-HLH","glrlm","RunLengthNonUniformity","14292.02096723422"
"wavelet-HLH","glrlm","RunLengthNonUniformityNormalized","0.43039200002382133"
"wavelet-HLH","glrlm","RunPercentage","0.5935855862055124"
"wavelet-HLH","glrlm","RunVariance","1.5050930470155743"
"wavelet-HLH","glrlm","ShortRunEmphasis","0.6568399773861819"
"wavelet-HLH","glrlm","ShortRunHighGrayLevelEmphasis","13.519490825110797"
"wavelet-HLH","glrlm","ShortRunLowGrayLevelEmphasis","0.03467001508317055"
"wavelet-HLH","glszm","GrayLevelNonUniformity","218.56398104265404"
"wavelet-HLH","glszm","GrayLevelNonUniformityNormalized","0.34528275046232865"
"wavelet-HLH","glszm","GrayLevelVariance","2.21118124031356"
"wavelet-HLH","glszm","HighGrayLevelZoneEmphasis","21.554502369668246"
"wavelet-HLH","glszm","LargeAreaEmphasis","820262.2148499211"
"wavelet-HLH","glszm","LargeAreaHighGrayLevelEmphasis","16760900.40600316"
"wavelet-HLH","glszm","LargeAreaLowGrayLevelEmphasis","42174.980901935945"
"wavelet-HLH","glszm","LowGrayLevelZoneEmphasis","0.07514101809760239"
"wavelet-HLH","glszm","SizeZoneNonUniformity","175.7172195892575"
"wavelet-HLH","glszm","SizeZoneNonUniformityNormalized","0.27759434374290287"
"wavelet-HLH","glszm","SmallAreaEmphasis","0.5325838435337599"
"wavelet-HLH","glszm","SmallAreaHighGrayLevelEmphasis","11.377845586080378"
"wavelet-HLH","glszm","SmallAreaLowGrayLevelEmphasis","0.042068037373653853"
"wavelet-HLH","glszm","ZoneEntropy","4.27968782318838"
"wavelet-HLH","glszm","ZonePercentage","0.011796936151179693"
"wavelet-HLH","glszm","ZoneVariance","813076.6395933005"
"wavelet-HLH","ngtdm","Busyness","230.507359936025"
"wavelet-HLH","ngtdm","Coarseness","8.042995839522874e-05"
"wavelet-HLH","ngtdm","Complexity","15.759601768273237"
"wavelet-HLH","ngtdm","Contrast","0.005714402635468795"
"wavelet-HLH","ngtdm","Strength","0.0032054542899323125"
"wavelet-HHL","firstorder","10Percentile","-4.366064727552379"
"wavelet-HHL","firstorder","90Percentile","4.678850229015028"
"wavelet-HHL","firstorder","Energy","1096882.1373190929"
"wavelet-HHL","firstorder","Entropy","1.0214940429104833"
"wavelet-HHL","firstorder","InterquartileRange","4.216262992687861"
"wavelet-HHL","firstorder","Kurtosis","12.380342758403142"
"wavelet-HHL","firstorder","Maximum","50.39058548527668"
"wavelet-HHL","firstorder","MeanAbsoluteDeviation","3.042243537907494"
"wavelet-HHL","firstorder","Mean","0.06485226839963583"
"wavelet-HHL","firstorder","Median","0.0412405869431552"
"wavelet-HHL","firstorder","Minimum","-55.62378204816434"
"wavelet-HHL","firstorder","Range","106.01436753344102"
"wavelet-HHL","firstorder","RobustMeanAbsoluteDeviation","1.7915746992942203"
"wavelet-HHL","firstorder","RootMeanSquared","4.5212939296509305"
"wavelet-HHL","firstorder","Skewness","-0.2055535104331111"
"wavelet-HHL","firstorder","TotalEnergy","1025146.9560362921"
"wavelet-HHL","firstorder","Uniformity","0.4980208760507767"
"wavelet-HHL","firstorder","Variance","20.437892981581772"
"wavelet-HHL","glcm","Autocorrelation","12.279220833985281"
"wavelet-HHL","glcm","ClusterProminence","0.5578604473312303"
"wavelet-HHL","glcm","ClusterShade","-0.00295040082103611"
"wavelet-HHL","glcm","ClusterTendency","0.5263282503466727"
"wavelet-HHL","glcm","Contrast","0.4875557899564713"
"wavelet-HHL","glcm","Correlation","0.038246635935588996"
"wavelet-HHL","glcm","DifferenceAverage","0.4835737869166795"
"wavelet-HHL","glcm","DifferenceEntropy","1.0066151485629284"
"wavelet-HHL","glcm","DifferenceVariance","0.2507344482303443"
"wavelet-HHL","glcm","Id","0.7588268400067342"
"wavelet-HHL","glcm","Idm","0.7586077025241701"
"wavelet-HHL","glcm","Idmn","0.9868431472495635"
"wavelet-HHL","glcm","Idn","0.9309866345550524"
"wavelet-HHL","glcm","Imc1","-0.011747914680701953"
"wavelet-HHL","glcm","Imc2","0.09339227505665135"
"wavelet-HHL","glcm","InverseVariance","0.4805358459038537"
"wavelet-HHL","glcm","JointAverage","3.5027883790967005"
"wavelet-HHL","glcm","JointEnergy","0.2518187768187243"
"wavelet-HHL","glcm","JointEntropy","2.0235827135565003"
"wavelet-HHL","glcm","MCC","0.2169109524432569"
"wavelet-HHL","glcm","MaximumProbability","0.26285354487833346"
"wavelet-HHL","glcm","SumAverage","7.005576758193403"
"wavelet-HHL","glcm","SumEntropy","1.5259658528307514"
"wavelet-HHL","glcm","SumSquares","0.25347101007578604"
"wavelet-HHL","gldm","DependenceEntropy","4.879084786028731"
"wavelet-HHL","gldm","DependenceNonUniformity","4249.761936710276"
"wavelet-HHL","gldm","DependenceNonUniformityNormalized","0.07920090082951799"
"wavelet-HHL","gldm","DependenceVariance","13.17703674148076"
"wavelet-HHL","gldm","GrayLevelNonUniformity","26722.80416713258"
"wavelet-HHL","gldm","GrayLevelVariance","0.2542960592455487"
"wavelet-HHL","gldm","HighGrayLevelEmphasis","12.541112229304112"
"wavelet-HHL","gldm","LargeDependenceEmphasis","162.25923441052592"
"wavelet-HHL","gldm","LargeDependenceHighGrayLevelEmphasis","2033.7606135152262"
"wavelet-HHL","gldm","LargeDependenceLowGrayLevelEmphasis","14.047757857376556"
"wavelet-HHL","gldm","LowGrayLevelEmphasis","0.08670696302922624"
"wavelet-HHL","gldm","SmallDependenceEmphasis","0.01261156077886928"
"wavelet-HHL","gldm","SmallDependenceHighGrayLevelEmphasis","0.1560038625461971"
"wavelet-HHL","gldm","SmallDependenceLowGrayLevelEmphasis","0.0012094946752957466"
"wavelet-HHL","glrlm","GrayLevelNonUniformity","15160.10739222202"
"wavelet-HHL","glrlm","GrayLevelNonUniformityNormalized","0.4966529277255964"
"wavelet-HHL","glrlm","GrayLevelVariance","0.25723441360890087"
"wavelet-HHL","glrlm","HighGrayLevelRunEmphasis","12.540502180208854"
"wavelet-HHL","glrlm","LongRunEmphasis","4.543476427760619"
"wavelet-HHL","glrlm","LongRunHighGrayLevelEmphasis","56.97356083782386"
"wavelet-HHL","glrlm","LongRunLowGrayLevelEmphasis","0.39351065752042963"
"wavelet-HHL","glrlm","LowGrayLevelRunEmphasis","0.08684193232101044"
"wavelet-HHL","glrlm","RunEntropy","2.740426012108699"
"wavelet-HHL","glrlm","RunLengthNonUniformity","12543.339296666458"
"wavelet-HHL","glrlm","RunLengthNonUniformityNormalized","0.4064928771772098"
"wavelet-HHL","glrlm","RunPercentage","0.5688491500299618"
"wavelet-HHL","glrlm","RunVariance","1.3596729817810167"
"wavelet-HHL","glrlm","ShortRunEmphasis","0.6381047771380465"
"wavelet-HHL","glrlm","ShortRunHighGrayLevelEmphasis","7.999330740404275"
"wavelet-HHL","glrlm","ShortRunLowGrayLevelEmphasis","0.055538939866598636"
"wavelet-HHL","glszm","GrayLevelNonUniformity","32.278688524590166"
"wavelet-HHL","glszm","GrayLevelNonUniformityNormalized","0.26457941413598496"
"wavelet-HHL","glszm","GrayLevelVariance","1.2297769416823434"
"wavelet-HHL","glszm","HighGrayLevelZoneEmphasis","11.344262295081966"
"wavelet-HHL","glszm","LargeAreaEmphasis","4500164.213114754"
"wavelet-HHL","glszm","LargeAreaHighGrayLevelEmphasis","56540438.12295082"
"wavelet-HHL","glszm","LargeAreaLowGrayLevelEmphasis","388636.8189663023"
"wavelet-HHL","glszm","LowGrayLevelZoneEmphasis","0.14749544626593808"
"wavelet-HHL","glszm","SizeZoneNonUniformity","47.032786885245905"
"wavelet-HHL","glszm","SizeZoneNonUniformityNormalized","0.38551464660037627"
"wavelet-HHL","glszm","SmallAreaEmphasis","0.6361490448661162"
"wavelet-HHL","glszm","SmallAreaHighGrayLevelEmphasis","7.339623266482697"
"wavelet-HHL","glszm","SmallAreaLowGrayLevelEmphasis","0.10021764181453548"
"wavelet-HHL","glszm","ZoneEntropy","3.827044886769577"
"wavelet-HHL","glszm","ZonePercentage","0.002273659100227366"
"wavelet-HHL","glszm","ZoneVariance","4306722.869121205"
"wavelet-HHL","ngtdm","Busyness","442.4992187047632"
"wavelet-HHL","ngtdm","Coarseness","7.773863457616373e-05"
"wavelet-HHL","ngtdm","Complexity","8.201264273387483"
"wavelet-HHL","ngtdm","Contrast","0.00819883332493051"
"wavelet-HHL","ngtdm","Strength","0.0014663511973337273"
"wavelet-HHH","firstorder","10Percentile","-3.8493164394286072"
"wavelet-HHH","firstorder","90Percentile","3.7064466680728674"
"wavelet-HHH","firstorder","Energy","805143.482446496"
"wavelet-HHH","firstorder","Entropy","1.0064152017779853"
"wavelet-HHH","firstorder","InterquartileRange","3.4180834975589174"
"wavelet-HHH","firstorder","Kurtosis","9.672219552283133"
"wavelet-HHH","firstorder","Maximum","33.97495090112948"
"wavelet-HHH","firstorder","MeanAbsoluteDeviation","2.573518902073854"
"wavelet-HHH","firstorder","Mean","0.011773870628029051"
"wavelet-HHH","firstorder","Median","0.006065980636134415"
"wavelet-HHH","firstorder","Minimum","-32.166156767828774"
"wavelet-HHH","firstorder","Range","66.14110766895826"
"wavelet-HHH","firstorder","RobustMeanAbsoluteDeviation","1.4657308604401575"
"wavelet-HHH","firstorder","RootMeanSquared","3.87364128040901"
"wavelet-HHH","firstorder","Skewness","0.36752040309417083"
"wavelet-HHH","firstorder","TotalEnergy","752487.7670264875"
"wavelet-HHH","firstorder","Uniformity","0.49946168024192306"
"wavelet-HHH","firstorder","Variance","15.00495814525919"
"wavelet-HHH","glcm","Autocorrelation","6.254006187867844"
"wavelet-HHH","glcm","ClusterProminence","0.49665115581136077"
"wavelet-HHH","glcm","ClusterShade","0.0002078960061290175"
"wavelet-HHH","glcm","ClusterTendency","0.49125350557789577"
"wavelet-HHH","glcm","Contrast","0.5122832679186392"
"wavelet-HHH","glcm","Correlation","-0.020958990599732327"
"wavelet-HHH","glcm","DifferenceAverage","0.511328478823713"
"wavelet-HHH","glcm","DifferenceEntropy","0.9994735673909504"
"wavelet-HHH","glcm","DifferenceVariance","0.2489487349328483"
"wavelet-HHH","glcm","Id","0.7444924776436914"
"wavelet-HHH","glcm","Idm","0.744431239497636"
"wavelet-HHH","glcm","Idmn","0.9698831528987188"
"wavelet-HHH","glcm","Idn","0.8977658546001046"
"wavelet-HHH","glcm","Imc1","-0.006091152501177221"
"wavelet-HHH","glcm","Imc2","0.056449622403072025"
"wavelet-HHH","glcm","InverseVariance","0.5105158416015663"
"wavelet-HHH","glcm","JointAverage","2.5018519404416826"
"wavelet-HHH","glcm","JointEnergy","0.2515471534848277"
"wavelet-HHH","glcm","JointEntropy","2.0046531034630837"
"wavelet-HHH","glcm","MCC","0.08869829912025874"
"wavelet-HHH","glcm","MaximumProbability","0.2599745497705147"
"wavelet-HHH","glcm","SumAverage","5.003703880883365"
"wavelet-HHH","glcm","SumEntropy","1.4887615494462598"
"wavelet-HHH","glcm","SumSquares","0.2508841933741338"
"wavelet-HHH","gldm","DependenceEntropy","4.631339265073666"
"wavelet-HHH","gldm","DependenceNonUniformity","5046.374147377837"
"wavelet-HHH","gldm","DependenceNonUniformityNormalized","0.09404700412571913"
"wavelet-HHH","gldm","DependenceVariance","10.000013435765407"
"wavelet-HHH","gldm","GrayLevelNonUniformity","26800.114838421112"
"wavelet-HHH","gldm","GrayLevelVariance","0.25107858451373116"
"wavelet-HHH","gldm","HighGrayLevelEmphasis","6.508721905400872"
"wavelet-HHH","gldm","LargeDependenceEmphasis","144.63490998546348"
"wavelet-HHH","gldm","LargeDependenceHighGrayLevelEmphasis","943.6041783145104"
"wavelet-HHH","gldm","LargeDependenceLowGrayLevelEmphasis","26.018303292250092"
"wavelet-HHH","gldm","LowGrayLevelEmphasis","0.18043092362741808"
"wavelet-HHH","gldm","SmallDependenceEmphasis","0.012204056564835485"
"wavelet-HHH","gldm","SmallDependenceHighGrayLevelEmphasis","0.08228078272850166"
"wavelet-HHH","gldm","SmallDependenceLowGrayLevelEmphasis","0.0022041428188099275"
"wavelet-HHH","glrlm","GrayLevelNonUniformity","15859.169348078605"
"wavelet-HHH","glrlm","GrayLevelNonUniformityNormalized","0.4990966082445519"
"wavelet-HHH","glrlm","GrayLevelVariance","0.25181131210493984"
"wavelet-HHH","glrlm","HighGrayLevelRunEmphasis","6.505169765552247"
"wavelet-HHH","glrlm","LongRunEmphasis","4.118197687050118"
"wavelet-HHH","glrlm","LongRunHighGrayLevelEmphasis","26.81744993032853"
"wavelet-HHH","glrlm","LongRunLowGrayLevelEmphasis","0.7424046293594938"
"wavelet-HHH","glrlm","LowGrayLevelRunEmphasis","0.18060876540180032"
"wavelet-HHH","glrlm","RunEntropy","2.6297436819300435"
"wavelet-HHH","glrlm","RunLengthNonUniformity","13792.351111221758"
"wavelet-HHH","glrlm","RunLengthNonUniformityNormalized","0.43015319153015424"
"wavelet-HHH","glrlm","RunPercentage","0.5921835442130645"
"wavelet-HHH","glrlm","RunVariance","1.2025087176526592"
"wavelet-HHH","glrlm","ShortRunEmphasis","0.6615885698998395"
"wavelet-HHH","glrlm","ShortRunHighGrayLevelEmphasis","4.301928870519389"
"wavelet-HHH","glrlm","ShortRunLowGrayLevelEmphasis","0.11960326456375416"
"wavelet-HHH","glszm","GrayLevelNonUniformity","19.8125"
"wavelet-HHH","glszm","GrayLevelNonUniformityNormalized","0.3095703125"
"wavelet-HHH","glszm","GrayLevelVariance","0.859375"
"wavelet-HHH","glszm","HighGrayLevelZoneEmphasis","9.125"
"wavelet-HHH","glszm","LargeAreaEmphasis","8618923.40625"
"wavelet-HHH","glszm","LargeAreaHighGrayLevelEmphasis","56115665.234375"
"wavelet-HHH","glszm","LargeAreaLowGrayLevelEmphasis","1553620.6667751735"
"wavelet-HHH","glszm","LowGrayLevelZoneEmphasis","0.1867404513888889"
"wavelet-HHH","glszm","SizeZoneNonUniformity","25.15625"
"wavelet-HHH","glszm","SizeZoneNonUniformityNormalized","0.39306640625"
"wavelet-HHH","glszm","SmallAreaEmphasis","0.6478995412046071"
"wavelet-HHH","glszm","SmallAreaHighGrayLevelEmphasis","6.597268781143128"
"wavelet-HHH","glszm","SmallAreaLowGrayLevelEmphasis","0.11515938206991008"
"wavelet-HHH","glszm","ZoneEntropy","3.488355480196288"
"wavelet-HHH","glszm","ZonePercentage","0.001192739200119274"
"wavelet-HHH","glszm","ZoneVariance","7915998.3662109375"
"wavelet-HHH","ngtdm","Busyness","1241.7932494898946"
"wavelet-HHH","ngtdm","Coarseness","7.318757652025831e-05"
"wavelet-HHH","ngtdm","Complexity","3.569047671586952"
"wavelet-HHH","ngtdm","Contrast","0.021358177814909767"
"wavelet-HHH","ngtdm","Strength","0.0004384840838648716"
"wavelet-LLL","firstorder","10Percentile","-2753.6265586403397"
"wavelet-LLL","firstorder","90Percentile","-2513.1313039438346"
"wavelet-LLL","firstorder","Energy","363209758762.71216"
"wavelet-LLL","firstorder","Entropy","3.742318259088531"
"wavelet-LLL","firstorder","InterquartileRange","129.80096308354587"
"wavelet-LLL","firstorder","Kurtosis","3.456757748831441"
"wavelet-LLL","firstorder","Maximum","-2111.7538172847253"
"wavelet-LLL","firstorder","MeanAbsoluteDeviation","80.77559551015777"
"wavelet-LLL","firstorder","Mean","-2599.7959627565924"
"wavelet-LLL","firstorder","Median","-2563.6526563164475"
"wavelet-LLL","firstorder","Minimum","-2932.2937016512847"
"wavelet-LLL","firstorder","Range","820.5398843665594"
"wavelet-LLL","firstorder","RobustMeanAbsoluteDeviation","56.27243029354828"
"wavelet-LLL","firstorder","RootMeanSquared","2601.7257408009245"
"wavelet-LLL","firstorder","Skewness","-0.7835559174920012"
"wavelet-LLL","firstorder","TotalEnergy","339456142032.1063"
"wavelet-LLL","firstorder","Uniformity","0.10759396365611702"
"wavelet-LLL","firstorder","Variance","10037.782380646"
"wavelet-LLL","glcm","Autocorrelation","236.38326265794623"
"wavelet-LLL","glcm","ClusterProminence","8546.646813665975"
"wavelet-LLL","glcm","ClusterShade","-258.3320016526706"
"wavelet-LLL","glcm","ClusterTendency","46.85538381447832"
"wavelet-LLL","glcm","Contrast","7.127760429030477"
"wavelet-LLL","glcm","Correlation","0.7296952387637414"
"wavelet-LLL","glcm","DifferenceAverage","1.7267603075744873"
"wavelet-LLL","glcm","DifferenceEntropy","2.52306476981388"
"wavelet-LLL","glcm","DifferenceVariance","3.975489342790478"
"wavelet-LLL","glcm","Id","0.5600511290019393"
"wavelet-LLL","glcm","Idm","0.5097931601820466"
"wavelet-LLL","glcm","Idmn","0.9940459427769291"
"wavelet-LLL","glcm","Idn","0.9545040262029543"
"wavelet-LLL","glcm","Imc1","-0.20689277786876886"
"wavelet-LLL","glcm","Imc2","0.8516968048092727"
"wavelet-LLL","glcm","InverseVariance","0.3532795955010355"
"wavelet-LLL","glcm","JointAverage","15.047166031833921"
"wavelet-LLL","glcm","JointEnergy","0.03738271101352054"
"wavelet-LLL","glcm","JointEntropy","6.435600485930302"
"wavelet-LLL","glcm","MCC","0.753031490073243"
"wavelet-LLL","glcm","MaximumProbability","0.1443237619946345"
"wavelet-LLL","glcm","SumAverage","30.094332063667856"
"wavelet-LLL","glcm","SumEntropy","4.487804364483643"
"wavelet-LLL","glcm","SumSquares","13.495786060877197"
"wavelet-LLL","gldm","DependenceEntropy","7.4330558108415765"
"wavelet-LLL","gldm","DependenceNonUniformity","3583.3443288978347"
"wavelet-LLL","gldm","DependenceNonUniformityNormalized","0.06678117575939906"
"wavelet-LLL","gldm","DependenceVariance","40.40932296327867"
"wavelet-LLL","gldm","GrayLevelNonUniformity","5773.276901859927"
"wavelet-LLL","gldm","GrayLevelVariance","16.188608044714762"
"wavelet-LLL","gldm","HighGrayLevelEmphasis","226.69432330686942"
"wavelet-LLL","gldm","LargeDependenceEmphasis","103.86421409668642"
"wavelet-LLL","gldm","LargeDependenceHighGrayLevelEmphasis","29690.59253047076"
"wavelet-LLL","gldm","LargeDependenceLowGrayLevelEmphasis","0.40475332586433"
"wavelet-LLL","gldm","LowGrayLevelEmphasis","0.008296435296484524"
"wavelet-LLL","gldm","SmallDependenceEmphasis","0.13097923960147262"
"wavelet-LLL","gldm","SmallDependenceHighGrayLevelEmphasis","19.935716262414996"
"wavelet-LLL","gldm","SmallDependenceLowGrayLevelEmphasis","0.0021412809085052564"
"wavelet-LLL","glrlm","GrayLevelNonUniformity","3118.597356402475"
"wavelet-LLL","glrlm","GrayLevelNonUniformityNormalized","0.07905763113156351"
"wavelet-LLL","glrlm","GrayLevelVariance","18.1526278247138"
"wavelet-LLL","glrlm","HighGrayLevelRunEmphasis","209.31694746795117"
"wavelet-LLL","glrlm","LongRunEmphasis","2.9901993275176997"
"wavelet-LLL","glrlm","LongRunHighGrayLevelEmphasis","765.2054794596869"
"wavelet-LLL","glrlm","LongRunLowGrayLevelEmphasis","0.018193055294336395"
"wavelet-LLL","glrlm","LowGrayLevelRunEmphasis","0.00967010456159362"
"wavelet-LLL","glrlm","RunEntropy","4.949291155853673"
"wavelet-LLL","glrlm","RunLengthNonUniformity","26001.537793441777"
"wavelet-LLL","glrlm","RunLengthNonUniformityNormalized","0.6537213064370857"
"wavelet-LLL","glrlm","RunPercentage","0.7320823907539775"
"wavelet-LLL","glrlm","RunVariance","1.0525467181457178"
"wavelet-LLL","glrlm","ShortRunEmphasis","0.8323052699138559"
"wavelet-LLL","glrlm","ShortRunHighGrayLevelEmphasis","165.28689827570662"
"wavelet-LLL","glrlm","ShortRunLowGrayLevelEmphasis","0.008786050026535047"
"wavelet-LLL","glszm","GrayLevelNonUniformity","468.64107332624866"
"wavelet-LLL","glszm","GrayLevelNonUniformityNormalized","0.062253065000830055"
"wavelet-LLL","glszm","GrayLevelVariance","22.10914518140423"
"wavelet-LLL","glszm","HighGrayLevelZoneEmphasis","143.40448990435706"
"wavelet-LLL","glszm","LargeAreaEmphasis","20733.22024442083"
"wavelet-LLL","glszm","LargeAreaHighGrayLevelEmphasis","6076088.669766206"
"wavelet-LLL","glszm","LargeAreaLowGrayLevelEmphasis","71.32594276158598"
"wavelet-LLL","glszm","LowGrayLevelZoneEmphasis","0.017875670656694268"
"wavelet-LLL","glszm","SizeZoneNonUniformity","2357.653825717322"
"wavelet-LLL","glszm","SizeZoneNonUniformityNormalized","0.31318462084449017"
"wavelet-LLL","glszm","SmallAreaEmphasis","0.5777112691683017"
"wavelet-LLL","glszm","SmallAreaHighGrayLevelEmphasis","77.43877639073472"
"wavelet-LLL","glszm","SmallAreaLowGrayLevelEmphasis","0.011148356922012692"
"wavelet-LLL","glszm","ZoneEntropy","6.672310208400571"
"wavelet-LLL","glszm","ZonePercentage","0.1402959484140296"
"wavelet-LLL","glszm","ZoneVariance","20682.41486004499"
"wavelet-LLL","ngtdm","Busyness","5.783066953026511"
"wavelet-LLL","ngtdm","Coarseness","0.00023354708044623338"
"wavelet-LLL","ngtdm","Complexity","630.7567578704857"
"wavelet-LLL","ngtdm","Contrast","0.032454173920487016"
"wavelet-LLL","ngtdm","Strength","0.13677867334462934"
