"Image type","Feature Class","Feature Name","0001_label_label_1"
"diagnostics","Versions","PyRadiomics","v3.0.1.post4+gad5b2de"
"diagnostics","Versions","Numpy","1.19.2"
"diagnostics","Versions","SimpleITK","2.0.2"
"diagnostics","Versions","PyWavelet","1.1.1"
"diagnostics","Versions","Python","3.6.7"
"diagnostics","Configuration","Settings","{'minimumROIDimensions': 2, 'minimumROISize': None, 'normalize': False, 'normalizeScale': 1, 'removeOutliers': None, 'resampledPixelSpacing': None, 'interpolator': 'sitkBSpline', 'preCrop': False, 'padDistance': 5, 'distances': [1], 'force2D': False, 'force2Ddimension': 0, 'resegmentRange': None, 'label': 1, 'additionalInfo': True, 'binWidth': 25.0, 'symmetricalGLCM': True, 'correctMask': True}"
"diagnostics","Configuration","EnabledImageTypes","{'Original': {}, 'Wavelet': {}}"
"diagnostics","Image-original","Hash","d8aa2032dcbdaee8f2afd0f9bf513ba485312bc9"
"diagnostics","Image-original","Dimensionality","3D"
"diagnostics","Image-original","Spacing","(0.9707029999999999, 0.9707029999999999, 1.2500000000000002)"
"diagnostics","Image-original","Size","(512, 512, 55)"
"diagnostics","Image-original","Mean","-1197.1303056890315"
"diagnostics","Image-original","Minimum","-3024.0"
"diagnostics","Image-original","Maximum","1550.0"
"diagnostics","Mask-original","Hash","868143bc4bdb7f6bafd11a8826d054a4c6adc905"
"diagnostics","Mask-original","Spacing","(0.9707029999999999, 0.9707029999999999, 1.2500000000000002)"
"diagnostics","Mask-original","Size","(512, 512, 55)"
"diagnostics","Mask-original","BoundingBox","(153, 176, 0, 200, 134, 55)"
"diagnostics","Mask-original","VoxelNum","45545"
"diagnostics","Mask-original","VolumeNum","3"
"diagnostics","Mask-original","CenterOfMassIndex","(222.50784937973432, 269.13215501152706, 23.485805247557362)"
"diagnostics","Mask-original","CenterOfMass","(215.98903691645623, 261.2473902661543, 29.357256559446707)"
"original","shape","Elongation","0.7330997214823429"
"original","shape","Flatness","0.2615980204587207"
"original","shape","LeastAxisLength","41.564909094697406"
"original","shape","MajorAxisLength","158.88846949916504"
"original","shape","Maximum2DDiameterColumn","149.614733994615"
"original","shape","Maximum2DDiameterRow","58.55785469219413"
"original","shape","Maximum2DDiameterSlice","150.16119684865782"
"original","shape","Maximum3DDiameter","205.36409671936102"
"original","shape","MeshVolume","53511.73024285753"
"original","shape","MinorAxisLength","116.48109273659364"
"original","shape","Sphericity","0.44542453567634793"
"original","shape","SurfaceArea","15417.335299247108"
"original","shape","SurfaceVolumeRatio","0.2881113211865343"
"original","shape","VoxelVolume","53644.285238311124"
"original","firstorder","10Percentile","-43.0"
"original","firstorder","90Percentile","56.0"
"original","firstorder","Energy","523245320.0"
"original","firstorder","Entropy","2.4820014820116536"
"original","firstorder","InterquartileRange","28.0"
"original","firstorder","Kurtosis","28.050631997244736"
"original","firstorder","Maximum","169.0"
"original","firstorder","MeanAbsoluteDeviation","53.27310371802422"
"original","firstorder","Mean","5.621692831265781"
"original","firstorder","Median","33.0"
"original","firstorder","Minimum","-984.0"
"original","firstorder","Range","1153.0"
"original","firstorder","RobustMeanAbsoluteDeviation","13.310028759234543"
"original","firstorder","RootMeanSquared","107.18458310614116"
"original","firstorder","Skewness","-4.581688398900187"
"original","firstorder","TotalEnergy","616294240.7660859"
"original","firstorder","Uniformity","0.3004602072307549"
"original","firstorder","Variance","11456.931425348175"
"original","glcm","Autocorrelation","1701.5194783801194"
"original","glcm","ClusterProminence","55013.795005696295"
"original","glcm","ClusterShade","-1207.3383372867236"
"original","glcm","ClusterTendency","37.46458794500826"
"original","glcm","Contrast","8.485927335203293"
"original","glcm","Correlation","0.6200062645844345"
"original","glcm","DifferenceAverage","1.2347152166624442"
"original","glcm","DifferenceEntropy","1.9495975130179286"
"original","glcm","DifferenceVariance","6.9433655227540125"
"original","glcm","Id","0.6710891276143914"
"original","glcm","Idm","0.6523018803725823"
"original","glcm","Idmn","0.9965431932136137"
"original","glcm","Idn","0.976722879820466"
"original","glcm","Imc1","-0.13308105807535883"
"original","glcm","Imc2","0.6607194550543004"
"original","glcm","InverseVariance","0.43859413676857123"
"original","glcm","JointAverage","41.16148103024511"
"original","glcm","JointEnergy","0.13113423399612356"
"original","glcm","JointEntropy","4.231351836724126"
"original","glcm","MCC","0.6885766821264506"
"original","glcm","MaximumProbability","0.29402503121092555"
"original","glcm","SumAverage","82.32296206049023"
"original","glcm","SumEntropy","3.0703451444885967"
"original","glcm","SumSquares","11.487628820052889"
"original","gldm","DependenceEntropy","6.3028277802164965"
"original","gldm","DependenceNonUniformity","2126.638028323636"
"original","gldm","DependenceNonUniformityNormalized","0.04669311731965388"
"original","gldm","DependenceVariance","38.59361872490935"
"original","gldm","GrayLevelNonUniformity","13684.460138324734"
"original","gldm","GrayLevelVariance","18.397457037835792"
"original","gldm","HighGrayLevelEmphasis","1678.4361400812384"
"original","gldm","LargeDependenceEmphasis","158.20070260182237"
"original","gldm","LargeDependenceHighGrayLevelEmphasis","278038.5247996487"
"original","gldm","LargeDependenceLowGrayLevelEmphasis","0.09057020079728352"
"original","gldm","LowGrayLevelEmphasis","0.0007955268259761597"
"original","gldm","SmallDependenceEmphasis","0.09685726381074647"
"original","gldm","SmallDependenceHighGrayLevelEmphasis","117.31467927631584"
"original","gldm","SmallDependenceLowGrayLevelEmphasis","0.00021457039418201678"
"original","glrlm","GrayLevelNonUniformity","6019.303030277589"
"original","glrlm","GrayLevelNonUniformityNormalized","0.21352543703330454"
"original","glrlm","GrayLevelVariance","27.827477390595824"
"original","glrlm","HighGrayLevelRunEmphasis","1631.039339116442"
"original","glrlm","LongRunEmphasis","4.270270707258243"
"original","glrlm","LongRunHighGrayLevelEmphasis","7375.041002657863"
"original","glrlm","LongRunLowGrayLevelEmphasis","0.002815073630482711"
"original","glrlm","LowGrayLevelRunEmphasis","0.000930296358758612"
"original","glrlm","RunEntropy","4.350529704879327"
"original","glrlm","RunLengthNonUniformity","14295.420243915594"
"original","glrlm","RunLengthNonUniformityNormalized","0.5050545979833061"
"original","glrlm","RunPercentage","0.6178268322960386"
"original","glrlm","RunVariance","1.610343279173486"
"original","glrlm","ShortRunEmphasis","0.7375704794633994"
"original","glrlm","ShortRunHighGrayLevelEmphasis","1171.6343080081751"
"original","glrlm","ShortRunLowGrayLevelEmphasis","0.0007763747992589067"
"original","glszm","GrayLevelNonUniformity","191.05696202531647"
"original","glszm","GrayLevelNonUniformityNormalized","0.043186474237187265"
"original","glszm","GrayLevelVariance","75.50213368475093"
"original","glszm","HighGrayLevelZoneEmphasis","1157.888336347197"
"original","glszm","LargeAreaEmphasis","106198.99254068716"
"original","glszm","LargeAreaHighGrayLevelEmphasis","187617056.95976493"
"original","glszm","LargeAreaLowGrayLevelEmphasis","60.13786213719426"
"original","glszm","LowGrayLevelZoneEmphasis","0.0023734035591507574"
"original","glszm","SizeZoneNonUniformity","2304.5397830018082"
"original","glszm","SizeZoneNonUniformityNormalized","0.5209176724687632"
"original","glszm","SmallAreaEmphasis","0.7497024205464049"
"original","glszm","SmallAreaHighGrayLevelEmphasis","819.4522691527504"
"original","glszm","SmallAreaLowGrayLevelEmphasis","0.0019456001017748158"
"original","glszm","ZoneEntropy","6.305161068158683"
"original","glszm","ZonePercentage","0.09713470194313316"
"original","glszm","ZoneVariance","106093.00588801957"
"original","ngtdm","Busyness","1.8518996666313274"
"original","ngtdm","Coarseness","0.00015501435986794136"
"original","ngtdm","Complexity","1294.96730156253"
"original","ngtdm","Contrast","0.017169183237502772"
"original","ngtdm","Strength","0.9876136926588838"
"wavelet-LLH","firstorder","10Percentile","-101.63731075735956"
"wavelet-LLH","firstorder","90Percentile","28.292729693789553"
"wavelet-LLH","firstorder","Energy","827735742.263057"
"wavelet-LLH","firstorder","Entropy","3.0191453054659796"
"wavelet-LLH","firstorder","InterquartileRange","34.81037799654112"
"wavelet-LLH","firstorder","Kurtosis","25.424437994966336"
"wavelet-LLH","firstorder","Maximum","1045.6232328031538"
"wavelet-LLH","firstorder","MeanAbsoluteDeviation","56.014148714266646"
"wavelet-LLH","firstorder","Mean","-13.84057159305077"
"wavelet-LLH","firstorder","Median","-3.786574151884091"
"wavelet-LLH","firstorder","Minimum","-917.6220111113987"
"wavelet-LLH","firstorder","Range","1963.2452439145525"
"wavelet-LLH","firstorder","RobustMeanAbsoluteDeviation","17.583631792455005"
"wavelet-LLH","firstorder","RootMeanSquared","134.81105307031652"
"wavelet-LLH","firstorder","Skewness","0.7735293376394471"
"wavelet-LLH","firstorder","TotalEnergy","974932314.4122212"
"wavelet-LLH","firstorder","Uniformity","0.2224694775937984"
"wavelet-LLH","firstorder","Variance","17982.458607905333"
"wavelet-LLH","glcm","Autocorrelation","1360.9778750892651"
"wavelet-LLH","glcm","ClusterProminence","111029.19616261644"
"wavelet-LLH","glcm","ClusterShade","29.905510070086883"
"wavelet-LLH","glcm","ClusterTendency","52.05553426384373"
"wavelet-LLH","glcm","Contrast","41.50047741162893"
"wavelet-LLH","glcm","Correlation","0.03348036971624023"
"wavelet-LLH","glcm","DifferenceAverage","2.2024569760842043"
"wavelet-LLH","glcm","DifferenceEntropy","2.4408549842480602"
"wavelet-LLH","glcm","DifferenceVariance","36.05393127710961"
"wavelet-LLH","glcm","Id","0.5768370165107511"
"wavelet-LLH","glcm","Idm","0.540229871183426"
"wavelet-LLH","glcm","Idmn","0.9950949721090674"
"wavelet-LLH","glcm","Idn","0.9764805516407916"
"wavelet-LLH","glcm","Imc1","-0.17698315582646498"
"wavelet-LLH","glcm","Imc2","0.7760000534463873"
"wavelet-LLH","glcm","InverseVariance","0.4356389817283208"
"wavelet-LLH","glcm","JointAverage","36.85559570442929"
"wavelet-LLH","glcm","JointEnergy","0.08415260198771211"
"wavelet-LLH","glcm","JointEntropy","5.1874288639867965"
"wavelet-LLH","glcm","MCC","0.7993790497749504"
"wavelet-LLH","glcm","MaximumProbability","0.16392819923026208"
"wavelet-LLH","glcm","SumAverage","73.71119140885858"
"wavelet-LLH","glcm","SumEntropy","3.391727769224292"
"wavelet-LLH","glcm","SumSquares","23.389002918868155"
"wavelet-LLH","gldm","DependenceEntropy","6.519739064941332"
"wavelet-LLH","gldm","DependenceNonUniformity","2745.676825118015"
"wavelet-LLH","gldm","DependenceNonUniformityNormalized","0.060284923155516854"
"wavelet-LLH","gldm","DependenceVariance","23.75307300667303"
"wavelet-LLH","gldm","GrayLevelNonUniformity","10132.372357009552"
"wavelet-LLH","gldm","GrayLevelVariance","28.88268713669064"
"wavelet-LLH","gldm","HighGrayLevelEmphasis","1394.0395652651225"
"wavelet-LLH","gldm","LargeDependenceEmphasis","91.95720715775606"
"wavelet-LLH","gldm","LargeDependenceHighGrayLevelEmphasis","128859.63750137227"
"wavelet-LLH","gldm","LargeDependenceLowGrayLevelEmphasis","0.0687908717829763"
"wavelet-LLH","gldm","LowGrayLevelEmphasis","0.0009751285263719069"
"wavelet-LLH","gldm","SmallDependenceEmphasis","0.10880901712690905"
"wavelet-LLH","gldm","SmallDependenceHighGrayLevelEmphasis","157.2146955131749"
"wavelet-LLH","gldm","SmallDependenceLowGrayLevelEmphasis","0.00018120808486187494"
"wavelet-LLH","glrlm","GrayLevelNonUniformity","5759.0108878846595"
"wavelet-LLH","glrlm","GrayLevelNonUniformityNormalized","0.17381198611056725"
"wavelet-LLH","glrlm","GrayLevelVariance","37.63030731746799"
"wavelet-LLH","glrlm","HighGrayLevelRunEmphasis","1392.4661299409433"
"wavelet-LLH","glrlm","LongRunEmphasis","2.933403085754259"
"wavelet-LLH","glrlm","LongRunHighGrayLevelEmphasis","4097.9490060626995"
"wavelet-LLH","glrlm","LongRunLowGrayLevelEmphasis","0.002574152348982347"
"wavelet-LLH","glrlm","LowGrayLevelRunEmphasis","0.00105053061408477"
"wavelet-LLH","glrlm","RunEntropy","4.447488011064265"
"wavelet-LLH","glrlm","RunLengthNonUniformity","20199.138593356536"
"wavelet-LLH","glrlm","RunLengthNonUniformityNormalized","0.6022163980408217"
"wavelet-LLH","glrlm","RunPercentage","0.7208238681946004"
"wavelet-LLH","glrlm","RunVariance","0.8786737775136119"
"wavelet-LLH","glrlm","ShortRunEmphasis","0.7999696246739776"
"wavelet-LLH","glrlm","ShortRunHighGrayLevelEmphasis","1113.2997338279847"
"wavelet-LLH","glrlm","ShortRunLowGrayLevelEmphasis","0.0008908123639193278"
"wavelet-LLH","glszm","GrayLevelNonUniformity","260.07076101468624"
"wavelet-LLH","glszm","GrayLevelNonUniformityNormalized","0.04960342571327222"
"wavelet-LLH","glszm","GrayLevelVariance","116.65505758311248"
"wavelet-LLH","glszm","HighGrayLevelZoneEmphasis","1446.3791722296396"
"wavelet-LLH","glszm","LargeAreaEmphasis","68645.2094220866"
"wavelet-LLH","glszm","LargeAreaHighGrayLevelEmphasis","96455463.64066374"
"wavelet-LLH","glszm","LargeAreaLowGrayLevelEmphasis","48.912317280221956"
"wavelet-LLH","glszm","LowGrayLevelZoneEmphasis","0.0016970810603579116"
"wavelet-LLH","glszm","SizeZoneNonUniformity","1946.4690062941065"
"wavelet-LLH","glszm","SizeZoneNonUniformityNormalized","0.3712510025355915"
"wavelet-LLH","glszm","SmallAreaEmphasis","0.6325761767462693"
"wavelet-LLH","glszm","SmallAreaHighGrayLevelEmphasis","938.1836813839403"
"wavelet-LLH","glszm","SmallAreaLowGrayLevelEmphasis","0.0012083530280361842"
"wavelet-LLH","glszm","ZoneEntropy","7.119353745141271"
"wavelet-LLH","glszm","ZonePercentage","0.11511691733450434"
"wavelet-LLH","glszm","ZoneVariance","68569.74857129471"
"wavelet-LLH","ngtdm","Busyness","1.3269233288015985"
"wavelet-LLH","ngtdm","Coarseness","0.00014270401490229707"
"wavelet-LLH","ngtdm","Complexity","5447.4651975924535"
"wavelet-LLH","ngtdm","Contrast","0.018299996242098385"
"wavelet-LLH","ngtdm","Strength","0.9919709186417697"
"wavelet-LHL","firstorder","10Percentile","-45.033339247856944"
"wavelet-LHL","firstorder","90Percentile","22.13107017241053"
"wavelet-LHL","firstorder","Energy","146495013.72115088"
"wavelet-LHL","firstorder","Entropy","2.4264231739616604"
"wavelet-LHL","firstorder","InterquartileRange","26.01527755679968"
"wavelet-LHL","firstorder","Kurtosis","18.504535660444656"
"wavelet-LHL","firstorder","Maximum","448.8303492822398"
"wavelet-LHL","firstorder","MeanAbsoluteDeviation","29.246551571178934"
"wavelet-LHL","firstorder","Mean","-9.326456471527791"
"wavelet-LHL","firstorder","Median","-2.082418490992328"
"wavelet-LHL","firstorder","Minimum","-641.4073119086246"
"wavelet-LHL","firstorder","Range","1090.2376611908644"
"wavelet-LHL","firstorder","RobustMeanAbsoluteDeviation","11.51838196576284"
"wavelet-LHL","firstorder","RootMeanSquared","56.7141030766125"
"wavelet-LHL","firstorder","Skewness","-1.6396550523304707"
"wavelet-LHL","firstorder","TotalEnergy","172546279.54874784"
"wavelet-LHL","firstorder","Uniformity","0.29143945623081075"
"wavelet-LHL","firstorder","Variance","3129.506697469325"
"wavelet-LHL","glcm","Autocorrelation","684.7899231880793"
"wavelet-LHL","glcm","ClusterProminence","3343.5617914527"
"wavelet-LHL","glcm","ClusterShade","-103.42394237056224"
"wavelet-LHL","glcm","ClusterTendency","12.214643965102924"
"wavelet-LHL","glcm","Contrast","5.0293628491908935"
"wavelet-LHL","glcm","Correlation","0.40527732570537983"
"wavelet-LHL","glcm","DifferenceAverage","1.1617992896259226"
"wavelet-LHL","glcm","DifferenceEntropy","1.9669987047863617"
"wavelet-LHL","glcm","DifferenceVariance","3.622162581033849"
"wavelet-LHL","glcm","Id","0.6378229750271189"
"wavelet-LHL","glcm","Idm","0.6120703540917722"
"wavelet-LHL","glcm","Idmn","0.9975751869129368"
"wavelet-LHL","glcm","Idn","0.975747916800943"
"wavelet-LHL","glcm","Imc1","-0.13080104045300042"
"wavelet-LHL","glcm","Imc2","0.6520871765809712"
"wavelet-LHL","glcm","InverseVariance","0.46417506427749333"
"wavelet-LHL","glcm","JointAverage","26.134139715209773"
"wavelet-LHL","glcm","JointEnergy","0.12099194849435271"
"wavelet-LHL","glcm","JointEntropy","4.282066346548087"
"wavelet-LHL","glcm","MCC","0.6888017123798394"
"wavelet-LHL","glcm","MaximumProbability","0.19368345853405416"
"wavelet-LHL","glcm","SumAverage","52.26827943041952"
"wavelet-LHL","glcm","SumEntropy","2.887424643151493"
"wavelet-LHL","glcm","SumSquares","4.3110017035734565"
"wavelet-LHL","gldm","DependenceEntropy","6.049515461869474"
"wavelet-LHL","gldm","DependenceNonUniformity","2640.003447140191"
"wavelet-LHL","gldm","DependenceNonUniformityNormalized","0.057964726032279965"
"wavelet-LHL","gldm","DependenceVariance","24.9664801317417"
"wavelet-LHL","gldm","GrayLevelNonUniformity","13273.610034032276"
"wavelet-LHL","gldm","GrayLevelVariance","5.0956211514319785"
"wavelet-LHL","gldm","HighGrayLevelEmphasis","687.83368097486"
"wavelet-LHL","gldm","LargeDependenceEmphasis","117.26185091667581"
"wavelet-LHL","gldm","LargeDependenceHighGrayLevelEmphasis","82129.72824678889"
"wavelet-LHL","gldm","LargeDependenceLowGrayLevelEmphasis","0.1682144618497021"
"wavelet-LHL","gldm","LowGrayLevelEmphasis","0.0015756198660643135"
"wavelet-LHL","gldm","SmallDependenceEmphasis","0.08033221000271025"
"wavelet-LHL","gldm","SmallDependenceHighGrayLevelEmphasis","54.00991666663843"
"wavelet-LHL","gldm","SmallDependenceLowGrayLevelEmphasis","0.0002044795612693881"
"wavelet-LHL","glrlm","GrayLevelNonUniformity","7166.570420236059"
"wavelet-LHL","glrlm","GrayLevelNonUniformityNormalized","0.23379810330374132"
"wavelet-LHL","glrlm","GrayLevelVariance","7.087175283986369"
"wavelet-LHL","glrlm","HighGrayLevelRunEmphasis","682.6966406459396"
"wavelet-LHL","glrlm","LongRunEmphasis","3.3812880041851634"
"wavelet-LHL","glrlm","LongRunHighGrayLevelEmphasis","2347.3351867175547"
"wavelet-LHL","glrlm","LongRunLowGrayLevelEmphasis","0.005072743077971554"
"wavelet-LHL","glrlm","LowGrayLevelRunEmphasis","0.0016428133694544416"
"wavelet-LHL","glrlm","RunEntropy","4.033622054478642"
"wavelet-LHL","glrlm","RunLengthNonUniformity","16405.295314667594"
"wavelet-LHL","glrlm","RunLengthNonUniformityNormalized","0.5304630568434852"
"wavelet-LHL","glrlm","RunPercentage","0.6689596932872814"
"wavelet-LHL","glrlm","RunVariance","1.0375515194928489"
"wavelet-LHL","glrlm","ShortRunEmphasis","0.7533089980332124"
"wavelet-LHL","glrlm","ShortRunHighGrayLevelEmphasis","511.0025689759556"
"wavelet-LHL","glrlm","ShortRunLowGrayLevelEmphasis","0.0012842560267171212"
"wavelet-LHL","glszm","GrayLevelNonUniformity","317.3942578825942"
"wavelet-LHL","glszm","GrayLevelNonUniformityNormalized","0.08136228092350531"
"wavelet-LHL","glszm","GrayLevelVariance","27.143635930053232"
"wavelet-LHL","glszm","HighGrayLevelZoneEmphasis","671.0879261727762"
"wavelet-LHL","glszm","LargeAreaEmphasis","113576.30274288644"
"wavelet-LHL","glszm","LargeAreaHighGrayLevelEmphasis","79766409.32094334"
"wavelet-LHL","glszm","LargeAreaLowGrayLevelEmphasis","161.95383082625688"
"wavelet-LHL","glszm","LowGrayLevelZoneEmphasis","0.0025365211432859737"
"wavelet-LHL","glszm","SizeZoneNonUniformity","1328.6852089207896"
"wavelet-LHL","glszm","SizeZoneNonUniformityNormalized","0.34060118147162"
"wavelet-LHL","glszm","SmallAreaEmphasis","0.6038361380346908"
"wavelet-LHL","glszm","SmallAreaHighGrayLevelEmphasis","409.98693891056314"
"wavelet-LHL","glszm","SmallAreaLowGrayLevelEmphasis","0.0018300706438920396"
"wavelet-LHL","glszm","ZoneEntropy","6.410752670170173"
"wavelet-LHL","glszm","ZonePercentage","0.08565155340871665"
"wavelet-LHL","glszm","ZoneVariance","113439.99217968484"
"wavelet-LHL","ngtdm","Busyness","3.7240643852694175"
"wavelet-LHL","ngtdm","Coarseness","0.00013348026062711042"
"wavelet-LHL","ngtdm","Complexity","847.9102125885283"
"wavelet-LHL","ngtdm","Contrast","0.005385225680310661"
"wavelet-LHL","ngtdm","Strength","0.35163261218550257"
"wavelet-LHH","firstorder","10Percentile","-20.68552289716149"
"wavelet-LHH","firstorder","90Percentile","20.026833003116476"
"wavelet-LHH","firstorder","Energy","30123604.35764831"
"wavelet-LHH","firstorder","Entropy","1.853138350297425"
"wavelet-LHH","firstorder","InterquartileRange","18.803182751297562"
"wavelet-LHH","firstorder","Kurtosis","14.79105841170179"
"wavelet-LHH","firstorder","Maximum","349.34811506381874"
"wavelet-LHH","firstorder","MeanAbsoluteDeviation","15.449356292784845"
"wavelet-LHH","firstorder","Mean","-0.14212266520930458"
"wavelet-LHH","firstorder","Median","-0.2915892105757927"
"wavelet-LHH","firstorder","Minimum","-342.5719404427947"
"wavelet-LHH","firstorder","Range","691.9200555066134"
"wavelet-LHH","firstorder","RobustMeanAbsoluteDeviation","8.017611717469158"
"wavelet-LHH","firstorder","RootMeanSquared","25.717758527755016"
"wavelet-LHH","firstorder","Skewness","0.13640081214592867"
"wavelet-LHH","firstorder","TotalEnergy","35480496.75195341"
"wavelet-LHH","firstorder","Uniformity","0.36772971725885645"
"wavelet-LHH","firstorder","Variance","661.3829048399497"
"wavelet-LHH","glcm","Autocorrelation","210.56018231499294"
"wavelet-LHH","glcm","ClusterProminence","73.08678493722627"
"wavelet-LHH","glcm","ClusterShade","0.825792958391236"
"wavelet-LHH","glcm","ClusterTendency","2.1960662260910566"
"wavelet-LHH","glcm","Contrast","1.8489555500972372"
"wavelet-LHH","glcm","Correlation","0.07593965016717488"
"wavelet-LHH","glcm","DifferenceAverage","0.8210430285300526"
"wavelet-LHH","glcm","DifferenceEntropy","1.6094857537046725"
"wavelet-LHH","glcm","DifferenceVariance","1.1537594375033153"
"wavelet-LHH","glcm","Id","0.6811497180666912"
"wavelet-LHH","glcm","Idm","0.6654567532417701"
"wavelet-LHH","glcm","Idmn","0.9977162632556719"
"wavelet-LHH","glcm","Idn","0.9727460575645637"
"wavelet-LHH","glcm","Imc1","-0.08502359091363362"
"wavelet-LHH","glcm","Imc2","0.49010265685332305"
"wavelet-LHH","glcm","InverseVariance","0.48906694563853875"
"wavelet-LHH","glcm","JointAverage","14.507699890773043"
"wavelet-LHH","glcm","JointEnergy","0.16674901347449092"
"wavelet-LHH","glcm","JointEntropy","3.3884417291145845"
"wavelet-LHH","glcm","MCC","0.5272165899040119"
"wavelet-LHH","glcm","MaximumProbability","0.23000573210251687"
"wavelet-LHH","glcm","SumAverage","29.015399781546087"
"wavelet-LHH","glcm","SumEntropy","2.267062786212871"
"wavelet-LHH","glcm","SumSquares","1.0112554440470736"
"wavelet-LHH","gldm","DependenceEntropy","5.420375152926604"
"wavelet-LHH","gldm","DependenceNonUniformity","3380.32176967834"
"wavelet-LHH","gldm","DependenceNonUniformityNormalized","0.07421938236202305"
"wavelet-LHH","gldm","DependenceVariance","19.25853322444927"
"wavelet-LHH","gldm","GrayLevelNonUniformity","16748.249972554615"
"wavelet-LHH","gldm","GrayLevelVariance","1.156021770272503"
"wavelet-LHH","gldm","HighGrayLevelEmphasis","211.25482489845209"
"wavelet-LHH","gldm","LargeDependenceEmphasis","132.62059501591833"
"wavelet-LHH","gldm","LargeDependenceHighGrayLevelEmphasis","27864.361510593917"
"wavelet-LHH","gldm","LargeDependenceLowGrayLevelEmphasis","0.635273780969697"
"wavelet-LHH","gldm","LowGrayLevelEmphasis","0.004869119984366226"
"wavelet-LHH","gldm","SmallDependenceEmphasis","0.04757581914354276"
"wavelet-LHH","gldm","SmallDependenceHighGrayLevelEmphasis","10.319992816203111"
"wavelet-LHH","gldm","SmallDependenceLowGrayLevelEmphasis","0.00026989381456507186"
"wavelet-LHH","glrlm","GrayLevelNonUniformity","9144.640688520809"
"wavelet-LHH","glrlm","GrayLevelNonUniformityNormalized","0.31797433906895883"
"wavelet-LHH","glrlm","GrayLevelVariance","1.5923932537663243"
"wavelet-LHH","glrlm","HighGrayLevelRunEmphasis","211.82189469099168"
"wavelet-LHH","glrlm","LongRunEmphasis","3.9333243745466926"
"wavelet-LHH","glrlm","LongRunHighGrayLevelEmphasis","828.6221982403857"
"wavelet-LHH","glrlm","LongRunLowGrayLevelEmphasis","0.018974523668357432"
"wavelet-LHH","glrlm","LowGrayLevelRunEmphasis","0.004914008036847535"
"wavelet-LHH","glrlm","RunEntropy","3.5436392748484717"
"wavelet-LHH","glrlm","RunLengthNonUniformity","13862.037084249709"
"wavelet-LHH","glrlm","RunLengthNonUniformityNormalized","0.4759601238080255"
"wavelet-LHH","glrlm","RunPercentage","0.6289553020258917"
"wavelet-LHH","glrlm","RunVariance","1.2326800832285973"
"wavelet-LHH","glrlm","ShortRunEmphasis","0.7108195266743205"
"wavelet-LHH","glrlm","ShortRunHighGrayLevelEmphasis","150.95578852116353"
"wavelet-LHH","glrlm","ShortRunLowGrayLevelEmphasis","0.0035256516770731773"
"wavelet-LHH","glszm","GrayLevelNonUniformity","300.03434343434344"
"wavelet-LHH","glszm","GrayLevelNonUniformityNormalized","0.15153249668401184"
"wavelet-LHH","glszm","GrayLevelVariance","7.73677660442812"
"wavelet-LHH","glszm","HighGrayLevelZoneEmphasis","217.70858585858585"
"wavelet-LHH","glszm","LargeAreaEmphasis","276352.26414141414"
"wavelet-LHH","glszm","LargeAreaHighGrayLevelEmphasis","58083024.93787879"
"wavelet-LHH","glszm","LargeAreaLowGrayLevelEmphasis","1321.1633136167925"
"wavelet-LHH","glszm","LowGrayLevelZoneEmphasis","0.005883352736986702"
"wavelet-LHH","glszm","SizeZoneNonUniformity","638.0080808080808"
"wavelet-LHH","glszm","SizeZoneNonUniformityNormalized","0.3222263034384247"
"wavelet-LHH","glszm","SmallAreaEmphasis","0.5840281807792334"
"wavelet-LHH","glszm","SmallAreaHighGrayLevelEmphasis","128.72309621017877"
"wavelet-LHH","glszm","SmallAreaLowGrayLevelEmphasis","0.003628493054804548"
"wavelet-LHH","glszm","ZoneEntropy","5.518314588977095"
"wavelet-LHH","glszm","ZonePercentage","0.04347348775935887"
"wavelet-LHH","glszm","ZoneVariance","275823.14797342103"
"wavelet-LHH","ngtdm","Busyness","15.84140941180336"
"wavelet-LHH","ngtdm","Coarseness","0.00011457091949477593"
"wavelet-LHH","ngtdm","Complexity","183.50873723702506"
"wavelet-LHH","ngtdm","Contrast","0.0036482758884138376"
"wavelet-LHH","ngtdm","Strength","0.06982198073136435"
"wavelet-HLL","firstorder","10Percentile","-41.49685748908376"
"wavelet-HLL","firstorder","90Percentile","16.983237211945777"
"wavelet-HLL","firstorder","Energy","132245396.03549147"
"wavelet-HLL","firstorder","Entropy","2.2196599592590203"
"wavelet-HLL","firstorder","InterquartileRange","21.10019687969312"
"wavelet-HLL","firstorder","Kurtosis","21.410542180554938"
"wavelet-HLL","firstorder","Maximum","495.6201048261927"
"wavelet-HLL","firstorder","MeanAbsoluteDeviation","26.456373260437886"
"wavelet-HLL","firstorder","Mean","-10.37861102035215"
"wavelet-HLL","firstorder","Median","-1.9948782301227637"
"wavelet-HLL","firstorder","Minimum","-539.6623610629356"
"wavelet-HLL","firstorder","Range","1035.2824658891282"
"wavelet-HLL","firstorder","RobustMeanAbsoluteDeviation","9.511557343801687"
"wavelet-HLL","firstorder","RootMeanSquared","53.88525315863286"
"wavelet-HLL","firstorder","Skewness","-2.1824766154929227"
"wavelet-HLL","firstorder","TotalEnergy","155762646.75334996"
"wavelet-HLL","firstorder","Uniformity","0.3280527929023833"
"wavelet-HLL","firstorder","Variance","2795.904941258177"
"wavelet-HLL","glcm","Autocorrelation","492.3823899893254"
"wavelet-HLL","glcm","ClusterProminence","2692.9427601959624"
"wavelet-HLL","glcm","ClusterShade","-88.41668050759486"
"wavelet-HLL","glcm","ClusterTendency","10.40629615195812"
"wavelet-HLL","glcm","Contrast","3.952926894839238"
"wavelet-HLL","glcm","Correlation","0.4415274315550028"
"wavelet-HLL","glcm","DifferenceAverage","0.9990526434261435"
"wavelet-HLL","glcm","DifferenceEntropy","1.8043649078044754"
"wavelet-HLL","glcm","DifferenceVariance","2.9152177308352667"
"wavelet-HLL","glcm","Id","0.6732460330999999"
"wavelet-HLL","glcm","Idm","0.654628528257882"
"wavelet-HLL","glcm","Idmn","0.99788932936886"
"wavelet-HLL","glcm","Idn","0.9780893075533138"
"wavelet-HLL","glcm","Imc1","-0.12476696264159985"
"wavelet-HLL","glcm","Imc2","0.6130077852389555"
"wavelet-HLL","glcm","InverseVariance","0.45950629114091784"
"wavelet-HLL","glcm","JointAverage","22.153300537080497"
"wavelet-HLL","glcm","JointEnergy","0.15088565922279243"
"wavelet-HLL","glcm","JointEntropy","3.851560086019079"
"wavelet-HLL","glcm","MCC","0.6535718779950013"
"wavelet-HLL","glcm","MaximumProbability","0.21503690179133195"
"wavelet-HLL","glcm","SumAverage","44.306601074160945"
"wavelet-HLL","glcm","SumEntropy","2.6919176482824523"
"wavelet-HLL","glcm","SumSquares","3.5898057616993406"
"wavelet-HLL","gldm","DependenceEntropy","5.935751247403339"
"wavelet-HLL","gldm","DependenceNonUniformity","2672.3816664836972"
"wavelet-HLL","gldm","DependenceNonUniformityNormalized","0.05867563215465358"
"wavelet-HLL","gldm","DependenceVariance","26.764357408327083"
"wavelet-HLL","gldm","GrayLevelNonUniformity","14941.164452739049"
"wavelet-HLL","gldm","GrayLevelVariance","4.57831066139958"
"wavelet-HLL","gldm","HighGrayLevelEmphasis","492.39213964211217"
"wavelet-HLL","gldm","LargeDependenceEmphasis","141.86670326051157"
"wavelet-HLL","gldm","LargeDependenceHighGrayLevelEmphasis","71693.66687891097"
"wavelet-HLL","gldm","LargeDependenceLowGrayLevelEmphasis","0.2821121450960142"
"wavelet-HLL","gldm","LowGrayLevelEmphasis","0.002197826409019642"
"wavelet-HLL","gldm","SmallDependenceEmphasis","0.07033111447650092"
"wavelet-HLL","gldm","SmallDependenceHighGrayLevelEmphasis","32.0066027999533"
"wavelet-HLL","gldm","SmallDependenceLowGrayLevelEmphasis","0.0002491814323746335"
"wavelet-HLL","glrlm","GrayLevelNonUniformity","7569.896568225192"
"wavelet-HLL","glrlm","GrayLevelNonUniformityNormalized","0.2638771180119361"
"wavelet-HLL","glrlm","GrayLevelVariance","6.789057632972448"
"wavelet-HLL","glrlm","HighGrayLevelRunEmphasis","485.7027235155744"
"wavelet-HLL","glrlm","LongRunEmphasis","3.993244802930046"
"wavelet-HLL","glrlm","LongRunHighGrayLevelEmphasis","1995.1966704717497"
"wavelet-HLL","glrlm","LongRunLowGrayLevelEmphasis","0.008297418524577247"
"wavelet-HLL","glrlm","LowGrayLevelRunEmphasis","0.002316082379481078"
"wavelet-HLL","glrlm","RunEntropy","4.019903228289747"
"wavelet-HLL","glrlm","RunLengthNonUniformity","14009.565229893418"
"wavelet-HLL","glrlm","RunLengthNonUniformityNormalized","0.4838809925712895"
"wavelet-HLL","glrlm","RunPercentage","0.6258239948656021"
"wavelet-HLL","glrlm","RunVariance","1.3125940457034813"
"wavelet-HLL","glrlm","ShortRunEmphasis","0.718615543693086"
"wavelet-HLL","glrlm","ShortRunHighGrayLevelEmphasis","344.56464486114965"
"wavelet-HLL","glrlm","ShortRunLowGrayLevelEmphasis","0.0017471341479585643"
"wavelet-HLL","glszm","GrayLevelNonUniformity","233.65682434468212"
"wavelet-HLL","glszm","GrayLevelNonUniformityNormalized","0.07039976629848814"
"wavelet-HLL","glszm","GrayLevelVariance","30.020841229216938"
"wavelet-HLL","glszm","HighGrayLevelZoneEmphasis","449.1289545043688"
"wavelet-HLL","glszm","LargeAreaEmphasis","153105.6628502561"
"wavelet-HLL","glszm","LargeAreaHighGrayLevelEmphasis","77480378.46640554"
"wavelet-HLL","glszm","LargeAreaLowGrayLevelEmphasis","303.15551993256264"
"wavelet-HLL","glszm","LowGrayLevelZoneEmphasis","0.00367327674371137"
"wavelet-HLL","glszm","SizeZoneNonUniformity","1260.2485688460379"
"wavelet-HLL","glszm","SizeZoneNonUniformityNormalized","0.3797073120958234"
"wavelet-HLL","glszm","SmallAreaEmphasis","0.6394315178175107"
"wavelet-HLL","glszm","SmallAreaHighGrayLevelEmphasis","290.11562838196176"
"wavelet-HLL","glszm","SmallAreaLowGrayLevelEmphasis","0.0025785536485934905"
"wavelet-HLL","glszm","ZoneEntropy","6.348505346075548"
"wavelet-HLL","glszm","ZonePercentage","0.07287298276429904"
"wavelet-HLL","glszm","ZoneVariance","152917.35565795228"
"wavelet-HLL","ngtdm","Busyness","4.917840065213056"
"wavelet-HLL","ngtdm","Coarseness","0.00012422525482655796"
"wavelet-HLL","ngtdm","Complexity","665.228265941847"
"wavelet-HLL","ngtdm","Contrast","0.004707210258912675"
"wavelet-HLL","ngtdm","Strength","0.31488498583268737"
"wavelet-HLH","firstorder","10Percentile","-16.04406598975841"
"wavelet-HLH","firstorder","90Percentile","16.862920204326542"
"wavelet-HLH","firstorder","Energy","21185101.383507326"
"wavelet-HLH","firstorder","Entropy","1.666751044850017"
"wavelet-HLH","firstorder","InterquartileRange","14.788504021529267"
"wavelet-HLH","firstorder","Kurtosis","18.699517892937923"
"wavelet-HLH","firstorder","Maximum","260.6865809333352"
"wavelet-HLH","firstorder","MeanAbsoluteDeviation","12.519961585284719"
"wavelet-HLH","firstorder","Mean","0.383356519114574"
"wavelet-HLH","firstorder","Median","-0.1642995372270777"
"wavelet-HLH","firstorder","Minimum","-238.8842525521537"
"wavelet-HLH","firstorder","Range","499.57083348548895"
"wavelet-HLH","firstorder","RobustMeanAbsoluteDeviation","6.371590198292064"
"wavelet-HLH","firstorder","RootMeanSquared","21.56725732970229"
"wavelet-HLH","firstorder","Skewness","0.43743926620720597"
"wavelet-HLH","firstorder","TotalEnergy","24952456.28322333"
"wavelet-HLH","firstorder","Uniformity","0.40050339552033243"
"wavelet-HLH","firstorder","Variance","464.9996265048496"
"wavelet-HLH","glcm","Autocorrelation","110.64735062661362"
"wavelet-HLH","glcm","ClusterProminence","42.07311925976951"
"wavelet-HLH","glcm","ClusterShade","1.2581816851819316"
"wavelet-HLH","glcm","ClusterTendency","1.5939298576593102"
"wavelet-HLH","glcm","Contrast","1.367987911961787"
"wavelet-HLH","glcm","Correlation","0.06854109603564323"
"wavelet-HLH","glcm","DifferenceAverage","0.7171498602858153"
"wavelet-HLH","glcm","DifferenceEntropy","1.4611062044492003"
"wavelet-HLH","glcm","DifferenceVariance","0.8422628105030984"
"wavelet-HLH","glcm","Id","0.7016397653003269"
"wavelet-HLH","glcm","Idm","0.69063910835561"
"wavelet-HLH","glcm","Idmn","0.997034780799175"
"wavelet-HLH","glcm","Idn","0.9685288519242252"
"wavelet-HLH","glcm","Imc1","-0.07283988439539973"
"wavelet-HLH","glcm","Imc2","0.4378894324928161"
"wavelet-HLH","glcm","InverseVariance","0.4940289217015422"
"wavelet-HLH","glcm","JointAverage","10.51621848214248"
"wavelet-HLH","glcm","JointEnergy","0.18982114517085347"
"wavelet-HLH","glcm","JointEntropy","3.0453010188372165"
"wavelet-HLH","glcm","MCC","0.4981735370649957"
"wavelet-HLH","glcm","MaximumProbability","0.24696119951215015"
"wavelet-HLH","glcm","SumAverage","21.03243696428496"
"wavelet-HLH","glcm","SumEntropy","2.084575265371718"
"wavelet-HLH","glcm","SumSquares","0.740479442405274"
"wavelet-HLH","gldm","DependenceEntropy","5.259919676652271"
"wavelet-HLH","gldm","DependenceNonUniformity","3603.649204083873"
"wavelet-HLH","gldm","DependenceNonUniformityNormalized","0.07912282806200183"
"wavelet-HLH","gldm","DependenceVariance","17.648015564801653"
"wavelet-HLH","gldm","GrayLevelNonUniformity","18240.927148973544"
"wavelet-HLH","gldm","GrayLevelVariance","0.8644150059703729"
"wavelet-HLH","gldm","HighGrayLevelEmphasis","111.43302228565156"
"wavelet-HLH","gldm","LargeDependenceEmphasis","143.56405752552422"
"wavelet-HLH","gldm","LargeDependenceHighGrayLevelEmphasis","15769.410934240861"
"wavelet-HLH","gldm","LargeDependenceLowGrayLevelEmphasis","1.3212857602360397"
"wavelet-HLH","gldm","LowGrayLevelEmphasis","0.009326690691437108"
"wavelet-HLH","gldm","SmallDependenceEmphasis","0.03890236426274763"
"wavelet-HLH","gldm","SmallDependenceHighGrayLevelEmphasis","4.551456674235692"
"wavelet-HLH","gldm","SmallDependenceLowGrayLevelEmphasis","0.0004574474301660863"
"wavelet-HLH","glrlm","GrayLevelNonUniformity","9884.40726097543"
"wavelet-HLH","glrlm","GrayLevelNonUniformityNormalized","0.35653205193838466"
"wavelet-HLH","glrlm","GrayLevelVariance","1.1993949765363006"
"wavelet-HLH","glrlm","HighGrayLevelRunEmphasis","112.22508947796595"
"wavelet-HLH","glrlm","LongRunEmphasis","4.197988372674211"
"wavelet-HLH","glrlm","LongRunHighGrayLevelEmphasis","463.98946655308737"
"wavelet-HLH","glrlm","LongRunLowGrayLevelEmphasis","0.03885336003402011"
"wavelet-HLH","glrlm","LowGrayLevelRunEmphasis","0.009415996437960783"
"wavelet-HLH","glrlm","RunEntropy","3.4273540369586137"
"wavelet-HLH","glrlm","RunLengthNonUniformity","12658.737649919112"
"wavelet-HLH","glrlm","RunLengthNonUniformityNormalized","0.450507716387758"
"wavelet-HLH","glrlm","RunPercentage","0.6068757019684674"
"wavelet-HLH","glrlm","RunVariance","1.3182680078039544"
"wavelet-HLH","glrlm","ShortRunEmphasis","0.6889638994461679"
"wavelet-HLH","glrlm","ShortRunHighGrayLevelEmphasis","77.82649129192117"
"wavelet-HLH","glrlm","ShortRunLowGrayLevelEmphasis","0.006558901244254443"
"wavelet-HLH","glszm","GrayLevelNonUniformity","210.6825806451613"
"wavelet-HLH","glszm","GrayLevelNonUniformityNormalized","0.13592424557752342"
"wavelet-HLH","glszm","GrayLevelVariance","7.86140478668054"
"wavelet-HLH","glszm","HighGrayLevelZoneEmphasis","118.9258064516129"
"wavelet-HLH","glszm","LargeAreaEmphasis","385277.3335483871"
"wavelet-HLH","glszm","LargeAreaHighGrayLevelEmphasis","42454820.38774194"
"wavelet-HLH","glszm","LargeAreaLowGrayLevelEmphasis","3528.3128708213994"
"wavelet-HLH","glszm","LowGrayLevelZoneEmphasis","0.01253532078163642"
"wavelet-HLH","glszm","SizeZoneNonUniformity","534.0374193548387"
"wavelet-HLH","glszm","SizeZoneNonUniformityNormalized","0.3445402705515088"
"wavelet-HLH","glszm","SmallAreaEmphasis","0.6068839418505448"
"wavelet-HLH","glszm","SmallAreaHighGrayLevelEmphasis","71.68465278848468"
"wavelet-HLH","glszm","SmallAreaLowGrayLevelEmphasis","0.008238669334252706"
"wavelet-HLH","glszm","ZoneEntropy","5.52328178184432"
"wavelet-HLH","glszm","ZonePercentage","0.03403227577121528"
"wavelet-HLH","glszm","ZoneVariance","384413.9216753383"
"wavelet-HLH","ngtdm","Busyness","24.200639191082978"
"wavelet-HLH","ngtdm","Coarseness","0.00010728030703403409"
"wavelet-HLH","ngtdm","Complexity","138.6192163110697"
"wavelet-HLH","ngtdm","Contrast","0.0027007978186297083"
"wavelet-HLH","ngtdm","Strength","0.05307893914138652"
"wavelet-HHL","firstorder","10Percentile","-12.822960499129271"
"wavelet-HHL","firstorder","90Percentile","12.995740397045047"
"wavelet-HHL","firstorder","Energy","8947579.046922678"
"wavelet-HHL","firstorder","Entropy","1.381170444326556"
"wavelet-HHL","firstorder","InterquartileRange","12.593493327179374"
"wavelet-HHL","firstorder","Kurtosis","14.20926636755372"
"wavelet-HHL","firstorder","Maximum","158.0828856373099"
"wavelet-HHL","firstorder","MeanAbsoluteDeviation","9.115773016816512"
"wavelet-HHL","firstorder","Mean","0.11736268201251707"
"wavelet-HHL","firstorder","Median","-0.12482969743814534"
"wavelet-HHL","firstorder","Minimum","-163.08657161508665"
"wavelet-HHL","firstorder","Range","321.16945725239657"
"wavelet-HHL","firstorder","RobustMeanAbsoluteDeviation","5.294371668039149"
"wavelet-HHL","firstorder","RootMeanSquared","14.016268833259677"
"wavelet-HHL","firstorder","Skewness","0.009972044893766095"
"wavelet-HHL","firstorder","TotalEnergy","10538730.543099267"
"wavelet-HHL","firstorder","Uniformity","0.4444938469251547"
"wavelet-HHL","firstorder","Variance","196.44201800707742"
"wavelet-HHL","glcm","Autocorrelation","56.3024731898002"
"wavelet-HHL","glcm","ClusterProminence","8.256530464126874"
"wavelet-HHL","glcm","ClusterShade","-0.00856148027366926"
"wavelet-HHL","glcm","ClusterTendency","0.8892386840931625"
"wavelet-HHL","glcm","Contrast","0.7666002602799513"
"wavelet-HHL","glcm","Correlation","0.07262742679768129"
"wavelet-HHL","glcm","DifferenceAverage","0.5904767877633483"
"wavelet-HHL","glcm","DifferenceEntropy","1.2398506399029783"
"wavelet-HHL","glcm","DifferenceVariance","0.41210432588345003"
"wavelet-HHL","glcm","Id","0.7260905283838651"
"wavelet-HHL","glcm","Idm","0.720655229203548"
"wavelet-HHL","glcm","Idmn","0.9961863788492553"
"wavelet-HHL","glcm","Idn","0.9613072680294809"
"wavelet-HHL","glcm","Imc1","-0.049314615764539965"
"wavelet-HHL","glcm","Imc2","0.333488639886392"
"wavelet-HHL","glcm","InverseVariance","0.5002551690924611"
"wavelet-HHL","glcm","JointAverage","7.501453069022824"
"wavelet-HHL","glcm","JointEnergy","0.21748606916092666"
"wavelet-HHL","glcm","JointEntropy","2.582152259166518"
"wavelet-HHL","glcm","MCC","0.4905634508979937"
"wavelet-HHL","glcm","MaximumProbability","0.25531575027311654"
"wavelet-HHL","glcm","SumAverage","15.002906138045647"
"wavelet-HHL","glcm","SumEntropy","1.8294687330375017"
"wavelet-HHL","glcm","SumSquares","0.4139597360932784"
"wavelet-HHL","gldm","DependenceEntropy","4.985804620151037"
"wavelet-HHL","gldm","DependenceNonUniformity","3985.3289933033266"
"wavelet-HHL","gldm","DependenceNonUniformityNormalized","0.08750310667039908"
"wavelet-HHL","gldm","DependenceVariance","14.345950839156242"
"wavelet-HHL","gldm","GrayLevelNonUniformity","20244.47225820617"
"wavelet-HHL","gldm","GrayLevelVariance","0.4528680662773867"
"wavelet-HHL","gldm","HighGrayLevelEmphasis","56.745855747063345"
"wavelet-HHL","gldm","LargeDependenceEmphasis","155.38875837084203"
"wavelet-HHL","gldm","LargeDependenceHighGrayLevelEmphasis","8717.87159951696"
"wavelet-HHL","gldm","LargeDependenceLowGrayLevelEmphasis","2.8235203611150674"
"wavelet-HHL","gldm","LowGrayLevelEmphasis","0.01831669344778481"
"wavelet-HHL","gldm","SmallDependenceEmphasis","0.025132491140856982"
"wavelet-HHL","gldm","SmallDependenceHighGrayLevelEmphasis","1.4887813227872266"
"wavelet-HHL","gldm","SmallDependenceLowGrayLevelEmphasis","0.0005565693056272565"
"wavelet-HHL","glrlm","GrayLevelNonUniformity","11030.152513145322"
"wavelet-HHL","glrlm","GrayLevelNonUniformityNormalized","0.4156985996629055"
"wavelet-HHL","glrlm","GrayLevelVariance","0.5714766209435468"
"wavelet-HHL","glrlm","HighGrayLevelRunEmphasis","57.06707709983925"
"wavelet-HHL","glrlm","LongRunEmphasis","4.511110677273178"
"wavelet-HHL","glrlm","LongRunHighGrayLevelEmphasis","254.37795693779753"
"wavelet-HHL","glrlm","LongRunLowGrayLevelEmphasis","0.0822116874644658"
"wavelet-HHL","glrlm","LowGrayLevelRunEmphasis","0.01844354533206799"
"wavelet-HHL","glrlm","RunEntropy","3.170624611146871"
"wavelet-HHL","glrlm","RunLengthNonUniformity","11220.242633118225"
"wavelet-HHL","glrlm","RunLengthNonUniformityNormalized","0.4189327163937371"
"wavelet-HHL","glrlm","RunPercentage","0.5816867510577028"
"wavelet-HHL","glrlm","RunVariance","1.429466938358828"
"wavelet-HHL","glrlm","ShortRunEmphasis","0.659756734735035"
"wavelet-HHL","glrlm","ShortRunHighGrayLevelEmphasis","37.85934694199693"
"wavelet-HHL","glrlm","ShortRunLowGrayLevelEmphasis","0.012274068346956582"
"wavelet-HHL","glszm","GrayLevelNonUniformity","172.55831265508684"
"wavelet-HHL","glszm","GrayLevelNonUniformityNormalized","0.2140921993239291"
"wavelet-HHL","glszm","GrayLevelVariance","4.244222918680616"
"wavelet-HHL","glszm","HighGrayLevelZoneEmphasis","60.06699751861042"
"wavelet-HHL","glszm","LargeAreaEmphasis","798884.4181141439"
"wavelet-HHL","glszm","LargeAreaHighGrayLevelEmphasis","44914211.307692304"
"wavelet-HHL","glszm","LargeAreaLowGrayLevelEmphasis","14464.59144981872"
"wavelet-HHL","glszm","LowGrayLevelZoneEmphasis","0.02550571749145198"
"wavelet-HHL","glszm","SizeZoneNonUniformity","306.4317617866005"
"wavelet-HHL","glszm","SizeZoneNonUniformityNormalized","0.380188290057817"
"wavelet-HHL","glszm","SmallAreaEmphasis","0.6407568059798397"
"wavelet-HHL","glszm","SmallAreaHighGrayLevelEmphasis","38.76258812049075"
"wavelet-HHL","glszm","SmallAreaLowGrayLevelEmphasis","0.016189645654360037"
"wavelet-HHL","glszm","ZoneEntropy","4.755800724040629"
"wavelet-HHL","glszm","ZonePercentage","0.017696783401031948"
"wavelet-HHL","glszm","ZoneVariance","795691.3268676612"
"wavelet-HHL","ngtdm","Busyness","57.616726645761105"
"wavelet-HHL","ngtdm","Coarseness","9.842529133782255e-05"
"wavelet-HHL","ngtdm","Complexity","53.17181245788788"
"wavelet-HHL","ngtdm","Contrast","0.0027906364986322344"
"wavelet-HHL","ngtdm","Strength","0.018311993455837776"
"wavelet-HHH","firstorder","10Percentile","-9.20062491352872"
"wavelet-HHH","firstorder","90Percentile","9.279121436469577"
"wavelet-HHH","firstorder","Energy","3617986.190472519"
"wavelet-HHH","firstorder","Entropy","1.1557808461059467"
"wavelet-HHH","firstorder","InterquartileRange","9.21103809516002"
"wavelet-HHH","firstorder","Kurtosis","9.323279860948446"
"wavelet-HHH","firstorder","Maximum","93.23016903456251"
"wavelet-HHH","firstorder","MeanAbsoluteDeviation","6.23126662698702"
"wavelet-HHH","firstorder","Mean","0.045836923122820124"
"wavelet-HHH","firstorder","Median","0.04065299677344131"
"wavelet-HHH","firstorder","Minimum","-74.44979049161297"
"wavelet-HHH","firstorder","Range","167.67995952617548"
"wavelet-HHH","firstorder","RobustMeanAbsoluteDeviation","3.862190271746835"
"wavelet-HHH","firstorder","RootMeanSquared","8.912778205244257"
"wavelet-HHH","firstorder","Skewness","0.07860456987063955"
"wavelet-HHH","firstorder","TotalEnergy","4261374.095729025"
"wavelet-HHH","firstorder","Uniformity","0.47943340579669885"
"wavelet-HHH","firstorder","Variance","79.43551431235566"
"wavelet-HHH","glcm","Autocorrelation","12.255551495132117"
"wavelet-HHH","glcm","ClusterProminence","1.1156494668417802"
"wavelet-HHH","glcm","ClusterShade","-0.009658558035412053"
"wavelet-HHH","glcm","ClusterTendency","0.5745158330789982"
"wavelet-HHH","glcm","Contrast","0.5897986241550327"
"wavelet-HHH","glcm","Correlation","-0.01314654933407229"
"wavelet-HHH","glcm","DifferenceAverage","0.5414452158998411"
"wavelet-HHH","glcm","DifferenceEntropy","1.1071596858173378"
"wavelet-HHH","glcm","DifferenceVariance","0.2941068756345805"
"wavelet-HHH","glcm","Id","0.7361820768931179"
"wavelet-HHH","glcm","Idm","0.7340166437923255"
"wavelet-HHH","glcm","Idmn","0.9883730731639685"
"wavelet-HHH","glcm","Idn","0.9329498654588252"
"wavelet-HHH","glcm","Imc1","-0.023622156711316934"
"wavelet-HHH","glcm","Imc2","0.2179069239018537"
"wavelet-HHH","glcm","InverseVariance","0.509363502175127"
"wavelet-HHH","glcm","JointAverage","3.501338495037999"
"wavelet-HHH","glcm","JointEnergy","0.2374724009619823"
"wavelet-HHH","glcm","JointEntropy","2.243033271299697"
"wavelet-HHH","glcm","MCC","0.2977376945279268"
"wavelet-HHH","glcm","MaximumProbability","0.26116420058004813"
"wavelet-HHH","glcm","SumAverage","7.002676990075998"
"wavelet-HHH","glcm","SumEntropy","1.6125254457801614"
"wavelet-HHH","glcm","SumSquares","0.29107861430850773"
"wavelet-HHH","gldm","DependenceEntropy","4.568008995031493"
"wavelet-HHH","gldm","DependenceNonUniformity","5075.617982215392"
"wavelet-HHH","gldm","DependenceNonUniformityNormalized","0.11144182637425384"
"wavelet-HHH","gldm","DependenceVariance","9.746334309708859"
"wavelet-HHH","gldm","GrayLevelNonUniformity","21835.794467010648"
"wavelet-HHH","gldm","GrayLevelVariance","0.2991328492878379"
"wavelet-HHH","gldm","HighGrayLevelEmphasis","12.565352947634208"
"wavelet-HHH","gldm","LargeDependenceEmphasis","156.4489845208036"
"wavelet-HHH","gldm","LargeDependenceHighGrayLevelEmphasis","1966.7799099791416"
"wavelet-HHH","gldm","LargeDependenceLowGrayLevelEmphasis","13.535693596500336"
"wavelet-HHH","gldm","LowGrayLevelEmphasis","0.08853502317236772"
"wavelet-HHH","gldm","SmallDependenceEmphasis","0.01555359141080141"
"wavelet-HHH","gldm","SmallDependenceHighGrayLevelEmphasis","0.21152287592684293"
"wavelet-HHH","gldm","SmallDependenceLowGrayLevelEmphasis","0.0019524262123493585"
"wavelet-HHH","glrlm","GrayLevelNonUniformity","12204.639465473188"
"wavelet-HHH","glrlm","GrayLevelNonUniformityNormalized","0.467932542397816"
"wavelet-HHH","glrlm","GrayLevelVariance","0.3280242604715913"
"wavelet-HHH","glrlm","HighGrayLevelRunEmphasis","12.573442340793719"
"wavelet-HHH","glrlm","LongRunEmphasis","4.490143472261744"
"wavelet-HHH","glrlm","LongRunHighGrayLevelEmphasis","56.432756877659635"
"wavelet-HHH","glrlm","LongRunLowGrayLevelEmphasis","0.39249034881485606"
"wavelet-HHH","glrlm","LowGrayLevelRunEmphasis","0.08978410945563982"
"wavelet-HHH","glrlm","RunEntropy","2.9081274314026553"
"wavelet-HHH","glrlm","RunLengthNonUniformity","10653.321490843884"
"wavelet-HHH","glrlm","RunLengthNonUniformityNormalized","0.40685088681635256"
"wavelet-HHH","glrlm","RunPercentage","0.5726120405009415"
"wavelet-HHH","glrlm","RunVariance","1.398972524318836"
"wavelet-HHH","glrlm","ShortRunEmphasis","0.6487154074137464"
"wavelet-HHH","glrlm","ShortRunHighGrayLevelEmphasis","8.168194443012784"
"wavelet-HHH","glrlm","ShortRunLowGrayLevelEmphasis","0.05919311115813101"
"wavelet-HHH","glszm","GrayLevelNonUniformity","108.53271028037383"
"wavelet-HHH","glszm","GrayLevelNonUniformityNormalized","0.3381081317145602"
"wavelet-HHH","glszm","GrayLevelVariance","2.671907299036306"
"wavelet-HHH","glszm","HighGrayLevelZoneEmphasis","15.218068535825545"
"wavelet-HHH","glszm","LargeAreaEmphasis","2088872.5950155763"
"wavelet-HHH","glszm","LargeAreaHighGrayLevelEmphasis","26174867.59190031"
"wavelet-HHH","glszm","LargeAreaLowGrayLevelEmphasis","180887.76968282225"
"wavelet-HHH","glszm","LowGrayLevelZoneEmphasis","0.1833622961126299"
"wavelet-HHH","glszm","SizeZoneNonUniformity","139.36760124610592"
"wavelet-HHH","glszm","SizeZoneNonUniformityNormalized","0.4341669820750963"
"wavelet-HHH","glszm","SmallAreaEmphasis","0.684410338875493"
"wavelet-HHH","glszm","SmallAreaHighGrayLevelEmphasis","10.570860335828275"
"wavelet-HHH","glszm","SmallAreaLowGrayLevelEmphasis","0.12603331441436935"
"wavelet-HHH","glszm","ZoneEntropy","3.715856443006494"
"wavelet-HHH","glszm","ZonePercentage","0.007047974530683939"
"wavelet-HHH","glszm","ZoneVariance","2068741.3169320945"
"wavelet-HHH","ngtdm","Busyness","314.3489677086025"
"wavelet-HHH","ngtdm","Coarseness","8.968805576067819e-05"
"wavelet-HHH","ngtdm","Complexity","12.520996912246728"
"wavelet-HHH","ngtdm","Contrast","0.007579574443924125"
"wavelet-HHH","ngtdm","Strength","0.0026266079557903874"
"wavelet-LLL","firstorder","10Percentile","-272.7862056371946"
"wavelet-LLL","firstorder","90Percentile","146.04422187181123"
"wavelet-LLL","firstorder","Energy","4505900201.247694"
"wavelet-LLL","firstorder","Entropy","3.7431086275226657"
"wavelet-LLL","firstorder","InterquartileRange","60.31357256387459"
"wavelet-LLL","firstorder","Kurtosis","20.726122821119848"
"wavelet-LLL","firstorder","Maximum","428.45506136437444"
"wavelet-LLL","firstorder","MeanAbsoluteDeviation","174.49231269822243"
"wavelet-LLL","firstorder","Mean","5.616615204172191"
"wavelet-LLL","firstorder","Median","101.83248718435375"
"wavelet-LLL","firstorder","Minimum","-2818.347301754614"
"wavelet-LLL","firstorder","Range","3246.8023631189885"
"wavelet-LLL","firstorder","RobustMeanAbsoluteDeviation","39.58732169332039"
"wavelet-LLL","firstorder","RootMeanSquared","314.5360518301939"
"wavelet-LLL","firstorder","Skewness","-3.8808171064342223"
"wavelet-LLL","firstorder","TotalEnergy","5307186203.778566"
"wavelet-LLL","firstorder","Uniformity","0.14623028902312038"
"wavelet-LLL","firstorder","Variance","98901.3815345747"
"wavelet-LLL","glcm","Autocorrelation","13310.925406992648"
"wavelet-LLL","glcm","ClusterProminence","3168474.8357584616"
"wavelet-LLL","glcm","ClusterShade","-27213.288423129085"
"wavelet-LLL","glcm","ClusterTendency","330.6501954969883"
"wavelet-LLL","glcm","Contrast","65.18596692550243"
"wavelet-LLL","glcm","Correlation","0.6562427357020035"
"wavelet-LLL","glcm","DifferenceAverage","3.172396693580097"
"wavelet-LLL","glcm","DifferenceEntropy","2.7373845081918637"
"wavelet-LLL","glcm","DifferenceVariance","54.87583091816003"
"wavelet-LLL","glcm","Id","0.5688234647101941"
"wavelet-LLL","glcm","Idm","0.5373534828341627"
"wavelet-LLL","glcm","Idmn","0.9964902449294079"
"wavelet-LLL","glcm","Idn","0.9788157590330241"
"wavelet-LLL","glcm","Imc1","-0.19427165290110654"
"wavelet-LLL","glcm","Imc2","0.8483704430972584"
"wavelet-LLL","glcm","InverseVariance","0.42211801777929686"
"wavelet-LLL","glcm","JointAverage","115.08456063314026"
"wavelet-LLL","glcm","JointEnergy","0.04397417867996089"
"wavelet-LLL","glcm","JointEntropy","6.283179641526275"
"wavelet-LLL","glcm","MCC","0.7452171570376123"
"wavelet-LLL","glcm","MaximumProbability","0.11463006710017602"
"wavelet-LLL","glcm","SumAverage","230.1691212662804"
"wavelet-LLL","glcm","SumEntropy","4.404383563781764"
"wavelet-LLL","glcm","SumSquares","98.95904060562268"
"wavelet-LLL","gldm","DependenceEntropy","7.335467303135369"
"wavelet-LLL","gldm","DependenceNonUniformity","2847.2325612032055"
"wavelet-LLL","gldm","DependenceNonUniformityNormalized","0.06251471206945232"
"wavelet-LLL","gldm","DependenceVariance","26.813005813238988"
"wavelet-LLL","gldm","GrayLevelNonUniformity","6660.0585135580195"
"wavelet-LLL","gldm","GrayLevelVariance","158.31056290786253"
"wavelet-LLL","gldm","HighGrayLevelEmphasis","13091.440860687233"
"wavelet-LLL","gldm","LargeDependenceEmphasis","96.68014052036447"
"wavelet-LLL","gldm","LargeDependenceHighGrayLevelEmphasis","1340999.7223405424"
"wavelet-LLL","gldm","LargeDependenceLowGrayLevelEmphasis","0.007023128376558341"
"wavelet-LLL","gldm","LowGrayLevelEmphasis","0.00011528454363512466"
"wavelet-LLL","gldm","SmallDependenceEmphasis","0.15970735325543345"
"wavelet-LLL","gldm","SmallDependenceHighGrayLevelEmphasis","1574.0828036997736"
"wavelet-LLL","gldm","SmallDependenceLowGrayLevelEmphasis","5.151342909635328e-05"
"wavelet-LLL","glrlm","GrayLevelNonUniformity","3787.7839800983975"
"wavelet-LLL","glrlm","GrayLevelNonUniformityNormalized","0.11575363334213694"
"wavelet-LLL","glrlm","GrayLevelVariance","210.08286306254433"
"wavelet-LLL","glrlm","HighGrayLevelRunEmphasis","12788.557515087972"
"wavelet-LLL","glrlm","LongRunEmphasis","2.7309148839852324"
"wavelet-LLL","glrlm","LongRunHighGrayLevelEmphasis","36781.35953757351"
"wavelet-LLL","glrlm","LongRunLowGrayLevelEmphasis","0.0002578725260682313"
"wavelet-LLL","glrlm","LowGrayLevelRunEmphasis","0.0001323188747527238"
"wavelet-LLL","glrlm","RunEntropy","5.233853235549262"
"wavelet-LLL","glrlm","RunLengthNonUniformity","19509.98069967895"
"wavelet-LLL","glrlm","RunLengthNonUniformityNormalized","0.5945424179058909"
"wavelet-LLL","glrlm","RunPercentage","0.7169747586917418"
"wavelet-LLL","glrlm","RunVariance","0.7607378353570058"
"wavelet-LLL","glrlm","ShortRunEmphasis","0.7987094642197783"
"wavelet-LLL","glrlm","ShortRunHighGrayLevelEmphasis","10004.76181739902"
"wavelet-LLL","glrlm","ShortRunLowGrayLevelEmphasis","0.00011760801946805478"
"wavelet-LLL","glszm","GrayLevelNonUniformity","131.524277067922"
"wavelet-LLL","glszm","GrayLevelNonUniformityNormalized","0.017689882591516073"
"wavelet-LLL","glszm","GrayLevelVariance","481.5379711636697"
"wavelet-LLL","glszm","HighGrayLevelZoneEmphasis","9727.285137861467"
"wavelet-LLL","glszm","LargeAreaEmphasis","30303.84142568931"
"wavelet-LLL","glszm","LargeAreaHighGrayLevelEmphasis","421637636.8578346"
"wavelet-LLL","glszm","LargeAreaLowGrayLevelEmphasis","2.178610405193178"
"wavelet-LLL","glszm","LowGrayLevelZoneEmphasis","0.0003229179487514174"
"wavelet-LLL","glszm","SizeZoneNonUniformity","4616.027034297243"
"wavelet-LLL","glszm","SizeZoneNonUniformityNormalized","0.6208509797306312"
"wavelet-LLL","glszm","SmallAreaEmphasis","0.813842936099346"
"wavelet-LLL","glszm","SmallAreaHighGrayLevelEmphasis","7500.749885192062"
"wavelet-LLL","glszm","SmallAreaLowGrayLevelEmphasis","0.00030049320211192115"
"wavelet-LLL","glszm","ZoneEntropy","7.285418040946737"
"wavelet-LLL","glszm","ZonePercentage","0.1632451421670875"
"wavelet-LLL","glszm","ZoneVariance","30266.31653229581"
"wavelet-LLL","ngtdm","Busyness","0.20956578648988236"
"wavelet-LLL","ngtdm","Coarseness","0.00018476682272638794"
"wavelet-LLL","ngtdm","Complexity","21279.156588196056"
"wavelet-LLL","ngtdm","Contrast","0.05078540838520894"
"wavelet-LLL","ngtdm","Strength","7.900370188087261"
