"Image type","Feature Class","Feature Name","Segmentation_5_segment_Segment_1"
"diagnostics","Versions","PyRadiomics","v3.0.1.post4+gad5b2de"
"diagnostics","Versions","Numpy","1.19.2"
"diagnostics","Versions","SimpleITK","2.0.2"
"diagnostics","Versions","PyWavelet","1.1.1"
"diagnostics","Versions","Python","3.6.7"
"diagnostics","Configuration","Settings","{'minimumROIDimensions': 2, 'minimumROISize': None, 'normalize': False, 'normalizeScale': 1, 'removeOutliers': None, 'resampledPixelSpacing': None, 'interpolator': 'sitkBSpline', 'preCrop': False, 'padDistance': 5, 'distances': [1], 'force2D': False, 'force2Ddimension': 0, 'resegmentRange': None, 'label': 1, 'additionalInfo': True, 'binWidth': 25.0, 'symmetricalGLCM': True, 'correctMask': True}"
"diagnostics","Configuration","EnabledImageTypes","{'Original': {}, 'Wavelet': {}}"
"diagnostics","Image-original","Hash","1e7f5966157cb1955c297906e2b1a1fe6895c76d"
"diagnostics","Image-original","Dimensionality","3D"
"diagnostics","Image-original","Spacing","(0.7480470000000001, 0.7480470000000001, 1.2499999999999998)"
"diagnostics","Image-original","Size","(512, 512, 277)"
"diagnostics","Image-original","Mean","-1026.5298161558296"
"diagnostics","Image-original","Minimum","-3024.0"
"diagnostics","Image-original","Maximum","1762.0"
"diagnostics","Mask-original","Hash","787d1c8fe096cd5ba7d319a67e60e6308bf7cf12"
"diagnostics","Mask-original","Spacing","(0.7480470000000001, 0.7480470000000001, 1.2499999999999998)"
"diagnostics","Mask-original","Size","(512, 512, 277)"
"diagnostics","Mask-original","BoundingBox","(284, 183, 72, 137, 143, 162)"
"diagnostics","Mask-original","VoxelNum","43497"
"diagnostics","Mask-original","VolumeNum","20"
"diagnostics","Mask-original","CenterOfMassIndex","(355.22203830149203, 250.8605880865347, 114.56813113548061)"
"diagnostics","Mask-original","CenterOfMass","(73.92278008531625, -3.844489663631947, -192.53983608064925)"
"original","shape","Elongation","0.4046765753981694"
"original","shape","Flatness","0.3180411851465712"
"original","shape","LeastAxisLength","80.8366284125213"
"original","shape","MajorAxisLength","254.17031563150306"
"original","shape","Maximum2DDiameterColumn","210.32914976025356"
"original","shape","Maximum2DDiameterRow","201.0104121321144"
"original","shape","Maximum2DDiameterSlice","130.46076935608247"
"original","shape","Maximum3DDiameter","212.99251649056893"
"original","shape","MeshVolume","30191.5115336965"
"original","shape","MinorAxisLength","102.85677289762846"
"original","shape","Sphericity","0.29372542027531795"
"original","shape","SurfaceArea","15963.660936068665"
"original","shape","SurfaceVolumeRatio","0.5287466617314523"
"original","shape","VoxelVolume","30424.7549314361"
"original","firstorder","10Percentile","-301.0"
"original","firstorder","90Percentile","45.0"
"original","firstorder","Energy","1538216893.0"
"original","firstorder","Entropy","3.4133405292296097"
"original","firstorder","InterquartileRange","70.0"
"original","firstorder","Kurtosis","8.781742200221894"
"original","firstorder","Maximum","144.0"
"original","firstorder","MeanAbsoluteDeviation","120.16636185226382"
"original","firstorder","Mean","-57.0193576568499"
"original","firstorder","Median","16.0"
"original","firstorder","Minimum","-942.0"
"original","firstorder","Range","1086.0"
"original","firstorder","RobustMeanAbsoluteDeviation","49.48759167377775"
"original","firstorder","RootMeanSquared","188.05251065631816"
"original","firstorder","Skewness","-2.4928684009026196"
"original","firstorder","TotalEnergy","1075933328.7564673"
"original","firstorder","Uniformity","0.18126950281876608"
"original","firstorder","Variance","32112.539616544895"
"original","glcm","Autocorrelation","1406.4985386846258"
"original","glcm","ClusterProminence","189045.6400683233"
"original","glcm","ClusterShade","-4041.027972571291"
"original","glcm","ClusterTendency","123.03495103148119"
"original","glcm","Contrast","23.5594959685776"
"original","glcm","Correlation","0.6710195360928689"
"original","glcm","DifferenceAverage","2.3486711729086345"
"original","glcm","DifferenceEntropy","2.6632112404428083"
"original","glcm","DifferenceVariance","17.89926301738876"
"original","glcm","Id","0.5957344177445566"
"original","glcm","Idm","0.5640934530987363"
"original","glcm","Idmn","0.9892791676081222"
"original","glcm","Idn","0.9557652336038822"
"original","glcm","Imc1","-0.16108093083757144"
"original","glcm","Imc2","0.7787412721207851"
"original","glcm","InverseVariance","0.36957789362015914"
"original","glcm","JointAverage","37.169910449729244"
"original","glcm","JointEnergy","0.07558614182353696"
"original","glcm","JointEntropy","5.691450825885285"
"original","glcm","MCC","0.715942240589767"
"original","glcm","MaximumProbability","0.18349327491376016"
"original","glcm","SumAverage","74.33982089945849"
"original","glcm","SumEntropy","4.058034390767787"
"original","glcm","SumSquares","36.648611750014695"
"original","gldm","DependenceEntropy","7.006810407705133"
"original","gldm","DependenceNonUniformity","2633.001379405476"
"original","gldm","DependenceNonUniformityNormalized","0.06053294202831175"
"original","gldm","DependenceVariance","44.02084916762853"
"original","gldm","GrayLevelNonUniformity","7884.67956410787"
"original","gldm","GrayLevelVariance","51.46622520786536"
"original","gldm","HighGrayLevelEmphasis","1364.8633468974872"
"original","gldm","LargeDependenceEmphasis","126.27374301675978"
"original","gldm","LargeDependenceHighGrayLevelEmphasis","197306.3266202267"
"original","gldm","LargeDependenceLowGrayLevelEmphasis","0.08703552276177924"
"original","gldm","LowGrayLevelEmphasis","0.0014108988649467358"
"original","gldm","SmallDependenceEmphasis","0.1870982343006601"
"original","gldm","SmallDependenceHighGrayLevelEmphasis","163.54390283840183"
"original","gldm","SmallDependenceLowGrayLevelEmphasis","0.0005659155612309783"
"original","glrlm","GrayLevelNonUniformity","3655.2789396440426"
"original","glrlm","GrayLevelNonUniformityNormalized","0.12136294826660238"
"original","glrlm","GrayLevelVariance","66.05165692068286"
"original","glrlm","HighGrayLevelRunEmphasis","1280.6177367527805"
"original","glrlm","LongRunEmphasis","3.2567364400717436"
"original","glrlm","LongRunHighGrayLevelEmphasis","4794.854109794902"
"original","glrlm","LongRunLowGrayLevelEmphasis","0.0033246205737341027"
"original","glrlm","LowGrayLevelRunEmphasis","0.0017113761574571698"
"original","glrlm","RunEntropy","4.998141379001364"
"original","glrlm","RunLengthNonUniformity","17947.84751389859"
"original","glrlm","RunLengthNonUniformityNormalized","0.5957126071265979"
"original","glrlm","RunPercentage","0.6896408417202955"
"original","glrlm","RunVariance","1.1233511662545062"
"original","glrlm","ShortRunEmphasis","0.799157810275487"
"original","glrlm","ShortRunHighGrayLevelEmphasis","971.8356027134141"
"original","glrlm","ShortRunLowGrayLevelEmphasis","0.0015482785331508118"
"original","glszm","GrayLevelNonUniformity","308.52962583873534"
"original","glszm","GrayLevelNonUniformityNormalized","0.035088095739649196"
"original","glszm","GrayLevelVariance","84.81221768362546"
"original","glszm","HighGrayLevelZoneEmphasis","855.3813260548163"
"original","glszm","LargeAreaEmphasis","17859.684635505517"
"original","glszm","LargeAreaHighGrayLevelEmphasis","27992414.011713862"
"original","glszm","LargeAreaLowGrayLevelEmphasis","11.41338743266908"
"original","glszm","LowGrayLevelZoneEmphasis","0.003139027198901138"
"original","glszm","SizeZoneNonUniformity","4792.214375071079"
"original","glszm","SizeZoneNonUniformityNormalized","0.5450033407336607"
"original","glszm","SmallAreaEmphasis","0.7663803569551075"
"original","glszm","SmallAreaHighGrayLevelEmphasis","613.8619749447766"
"original","glszm","SmallAreaLowGrayLevelEmphasis","0.0024965338653785783"
"original","glszm","ZoneEntropy","6.412541595805349"
"original","glszm","ZonePercentage","0.20215187254293399"
"original","glszm","ZoneVariance","17835.214044250562"
"original","ngtdm","Busyness","2.362731220152842"
"original","ngtdm","Coarseness","0.00015811106543702413"
"original","ngtdm","Complexity","1687.8889017392664"
"original","ngtdm","Contrast","0.09914966810148476"
"original","ngtdm","Strength","0.44573565935863635"
"wavelet-LLH","firstorder","10Percentile","-218.4295306241958"
"wavelet-LLH","firstorder","90Percentile","106.61506097020558"
"wavelet-LLH","firstorder","Energy","915498803.8762693"
"wavelet-LLH","firstorder","Entropy","4.0341482606157175"
"wavelet-LLH","firstorder","InterquartileRange","98.06640248922382"
"wavelet-LLH","firstorder","Kurtosis","5.167491866038274"
"wavelet-LLH","firstorder","Maximum","658.9832686301578"
"wavelet-LLH","firstorder","MeanAbsoluteDeviation","94.79224702632452"
"wavelet-LLH","firstorder","Mean","-31.274126232208165"
"wavelet-LLH","firstorder","Median","-9.426433644444892"
"wavelet-LLH","firstorder","Minimum","-730.9130394674781"
"wavelet-LLH","firstorder","Range","1389.896308097636"
"wavelet-LLH","firstorder","RobustMeanAbsoluteDeviation","49.7457151211178"
"wavelet-LLH","firstorder","RootMeanSquared","145.0772244678593"
"wavelet-LLH","firstorder","Skewness","0.13442565213923718"
"wavelet-LLH","firstorder","TotalEnergy","640362019.1727791"
"wavelet-LLH","firstorder","Uniformity","0.11562365106741483"
"wavelet-LLH","firstorder","Variance","20069.330087709546"
"wavelet-LLH","glcm","Autocorrelation","856.006200160228"
"wavelet-LLH","glcm","ClusterProminence","32474.95501391846"
"wavelet-LLH","glcm","ClusterShade","-14.601407624094138"
"wavelet-LLH","glcm","ClusterTendency","74.46772826950505"
"wavelet-LLH","glcm","Contrast","38.92531643957002"
"wavelet-LLH","glcm","Correlation","0.2981738778955546"
"wavelet-LLH","glcm","DifferenceAverage","3.552252270230432"
"wavelet-LLH","glcm","DifferenceEntropy","3.3077377620259893"
"wavelet-LLH","glcm","DifferenceVariance","25.268943337896125"
"wavelet-LLH","glcm","Id","0.47211276687757814"
"wavelet-LLH","glcm","Idm","0.41839036902823323"
"wavelet-LLH","glcm","Idmn","0.9891835995092404"
"wavelet-LLH","glcm","Idn","0.9470066902092763"
"wavelet-LLH","glcm","Imc1","-0.1400215625435551"
"wavelet-LLH","glcm","Imc2","0.776044490494445"
"wavelet-LLH","glcm","InverseVariance","0.3208735388211158"
"wavelet-LLH","glcm","JointAverage","29.105303769119075"
"wavelet-LLH","glcm","JointEnergy","0.03987514359837406"
"wavelet-LLH","glcm","JointEntropy","7.1631045716004955"
"wavelet-LLH","glcm","MCC","0.6890552398599378"
"wavelet-LLH","glcm","MaximumProbability","0.1088164259851061"
"wavelet-LLH","glcm","SumAverage","58.21060753823818"
"wavelet-LLH","glcm","SumEntropy","4.5697955239620125"
"wavelet-LLH","glcm","SumSquares","28.34826117726878"
"wavelet-LLH","gldm","DependenceEntropy","7.161586740460828"
"wavelet-LLH","gldm","DependenceNonUniformity","4260.777685817413"
"wavelet-LLH","gldm","DependenceNonUniformityNormalized","0.0979556678809438"
"wavelet-LLH","gldm","DependenceVariance","30.973441416011948"
"wavelet-LLH","gldm","GrayLevelNonUniformity","5029.281950479343"
"wavelet-LLH","gldm","GrayLevelVariance","32.21039333849534"
"wavelet-LLH","gldm","HighGrayLevelEmphasis","887.6918638066993"
"wavelet-LLH","gldm","LargeDependenceEmphasis","71.4335931213647"
"wavelet-LLH","gldm","LargeDependenceHighGrayLevelEmphasis","65899.51608156884"
"wavelet-LLH","gldm","LargeDependenceLowGrayLevelEmphasis","0.07883593902326513"
"wavelet-LLH","gldm","LowGrayLevelEmphasis","0.001401791478577049"
"wavelet-LLH","gldm","SmallDependenceEmphasis","0.24975567692575712"
"wavelet-LLH","gldm","SmallDependenceHighGrayLevelEmphasis","228.25565417681565"
"wavelet-LLH","gldm","SmallDependenceLowGrayLevelEmphasis","0.00040588058442478223"
"wavelet-LLH","glrlm","GrayLevelNonUniformity","2791.176625785957"
"wavelet-LLH","glrlm","GrayLevelNonUniformityNormalized","0.0801728307502211"
"wavelet-LLH","glrlm","GrayLevelVariance","38.898807528991185"
"wavelet-LLH","glrlm","HighGrayLevelRunEmphasis","881.2971906598699"
"wavelet-LLH","glrlm","LongRunEmphasis","2.243145356042006"
"wavelet-LLH","glrlm","LongRunHighGrayLevelEmphasis","2020.7143453244353"
"wavelet-LLH","glrlm","LongRunLowGrayLevelEmphasis","0.0028721871643535225"
"wavelet-LLH","glrlm","LowGrayLevelRunEmphasis","0.0014692556719595473"
"wavelet-LLH","glrlm","RunEntropy","5.113555034300176"
"wavelet-LLH","glrlm","RunLengthNonUniformity","24881.99585385041"
"wavelet-LLH","glrlm","RunLengthNonUniformityNormalized","0.7161697575127169"
"wavelet-LLH","glrlm","RunPercentage","0.7938142506733443"
"wavelet-LLH","glrlm","RunVariance","0.6208948276794799"
"wavelet-LLH","glrlm","ShortRunEmphasis","0.8690899886052812"
"wavelet-LLH","glrlm","ShortRunHighGrayLevelEmphasis","762.8171130315038"
"wavelet-LLH","glrlm","ShortRunLowGrayLevelEmphasis","0.001314625306735863"
"wavelet-LLH","glszm","GrayLevelNonUniformity","428.8346907507459"
"wavelet-LLH","glszm","GrayLevelNonUniformityNormalized","0.034580654040056925"
"wavelet-LLH","glszm","GrayLevelVariance","69.26675688841318"
"wavelet-LLH","glszm","HighGrayLevelZoneEmphasis","905.3070720103218"
"wavelet-LLH","glszm","LargeAreaEmphasis","5003.816385775341"
"wavelet-LLH","glszm","LargeAreaHighGrayLevelEmphasis","4602321.276590598"
"wavelet-LLH","glszm","LargeAreaLowGrayLevelEmphasis","5.4481818077227135"
"wavelet-LLH","glszm","LowGrayLevelZoneEmphasis","0.0016821945450193403"
"wavelet-LLH","glszm","SizeZoneNonUniformity","5530.396984114184"
"wavelet-LLH","glszm","SizeZoneNonUniformityNormalized","0.44596379196146957"
"wavelet-LLH","glszm","SmallAreaEmphasis","0.6940172194122327"
"wavelet-LLH","glszm","SmallAreaHighGrayLevelEmphasis","649.6874596455011"
"wavelet-LLH","glszm","SmallAreaLowGrayLevelEmphasis","0.0011282204175152098"
"wavelet-LLH","glszm","ZoneEntropy","6.815322218943017"
"wavelet-LLH","glszm","ZonePercentage","0.28510012184748373"
"wavelet-LLH","glszm","ZoneVariance","4991.513550926271"
"wavelet-LLH","ngtdm","Busyness","2.273919728412545"
"wavelet-LLH","ngtdm","Coarseness","0.00018706702305050512"
"wavelet-LLH","ngtdm","Complexity","3346.91135248971"
"wavelet-LLH","ngtdm","Contrast","0.06073982402931682"
"wavelet-LLH","ngtdm","Strength","0.25732713134962376"
"wavelet-LHL","firstorder","10Percentile","-93.07805720934886"
"wavelet-LHL","firstorder","90Percentile","28.671355251924282"
"wavelet-LHL","firstorder","Energy","201876862.2155885"
"wavelet-LHL","firstorder","Entropy","2.9972871288714416"
"wavelet-LHL","firstorder","InterquartileRange","39.34473872479201"
"wavelet-LHL","firstorder","Kurtosis","8.573204446711644"
"wavelet-LHL","firstorder","Maximum","420.39225867738134"
"wavelet-LHL","firstorder","MeanAbsoluteDeviation","41.355852503728684"
"wavelet-LHL","firstorder","Mean","-15.493800752821603"
"wavelet-LHL","firstorder","Median","-5.442958180838028"
"wavelet-LHL","firstorder","Minimum","-550.0077782994973"
"wavelet-LHL","firstorder","Range","970.4000369768787"
"wavelet-LHL","firstorder","RobustMeanAbsoluteDeviation","19.49937436633262"
"wavelet-LHL","firstorder","RootMeanSquared","68.1261145800295"
"wavelet-LHL","firstorder","Skewness","-0.46429233428543804"
"wavelet-LHL","firstorder","TotalEnergy","141206383.41119093"
"wavelet-LHL","firstorder","Uniformity","0.20351952107983945"
"wavelet-LHL","firstorder","Variance","4401.10962600317"
"wavelet-LHL","glcm","Autocorrelation","525.7798705314548"
"wavelet-LHL","glcm","ClusterProminence","2871.9472454769393"
"wavelet-LHL","glcm","ClusterShade","-61.73459924332219"
"wavelet-LHL","glcm","ClusterTendency","17.504971649863748"
"wavelet-LHL","glcm","Contrast","7.110544778958505"
"wavelet-LHL","glcm","Correlation","0.4181600294630652"
"wavelet-LHL","glcm","DifferenceAverage","1.5567633023178429"
"wavelet-LHL","glcm","DifferenceEntropy","2.364335865272008"
"wavelet-LHL","glcm","DifferenceVariance","4.603378485795928"
"wavelet-LHL","glcm","Id","0.5812828079187878"
"wavelet-LHL","glcm","Idm","0.5417607637874688"
"wavelet-LHL","glcm","Idmn","0.995778361265924"
"wavelet-LHL","glcm","Idn","0.9648214542062313"
"wavelet-LHL","glcm","Imc1","-0.11549895639668778"
"wavelet-LHL","glcm","Imc2","0.6679249685388574"
"wavelet-LHL","glcm","InverseVariance","0.4224308787762544"
"wavelet-LHL","glcm","JointAverage","22.87315352219951"
"wavelet-LHL","glcm","JointEnergy","0.07561400187793636"
"wavelet-LHL","glcm","JointEntropy","5.334658268452189"
"wavelet-LHL","glcm","MCC","0.6014252488107377"
"wavelet-LHL","glcm","MaximumProbability","0.14992725800353635"
"wavelet-LHL","glcm","SumAverage","45.746307044399046"
"wavelet-LHL","glcm","SumEntropy","3.540946804885269"
"wavelet-LHL","glcm","SumSquares","6.153879107205565"
"wavelet-LHL","gldm","DependenceEntropy","6.530863882378107"
"wavelet-LHL","gldm","DependenceNonUniformity","2730.0106903924407"
"wavelet-LHL","gldm","DependenceNonUniformityNormalized","0.06276319494200613"
"wavelet-LHL","gldm","DependenceVariance","26.525045171655115"
"wavelet-LHL","gldm","GrayLevelNonUniformity","8852.488608409776"
"wavelet-LHL","gldm","GrayLevelVariance","7.126443243518862"
"wavelet-LHL","gldm","HighGrayLevelEmphasis","530.7014736648505"
"wavelet-LHL","gldm","LargeDependenceEmphasis","88.53854288801527"
"wavelet-LHL","gldm","LargeDependenceHighGrayLevelEmphasis","48445.19465710279"
"wavelet-LHL","gldm","LargeDependenceLowGrayLevelEmphasis","0.16319597940455144"
"wavelet-LHL","gldm","LowGrayLevelEmphasis","0.0020440824483649806"
"wavelet-LHL","gldm","SmallDependenceEmphasis","0.12890344689098157"
"wavelet-LHL","gldm","SmallDependenceHighGrayLevelEmphasis","68.61270319714416"
"wavelet-LHL","gldm","SmallDependenceLowGrayLevelEmphasis","0.00032475198504426607"
"wavelet-LHL","glrlm","GrayLevelNonUniformity","5092.144868915175"
"wavelet-LHL","glrlm","GrayLevelNonUniformityNormalized","0.15850787256776622"
"wavelet-LHL","glrlm","GrayLevelVariance","9.01706324830849"
"wavelet-LHL","glrlm","HighGrayLevelRunEmphasis","526.3744797243634"
"wavelet-LHL","glrlm","LongRunEmphasis","2.589466605955716"
"wavelet-LHL","glrlm","LongRunHighGrayLevelEmphasis","1391.889088105971"
"wavelet-LHL","glrlm","LongRunLowGrayLevelEmphasis","0.005064477743028832"
"wavelet-LHL","glrlm","LowGrayLevelRunEmphasis","0.0021063123109882364"
"wavelet-LHL","glrlm","RunEntropy","4.310013028463601"
"wavelet-LHL","glrlm","RunLengthNonUniformity","19930.584492728165"
"wavelet-LHL","glrlm","RunLengthNonUniformityNormalized","0.6187065097039325"
"wavelet-LHL","glrlm","RunPercentage","0.7355821179533161"
"wavelet-LHL","glrlm","RunVariance","0.7035143902980245"
"wavelet-LHL","glrlm","ShortRunEmphasis","0.8133492668799633"
"wavelet-LHL","glrlm","ShortRunHighGrayLevelEmphasis","425.6525097004567"
"wavelet-LHL","glrlm","ShortRunLowGrayLevelEmphasis","0.0017526734574338323"
"wavelet-LHL","glszm","GrayLevelNonUniformity","381.60484789328126"
"wavelet-LHL","glszm","GrayLevelNonUniformityNormalized","0.06207985161758277"
"wavelet-LHL","glszm","GrayLevelVariance","24.150625334634675"
"wavelet-LHL","glszm","HighGrayLevelZoneEmphasis","529.4311046038719"
"wavelet-LHL","glszm","LargeAreaEmphasis","26161.16983894583"
"wavelet-LHL","glszm","LargeAreaHighGrayLevelEmphasis","14394066.137628112"
"wavelet-LHL","glszm","LargeAreaLowGrayLevelEmphasis","47.639762305337584"
"wavelet-LHL","glszm","LowGrayLevelZoneEmphasis","0.0025463820524470704"
"wavelet-LHL","glszm","SizeZoneNonUniformity","2178.631364893444"
"wavelet-LHL","glszm","SizeZoneNonUniformityNormalized","0.354421891149088"
"wavelet-LHL","glszm","SmallAreaEmphasis","0.6172008463976613"
"wavelet-LHL","glszm","SmallAreaHighGrayLevelEmphasis","335.5078314336882"
"wavelet-LHL","glszm","SmallAreaLowGrayLevelEmphasis","0.0016518128447905113"
"wavelet-LHL","glszm","ZoneEntropy","6.514888861067326"
"wavelet-LHL","glszm","ZonePercentage","0.14132009104076143"
"wavelet-LHL","glszm","ZoneVariance","26111.09815665536"
"wavelet-LHL","ngtdm","Busyness","3.9777917778149385"
"wavelet-LHL","ngtdm","Coarseness","0.00017291238925694075"
"wavelet-LHL","ngtdm","Complexity","779.2767111737426"
"wavelet-LHL","ngtdm","Contrast","0.011829474458752157"
"wavelet-LHL","ngtdm","Strength","0.20121526686953567"
"wavelet-LHH","firstorder","10Percentile","-30.988691771915395"
"wavelet-LHH","firstorder","90Percentile","37.68990029369156"
"wavelet-LHH","firstorder","Energy","50449681.95808954"
"wavelet-LHH","firstorder","Entropy","2.3197587086042835"
"wavelet-LHH","firstorder","InterquartileRange","21.63353237607089"
"wavelet-LHH","firstorder","Kurtosis","8.216712041928227"
"wavelet-LHH","firstorder","Maximum","245.74725433862912"
"wavelet-LHH","firstorder","MeanAbsoluteDeviation","21.316899618440303"
"wavelet-LHH","firstorder","Mean","0.8160431053985598"
"wavelet-LHH","firstorder","Median","-0.5598755402653603"
"wavelet-LHH","firstorder","Minimum","-247.60417308877246"
"wavelet-LHH","firstorder","Range","493.3514274274016"
"wavelet-LHH","firstorder","RobustMeanAbsoluteDeviation","10.42076102968547"
"wavelet-LHH","firstorder","RootMeanSquared","34.05646477238009"
"wavelet-LHH","firstorder","Skewness","0.1379671966914621"
"wavelet-LHH","firstorder","TotalEnergy","35287932.72970015"
"wavelet-LHH","firstorder","Uniformity","0.28065424929749155"
"wavelet-LHH","firstorder","Variance","1159.1768664424974"
"wavelet-LHH","glcm","Autocorrelation","111.01964847171988"
"wavelet-LHH","glcm","ClusterProminence","123.02551090787532"
"wavelet-LHH","glcm","ClusterShade","1.9325784836146707"
"wavelet-LHH","glcm","ClusterTendency","3.730037247811135"
"wavelet-LHH","glcm","Contrast","3.234361460265424"
"wavelet-LHH","glcm","Correlation","0.06467841678907413"
"wavelet-LHH","glcm","DifferenceAverage","1.1233648685504094"
"wavelet-LHH","glcm","DifferenceEntropy","2.0006191403193663"
"wavelet-LHH","glcm","DifferenceVariance","1.9439381339393194"
"wavelet-LHH","glcm","Id","0.6272732820678694"
"wavelet-LHH","glcm","Idm","0.5973036539609666"
"wavelet-LHH","glcm","Idmn","0.9924219374462868"
"wavelet-LHH","glcm","Idn","0.9504824218701098"
"wavelet-LHH","glcm","Imc1","-0.066722595439441"
"wavelet-LHH","glcm","Imc2","0.4763901330540125"
"wavelet-LHH","glcm","InverseVariance","0.4551402788610965"
"wavelet-LHH","glcm","JointAverage","10.53069428433896"
"wavelet-LHH","glcm","JointEnergy","0.10923911332442779"
"wavelet-LHH","glcm","JointEntropy","4.287013922971225"
"wavelet-LHH","glcm","MCC","0.43546593573529974"
"wavelet-LHH","glcm","MaximumProbability","0.1885979357507705"
"wavelet-LHH","glcm","SumAverage","21.061388568677923"
"wavelet-LHH","glcm","SumEntropy","2.753183363499817"
"wavelet-LHH","glcm","SumSquares","1.7410996770191398"
"wavelet-LHH","gldm","DependenceEntropy","5.9635676592610265"
"wavelet-LHH","gldm","DependenceNonUniformity","2588.1276179966435"
"wavelet-LHH","gldm","DependenceNonUniformityNormalized","0.05950129015786476"
"wavelet-LHH","gldm","DependenceVariance","24.5902174741439"
"wavelet-LHH","gldm","GrayLevelNonUniformity","12207.61788169299"
"wavelet-LHH","gldm","GrayLevelVariance","1.9629199093301921"
"wavelet-LHH","gldm","HighGrayLevelEmphasis","112.84362139917695"
"wavelet-LHH","gldm","LargeDependenceEmphasis","101.7978941076396"
"wavelet-LHH","gldm","LargeDependenceHighGrayLevelEmphasis","11089.671448605652"
"wavelet-LHH","gldm","LargeDependenceLowGrayLevelEmphasis","0.9489545948321809"
"wavelet-LHH","gldm","LowGrayLevelEmphasis","0.009749807177178056"
"wavelet-LHH","gldm","SmallDependenceEmphasis","0.08771763480435713"
"wavelet-LHH","gldm","SmallDependenceHighGrayLevelEmphasis","10.552044490290209"
"wavelet-LHH","gldm","SmallDependenceLowGrayLevelEmphasis","0.0010916861880880316"
"wavelet-LHH","glrlm","GrayLevelNonUniformity","7102.005540218994"
"wavelet-LHH","glrlm","GrayLevelNonUniformityNormalized","0.2327074268709534"
"wavelet-LHH","glrlm","GrayLevelVariance","2.5452638049910137"
"wavelet-LHH","glrlm","HighGrayLevelRunEmphasis","114.12437193480761"
"wavelet-LHH","glrlm","LongRunEmphasis","2.918418573706767"
"wavelet-LHH","glrlm","LongRunHighGrayLevelEmphasis","324.0777453744133"
"wavelet-LHH","glrlm","LongRunLowGrayLevelEmphasis","0.027850022519874656"
"wavelet-LHH","glrlm","LowGrayLevelRunEmphasis","0.009933683511294082"
"wavelet-LHH","glrlm","RunEntropy","3.7238632074271667"
"wavelet-LHH","glrlm","RunLengthNonUniformity","17529.84597828143"
"wavelet-LHH","glrlm","RunLengthNonUniformityNormalized","0.5703855471797072"
"wavelet-LHH","glrlm","RunPercentage","0.7005080810170816"
"wavelet-LHH","glrlm","RunVariance","0.8221705493985862"
"wavelet-LHH","glrlm","ShortRunEmphasis","0.7813842244934008"
"wavelet-LHH","glrlm","ShortRunHighGrayLevelEmphasis","89.95933536749132"
"wavelet-LHH","glrlm","ShortRunLowGrayLevelEmphasis","0.007894022519795124"
"wavelet-LHH","glszm","GrayLevelNonUniformity","406.2513848588763"
"wavelet-LHH","glszm","GrayLevelNonUniformityNormalized","0.10716206406195629"
"wavelet-LHH","glszm","GrayLevelVariance","9.03839766552013"
"wavelet-LHH","glszm","HighGrayLevelZoneEmphasis","121.74202057504617"
"wavelet-LHH","glszm","LargeAreaEmphasis","53630.21762068056"
"wavelet-LHH","glszm","LargeAreaHighGrayLevelEmphasis","5852377.170403588"
"wavelet-LHH","glszm","LargeAreaLowGrayLevelEmphasis","495.9416554979383"
"wavelet-LHH","glszm","LowGrayLevelZoneEmphasis","0.013088528283260742"
"wavelet-LHH","glszm","SizeZoneNonUniformity","1253.4246900553944"
"wavelet-LHH","glszm","SizeZoneNonUniformityNormalized","0.3306316776722222"
"wavelet-LHH","glszm","SmallAreaEmphasis","0.595053904310968"
"wavelet-LHH","glszm","SmallAreaHighGrayLevelEmphasis","72.74543002025034"
"wavelet-LHH","glszm","SmallAreaLowGrayLevelEmphasis","0.008308854646253238"
"wavelet-LHH","glszm","ZoneEntropy","5.860349720651"
"wavelet-LHH","glszm","ZonePercentage","0.08715543600708095"
"wavelet-LHH","glszm","ZoneVariance","53498.5705983872"
"wavelet-LHH","ngtdm","Busyness","20.185909724273763"
"wavelet-LHH","ngtdm","Coarseness","0.0001459534660996167"
"wavelet-LHH","ngtdm","Complexity","170.3787297272458"
"wavelet-LHH","ngtdm","Contrast","0.009658266869476715"
"wavelet-LHH","ngtdm","Strength","0.034638860462898304"
"wavelet-HLL","firstorder","10Percentile","-90.96458725751575"
"wavelet-HLL","firstorder","90Percentile","30.201671909032115"
"wavelet-HLL","firstorder","Energy","205248654.9592409"
"wavelet-HLL","firstorder","Entropy","2.978867515131995"
"wavelet-HLL","firstorder","InterquartileRange","35.941210003913326"
"wavelet-HLL","firstorder","Kurtosis","8.395953449884537"
"wavelet-HLL","firstorder","Maximum","428.8374881200631"
"wavelet-HLL","firstorder","MeanAbsoluteDeviation","41.04343670345357"
"wavelet-HLL","firstorder","Mean","-13.677994179532547"
"wavelet-HLL","firstorder","Median","-4.626721105164231"
"wavelet-HLL","firstorder","Minimum","-397.0512445563301"
"wavelet-HLL","firstorder","Range","825.8887326763931"
"wavelet-HLL","firstorder","RobustMeanAbsoluteDeviation","18.495211940109538"
"wavelet-HLL","firstorder","RootMeanSquared","68.69268746157506"
"wavelet-HLL","firstorder","Skewness","-0.25474410736479774"
"wavelet-HLL","firstorder","TotalEnergy","143564844.17642114"
"wavelet-HLL","firstorder","Uniformity","0.21048655732439298"
"wavelet-HLL","firstorder","Variance","4531.597785918307"
"wavelet-HLL","glcm","Autocorrelation","257.03622747182914"
"wavelet-HLL","glcm","ClusterProminence","2974.86490888327"
"wavelet-HLL","glcm","ClusterShade","-37.99185362277659"
"wavelet-HLL","glcm","ClusterTendency","17.862433642364827"
"wavelet-HLL","glcm","Contrast","7.013191660980626"
"wavelet-HLL","glcm","Correlation","0.4261920193617955"
"wavelet-HLL","glcm","DifferenceAverage","1.535173027470479"
"wavelet-HLL","glcm","DifferenceEntropy","2.349389236562977"
"wavelet-HLL","glcm","DifferenceVariance","4.577434065264261"
"wavelet-HLL","glcm","Id","0.5891421351312718"
"wavelet-HLL","glcm","Idm","0.5512361457652056"
"wavelet-HLL","glcm","Idmn","0.9943104764066367"
"wavelet-HLL","glcm","Idn","0.9598426852634431"
"wavelet-HLL","glcm","Imc1","-0.12316301252798595"
"wavelet-HLL","glcm","Imc2","0.6823524917004564"
"wavelet-HLL","glcm","InverseVariance","0.4190577052192635"
"wavelet-HLL","glcm","JointAverage","15.947533188754583"
"wavelet-HLL","glcm","JointEnergy","0.08166733512870433"
"wavelet-HLL","glcm","JointEntropy","5.270425412445038"
"wavelet-HLL","glcm","MCC","0.6111197008390378"
"wavelet-HLL","glcm","MaximumProbability","0.15749976826834183"
"wavelet-HLL","glcm","SumAverage","31.895066377509178"
"wavelet-HLL","glcm","SumEntropy","3.523946612284136"
"wavelet-HLL","glcm","SumSquares","6.218906325836363"
"wavelet-HLL","gldm","DependenceEntropy","6.534420597269264"
"wavelet-HLL","gldm","DependenceNonUniformity","2659.001931167667"
"wavelet-HLL","gldm","DependenceNonUniformityNormalized","0.06113069708641209"
"wavelet-HLL","gldm","DependenceVariance","28.076160992117053"
"wavelet-HLL","gldm","GrayLevelNonUniformity","9155.533783939121"
"wavelet-HLL","gldm","GrayLevelVariance","7.341835513802395"
"wavelet-HLL","gldm","HighGrayLevelEmphasis","261.85497850426464"
"wavelet-HLL","gldm","LargeDependenceEmphasis","94.50557509713313"
"wavelet-HLL","gldm","LargeDependenceHighGrayLevelEmphasis","25431.19971492287"
"wavelet-HLL","gldm","LargeDependenceLowGrayLevelEmphasis","0.35989530201045683"
"wavelet-HLL","gldm","LowGrayLevelEmphasis","0.004741723083951762"
"wavelet-HLL","gldm","SmallDependenceEmphasis","0.12768653301439842"
"wavelet-HLL","gldm","SmallDependenceHighGrayLevelEmphasis","34.86542520345825"
"wavelet-HLL","gldm","SmallDependenceLowGrayLevelEmphasis","0.0008302584479522079"
"wavelet-HLL","glrlm","GrayLevelNonUniformity","5104.3057648426975"
"wavelet-HLL","glrlm","GrayLevelNonUniformityNormalized","0.16108157773085902"
"wavelet-HLL","glrlm","GrayLevelVariance","9.465869764220484"
"wavelet-HLL","glrlm","HighGrayLevelRunEmphasis","260.01954035947915"
"wavelet-HLL","glrlm","LongRunEmphasis","2.7185295479096023"
"wavelet-HLL","glrlm","LongRunHighGrayLevelEmphasis","720.0146844181479"
"wavelet-HLL","glrlm","LongRunLowGrayLevelEmphasis","0.011740141048602156"
"wavelet-HLL","glrlm","LowGrayLevelRunEmphasis","0.005043149284643341"
"wavelet-HLL","glrlm","RunEntropy","4.3482872044419585"
"wavelet-HLL","glrlm","RunLengthNonUniformity","19285.1931342252"
"wavelet-HLL","glrlm","RunLengthNonUniformityNormalized","0.6070006879103448"
"wavelet-HLL","glrlm","RunPercentage","0.7249836858775407"
"wavelet-HLL","glrlm","RunVariance","0.7703648055499221"
"wavelet-HLL","glrlm","ShortRunEmphasis","0.8059624062185632"
"wavelet-HLL","glrlm","ShortRunHighGrayLevelEmphasis","208.59297291163017"
"wavelet-HLL","glrlm","ShortRunLowGrayLevelEmphasis","0.004252947344804119"
"wavelet-HLL","glszm","GrayLevelNonUniformity","366.0102722974075"
"wavelet-HLL","glszm","GrayLevelNonUniformityNormalized","0.05967883128932129"
"wavelet-HLL","glszm","GrayLevelVariance","25.392171982918242"
"wavelet-HLL","glszm","HighGrayLevelZoneEmphasis","273.13761617479213"
"wavelet-HLL","glszm","LargeAreaEmphasis","28724.156693298548"
"wavelet-HLL","glszm","LargeAreaHighGrayLevelEmphasis","7786894.059024947"
"wavelet-HLL","glszm","LargeAreaLowGrayLevelEmphasis","106.37775353240166"
"wavelet-HLL","glszm","LowGrayLevelZoneEmphasis","0.006859951811058017"
"wavelet-HLL","glszm","SizeZoneNonUniformity","2194.04940485896"
"wavelet-HLL","glszm","SizeZoneNonUniformityNormalized","0.357744889101412"
"wavelet-HLL","glszm","SmallAreaEmphasis","0.6199390677397808"
"wavelet-HLL","glszm","SmallAreaHighGrayLevelEmphasis","176.18391585686425"
"wavelet-HLL","glszm","SmallAreaLowGrayLevelEmphasis","0.004270525490526992"
"wavelet-HLL","glszm","ZoneEntropy","6.519192596500597"
"wavelet-HLL","glszm","ZonePercentage","0.14099822976297216"
"wavelet-HLL","glszm","ZoneVariance","28673.85614955236"
"wavelet-HLL","ngtdm","Busyness","6.489939370912338"
"wavelet-HLL","ngtdm","Coarseness","0.000173775222418191"
"wavelet-HLL","ngtdm","Complexity","592.1405656134095"
"wavelet-HLL","ngtdm","Contrast","0.015007034836948579"
"wavelet-HLL","ngtdm","Strength","0.14448912458117816"
"wavelet-HLH","firstorder","10Percentile","-31.894780910845874"
"wavelet-HLH","firstorder","90Percentile","35.579963937444816"
"wavelet-HLH","firstorder","Energy","47783900.414817646"
"wavelet-HLH","firstorder","Entropy","2.2986261314452046"
"wavelet-HLH","firstorder","InterquartileRange","20.79800008211201"
"wavelet-HLH","firstorder","Kurtosis","7.647442213634794"
"wavelet-HLH","firstorder","Maximum","219.78364637110363"
"wavelet-HLH","firstorder","MeanAbsoluteDeviation","20.735555899302383"
"wavelet-HLH","firstorder","Mean","-0.1538803429736677"
"wavelet-HLH","firstorder","Median","-0.7394411468653872"
"wavelet-HLH","firstorder","Minimum","-228.72140442946971"
"wavelet-HLH","firstorder","Range","448.5050508005734"
"wavelet-HLH","firstorder","RobustMeanAbsoluteDeviation","10.038104464139032"
"wavelet-HLH","firstorder","RootMeanSquared","33.14447513243947"
"wavelet-HLH","firstorder","Skewness","-0.023422661788259344"
"wavelet-HLH","firstorder","TotalEnergy","33423304.131065924"
"wavelet-HLH","firstorder","Uniformity","0.28335108314574775"
"wavelet-HLH","firstorder","Variance","1098.532552644944"
"wavelet-HLH","glcm","Autocorrelation","110.45651696773136"
"wavelet-HLH","glcm","ClusterProminence","108.17653667896283"
"wavelet-HLH","glcm","ClusterShade","0.4685855038445721"
"wavelet-HLH","glcm","ClusterTendency","3.650357566698072"
"wavelet-HLH","glcm","Contrast","3.056899968933221"
"wavelet-HLH","glcm","Correlation","0.08216690634699485"
"wavelet-HLH","glcm","DifferenceAverage","1.100623951513107"
"wavelet-HLH","glcm","DifferenceEntropy","1.9782021958117855"
"wavelet-HLH","glcm","DifferenceVariance","1.8157724887688578"
"wavelet-HLH","glcm","Id","0.630074904312594"
"wavelet-HLH","glcm","Idm","0.6005325195572907"
"wavelet-HLH","glcm","Idmn","0.9920555420964342"
"wavelet-HLH","glcm","Idn","0.9490384316246444"
"wavelet-HLH","glcm","Imc1","-0.06805852621577899"
"wavelet-HLH","glcm","Imc2","0.4807799042451664"
"wavelet-HLH","glcm","InverseVariance","0.45559995345328963"
"wavelet-HLH","glcm","JointAverage","10.502753661135124"
"wavelet-HLH","glcm","JointEnergy","0.10992696437319197"
"wavelet-HLH","glcm","JointEntropy","4.262907859975259"
"wavelet-HLH","glcm","MCC","0.4336455110649476"
"wavelet-HLH","glcm","MaximumProbability","0.19015331810792485"
"wavelet-HLH","glcm","SumAverage","21.005507322270255"
"wavelet-HLH","glcm","SumEntropy","2.7481620376494615"
"wavelet-HLH","glcm","SumSquares","1.6768143839078233"
"wavelet-HLH","gldm","DependenceEntropy","5.975443852697225"
"wavelet-HLH","gldm","DependenceNonUniformity","2576.600708094811"
"wavelet-HLH","gldm","DependenceNonUniformityNormalized","0.05923628544715293"
"wavelet-HLH","gldm","DependenceVariance","24.710835726636084"
"wavelet-HLH","gldm","GrayLevelNonUniformity","12324.922063590593"
"wavelet-HLH","gldm","GrayLevelVariance","1.8704187609791767"
"wavelet-HLH","gldm","HighGrayLevelEmphasis","111.90351058693703"
"wavelet-HLH","gldm","LargeDependenceEmphasis","103.30806722302688"
"wavelet-HLH","gldm","LargeDependenceHighGrayLevelEmphasis","11238.62402004736"
"wavelet-HLH","gldm","LargeDependenceLowGrayLevelEmphasis","0.964317866693939"
"wavelet-HLH","gldm","LowGrayLevelEmphasis","0.009725552012506824"
"wavelet-HLH","gldm","SmallDependenceEmphasis","0.08061495471181856"
"wavelet-HLH","gldm","SmallDependenceHighGrayLevelEmphasis","9.418208908903923"
"wavelet-HLH","gldm","SmallDependenceLowGrayLevelEmphasis","0.0009819019829402547"
"wavelet-HLH","glrlm","GrayLevelNonUniformity","7160.174976840495"
"wavelet-HLH","glrlm","GrayLevelNonUniformityNormalized","0.23551413122415354"
"wavelet-HLH","glrlm","GrayLevelVariance","2.4216700826940807"
"wavelet-HLH","glrlm","HighGrayLevelRunEmphasis","112.881112460296"
"wavelet-HLH","glrlm","LongRunEmphasis","2.9915429515046346"
"wavelet-HLH","glrlm","LongRunHighGrayLevelEmphasis","330.4250291326419"
"wavelet-HLH","glrlm","LongRunLowGrayLevelEmphasis","0.028514804699488992"
"wavelet-HLH","glrlm","LowGrayLevelRunEmphasis","0.009896245118043566"
"wavelet-HLH","glrlm","RunEntropy","3.7135809182124047"
"wavelet-HLH","glrlm","RunLengthNonUniformity","17370.2878917868"
"wavelet-HLH","glrlm","RunLengthNonUniformityNormalized","0.5671275731281133"
"wavelet-HLH","glrlm","RunPercentage","0.6974804628435914"
"wavelet-HLH","glrlm","RunVariance","0.8653712701649704"
"wavelet-HLH","glrlm","ShortRunEmphasis","0.7791572544781797"
"wavelet-HLH","glrlm","ShortRunHighGrayLevelEmphasis","88.52542930859792"
"wavelet-HLH","glrlm","ShortRunLowGrayLevelEmphasis","0.007831265046220181"
"wavelet-HLH","glszm","GrayLevelNonUniformity","369.58102533883323"
"wavelet-HLH","glszm","GrayLevelNonUniformityNormalized","0.10889246474332152"
"wavelet-HLH","glszm","GrayLevelVariance","8.741806921917393"
"wavelet-HLH","glszm","HighGrayLevelZoneEmphasis","118.05332940483206"
"wavelet-HLH","glszm","LargeAreaEmphasis","66268.06570418386"
"wavelet-HLH","glszm","LargeAreaHighGrayLevelEmphasis","7255128.13111373"
"wavelet-HLH","glszm","LargeAreaLowGrayLevelEmphasis","610.8620011254517"
"wavelet-HLH","glszm","LowGrayLevelZoneEmphasis","0.012808764830706896"
"wavelet-HLH","glszm","SizeZoneNonUniformity","1048.5103123158515"
"wavelet-HLH","glszm","SizeZoneNonUniformityNormalized","0.3089305575473929"
"wavelet-HLH","glszm","SmallAreaEmphasis","0.5746607987675876"
"wavelet-HLH","glszm","SmallAreaHighGrayLevelEmphasis","68.02124607817272"
"wavelet-HLH","glszm","SmallAreaLowGrayLevelEmphasis","0.007873687034826393"
"wavelet-HLH","glszm","ZoneEntropy","5.9658826070841595"
"wavelet-HLH","glszm","ZonePercentage","0.078028369772628"
"wavelet-HLH","glszm","ZoneVariance","66103.81965444583"
"wavelet-HLH","ngtdm","Busyness","21.388593356183538"
"wavelet-HLH","ngtdm","Coarseness","0.00014674679557386585"
"wavelet-HLH","ngtdm","Complexity","149.4177662158513"
"wavelet-HLH","ngtdm","Contrast","0.009911621029130279"
"wavelet-HLH","ngtdm","Strength","0.03095745418865952"
"wavelet-HHL","firstorder","10Percentile","-16.629245996824263"
"wavelet-HHL","firstorder","90Percentile","18.06719374261226"
"wavelet-HHL","firstorder","Energy","12773472.217153866"
"wavelet-HHL","firstorder","Entropy","1.6087981865515875"
"wavelet-HHL","firstorder","InterquartileRange","14.910020016221171"
"wavelet-HHL","firstorder","Kurtosis","7.83524975847787"
"wavelet-HHL","firstorder","Maximum","142.2671638048226"
"wavelet-HHL","firstorder","MeanAbsoluteDeviation","11.527321112493441"
"wavelet-HHL","firstorder","Mean","0.31307977294430783"
"wavelet-HHL","firstorder","Median","-0.2645621340002358"
"wavelet-HHL","firstorder","Minimum","-150.32545630588135"
"wavelet-HHL","firstorder","Range","292.59262011070393"
"wavelet-HHL","firstorder","RobustMeanAbsoluteDeviation","6.4716737696091675"
"wavelet-HHL","firstorder","RootMeanSquared","17.136606785348057"
"wavelet-HHL","firstorder","Skewness","0.23937065121063578"
"wavelet-HHL","firstorder","TotalEnergy","8934633.694976987"
"wavelet-HHL","firstorder","Uniformity","0.397307465013926"
"wavelet-HHL","firstorder","Variance","293.5652731714103"
"wavelet-HHL","glcm","Autocorrelation","56.439765633376936"
"wavelet-HHL","glcm","ClusterProminence","8.919985832191433"
"wavelet-HHL","glcm","ClusterShade","0.3902051522091336"
"wavelet-HHL","glcm","ClusterTendency","1.2019611914097053"
"wavelet-HHL","glcm","Contrast","0.9764173516409069"
"wavelet-HHL","glcm","Correlation","0.1024203250725769"
"wavelet-HHL","glcm","DifferenceAverage","0.6675482639096616"
"wavelet-HHL","glcm","DifferenceEntropy","1.4086942219117207"
"wavelet-HHL","glcm","DifferenceVariance","0.524807884827705"
"wavelet-HHL","glcm","Id","0.7064331591673915"
"wavelet-HHL","glcm","Idm","0.6953519786099343"
"wavelet-HHL","glcm","Idmn","0.994396529640292"
"wavelet-HHL","glcm","Idn","0.9536930204949723"
"wavelet-HHL","glcm","Imc1","-0.040076543545902066"
"wavelet-HHL","glcm","Imc2","0.31438349440086405"
"wavelet-HHL","glcm","InverseVariance","0.4914864504251583"
"wavelet-HHL","glcm","JointAverage","7.508885248237906"
"wavelet-HHL","glcm","JointEnergy","0.17935967768316335"
"wavelet-HHL","glcm","JointEntropy","3.03262751802363"
"wavelet-HHL","glcm","MCC","0.3169334586786135"
"wavelet-HHL","glcm","MaximumProbability","0.23279629647493708"
"wavelet-HHL","glcm","SumAverage","15.017770496475807"
"wavelet-HHL","glcm","SumEntropy","2.0906226539929986"
"wavelet-HHL","glcm","SumSquares","0.5445946357626529"
"wavelet-HHL","gldm","DependenceEntropy","5.393553161246718"
"wavelet-HHL","gldm","DependenceNonUniformity","2852.4360530611307"
"wavelet-HHL","gldm","DependenceNonUniformityNormalized","0.06557776520360326"
"wavelet-HHL","gldm","DependenceVariance","19.014118170281613"
"wavelet-HHL","gldm","GrayLevelNonUniformity","17281.682805710738"
"wavelet-HHL","gldm","GrayLevelVariance","0.5954533037141972"
"wavelet-HHL","gldm","HighGrayLevelEmphasis","56.986068004689976"
"wavelet-HHL","gldm","LargeDependenceEmphasis","131.94645607743064"
"wavelet-HHL","gldm","LargeDependenceHighGrayLevelEmphasis","7360.319079476745"
"wavelet-HHL","gldm","LargeDependenceLowGrayLevelEmphasis","2.414153726297946"
"wavelet-HHL","gldm","LowGrayLevelEmphasis","0.018365671986685973"
"wavelet-HHL","gldm","SmallDependenceEmphasis","0.040539927493767315"
"wavelet-HHL","gldm","SmallDependenceHighGrayLevelEmphasis","2.4271617924925146"
"wavelet-HHL","gldm","SmallDependenceLowGrayLevelEmphasis","0.0008677410888731607"
"wavelet-HHL","glrlm","GrayLevelNonUniformity","9859.063656412136"
"wavelet-HHL","glrlm","GrayLevelNonUniformityNormalized","0.3595835906276458"
"wavelet-HHL","glrlm","GrayLevelVariance","0.7510341015838418"
"wavelet-HHL","glrlm","HighGrayLevelRunEmphasis","57.46586008635116"
"wavelet-HHL","glrlm","LongRunEmphasis","3.6556554218256876"
"wavelet-HHL","glrlm","LongRunHighGrayLevelEmphasis","206.17548123371884"
"wavelet-HHL","glrlm","LongRunLowGrayLevelEmphasis","0.06693879619077467"
"wavelet-HHL","glrlm","LowGrayLevelRunEmphasis","0.01844835179204981"
"wavelet-HHL","glrlm","RunEntropy","3.227208436336873"
"wavelet-HHL","glrlm","RunLengthNonUniformity","13058.409969937627"
"wavelet-HHL","glrlm","RunLengthNonUniformityNormalized","0.47320621522241463"
"wavelet-HHL","glrlm","RunPercentage","0.6297322008060681"
"wavelet-HHL","glrlm","RunVariance","1.0758077433610778"
"wavelet-HHL","glrlm","ShortRunEmphasis","0.707738279000462"
"wavelet-HHL","glrlm","ShortRunHighGrayLevelEmphasis","40.97170243858232"
"wavelet-HHL","glrlm","ShortRunLowGrayLevelEmphasis","0.013132119496025833"
"wavelet-HHL","glszm","GrayLevelNonUniformity","321.3047127178825"
"wavelet-HHL","glszm","GrayLevelNonUniformityNormalized","0.20742718703543092"
"wavelet-HHL","glszm","GrayLevelVariance","3.874089408148117"
"wavelet-HHL","glszm","HighGrayLevelZoneEmphasis","60.70174306003874"
"wavelet-HHL","glszm","LargeAreaEmphasis","207387.64041316978"
"wavelet-HHL","glszm","LargeAreaHighGrayLevelEmphasis","11628655.092963202"
"wavelet-HHL","glszm","LargeAreaLowGrayLevelEmphasis","3764.901288261005"
"wavelet-HHL","glszm","LowGrayLevelZoneEmphasis","0.0226994504812367"
"wavelet-HHL","glszm","SizeZoneNonUniformity","480.6371852808263"
"wavelet-HHL","glszm","SizeZoneNonUniformityNormalized","0.3102886928862662"
"wavelet-HHL","glszm","SmallAreaEmphasis","0.5756231150270137"
"wavelet-HHL","glszm","SmallAreaHighGrayLevelEmphasis","35.11991867094756"
"wavelet-HHL","glszm","SmallAreaLowGrayLevelEmphasis","0.013698353973179374"
"wavelet-HHL","glszm","ZoneEntropy","5.1030984282770975"
"wavelet-HHL","glszm","ZonePercentage","0.03561165137825597"
"wavelet-HHL","glszm","ZoneVariance","206599.11485658295"
"wavelet-HHL","ngtdm","Busyness","59.25561185284731"
"wavelet-HHL","ngtdm","Coarseness","0.00011849311973291048"
"wavelet-HHL","ngtdm","Complexity","41.525256367365955"
"wavelet-HHL","ngtdm","Contrast","0.005358767956930348"
"wavelet-HHL","ngtdm","Strength","0.012553570176266331"
"wavelet-HHH","firstorder","10Percentile","-11.824091095566299"
"wavelet-HHH","firstorder","90Percentile","11.789464275761485"
"wavelet-HHH","firstorder","Energy","5163671.10572242"
"wavelet-HHH","firstorder","Entropy","1.2692267052790092"
"wavelet-HHH","firstorder","InterquartileRange","9.851643575408353"
"wavelet-HHH","firstorder","Kurtosis","6.484612038990098"
"wavelet-HHH","firstorder","Maximum","70.48769355097745"
"wavelet-HHH","firstorder","MeanAbsoluteDeviation","7.528039871102858"
"wavelet-HHH","firstorder","Mean","0.015534724173610617"
"wavelet-HHH","firstorder","Median","0.058366005739830334"
"wavelet-HHH","firstorder","Minimum","-75.17340791903237"
"wavelet-HHH","firstorder","Range","145.66110147000984"
"wavelet-HHH","firstorder","RobustMeanAbsoluteDeviation","4.336275143510172"
"wavelet-HHH","firstorder","RootMeanSquared","10.895561941095117"
"wavelet-HHH","firstorder","Skewness","-0.08180807148620721"
"wavelet-HHH","firstorder","TotalEnergy","3611822.1472318154"
"wavelet-HHH","firstorder","Uniformity","0.45833223178095106"
"wavelet-HHH","firstorder","Variance","118.71302868458523"
"wavelet-HHH","glcm","Autocorrelation","20.245853674582317"
"wavelet-HHH","glcm","ClusterProminence","1.4424131408759684"
"wavelet-HHH","glcm","ClusterShade","-0.020814536455924897"
"wavelet-HHH","glcm","ClusterTendency","0.6579439265592127"
"wavelet-HHH","glcm","Contrast","0.6696962078750026"
"wavelet-HHH","glcm","Correlation","-0.008910406672403316"
"wavelet-HHH","glcm","DifferenceAverage","0.5775323840417245"
"wavelet-HHH","glcm","DifferenceEntropy","1.2053818932134022"
"wavelet-HHH","glcm","DifferenceVariance","0.33513273049034925"
"wavelet-HHH","glcm","Id","0.7252438670387575"
"wavelet-HHH","glcm","Idm","0.7203674758708982"
"wavelet-HHH","glcm","Idmn","0.986882057262159"
"wavelet-HHH","glcm","Idn","0.9290412679921963"
"wavelet-HHH","glcm","Imc1","-0.010036161644155078"
"wavelet-HHH","glcm","Imc2","0.14646198867653404"
"wavelet-HHH","glcm","InverseVariance","0.5090646718909835"
"wavelet-HHH","glcm","JointAverage","4.499865585408101"
"wavelet-HHH","glcm","JointEnergy","0.21782505508996125"
"wavelet-HHH","glcm","JointEntropy","2.4700177218001644"
"wavelet-HHH","glcm","MCC","0.15920814766713007"
"wavelet-HHH","glcm","MaximumProbability","0.24353673115695898"
"wavelet-HHH","glcm","SumAverage","8.999731170816203"
"wavelet-HHH","glcm","SumEntropy","1.7293581578072428"
"wavelet-HHH","glcm","SumSquares","0.33191003360855387"
"wavelet-HHH","gldm","DependenceEntropy","4.875274438294978"
"wavelet-HHH","gldm","DependenceNonUniformity","3654.3354484217302"
"wavelet-HHH","gldm","DependenceNonUniformityNormalized","0.08401350549283239"
"wavelet-HHH","gldm","DependenceVariance","13.421439130569494"
"wavelet-HHH","gldm","GrayLevelNonUniformity","19936.07708577603"
"wavelet-HHH","gldm","GrayLevelVariance","0.344580642328668"
"wavelet-HHH","gldm","HighGrayLevelEmphasis","20.60151274800561"
"wavelet-HHH","gldm","LargeDependenceEmphasis","135.209715612571"
"wavelet-HHH","gldm","LargeDependenceHighGrayLevelEmphasis","2786.2733521852083"
"wavelet-HHH","gldm","LargeDependenceLowGrayLevelEmphasis","6.902160567072236"
"wavelet-HHH","gldm","LowGrayLevelEmphasis","0.05218319172010559"
"wavelet-HHH","gldm","SmallDependenceEmphasis","0.030096673815900685"
"wavelet-HHH","gldm","SmallDependenceHighGrayLevelEmphasis","0.6473759340073236"
"wavelet-HHH","gldm","SmallDependenceLowGrayLevelEmphasis","0.0019992742299896507"
"wavelet-HHH","glrlm","GrayLevelNonUniformity","11681.055171815977"
"wavelet-HHH","glrlm","GrayLevelNonUniformityNormalized","0.43730182718786803"
"wavelet-HHH","glrlm","GrayLevelVariance","0.3960280989098621"
"wavelet-HHH","glrlm","HighGrayLevelRunEmphasis","20.61127018474353"
"wavelet-HHH","glrlm","LongRunEmphasis","3.7538084426225704"
"wavelet-HHH","glrlm","LongRunHighGrayLevelEmphasis","77.32943468166299"
"wavelet-HHH","glrlm","LongRunLowGrayLevelEmphasis","0.19362435783330906"
"wavelet-HHH","glrlm","LowGrayLevelRunEmphasis","0.05280686340996728"
"wavelet-HHH","glrlm","RunEntropy","2.885449078582317"
"wavelet-HHH","glrlm","RunLengthNonUniformity","12107.936597767348"
"wavelet-HHH","glrlm","RunLengthNonUniformityNormalized","0.4524097560030483"
"wavelet-HHH","glrlm","RunPercentage","0.6140087468454942"
"wavelet-HHH","glrlm","RunVariance","1.0832883301675147"
"wavelet-HHH","glrlm","ShortRunEmphasis","0.688570081964402"
"wavelet-HHH","glrlm","ShortRunHighGrayLevelEmphasis","14.203895586240138"
"wavelet-HHH","glrlm","ShortRunLowGrayLevelEmphasis","0.036836440635120954"
"wavelet-HHH","glszm","GrayLevelNonUniformity","358.717277486911"
"wavelet-HHH","glszm","GrayLevelNonUniformityNormalized","0.3756201858501686"
"wavelet-HHH","glszm","GrayLevelVariance","2.3494794550587983"
"wavelet-HHH","glszm","HighGrayLevelZoneEmphasis","22.09842931937173"
"wavelet-HHH","glszm","LargeAreaEmphasis","374397.412565445"
"wavelet-HHH","glszm","LargeAreaHighGrayLevelEmphasis","7700420.705759162"
"wavelet-HHH","glszm","LargeAreaLowGrayLevelEmphasis","19125.10233233608"
"wavelet-HHH","glszm","LowGrayLevelZoneEmphasis","0.07431617812919233"
"wavelet-HHH","glszm","SizeZoneNonUniformity","424.92460732984296"
"wavelet-HHH","glszm","SizeZoneNonUniformityNormalized","0.44494723280611825"
"wavelet-HHH","glszm","SmallAreaEmphasis","0.692720553176875"
"wavelet-HHH","glszm","SmallAreaHighGrayLevelEmphasis","15.423358951861017"
"wavelet-HHH","glszm","SmallAreaLowGrayLevelEmphasis","0.05260852280242909"
"wavelet-HHH","glszm","ZoneEntropy","3.637726569637204"
"wavelet-HHH","glszm","ZonePercentage","0.02195553716348254"
"wavelet-HHH","glszm","ZoneVariance","372322.9200800417"
"wavelet-HHH","ngtdm","Busyness","227.2159090194936"
"wavelet-HHH","ngtdm","Coarseness","9.87589061541533e-05"
"wavelet-HHH","ngtdm","Complexity","12.768416757583168"
"wavelet-HHH","ngtdm","Contrast","0.009037950718112111"
"wavelet-HHH","ngtdm","Strength","0.002685276869398287"
"wavelet-LLL","firstorder","10Percentile","-904.7449503177513"
"wavelet-LLL","firstorder","90Percentile","130.56398274063687"
"wavelet-LLL","firstorder","Energy","12190561880.928738"
"wavelet-LLL","firstorder","Entropy","4.9487720846631476"
"wavelet-LLL","firstorder","InterquartileRange","302.2727040637135"
"wavelet-LLL","firstorder","Kurtosis","7.533637464129627"
"wavelet-LLL","firstorder","Maximum","354.33045449416625"
"wavelet-LLL","firstorder","MeanAbsoluteDeviation","356.0534326650198"
"wavelet-LLL","firstorder","Mean","-174.23962286858912"
"wavelet-LLL","firstorder","Median","53.31990529718698"
"wavelet-LLL","firstorder","Minimum","-2591.0853972032583"
"wavelet-LLL","firstorder","Range","2945.4158516974244"
"wavelet-LLL","firstorder","RobustMeanAbsoluteDeviation","179.59604455305947"
"wavelet-LLL","firstorder","RootMeanSquared","529.3978941053779"
"wavelet-LLL","firstorder","Skewness","-2.217120535059212"
"wavelet-LLL","firstorder","TotalEnergy","8526906630.428845"
"wavelet-LLL","firstorder","Uniformity","0.06893951834791022"
"wavelet-LLL","firstorder","Variance","249902.68410582075"
"wavelet-LLL","glcm","Autocorrelation","10267.359607038741"
"wavelet-LLL","glcm","ClusterProminence","10508901.944035003"
"wavelet-LLL","glcm","ClusterShade","-83293.87698334725"
"wavelet-LLL","glcm","ClusterTendency","994.8102368096322"
"wavelet-LLL","glcm","Contrast","163.30889263880292"
"wavelet-LLL","glcm","Correlation","0.7112236228712873"
"wavelet-LLL","glcm","DifferenceAverage","6.605784005257778"
"wavelet-LLL","glcm","DifferenceEntropy","3.8364772666157902"
"wavelet-LLL","glcm","DifferenceVariance","118.12420478696616"
"wavelet-LLL","glcm","Id","0.4301960559273917"
"wavelet-LLL","glcm","Idm","0.3823571415251213"
"wavelet-LLL","glcm","Idmn","0.9895127053908895"
"wavelet-LLL","glcm","Idn","0.953459745424332"
"wavelet-LLL","glcm","Imc1","-0.17223793566266624"
"wavelet-LLL","glcm","Imc2","0.8780081616449127"
"wavelet-LLL","glcm","InverseVariance","0.3281292393844504"
"wavelet-LLL","glcm","JointAverage","100.29563609868448"
"wavelet-LLL","glcm","JointEnergy","0.0161727172248735"
"wavelet-LLL","glcm","JointEntropy","8.427658851217934"
"wavelet-LLL","glcm","MCC","0.7863347970887795"
"wavelet-LLL","glcm","MaximumProbability","0.055928786603822694"
"wavelet-LLL","glcm","SumAverage","200.59127219736894"
"wavelet-LLL","glcm","SumEntropy","5.605187531194894"
"wavelet-LLL","glcm","SumSquares","289.52978236210896"
"wavelet-LLL","gldm","DependenceEntropy","7.881385181166513"
"wavelet-LLL","gldm","DependenceNonUniformity","5172.763615881555"
"wavelet-LLL","gldm","DependenceNonUniformityNormalized","0.11892230765067832"
"wavelet-LLL","gldm","DependenceVariance","21.22058397116196"
"wavelet-LLL","gldm","GrayLevelNonUniformity","2998.6622295790517"
"wavelet-LLL","gldm","GrayLevelVariance","399.95224280607863"
"wavelet-LLL","gldm","HighGrayLevelEmphasis","9912.513207807435"
"wavelet-LLL","gldm","LargeDependenceEmphasis","51.23219992183369"
"wavelet-LLL","gldm","LargeDependenceHighGrayLevelEmphasis","592286.3508517828"
"wavelet-LLL","gldm","LargeDependenceLowGrayLevelEmphasis","0.0051346886898205844"
"wavelet-LLL","gldm","LowGrayLevelEmphasis","0.00026761902701980287"
"wavelet-LLL","gldm","SmallDependenceEmphasis","0.3242906491831364"
"wavelet-LLL","gldm","SmallDependenceHighGrayLevelEmphasis","2337.861572124658"
"wavelet-LLL","gldm","SmallDependenceLowGrayLevelEmphasis","0.0001655146452682117"
"wavelet-LLL","glrlm","GrayLevelNonUniformity","1934.482171122264"
"wavelet-LLL","glrlm","GrayLevelNonUniformityNormalized","0.0535894667383314"
"wavelet-LLL","glrlm","GrayLevelVariance","453.21058598103804"
"wavelet-LLL","glrlm","HighGrayLevelRunEmphasis","9570.587143905335"
"wavelet-LLL","glrlm","LongRunEmphasis","1.842132022044227"
"wavelet-LLL","glrlm","LongRunHighGrayLevelEmphasis","19300.2869563547"
"wavelet-LLL","glrlm","LongRunLowGrayLevelEmphasis","0.0003893941063461434"
"wavelet-LLL","glrlm","LowGrayLevelRunEmphasis","0.0003008674599723062"
"wavelet-LLL","glrlm","RunEntropy","5.9218450918213055"
"wavelet-LLL","glrlm","RunLengthNonUniformity","26829.05038214341"
"wavelet-LLL","glrlm","RunLengthNonUniformityNormalized","0.7430638643444898"
"wavelet-LLL","glrlm","RunPercentage","0.8277582362001976"
"wavelet-LLL","glrlm","RunVariance","0.37153926580047913"
"wavelet-LLL","glrlm","ShortRunEmphasis","0.8843453635086118"
"wavelet-LLL","glrlm","ShortRunHighGrayLevelEmphasis","8240.273845428055"
"wavelet-LLL","glrlm","ShortRunLowGrayLevelEmphasis","0.0002873570835247677"
"wavelet-LLL","glszm","GrayLevelNonUniformity","223.5104145601618"
"wavelet-LLL","glszm","GrayLevelNonUniformityNormalized","0.015066424978777335"
"wavelet-LLL","glszm","GrayLevelVariance","593.8108633185464"
"wavelet-LLL","glszm","HighGrayLevelZoneEmphasis","7185.083518705764"
"wavelet-LLL","glszm","LargeAreaEmphasis","2248.6726659925853"
"wavelet-LLL","glszm","LargeAreaHighGrayLevelEmphasis","26243325.29430401"
"wavelet-LLL","glszm","LargeAreaLowGrayLevelEmphasis","0.1936454124846092"
"wavelet-LLL","glszm","LowGrayLevelZoneEmphasis","0.0005168378828586713"
"wavelet-LLL","glszm","SizeZoneNonUniformity","9865.286484664644"
"wavelet-LLL","glszm","SizeZoneNonUniformityNormalized","0.6650007741600704"
"wavelet-LLL","glszm","SmallAreaEmphasis","0.8406252513222217"
"wavelet-LLL","glszm","SmallAreaHighGrayLevelEmphasis","5715.8458461970595"
"wavelet-LLL","glszm","SmallAreaLowGrayLevelEmphasis","0.00045854692207823386"
"wavelet-LLL","glszm","ZoneEntropy","7.330084088437733"
"wavelet-LLL","glszm","ZonePercentage","0.34105800400027586"
"wavelet-LLL","glszm","ZoneVariance","2240.0757336703064"
"wavelet-LLL","ngtdm","Busyness","0.27984578355796297"
"wavelet-LLL","ngtdm","Coarseness","0.00018625017392529628"
"wavelet-LLL","ngtdm","Complexity","31469.283545175727"
"wavelet-LLL","ngtdm","Contrast","0.26816505513183564"
"wavelet-LLL","ngtdm","Strength","3.473736004906925"
