"Image type","Feature Class","Feature Name","Segmentation_3_segment_Segment_1"
"diagnostics","Versions","PyRadiomics","v3.0.1.post4+gad5b2de"
"diagnostics","Versions","Numpy","1.19.2"
"diagnostics","Versions","SimpleITK","2.0.2"
"diagnostics","Versions","PyWavelet","1.1.1"
"diagnostics","Versions","Python","3.6.7"
"diagnostics","Configuration","Settings","{'minimumROIDimensions': 2, 'minimumROISize': None, 'normalize': False, 'normalizeScale': 1, 'removeOutliers': None, 'resampledPixelSpacing': None, 'interpolator': 'sitkBSpline', 'preCrop': False, 'padDistance': 5, 'distances': [1], 'force2D': False, 'force2Ddimension': 0, 'resegmentRange': None, 'label': 1, 'additionalInfo': True, 'binWidth': 25.0, 'symmetricalGLCM': True, 'correctMask': True}"
"diagnostics","Configuration","EnabledImageTypes","{'Original': {}, 'Wavelet': {}}"
"diagnostics","Image-original","Hash","09326a38dd60261a5a85580a41847f18ad2be858"
"diagnostics","Image-original","Dimensionality","3D"
"diagnostics","Image-original","Spacing","(0.7031249999999999, 0.7031249999999999, 1.2500000000000002)"
"diagnostics","Image-original","Size","(512, 512, 181)"
"diagnostics","Image-original","Mean","-982.3912596307407"
"diagnostics","Image-original","Minimum","-3024.0"
"diagnostics","Image-original","Maximum","1707.0"
"diagnostics","Mask-original","Hash","773dbf144643bb61159e7fac8d39a61085854829"
"diagnostics","Mask-original","Spacing","(0.7031249999999999, 0.7031249999999999, 1.2500000000000002)"
"diagnostics","Mask-original","Size","(512, 512, 181)"
"diagnostics","Mask-original","BoundingBox","(104, 200, 36, 126, 187, 105)"
"diagnostics","Mask-original","VoxelNum","447061"
"diagnostics","Mask-original","VolumeNum","3"
"diagnostics","Mask-original","CenterOfMassIndex","(170.52306284824667, 314.8778757261313, 85.64325226311398)"
"diagnostics","Mask-original","CenterOfMass","(-63.40097143482653, 41.39850636993609, -105.94593467110754)"
"original","shape","Elongation","0.6503530805252744"
"original","shape","Flatness","0.4590199514992786"
"original","shape","LeastAxisLength","61.86255626124358"
"original","shape","MajorAxisLength","134.77095289471487"
"original","shape","Maximum2DDiameterColumn","131.7001441856296"
"original","shape","Maximum2DDiameterRow","148.13497131522487"
"original","shape","Maximum2DDiameterSlice","131.35459002376922"
"original","shape","Maximum3DDiameter","154.12468635916994"
"original","shape","MeshVolume","275928.34281921474"
"original","shape","MinorAxisLength","87.64870438040447"
"original","shape","Sphericity","0.3122183193511633"
"original","shape","SurfaceArea","65648.26982278982"
"original","shape","SurfaceVolumeRatio","0.23791782008346224"
"original","shape","VoxelVolume","276275.1846313476"
"original","firstorder","10Percentile","-457.0"
"original","firstorder","90Percentile","64.0"
"original","firstorder","Energy","26752867345.0"
"original","firstorder","Entropy","4.692756760053342"
"original","firstorder","InterquartileRange","276.0"
"original","firstorder","Kurtosis","3.436437549099378"
"original","firstorder","Maximum","992.0"
"original","firstorder","MeanAbsoluteDeviation","168.8860194833397"
"original","firstorder","Mean","-129.00237998841322"
"original","firstorder","Median","-51.0"
"original","firstorder","Minimum","-1024.0"
"original","firstorder","Range","2016.0"
"original","firstorder","RobustMeanAbsoluteDeviation","119.2473626473553"
"original","firstorder","RootMeanSquared","244.6255276529272"
"original","firstorder","Skewness","-1.1078862994995866"
"original","firstorder","TotalEnergy","16532762565.193172"
"original","firstorder","Uniformity","0.053141340507173625"
"original","firstorder","Variance","43200.034736798116"
"original","glcm","Autocorrelation","1409.6411374435231"
"original","glcm","ClusterProminence","192019.19475146185"
"original","glcm","ClusterShade","-4017.181112976054"
"original","glcm","ClusterTendency","229.6354579524883"
"original","glcm","Contrast","24.959491323015037"
"original","glcm","Correlation","0.8017174632665103"
"original","glcm","DifferenceAverage","3.4548491611367425"
"original","glcm","DifferenceEntropy","3.3475064895936706"
"original","glcm","DifferenceVariance","12.635969482205926"
"original","glcm","Id","0.38950665707389215"
"original","glcm","Idm","0.3136589954666914"
"original","glcm","Idmn","0.9962701206435693"
"original","glcm","Idn","0.9607312683864232"
"original","glcm","Imc1","-0.16552405921558078"
"original","glcm","Imc2","0.8692719095337827"
"original","glcm","InverseVariance","0.3020832942017889"
"original","glcm","JointAverage","36.8569353310282"
"original","glcm","JointEnergy","0.007350156580750426"
"original","glcm","JointEntropy","8.480116459603984"
"original","glcm","MCC","0.8080302683595902"
"original","glcm","MaximumProbability","0.03227867643951097"
"original","glcm","SumAverage","73.71387066205642"
"original","glcm","SumEntropy","5.551455633329213"
"original","glcm","SumSquares","63.648737318875874"
"original","gldm","DependenceEntropy","7.624369528754587"
"original","gldm","DependenceNonUniformity","54524.07499871382"
"original","gldm","DependenceNonUniformityNormalized","0.12196115294940471"
"original","gldm","DependenceVariance","10.01741368238392"
"original","gldm","GrayLevelNonUniformity","23757.420828477545"
"original","gldm","GrayLevelVariance","69.19746958738463"
"original","gldm","HighGrayLevelEmphasis","1391.3118165082617"
"original","gldm","LargeDependenceEmphasis","29.30328747083731"
"original","gldm","LargeDependenceHighGrayLevelEmphasis","50542.015304399174"
"original","gldm","LargeDependenceLowGrayLevelEmphasis","0.019970626048819804"
"original","gldm","LowGrayLevelEmphasis","0.001057133945857024"
"original","gldm","SmallDependenceEmphasis","0.22894875658177735"
"original","gldm","SmallDependenceHighGrayLevelEmphasis","248.17466503133903"
"original","gldm","SmallDependenceLowGrayLevelEmphasis","0.00032582938524900905"
"original","glrlm","GrayLevelNonUniformity","18475.08321531536"
"original","glrlm","GrayLevelNonUniformityNormalized","0.04749434242048614"
"original","glrlm","GrayLevelVariance","71.25010146134979"
"original","glrlm","HighGrayLevelRunEmphasis","1352.252822519114"
"original","glrlm","LongRunEmphasis","1.5424817990756954"
"original","glrlm","LongRunHighGrayLevelEmphasis","2258.9877116800844"
"original","glrlm","LongRunLowGrayLevelEmphasis","0.001503511961986402"
"original","glrlm","LowGrayLevelRunEmphasis","0.0011012993258932796"
"original","glrlm","RunEntropy","5.3748952167354185"
"original","glrlm","RunLengthNonUniformity","305704.99846730963"
"original","glrlm","RunLengthNonUniformityNormalized","0.7848622517490514"
"original","glrlm","RunPercentage","0.8695550581378241"
"original","glrlm","RunVariance","0.2143764684631941"
"original","glrlm","ShortRunEmphasis","0.9063371330587905"
"original","glrlm","ShortRunHighGrayLevelEmphasis","1200.3134659532627"
"original","glrlm","ShortRunLowGrayLevelEmphasis","0.001026843553760521"
"original","glszm","GrayLevelNonUniformity","3824.331380299426"
"original","glszm","GrayLevelNonUniformityNormalized","0.03344350234625915"
"original","glszm","GrayLevelVariance","70.76041124164328"
"original","glszm","HighGrayLevelZoneEmphasis","1035.8001346718902"
"original","glszm","LargeAreaEmphasis","23915.119971666434"
"original","glszm","LargeAreaHighGrayLevelEmphasis","43797470.404435426"
"original","glszm","LargeAreaLowGrayLevelEmphasis","13.087892804455553"
"original","glszm","LowGrayLevelZoneEmphasis","0.001497195038538973"
"original","glszm","SizeZoneNonUniformity","42280.15342101581"
"original","glszm","SizeZoneNonUniformityNormalized","0.3697368950347682"
"original","glszm","SmallAreaEmphasis","0.6301112526162"
"original","glszm","SmallAreaHighGrayLevelEmphasis","632.4035217757859"
"original","glszm","SmallAreaLowGrayLevelEmphasis","0.0009653474672847704"
"original","glszm","ZoneEntropy","7.234498071176238"
"original","glszm","ZonePercentage","0.25578612314650573"
"original","glszm","ZoneVariance","23899.83565450922"
"original","ngtdm","Busyness","9.489671850757311"
"original","ngtdm","Coarseness","2.8923936240425377e-05"
"original","ngtdm","Complexity","4027.802736373127"
"original","ngtdm","Contrast","0.06289544269323816"
"original","ngtdm","Strength","0.07136680173106026"
"wavelet-LLH","firstorder","10Percentile","-153.45600520545483"
"wavelet-LLH","firstorder","90Percentile","142.02160566179515"
"wavelet-LLH","firstorder","Energy","6570305091.188169"
"wavelet-LLH","firstorder","Entropy","4.2666632154938755"
"wavelet-LLH","firstorder","InterquartileRange","126.57583816310078"
"wavelet-LLH","firstorder","Kurtosis","4.352608745702565"
"wavelet-LLH","firstorder","Maximum","725.7258860862858"
"wavelet-LLH","firstorder","MeanAbsoluteDeviation","88.81674224651204"
"wavelet-LLH","firstorder","Mean","-7.505908217514023"
"wavelet-LLH","firstorder","Median","-9.037499786237085"
"wavelet-LLH","firstorder","Minimum","-709.4615338541994"
"wavelet-LLH","firstorder","Range","1435.1874199404851"
"wavelet-LLH","firstorder","RobustMeanAbsoluteDeviation","55.079478423488204"
"wavelet-LLH","firstorder","RootMeanSquared","121.22979634911745"
"wavelet-LLH","firstorder","Skewness","0.1815439617302476"
"wavelet-LLH","firstorder","TotalEnergy","4060323428.239758"
"wavelet-LLH","firstorder","Uniformity","0.06789797041391078"
"wavelet-LLH","firstorder","Variance","14640.32486467875"
"wavelet-LLH","glcm","Autocorrelation","858.6278575487639"
"wavelet-LLH","glcm","ClusterProminence","16881.669169951518"
"wavelet-LLH","glcm","ClusterShade","90.76956163746299"
"wavelet-LLH","glcm","ClusterTendency","59.632719937931626"
"wavelet-LLH","glcm","Contrast","30.946013927229135"
"wavelet-LLH","glcm","Correlation","0.31156203356864043"
"wavelet-LLH","glcm","DifferenceAverage","3.919817365328924"
"wavelet-LLH","glcm","DifferenceEntropy","3.4461618991902117"
"wavelet-LLH","glcm","DifferenceVariance","14.249240835412659"
"wavelet-LLH","glcm","Id","0.353869554371166"
"wavelet-LLH","glcm","Idm","0.27118811916734165"
"wavelet-LLH","glcm","Idmn","0.9915052875012578"
"wavelet-LLH","glcm","Idn","0.9410523366014883"
"wavelet-LLH","glcm","Imc1","-0.06646804363298774"
"wavelet-LLH","glcm","Imc2","0.4961707774091001"
"wavelet-LLH","glcm","InverseVariance","0.26909555207091207"
"wavelet-LLH","glcm","JointAverage","29.179721326642525"
"wavelet-LLH","glcm","JointEnergy","0.006872954795872706"
"wavelet-LLH","glcm","JointEntropy","8.191423032504206"
"wavelet-LLH","glcm","MCC","0.4222233251773217"
"wavelet-LLH","glcm","MaximumProbability","0.02314867136059455"
"wavelet-LLH","glcm","SumAverage","58.359442653285036"
"wavelet-LLH","glcm","SumEntropy","4.906515020528854"
"wavelet-LLH","glcm","SumSquares","22.644683466290193"
"wavelet-LLH","gldm","DependenceEntropy","7.101877489197133"
"wavelet-LLH","gldm","DependenceNonUniformity","65474.62008763905"
"wavelet-LLH","gldm","DependenceNonUniformityNormalized","0.14645567403025325"
"wavelet-LLH","gldm","DependenceVariance","6.248540861591986"
"wavelet-LLH","gldm","GrayLevelNonUniformity","30354.534551213368"
"wavelet-LLH","gldm","GrayLevelVariance","23.50720469666913"
"wavelet-LLH","gldm","HighGrayLevelEmphasis","876.1443046922009"
"wavelet-LLH","gldm","LargeDependenceEmphasis","20.397979246679984"
"wavelet-LLH","gldm","LargeDependenceHighGrayLevelEmphasis","17479.36179850177"
"wavelet-LLH","gldm","LargeDependenceLowGrayLevelEmphasis","0.02491043270666656"
"wavelet-LLH","gldm","LowGrayLevelEmphasis","0.0013001273030909088"
"wavelet-LLH","gldm","SmallDependenceEmphasis","0.24441260799610634"
"wavelet-LLH","gldm","SmallDependenceHighGrayLevelEmphasis","222.689952792364"
"wavelet-LLH","gldm","SmallDependenceLowGrayLevelEmphasis","0.00033779077841858537"
"wavelet-LLH","glrlm","GrayLevelNonUniformity","25667.47834127288"
"wavelet-LLH","glrlm","GrayLevelNonUniformityNormalized","0.06420518171357437"
"wavelet-LLH","glrlm","GrayLevelVariance","24.94839712426602"
"wavelet-LLH","glrlm","HighGrayLevelRunEmphasis","878.3651254552653"
"wavelet-LLH","glrlm","LongRunEmphasis","1.4273867697927047"
"wavelet-LLH","glrlm","LongRunHighGrayLevelEmphasis","1244.8305357156546"
"wavelet-LLH","glrlm","LongRunLowGrayLevelEmphasis","0.0018352080940231682"
"wavelet-LLH","glrlm","LowGrayLevelRunEmphasis","0.0013074467561030438"
"wavelet-LLH","glrlm","RunEntropy","4.8391595410196775"
"wavelet-LLH","glrlm","RunLengthNonUniformity","328865.8595840804"
"wavelet-LLH","glrlm","RunLengthNonUniformityNormalized","0.819569066775302"
"wavelet-LLH","glrlm","RunPercentage","0.8937856183109069"
"wavelet-LLH","glrlm","RunVariance","0.16452225788971625"
"wavelet-LLH","glrlm","ShortRunEmphasis","0.922438016770427"
"wavelet-LLH","glrlm","ShortRunHighGrayLevelEmphasis","811.7618532225829"
"wavelet-LLH","glrlm","ShortRunLowGrayLevelEmphasis","0.0012108028963412351"
"wavelet-LLH","glszm","GrayLevelNonUniformity","5234.21378031523"
"wavelet-LLH","glszm","GrayLevelNonUniformityNormalized","0.042569119376658936"
"wavelet-LLH","glszm","GrayLevelVariance","43.44980760947588"
"wavelet-LLH","glszm","HighGrayLevelZoneEmphasis","915.1869825468859"
"wavelet-LLH","glszm","LargeAreaEmphasis","10676.73118463215"
"wavelet-LLH","glszm","LargeAreaHighGrayLevelEmphasis","9014434.98167667"
"wavelet-LLH","glszm","LargeAreaLowGrayLevelEmphasis","12.690446346015335"
"wavelet-LLH","glszm","LowGrayLevelZoneEmphasis","0.0013960132162578651"
"wavelet-LLH","glszm","SizeZoneNonUniformity","43317.96543535191"
"wavelet-LLH","glszm","SizeZoneNonUniformityNormalized","0.3522988779530564"
"wavelet-LLH","glszm","SmallAreaEmphasis","0.6141058215912442"
"wavelet-LLH","glszm","SmallAreaHighGrayLevelEmphasis","569.816929242895"
"wavelet-LLH","glszm","SmallAreaLowGrayLevelEmphasis","0.0008693378426556992"
"wavelet-LLH","glszm","ZoneEntropy","7.001834064513883"
"wavelet-LLH","glszm","ZonePercentage","0.2750362925864703"
"wavelet-LLH","glszm","ZoneVariance","10663.511533641631"
"wavelet-LLH","ngtdm","Busyness","20.27003434341983"
"wavelet-LLH","ngtdm","Coarseness","1.886562403981756e-05"
"wavelet-LLH","ngtdm","Complexity","4306.516380805112"
"wavelet-LLH","ngtdm","Contrast","0.03695473687686106"
"wavelet-LLH","ngtdm","Strength","0.03082686757391462"
"wavelet-LHL","firstorder","10Percentile","-86.47554239291259"
"wavelet-LHL","firstorder","90Percentile","85.82557684245947"
"wavelet-LHL","firstorder","Energy","2380220804.254526"
"wavelet-LHL","firstorder","Entropy","3.5334741769015396"
"wavelet-LHL","firstorder","InterquartileRange","75.53065011715509"
"wavelet-LHL","firstorder","Kurtosis","4.8285522126170575"
"wavelet-LHL","firstorder","Maximum","530.4337525768343"
"wavelet-LHL","firstorder","MeanAbsoluteDeviation","53.14230158680409"
"wavelet-LHL","firstorder","Mean","-1.7274979246321376"
"wavelet-LHL","firstorder","Median","-3.3283709131068844"
"wavelet-LHL","firstorder","Minimum","-524.0342351584155"
"wavelet-LHL","firstorder","Range","1054.4679877352498"
"wavelet-LHL","firstorder","RobustMeanAbsoluteDeviation","32.67815767988543"
"wavelet-LHL","firstorder","RootMeanSquared","72.96678829827464"
"wavelet-LHL","firstorder","Skewness","0.19819504181944206"
"wavelet-LHL","firstorder","TotalEnergy","1470931130.5589035"
"wavelet-LHL","firstorder","Uniformity","0.1131244712307741"
"wavelet-LHL","firstorder","Variance","5321.1679454856185"
"wavelet-LHL","glcm","Autocorrelation","461.8330109703976"
"wavelet-LHL","glcm","ClusterProminence","2624.1750964931384"
"wavelet-LHL","glcm","ClusterShade","25.945988525426216"
"wavelet-LHL","glcm","ClusterTendency","22.72199173401172"
"wavelet-LHL","glcm","Contrast","10.702694103588906"
"wavelet-LHL","glcm","Correlation","0.35910122852948106"
"wavelet-LHL","glcm","DifferenceAverage","2.343806210229891"
"wavelet-LHL","glcm","DifferenceEntropy","2.802597041015723"
"wavelet-LHL","glcm","DifferenceVariance","4.947140492591547"
"wavelet-LHL","glcm","Id","0.44312491337325627"
"wavelet-LHL","glcm","Idm","0.37077681281950164"
"wavelet-LHL","glcm","Idmn","0.9943829187470951"
"wavelet-LHL","glcm","Idn","0.9505305774557283"
"wavelet-LHL","glcm","Imc1","-0.06105550714515324"
"wavelet-LHL","glcm","Imc2","0.4924957764729462"
"wavelet-LHL","glcm","InverseVariance","0.3593953500439438"
"wavelet-LHL","glcm","JointAverage","21.42027496662012"
"wavelet-LHL","glcm","JointEnergy","0.017078681914853018"
"wavelet-LHL","glcm","JointEntropy","6.805187290148623"
"wavelet-LHL","glcm","MCC","0.4113936887338602"
"wavelet-LHL","glcm","MaximumProbability","0.046189583744981395"
"wavelet-LHL","glcm","SumAverage","42.840549933240226"
"wavelet-LHL","glcm","SumEntropy","4.212197004059005"
"wavelet-LHL","glcm","SumSquares","8.356171459400155"
"wavelet-LHL","gldm","DependenceEntropy","6.688673749996038"
"wavelet-LHL","gldm","DependenceNonUniformity","48272.02821315212"
"wavelet-LHL","gldm","DependenceNonUniformityNormalized","0.1079763795391504"
"wavelet-LHL","gldm","DependenceVariance","8.917485165583223"
"wavelet-LHL","gldm","GrayLevelNonUniformity","50573.5392329011"
"wavelet-LHL","gldm","GrayLevelVariance","8.595286770146563"
"wavelet-LHL","gldm","HighGrayLevelEmphasis","467.83939775556354"
"wavelet-LHL","gldm","LargeDependenceEmphasis","33.86534947132494"
"wavelet-LHL","gldm","LargeDependenceHighGrayLevelEmphasis","15529.330031024849"
"wavelet-LHL","gldm","LargeDependenceLowGrayLevelEmphasis","0.07591849723156012"
"wavelet-LHL","gldm","LowGrayLevelEmphasis","0.0023222730608642283"
"wavelet-LHL","gldm","SmallDependenceEmphasis","0.14747559999420942"
"wavelet-LHL","gldm","SmallDependenceHighGrayLevelEmphasis","71.86089764791018"
"wavelet-LHL","gldm","SmallDependenceLowGrayLevelEmphasis","0.00036588924935179555"
"wavelet-LHL","glrlm","GrayLevelNonUniformity","39744.84517340346"
"wavelet-LHL","glrlm","GrayLevelNonUniformityNormalized","0.10500972338237467"
"wavelet-LHL","glrlm","GrayLevelVariance","9.40216419384611"
"wavelet-LHL","glrlm","HighGrayLevelRunEmphasis","469.27559724684477"
"wavelet-LHL","glrlm","LongRunEmphasis","1.6653138620420518"
"wavelet-LHL","glrlm","LongRunHighGrayLevelEmphasis","775.0298449002551"
"wavelet-LHL","glrlm","LongRunLowGrayLevelEmphasis","0.0038336176894539923"
"wavelet-LHL","glrlm","LowGrayLevelRunEmphasis","0.002333799789312355"
"wavelet-LHL","glrlm","RunEntropy","4.313417371632715"
"wavelet-LHL","glrlm","RunLengthNonUniformity","283449.3293882032"
"wavelet-LHL","glrlm","RunLengthNonUniformityNormalized","0.746162566576615"
"wavelet-LHL","glrlm","RunPercentage","0.8463544727074759"
"wavelet-LHL","glrlm","RunVariance","0.2567631045815776"
"wavelet-LHL","glrlm","ShortRunEmphasis","0.8863190099243847"
"wavelet-LHL","glrlm","ShortRunHighGrayLevelEmphasis","416.89630516851634"
"wavelet-LHL","glrlm","ShortRunLowGrayLevelEmphasis","0.002076136039790274"
"wavelet-LHL","glszm","GrayLevelNonUniformity","4121.773290909631"
"wavelet-LHL","glszm","GrayLevelNonUniformityNormalized","0.061283018985245345"
"wavelet-LHL","glszm","GrayLevelVariance","22.30876881634967"
"wavelet-LHL","glszm","HighGrayLevelZoneEmphasis","494.1984447946713"
"wavelet-LHL","glszm","LargeAreaEmphasis","118271.53098516162"
"wavelet-LHL","glszm","LargeAreaHighGrayLevelEmphasis","53438124.112655744"
"wavelet-LHL","glszm","LargeAreaLowGrayLevelEmphasis","263.26043040987423"
"wavelet-LHL","glszm","LowGrayLevelZoneEmphasis","0.0025298907220221703"
"wavelet-LHL","glszm","SizeZoneNonUniformity","20261.567099824555"
"wavelet-LHL","glszm","SizeZoneNonUniformityNormalized","0.30125140652152244"
"wavelet-LHL","glszm","SmallAreaEmphasis","0.564699400984135"
"wavelet-LHL","glszm","SmallAreaHighGrayLevelEmphasis","281.3796167873986"
"wavelet-LHL","glszm","SmallAreaLowGrayLevelEmphasis","0.0014584412962225359"
"wavelet-LHL","glszm","ZoneEntropy","6.764298733626557"
"wavelet-LHL","glszm","ZonePercentage","0.15044479388718765"
"wavelet-LHL","glszm","ZoneVariance","118227.34895450347"
"wavelet-LHL","ngtdm","Busyness","34.57075814580494"
"wavelet-LHL","ngtdm","Coarseness","1.9623038275303535e-05"
"wavelet-LHL","ngtdm","Complexity","1343.2755251286533"
"wavelet-LHL","ngtdm","Contrast","0.014694971587132108"
"wavelet-LHL","ngtdm","Strength","0.020300675591382728"
"wavelet-LHH","firstorder","10Percentile","-36.529378360703646"
"wavelet-LHH","firstorder","90Percentile","36.9097504135937"
"wavelet-LHH","firstorder","Energy","406607143.3095931"
"wavelet-LHH","firstorder","Entropy","2.3423039147375895"
"wavelet-LHH","firstorder","InterquartileRange","36.110220912500154"
"wavelet-LHH","firstorder","Kurtosis","3.9483996118725178"
"wavelet-LHH","firstorder","Maximum","189.45176312584837"
"wavelet-LHH","firstorder","MeanAbsoluteDeviation","23.032590314576822"
"wavelet-LHH","firstorder","Mean","0.10673256121015251"
"wavelet-LHH","firstorder","Median","0.18981380540847748"
"wavelet-LHH","firstorder","Minimum","-180.9870085878713"
"wavelet-LHH","firstorder","Range","370.4387717137197"
"wavelet-LHH","firstorder","RobustMeanAbsoluteDeviation","15.188470115255402"
"wavelet-LHH","firstorder","RootMeanSquared","30.158109200851573"
"wavelet-LHH","firstorder","Skewness","-0.04272411606977431"
"wavelet-LHH","firstorder","TotalEnergy","251275471.55820492"
"wavelet-LHH","firstorder","Uniformity","0.2417200133445045"
"wavelet-LHH","firstorder","Variance","909.5001587308661"
"wavelet-LHH","glcm","Autocorrelation","72.4367729892426"
"wavelet-LHH","glcm","ClusterProminence","43.269304905469944"
"wavelet-LHH","glcm","ClusterShade","-0.25747158788384117"
"wavelet-LHH","glcm","ClusterTendency","3.2427561951579706"
"wavelet-LHH","glcm","Contrast","2.8138927493976245"
"wavelet-LHH","glcm","Correlation","0.07005147735187599"
"wavelet-LHH","glcm","DifferenceAverage","1.2319531790153309"
"wavelet-LHH","glcm","DifferenceEntropy","2.018598196487942"
"wavelet-LHH","glcm","DifferenceVariance","1.2591939393279858"
"wavelet-LHH","glcm","Id","0.5713892499476606"
"wavelet-LHH","glcm","Idm","0.5275918756903375"
"wavelet-LHH","glcm","Idmn","0.9894585907652557"
"wavelet-LHH","glcm","Idn","0.932304852032339"
"wavelet-LHH","glcm","Imc1","-0.02606054243424353"
"wavelet-LHH","glcm","Imc2","0.21952814435725682"
"wavelet-LHH","glcm","InverseVariance","0.4667319431319194"
"wavelet-LHH","glcm","JointAverage","8.50467852477651"
"wavelet-LHH","glcm","JointEnergy","0.06472651743492683"
"wavelet-LHH","glcm","JointEntropy","4.599973028734498"
"wavelet-LHH","glcm","MCC","0.17960625670733552"
"wavelet-LHH","glcm","MaximumProbability","0.11582961123860125"
"wavelet-LHH","glcm","SumAverage","17.00935704955302"
"wavelet-LHH","glcm","SumEntropy","2.8651859253677623"
"wavelet-LHH","glcm","SumSquares","1.514162236138899"
"wavelet-LHH","gldm","DependenceEntropy","5.813959803133799"
"wavelet-LHH","gldm","DependenceNonUniformity","31867.07457147906"
"wavelet-LHH","gldm","DependenceNonUniformityNormalized","0.07128126714582364"
"wavelet-LHH","gldm","DependenceVariance","15.10255202975348"
"wavelet-LHH","gldm","GrayLevelNonUniformity","108063.59088580753"
"wavelet-LHH","gldm","GrayLevelVariance","1.5382118914714755"
"wavelet-LHH","gldm","HighGrayLevelEmphasis","73.8714179944124"
"wavelet-LHH","gldm","LargeDependenceEmphasis","73.02203278747196"
"wavelet-LHH","gldm","LargeDependenceHighGrayLevelEmphasis","5324.939786740512"
"wavelet-LHH","gldm","LargeDependenceLowGrayLevelEmphasis","1.0335333126849022"
"wavelet-LHH","gldm","LowGrayLevelEmphasis","0.014883847129712255"
"wavelet-LHH","gldm","SmallDependenceEmphasis","0.06959307942397164"
"wavelet-LHH","gldm","SmallDependenceHighGrayLevelEmphasis","5.329787779402558"
"wavelet-LHH","gldm","SmallDependenceLowGrayLevelEmphasis","0.0012370537481985204"
"wavelet-LHH","glrlm","GrayLevelNonUniformity","72215.34632903304"
"wavelet-LHH","glrlm","GrayLevelNonUniformityNormalized","0.2166097885490069"
"wavelet-LHH","glrlm","GrayLevelVariance","1.8081939265306655"
"wavelet-LHH","glrlm","HighGrayLevelRunEmphasis","74.11981303647858"
"wavelet-LHH","glrlm","LongRunEmphasis","2.447538529866402"
"wavelet-LHH","glrlm","LongRunHighGrayLevelEmphasis","179.93562303769914"
"wavelet-LHH","glrlm","LongRunLowGrayLevelEmphasis","0.035716550323504494"
"wavelet-LHH","glrlm","LowGrayLevelRunEmphasis","0.015090306830149652"
"wavelet-LHH","glrlm","RunEntropy","3.5069533734973084"
"wavelet-LHH","glrlm","RunLengthNonUniformity","206842.63898367918"
"wavelet-LHH","glrlm","RunLengthNonUniformityNormalized","0.614193493486175"
"wavelet-LHH","glrlm","RunPercentage","0.7457505798984925"
"wavelet-LHH","glrlm","RunVariance","0.5876437784758061"
"wavelet-LHH","glrlm","ShortRunEmphasis","0.8089467137847302"
"wavelet-LHH","glrlm","ShortRunHighGrayLevelEmphasis","60.1233090700456"
"wavelet-LHH","glrlm","ShortRunLowGrayLevelEmphasis","0.012344911767798216"
"wavelet-LHH","glszm","GrayLevelNonUniformity","3970.119571960298"
"wavelet-LHH","glszm","GrayLevelNonUniformityNormalized","0.1539283332800984"
"wavelet-LHH","glszm","GrayLevelVariance","6.608055665920512"
"wavelet-LHH","glszm","HighGrayLevelZoneEmphasis","78.02012251861042"
"wavelet-LHH","glszm","LargeAreaEmphasis","1060339.984375"
"wavelet-LHH","glszm","LargeAreaHighGrayLevelEmphasis","77196384.47720224"
"wavelet-LHH","glszm","LargeAreaLowGrayLevelEmphasis","14880.792898282549"
"wavelet-LHH","glszm","LowGrayLevelZoneEmphasis","0.01937089590364724"
"wavelet-LHH","glszm","SizeZoneNonUniformity","7695.487825682382"
"wavelet-LHH","glszm","SizeZoneNonUniformityNormalized","0.29836723889897576"
"wavelet-LHH","glszm","SmallAreaEmphasis","0.5561024809891068"
"wavelet-LHH","glszm","SmallAreaHighGrayLevelEmphasis","43.56666609750873"
"wavelet-LHH","glszm","SmallAreaLowGrayLevelEmphasis","0.011169677031352031"
"wavelet-LHH","glszm","ZoneEntropy","5.388563040889628"
"wavelet-LHH","glszm","ZonePercentage","0.0576923507082926"
"wavelet-LHH","glszm","ZoneVariance","1060039.540378584"
"wavelet-LHH","ngtdm","Busyness","332.93174848682645"
"wavelet-LHH","ngtdm","Coarseness","1.4496770867603879e-05"
"wavelet-LHH","ngtdm","Complexity","109.95970306802779"
"wavelet-LHH","ngtdm","Contrast","0.01184025918712655"
"wavelet-LHH","ngtdm","Strength","0.001765906102759864"
"wavelet-HLL","firstorder","10Percentile","-80.53713963514033"
"wavelet-HLL","firstorder","90Percentile","79.38013035453955"
"wavelet-HLL","firstorder","Energy","2087644479.2263176"
"wavelet-HLL","firstorder","Entropy","3.399979806568732"
"wavelet-HLL","firstorder","InterquartileRange","63.423883559165034"
"wavelet-HLL","firstorder","Kurtosis","5.2545968561870176"
"wavelet-HLL","firstorder","Maximum","480.21840307625723"
"wavelet-HLL","firstorder","MeanAbsoluteDeviation","48.22444414176671"
"wavelet-HLL","firstorder","Mean","-1.9175293904577486"
"wavelet-HLL","firstorder","Median","-3.267018173865331"
"wavelet-HLL","firstorder","Minimum","-418.46664930252126"
"wavelet-HLL","firstorder","Range","898.6850523787784"
"wavelet-HLL","firstorder","RobustMeanAbsoluteDeviation","28.289694461327304"
"wavelet-HLL","firstorder","RootMeanSquared","68.33526423338995"
"wavelet-HLL","firstorder","Skewness","0.22841332623915145"
"wavelet-HLL","firstorder","TotalEnergy","1290124533.213285"
"wavelet-HLL","firstorder","Uniformity","0.1296118394399768"
"wavelet-HLL","firstorder","Variance","4666.031418883954"
"wavelet-HLL","glcm","Autocorrelation","306.2532543772685"
"wavelet-HLL","glcm","ClusterProminence","2247.986679064032"
"wavelet-HLL","glcm","ClusterShade","24.323244056026745"
"wavelet-HLL","glcm","ClusterTendency","20.37039385652667"
"wavelet-HLL","glcm","Contrast","8.874160908017569"
"wavelet-HLL","glcm","Correlation","0.39248116264936256"
"wavelet-HLL","glcm","DifferenceAverage","2.068530625037937"
"wavelet-HLL","glcm","DifferenceEntropy","2.680871805602389"
"wavelet-HLL","glcm","DifferenceVariance","4.419999609772462"
"wavelet-HLL","glcm","Id","0.48077275879710063"
"wavelet-HLL","glcm","Idm","0.41707953813008963"
"wavelet-HLL","glcm","Idmn","0.9937504540000999"
"wavelet-HLL","glcm","Idn","0.9496604453882497"
"wavelet-HLL","glcm","Imc1","-0.07162740328022008"
"wavelet-HLL","glcm","Imc2","0.5496248785271606"
"wavelet-HLL","glcm","InverseVariance","0.38319988796673915"
"wavelet-HLL","glcm","JointAverage","17.417783801152204"
"wavelet-HLL","glcm","JointEnergy","0.0242324750158141"
"wavelet-HLL","glcm","JointEntropy","6.502667727100552"
"wavelet-HLL","glcm","MCC","0.4428735972110773"
"wavelet-HLL","glcm","MaximumProbability","0.07038670264428834"
"wavelet-HLL","glcm","SumAverage","34.83556760230438"
"wavelet-HLL","glcm","SumEntropy","4.098454354331748"
"wavelet-HLL","glcm","SumSquares","7.311138691136062"
"wavelet-HLL","gldm","DependenceEntropy","6.753542944867768"
"wavelet-HLL","gldm","DependenceNonUniformity","40131.58728898293"
"wavelet-HLL","gldm","DependenceNonUniformityNormalized","0.08976758717262955"
"wavelet-HLL","gldm","DependenceVariance","14.479585715198358"
"wavelet-HLL","gldm","GrayLevelNonUniformity","57944.39855187547"
"wavelet-HLL","gldm","GrayLevelVariance","7.546488875912276"
"wavelet-HLL","gldm","HighGrayLevelEmphasis","311.0934033610626"
"wavelet-HLL","gldm","LargeDependenceEmphasis","48.99357134708686"
"wavelet-HLL","gldm","LargeDependenceHighGrayLevelEmphasis","14864.4044727677"
"wavelet-HLL","gldm","LargeDependenceLowGrayLevelEmphasis","0.16623827069139258"
"wavelet-HLL","gldm","LowGrayLevelEmphasis","0.0036151079546366126"
"wavelet-HLL","gldm","SmallDependenceEmphasis","0.12841702726718207"
"wavelet-HLL","gldm","SmallDependenceHighGrayLevelEmphasis","42.29287493816637"
"wavelet-HLL","gldm","SmallDependenceLowGrayLevelEmphasis","0.0005227922110047766"
"wavelet-HLL","glrlm","GrayLevelNonUniformity","41711.147858740886"
"wavelet-HLL","glrlm","GrayLevelNonUniformityNormalized","0.11476312765090349"
"wavelet-HLL","glrlm","GrayLevelVariance","8.557811591182457"
"wavelet-HLL","glrlm","HighGrayLevelRunEmphasis","312.63726619272705"
"wavelet-HLL","glrlm","LongRunEmphasis","1.8993956706494601"
"wavelet-HLL","glrlm","LongRunHighGrayLevelEmphasis","586.1061009285912"
"wavelet-HLL","glrlm","LongRunLowGrayLevelEmphasis","0.006735116224830985"
"wavelet-HLL","glrlm","LowGrayLevelRunEmphasis","0.0036554922894456252"
"wavelet-HLL","glrlm","RunEntropy","4.329321777581375"
"wavelet-HLL","glrlm","RunLengthNonUniformity","257336.33880470428"
"wavelet-HLL","glrlm","RunLengthNonUniformityNormalized","0.7056760119152016"
"wavelet-HLL","glrlm","RunPercentage","0.8125053662441177"
"wavelet-HLL","glrlm","RunVariance","0.3706677017371284"
"wavelet-HLL","glrlm","ShortRunEmphasis","0.8645887683734539"
"wavelet-HLL","glrlm","ShortRunHighGrayLevelEmphasis","271.32293349873623"
"wavelet-HLL","glrlm","ShortRunLowGrayLevelEmphasis","0.0031861850872027453"
"wavelet-HLL","glszm","GrayLevelNonUniformity","3614.9460067875234"
"wavelet-HLL","glszm","GrayLevelNonUniformityNormalized","0.06164957291108896"
"wavelet-HLL","glszm","GrayLevelVariance","21.64084264163102"
"wavelet-HLL","glszm","HighGrayLevelZoneEmphasis","335.77425516312223"
"wavelet-HLL","glszm","LargeAreaEmphasis","175506.15193478522"
"wavelet-HLL","glszm","LargeAreaHighGrayLevelEmphasis","52876053.350171395"
"wavelet-HLL","glszm","LargeAreaLowGrayLevelEmphasis","586.1071901616377"
"wavelet-HLL","glszm","LowGrayLevelZoneEmphasis","0.004215784168009287"
"wavelet-HLL","glszm","SizeZoneNonUniformity","17037.56217064311"
"wavelet-HLL","glszm","SizeZoneNonUniformityNormalized","0.2905599224149105"
"wavelet-HLL","glszm","SmallAreaEmphasis","0.55395929368356"
"wavelet-HLL","glszm","SmallAreaHighGrayLevelEmphasis","187.95882429120894"
"wavelet-HLL","glszm","SmallAreaLowGrayLevelEmphasis","0.0024091479603858055"
"wavelet-HLL","glszm","ZoneEntropy","6.814680456812073"
"wavelet-HLL","glszm","ZonePercentage","0.13116107197899168"
"wavelet-HLL","glszm","ZoneVariance","175448.02330511183"
"wavelet-HLL","ngtdm","Busyness","46.607199165989776"
"wavelet-HLL","ngtdm","Coarseness","2.1118344451512736e-05"
"wavelet-HLL","ngtdm","Complexity","851.1239040621278"
"wavelet-HLL","ngtdm","Contrast","0.015144477758062052"
"wavelet-HLL","ngtdm","Strength","0.015361176996124822"
"wavelet-HLH","firstorder","10Percentile","-32.62001633841734"
"wavelet-HLH","firstorder","90Percentile","32.949767886983444"
"wavelet-HLH","firstorder","Energy","334516293.49358225"
"wavelet-HLH","firstorder","Entropy","2.1999156930510146"
"wavelet-HLH","firstorder","InterquartileRange","30.558408784777747"
"wavelet-HLH","firstorder","Kurtosis","4.4261828275050386"
"wavelet-HLH","firstorder","Maximum","188.35533801987478"
"wavelet-HLH","firstorder","MeanAbsoluteDeviation","20.40685945288896"
"wavelet-HLH","firstorder","Mean","0.08563976284671466"
"wavelet-HLH","firstorder","Median","0.11642157652268015"
"wavelet-HLH","firstorder","Minimum","-178.35627322642836"
"wavelet-HLH","firstorder","Range","366.71161124630316"
"wavelet-HLH","firstorder","RobustMeanAbsoluteDeviation","13.022080558483683"
"wavelet-HLH","firstorder","RootMeanSquared","27.354277313710504"
"wavelet-HLH","firstorder","Skewness","-0.057323931095295946"
"wavelet-HLH","firstorder","TotalEnergy","206724699.19571042"
"wavelet-HLH","firstorder","Uniformity","0.2707069632307182"
"wavelet-HLH","firstorder","Variance","748.2491531863968"
"wavelet-HLH","glcm","Autocorrelation","72.4258301911754"
"wavelet-HLH","glcm","ClusterProminence","34.027492578405"
"wavelet-HLH","glcm","ClusterShade","-0.25197253516421314"
"wavelet-HLH","glcm","ClusterTendency","2.7421339609855178"
"wavelet-HLH","glcm","Contrast","2.2957604023195284"
"wavelet-HLH","glcm","Correlation","0.08754303530316467"
"wavelet-HLH","glcm","DifferenceAverage","1.086252210468629"
"wavelet-HLH","glcm","DifferenceEntropy","1.9011323655235572"
"wavelet-HLH","glcm","DifferenceVariance","1.0878979594926113"
"wavelet-HLH","glcm","Id","0.603397541242646"
"wavelet-HLH","glcm","Idm","0.5677002115894048"
"wavelet-HLH","glcm","Idmn","0.9913636622906427"
"wavelet-HLH","glcm","Idn","0.9397715852495628"
"wavelet-HLH","glcm","Imc1","-0.030517100708276065"
"wavelet-HLH","glcm","Imc2","0.26428525158726796"
"wavelet-HLH","glcm","InverseVariance","0.47763376852239414"
"wavelet-HLH","glcm","JointAverage","8.503777787482594"
"wavelet-HLH","glcm","JointEnergy","0.0826097954337254"
"wavelet-HLH","glcm","JointEntropy","4.304075382554206"
"wavelet-HLH","glcm","MCC","0.2158186955913834"
"wavelet-HLH","glcm","MaximumProbability","0.13958996505435733"
"wavelet-HLH","glcm","SumAverage","17.007555574965185"
"wavelet-HLH","glcm","SumEntropy","2.7304440931126015"
"wavelet-HLH","glcm","SumSquares","1.2594735908262618"
"wavelet-HLH","gldm","DependenceEntropy","5.78969264241936"
"wavelet-HLH","gldm","DependenceNonUniformity","28999.10013398619"
"wavelet-HLH","gldm","DependenceNonUniformityNormalized","0.06486609239899295"
"wavelet-HLH","gldm","DependenceVariance","17.67770557821347"
"wavelet-HLH","gldm","GrayLevelNonUniformity","121022.5256888881"
"wavelet-HLH","gldm","GrayLevelVariance","1.2834247267356764"
"wavelet-HLH","gldm","HighGrayLevelEmphasis","73.5962765707588"
"wavelet-HLH","gldm","LargeDependenceEmphasis","90.30230997559617"
"wavelet-HLH","gldm","LargeDependenceHighGrayLevelEmphasis","6566.901727057381"
"wavelet-HLH","gldm","LargeDependenceLowGrayLevelEmphasis","1.274576030268161"
"wavelet-HLH","gldm","LowGrayLevelEmphasis","0.014702430007750001"
"wavelet-HLH","gldm","SmallDependenceEmphasis","0.05807495669246221"
"wavelet-HLH","gldm","SmallDependenceHighGrayLevelEmphasis","4.425331612035471"
"wavelet-HLH","gldm","SmallDependenceLowGrayLevelEmphasis","0.0010085903950880933"
"wavelet-HLH","glrlm","GrayLevelNonUniformity","75721.76503411276"
"wavelet-HLH","glrlm","GrayLevelNonUniformityNormalized","0.23824820201687003"
"wavelet-HLH","glrlm","GrayLevelVariance","1.5556558554006956"
"wavelet-HLH","glrlm","HighGrayLevelRunEmphasis","73.86101751568738"
"wavelet-HLH","glrlm","LongRunEmphasis","2.8041652114669633"
"wavelet-HLH","glrlm","LongRunHighGrayLevelEmphasis","205.33656144291336"
"wavelet-HLH","glrlm","LongRunLowGrayLevelEmphasis","0.04049068378503814"
"wavelet-HLH","glrlm","LowGrayLevelRunEmphasis","0.014904630073288764"
"wavelet-HLH","glrlm","RunEntropy","3.5083914779051204"
"wavelet-HLH","glrlm","RunLengthNonUniformity","184199.912446074"
"wavelet-HLH","glrlm","RunLengthNonUniformityNormalized","0.5732063929627984"
"wavelet-HLH","glrlm","RunPercentage","0.7106920360033471"
"wavelet-HLH","glrlm","RunVariance","0.7480085499997293"
"wavelet-HLH","glrlm","ShortRunEmphasis","0.7820197577442657"
"wavelet-HLH","glrlm","ShortRunHighGrayLevelEmphasis","57.93015716036624"
"wavelet-HLH","glrlm","ShortRunLowGrayLevelEmphasis","0.011790826966098279"
"wavelet-HLH","glszm","GrayLevelNonUniformity","3453.382084010211"
"wavelet-HLH","glszm","GrayLevelNonUniformityNormalized","0.16028693822279932"
"wavelet-HLH","glszm","GrayLevelVariance","6.072166717714697"
"wavelet-HLH","glszm","HighGrayLevelZoneEmphasis","77.30670689255048"
"wavelet-HLH","glszm","LargeAreaEmphasis","1429957.0478997447"
"wavelet-HLH","glszm","LargeAreaHighGrayLevelEmphasis","104077300.4330007"
"wavelet-HLH","glszm","LargeAreaLowGrayLevelEmphasis","19986.100789516124"
"wavelet-HLH","glszm","LowGrayLevelZoneEmphasis","0.018894481261478507"
"wavelet-HLH","glszm","SizeZoneNonUniformity","6166.01406358784"
"wavelet-HLH","glszm","SizeZoneNonUniformityNormalized","0.28619234456197906"
"wavelet-HLH","glszm","SmallAreaEmphasis","0.543523999654398"
"wavelet-HLH","glszm","SmallAreaHighGrayLevelEmphasis","42.35183936133252"
"wavelet-HLH","glszm","SmallAreaLowGrayLevelEmphasis","0.010546480229728804"
"wavelet-HLH","glszm","ZoneEntropy","5.424189770540428"
"wavelet-HLH","glszm","ZonePercentage","0.04819252853637423"
"wavelet-HLH","glszm","ZoneVariance","1429526.4810657818"
"wavelet-HLH","ngtdm","Busyness","325.98762896800076"
"wavelet-HLH","ngtdm","Coarseness","1.4404207479460307e-05"
"wavelet-HLH","ngtdm","Complexity","99.21110938616982"
"wavelet-HLH","ngtdm","Contrast","0.008838562171134582"
"wavelet-HLH","ngtdm","Strength","0.0019517230633672826"
"wavelet-HHL","firstorder","10Percentile","-22.926653379859204"
"wavelet-HHL","firstorder","90Percentile","23.061640617042933"
"wavelet-HHL","firstorder","Energy","162196125.5016703"
"wavelet-HHL","firstorder","Entropy","1.744653799040769"
"wavelet-HHL","firstorder","InterquartileRange","22.775497444237168"
"wavelet-HHL","firstorder","Kurtosis","4.280102981524103"
"wavelet-HHL","firstorder","Maximum","195.9163566526883"
"wavelet-HHL","firstorder","MeanAbsoluteDeviation","14.496731651037308"
"wavelet-HHL","firstorder","Mean","0.039264319629403625"
"wavelet-HHL","firstorder","Median","0.08674476723261226"
"wavelet-HHL","firstorder","Minimum","-131.13324562558373"
"wavelet-HHL","firstorder","Range","327.049602278272"
"wavelet-HHL","firstorder","RobustMeanAbsoluteDeviation","9.546363589419299"
"wavelet-HHL","firstorder","RootMeanSquared","19.047450132326052"
"wavelet-HHL","firstorder","Skewness","-0.03189803058251596"
"wavelet-HHL","firstorder","TotalEnergy","100234116.86428294"
"wavelet-HHL","firstorder","Uniformity","0.35675309680815365"
"wavelet-HHL","firstorder","Variance","362.80381485665185"
"wavelet-HHL","glcm","Autocorrelation","42.34310148746178"
"wavelet-HHL","glcm","ClusterProminence","8.851498533246852"
"wavelet-HHL","glcm","ClusterShade","-0.07237711553201795"
"wavelet-HHL","glcm","ClusterTendency","1.4704501034829087"
"wavelet-HHL","glcm","Contrast","1.1635988348844342"
"wavelet-HHL","glcm","Correlation","0.11651956844670543"
"wavelet-HHL","glcm","DifferenceAverage","0.7672180638489652"
"wavelet-HHL","glcm","DifferenceEntropy","1.5239754561027499"
"wavelet-HHL","glcm","DifferenceVariance","0.5652985328495427"
"wavelet-HHL","glcm","Id","0.6732983467388179"
"wavelet-HHL","glcm","Idm","0.6551579864191446"
"wavelet-HHL","glcm","Idmn","0.9941943151692166"
"wavelet-HHL","glcm","Idn","0.9504438607813539"
"wavelet-HHL","glcm","Imc1","-0.02462285754362659"
"wavelet-HHL","glcm","Imc2","0.21465760745950824"
"wavelet-HHL","glcm","InverseVariance","0.5007774196397362"
"wavelet-HHL","glcm","JointAverage","6.50126054123396"
"wavelet-HHL","glcm","JointEnergy","0.13588854236854997"
"wavelet-HHL","glcm","JointEntropy","3.4267886687467564"
"wavelet-HHL","glcm","MCC","0.2646564968995558"
"wavelet-HHL","glcm","MaximumProbability","0.18910217805721016"
"wavelet-HHL","glcm","SumAverage","13.00252108246792"
"wavelet-HHL","glcm","SumEntropy","2.3005396939690708"
"wavelet-HHL","glcm","SumSquares","0.6585122345918356"
"wavelet-HHL","gldm","DependenceEntropy","5.407122773417447"
"wavelet-HHL","gldm","DependenceNonUniformity","30066.61685765477"
"wavelet-HHL","gldm","DependenceNonUniformityNormalized","0.06725394712948518"
"wavelet-HHL","gldm","DependenceVariance","17.843015881527133"
"wavelet-HHL","gldm","GrayLevelNonUniformity","159490.39621215002"
"wavelet-HHL","gldm","GrayLevelVariance","0.6684509611477898"
"wavelet-HHL","gldm","HighGrayLevelEmphasis","42.936845307463635"
"wavelet-HHL","gldm","LargeDependenceEmphasis","127.35585300439985"
"wavelet-HHL","gldm","LargeDependenceHighGrayLevelEmphasis","5428.082599466292"
"wavelet-HHL","gldm","LargeDependenceLowGrayLevelEmphasis","3.081602313440858"
"wavelet-HHL","gldm","LowGrayLevelEmphasis","0.024941992871129005"
"wavelet-HHL","gldm","SmallDependenceEmphasis","0.03769315850734526"
"wavelet-HHL","gldm","SmallDependenceHighGrayLevelEmphasis","1.6797819073974198"
"wavelet-HHL","gldm","SmallDependenceLowGrayLevelEmphasis","0.0011217468707996401"
"wavelet-HHL","glrlm","GrayLevelNonUniformity","90063.32471318779"
"wavelet-HHL","glrlm","GrayLevelNonUniformityNormalized","0.31670113122904464"
"wavelet-HHL","glrlm","GrayLevelVariance","0.8325963465090374"
"wavelet-HHL","glrlm","HighGrayLevelRunEmphasis","43.085267248348956"
"wavelet-HHL","glrlm","LongRunEmphasis","3.616183378966922"
"wavelet-HHL","glrlm","LongRunHighGrayLevelEmphasis","154.70854011795612"
"wavelet-HHL","glrlm","LongRunLowGrayLevelEmphasis","0.08876876414970505"
"wavelet-HHL","glrlm","LowGrayLevelRunEmphasis","0.02529767789877839"
"wavelet-HHL","glrlm","RunEntropy","3.325743526395039"
"wavelet-HHL","glrlm","RunLengthNonUniformity","138743.7107985263"
"wavelet-HHL","glrlm","RunLengthNonUniformityNormalized","0.4836303482854281"
"wavelet-HHL","glrlm","RunPercentage","0.6359677641650349"
"wavelet-HHL","glrlm","RunVariance","1.075931527460169"
"wavelet-HHL","glrlm","ShortRunEmphasis","0.7165119800273284"
"wavelet-HHL","glrlm","ShortRunHighGrayLevelEmphasis","30.97635422683758"
"wavelet-HHL","glrlm","ShortRunLowGrayLevelEmphasis","0.018369454619782736"
"wavelet-HHL","glszm","GrayLevelNonUniformity","4117.589181580535"
"wavelet-HHL","glszm","GrayLevelNonUniformityNormalized","0.2759963255969257"
"wavelet-HHL","glszm","GrayLevelVariance","3.47418127284301"
"wavelet-HHL","glszm","HighGrayLevelZoneEmphasis","45.26838259936993"
"wavelet-HHL","glszm","LargeAreaEmphasis","2885035.291440445"
"wavelet-HHL","glszm","LargeAreaHighGrayLevelEmphasis","122830160.84784503"
"wavelet-HHL","glszm","LargeAreaLowGrayLevelEmphasis","69390.27076768661"
"wavelet-HHL","glszm","LowGrayLevelZoneEmphasis","0.03181889564911637"
"wavelet-HHL","glszm","SizeZoneNonUniformity","3939.3815269119914"
"wavelet-HHL","glszm","SizeZoneNonUniformityNormalized","0.26405131221341854"
"wavelet-HHL","glszm","SmallAreaEmphasis","0.5247044547920994"
"wavelet-HHL","glszm","SmallAreaHighGrayLevelEmphasis","23.8026616822638"
"wavelet-HHL","glszm","SmallAreaLowGrayLevelEmphasis","0.01735561858800993"
"wavelet-HHL","glszm","ZoneEntropy","4.981917942148305"
"wavelet-HHL","glszm","ZonePercentage","0.03337128490295508"
"wavelet-HHL","glszm","ZoneVariance","2884137.3373305285"
"wavelet-HHL","ngtdm","Busyness","524.9349042927178"
"wavelet-HHL","ngtdm","Coarseness","1.2897438798044045e-05"
"wavelet-HHL","ngtdm","Complexity","59.41690826288638"
"wavelet-HHL","ngtdm","Contrast","0.004541372315201854"
"wavelet-HHL","ngtdm","Strength","0.0018149481468695023"
"wavelet-HHH","firstorder","10Percentile","-11.397867407370688"
"wavelet-HHH","firstorder","90Percentile","11.391737231679135"
"wavelet-HHH","firstorder","Energy","37301570.70642559"
"wavelet-HHH","firstorder","Entropy","1.0828158382214694"
"wavelet-HHH","firstorder","InterquartileRange","11.66900694429374"
"wavelet-HHH","firstorder","Kurtosis","3.5147351595384224"
"wavelet-HHH","firstorder","Maximum","56.199803962732176"
"wavelet-HHH","firstorder","MeanAbsoluteDeviation","7.137335587602379"
"wavelet-HHH","firstorder","Mean","-0.004333056454870344"
"wavelet-HHH","firstorder","Median","-0.0018238564592423859"
"wavelet-HHH","firstorder","Minimum","-48.87230202941706"
"wavelet-HHH","firstorder","Range","105.07210599214923"
"wavelet-HHH","firstorder","RobustMeanAbsoluteDeviation","4.863832172118449"
"wavelet-HHH","firstorder","RootMeanSquared","9.134402976691431"
"wavelet-HHH","firstorder","Skewness","0.00789639103074747"
"wavelet-HHH","firstorder","TotalEnergy","23051660.363925725"
"wavelet-HHH","firstorder","Uniformity","0.48980770182131145"
"wavelet-HHH","firstorder","Variance","83.43729896521108"
"wavelet-HHH","glcm","Autocorrelation","6.249990236240815"
"wavelet-HHH","glcm","ClusterProminence","0.67342973488372"
"wavelet-HHH","glcm","ClusterShade","0.0012738942183095456"
"wavelet-HHH","glcm","ClusterTendency","0.5402662605983876"
"wavelet-HHH","glcm","Contrast","0.5403452911861707"
"wavelet-HHH","glcm","Correlation","-8.294522904131463e-05"
"wavelet-HHH","glcm","DifferenceAverage","0.520270420730433"
"wavelet-HHH","glcm","DifferenceEntropy","1.0687261784683755"
"wavelet-HHH","glcm","DifferenceVariance","0.2691195452893553"
"wavelet-HHH","glcm","Id","0.7431680197885038"
"wavelet-HHH","glcm","Idm","0.741872197630321"
"wavelet-HHH","glcm","Idmn","0.9793829884298628"
"wavelet-HHH","glcm","Idn","0.9137631912204588"
"wavelet-HHH","glcm","Imc1","-0.00193007264124575"
"wavelet-HHH","glcm","Imc2","0.051371806853277614"
"wavelet-HHH","glcm","InverseVariance","0.5031065124831097"
"wavelet-HHH","glcm","JointAverage","2.5000019971672063"
"wavelet-HHH","glcm","JointEnergy","0.24074405401309754"
"wavelet-HHH","glcm","JointEntropy","2.160491295144566"
"wavelet-HHH","glcm","MCC","0.04070216981098687"
"wavelet-HHH","glcm","MaximumProbability","0.2524678805670949"
"wavelet-HHH","glcm","SumAverage","5.000003994334413"
"wavelet-HHH","glcm","SumEntropy","1.5801163576923551"
"wavelet-HHH","glcm","SumSquares","0.27015288794613956"
"wavelet-HHH","gldm","DependenceEntropy","4.445133433653143"
"wavelet-HHH","gldm","DependenceNonUniformity","51703.706650770255"
"wavelet-HHH","gldm","DependenceNonUniformityNormalized","0.11565246498972233"
"wavelet-HHH","gldm","DependenceVariance","8.46304146432747"
"wavelet-HHH","gldm","GrayLevelNonUniformity","218973.9209839373"
"wavelet-HHH","gldm","GrayLevelVariance","0.27061463647011735"
"wavelet-HHH","gldm","HighGrayLevelEmphasis","6.52059786024726"
"wavelet-HHH","gldm","LargeDependenceEmphasis","170.40117791531804"
"wavelet-HHH","gldm","LargeDependenceHighGrayLevelEmphasis","1107.1282196389307"
"wavelet-HHH","gldm","LargeDependenceLowGrayLevelEmphasis","30.79147969740147"
"wavelet-HHH","gldm","LowGrayLevelEmphasis","0.1841401633234739"
"wavelet-HHH","gldm","SmallDependenceEmphasis","0.015500887815818288"
"wavelet-HHH","gldm","SmallDependenceHighGrayLevelEmphasis","0.11594323514720087"
"wavelet-HHH","gldm","SmallDependenceLowGrayLevelEmphasis","0.00548802136267876"
"wavelet-HHH","glrlm","GrayLevelNonUniformity","118284.01803040918"
"wavelet-HHH","glrlm","GrayLevelNonUniformityNormalized","0.4818713264695556"
"wavelet-HHH","glrlm","GrayLevelVariance","0.28697357994939626"
"wavelet-HHH","glrlm","HighGrayLevelRunEmphasis","6.5386857449699916"
"wavelet-HHH","glrlm","LongRunEmphasis","4.908335862721482"
"wavelet-HHH","glrlm","LongRunHighGrayLevelEmphasis","31.923410323751924"
"wavelet-HHH","glrlm","LongRunLowGrayLevelEmphasis","0.8935823882353925"
"wavelet-HHH","glrlm","LowGrayLevelRunEmphasis","0.18694031804513322"
"wavelet-HHH","glrlm","RunEntropy","2.874646610828655"
"wavelet-HHH","glrlm","RunLengthNonUniformity","97653.6902242711"
"wavelet-HHH","glrlm","RunLengthNonUniformityNormalized","0.39701349266367547"
"wavelet-HHH","glrlm","RunPercentage","0.5490195538622934"
"wavelet-HHH","glrlm","RunVariance","1.561190907698141"
"wavelet-HHH","glrlm","ShortRunEmphasis","0.6235527237608345"
"wavelet-HHH","glrlm","ShortRunHighGrayLevelEmphasis","4.091663394400704"
"wavelet-HHH","glrlm","ShortRunLowGrayLevelEmphasis","0.11888025683736886"
"wavelet-HHH","glszm","GrayLevelNonUniformity","1785.6048858204992"
"wavelet-HHH","glszm","GrayLevelNonUniformityNormalized","0.47413831275106194"
"wavelet-HHH","glszm","GrayLevelVariance","2.200079589608677"
"wavelet-HHH","glszm","HighGrayLevelZoneEmphasis","8.451407328730749"
"wavelet-HHH","glszm","LargeAreaEmphasis","16406293.748008497"
"wavelet-HHH","glszm","LargeAreaHighGrayLevelEmphasis","106668295.30138077"
"wavelet-HHH","glszm","LargeAreaLowGrayLevelEmphasis","2961487.6912977225"
"wavelet-HHH","glszm","LowGrayLevelZoneEmphasis","0.522149052929722"
"wavelet-HHH","glszm","SizeZoneNonUniformity","2709.8475836431226"
"wavelet-HHH","glszm","SizeZoneNonUniformityNormalized","0.7195559170587156"
"wavelet-HHH","glszm","SmallAreaEmphasis","0.8714459655444211"
"wavelet-HHH","glszm","SmallAreaHighGrayLevelEmphasis","7.339635703614131"
"wavelet-HHH","glszm","SmallAreaLowGrayLevelEmphasis","0.4601512895401298"
"wavelet-HHH","glszm","ZoneEntropy","2.0598921408259585"
"wavelet-HHH","glszm","ZonePercentage","0.008423906357297997"
"wavelet-HHH","glszm","ZoneVariance","16392201.738125436"
"wavelet-HHH","ngtdm","Busyness","6920.74963549074"
"wavelet-HHH","ngtdm","Coarseness","9.13820868235801e-06"
"wavelet-HHH","ngtdm","Complexity","6.0259016973065345"
"wavelet-HHH","ngtdm","Contrast","0.013794734162600963"
"wavelet-HHH","ngtdm","Strength","0.0001106058743255524"
"wavelet-LLL","firstorder","10Percentile","-1247.3550706285255"
"wavelet-LLL","firstorder","90Percentile","162.28219739799107"
"wavelet-LLL","firstorder","Energy","202877563241.4563"
"wavelet-LLL","firstorder","Entropy","6.120810888061769"
"wavelet-LLL","firstorder","InterquartileRange","773.1810003985756"
"wavelet-LLL","firstorder","Kurtosis","3.4107035433695523"
"wavelet-LLL","firstorder","Maximum","2730.6649989924913"
"wavelet-LLL","firstorder","MeanAbsoluteDeviation","461.3128477038145"
"wavelet-LLL","firstorder","Mean","-365.9623738819527"
"wavelet-LLL","firstorder","Median","-161.41113881376444"
"wavelet-LLL","firstorder","Minimum","-2825.1849275308864"
"wavelet-LLL","firstorder","Range","5555.849926523378"
"wavelet-LLL","firstorder","RobustMeanAbsoluteDeviation","329.8226415271164"
"wavelet-LLL","firstorder","RootMeanSquared","673.6489192214667"
"wavelet-LLL","firstorder","Skewness","-1.0859754546394367"
"wavelet-LLL","firstorder","TotalEnergy","125374470692.1231"
"wavelet-LLL","firstorder","Uniformity","0.019985697794342106"
"wavelet-LLL","firstorder","Variance","319874.40727093595"
"wavelet-LLL","glcm","Autocorrelation","10653.122338889221"
"wavelet-LLL","glcm","ClusterProminence","10823436.853754122"
"wavelet-LLL","glcm","ClusterShade","-81661.19733763876"
"wavelet-LLL","glcm","ClusterTendency","1733.7979637855153"
"wavelet-LLL","glcm","Contrast","142.9880834524947"
"wavelet-LLL","glcm","Correlation","0.8457956628871609"
"wavelet-LLL","glcm","DifferenceAverage","8.183760983850009"
"wavelet-LLL","glcm","DifferenceEntropy","4.502493757117349"
"wavelet-LLL","glcm","DifferenceVariance","73.6749825248678"
"wavelet-LLL","glcm","Id","0.25724420205166365"
"wavelet-LLL","glcm","Idm","0.1790484481067945"
"wavelet-LLL","glcm","Idmn","0.9971929869469354"
"wavelet-LLL","glcm","Idn","0.9660352492569237"
"wavelet-LLL","glcm","Imc1","-0.16420386820741956"
"wavelet-LLL","glcm","Imc2","0.9173450597288917"
"wavelet-LLL","glcm","InverseVariance","0.1806311831137242"
"wavelet-LLL","glcm","JointAverage","101.26750617741489"
"wavelet-LLL","glcm","JointEnergy","0.0014035788907273724"
"wavelet-LLL","glcm","JointEntropy","11.101378528361717"
"wavelet-LLL","glcm","MCC","0.8584022709427815"
"wavelet-LLL","glcm","MaximumProbability","0.0077380199339062245"
"wavelet-LLL","glcm","SumAverage","202.5350123548296"
"wavelet-LLL","glcm","SumEntropy","7.006274303692347"
"wavelet-LLL","glcm","SumSquares","469.1965118095016"
"wavelet-LLL","gldm","DependenceEntropy","8.341938365555722"
"wavelet-LLL","gldm","DependenceNonUniformity","99754.64986880985"
"wavelet-LLL","gldm","DependenceNonUniformityNormalized","0.22313431471054251"
"wavelet-LLL","gldm","DependenceVariance","4.451130558820917"
"wavelet-LLL","gldm","GrayLevelNonUniformity","8934.826041636376"
"wavelet-LLL","gldm","GrayLevelVariance","511.88576869985224"
"wavelet-LLL","gldm","HighGrayLevelEmphasis","10484.226371792663"
"wavelet-LLL","gldm","LargeDependenceEmphasis","11.866418676645916"
"wavelet-LLL","gldm","LargeDependenceHighGrayLevelEmphasis","156016.28956674816"
"wavelet-LLL","gldm","LargeDependenceLowGrayLevelEmphasis","0.001057719273742783"
"wavelet-LLL","gldm","LowGrayLevelEmphasis","0.00014074422507877974"
"wavelet-LLL","gldm","SmallDependenceEmphasis","0.4394955024932169"
"wavelet-LLL","gldm","SmallDependenceHighGrayLevelEmphasis","3843.5747750365344"
"wavelet-LLL","gldm","SmallDependenceLowGrayLevelEmphasis","7.817159435878525e-05"
"wavelet-LLL","glrlm","GrayLevelNonUniformity","7801.427797661213"
"wavelet-LLL","glrlm","GrayLevelNonUniformityNormalized","0.018683728179857976"
"wavelet-LLL","glrlm","GrayLevelVariance","518.6504897117734"
"wavelet-LLL","glrlm","HighGrayLevelRunEmphasis","10316.067231374282"
"wavelet-LLL","glrlm","LongRunEmphasis","1.237893486964522"
"wavelet-LLL","glrlm","LongRunHighGrayLevelEmphasis","13395.135417055648"
"wavelet-LLL","glrlm","LongRunLowGrayLevelEmphasis","0.00016601770885505413"
"wavelet-LLL","glrlm","LowGrayLevelRunEmphasis","0.00014407957916314079"
"wavelet-LLL","glrlm","RunEntropy","6.515467234527284"
"wavelet-LLL","glrlm","RunLengthNonUniformity","368905.29953874147"
"wavelet-LLL","glrlm","RunLengthNonUniformityNormalized","0.8832433043139049"
"wavelet-LLL","glrlm","RunPercentage","0.9337268206214502"
"wavelet-LLL","glrlm","RunVariance","0.08960031764461832"
"wavelet-LLL","glrlm","ShortRunEmphasis","0.9523929946357755"
"wavelet-LLL","glrlm","ShortRunHighGrayLevelEmphasis","9710.554052617686"
"wavelet-LLL","glrlm","ShortRunLowGrayLevelEmphasis","0.00013950217612828175"
"wavelet-LLL","glszm","GrayLevelNonUniformity","2902.512636182397"
"wavelet-LLL","glszm","GrayLevelNonUniformityNormalized","0.013181196434995286"
"wavelet-LLL","glszm","GrayLevelVariance","523.0156911110166"
"wavelet-LLL","glszm","HighGrayLevelZoneEmphasis","8744.830754628725"
"wavelet-LLL","glszm","LargeAreaEmphasis","564.64225412237"
"wavelet-LLL","glszm","LargeAreaHighGrayLevelEmphasis","8031313.246097883"
"wavelet-LLL","glszm","LargeAreaLowGrayLevelEmphasis","0.03990665193795929"
"wavelet-LLL","glszm","LowGrayLevelZoneEmphasis","0.00017723443742372505"
"wavelet-LLL","glszm","SizeZoneNonUniformity","117292.34141988456"
"wavelet-LLL","glszm","SizeZoneNonUniformityNormalized","0.5326603485900816"
"wavelet-LLL","glszm","SmallAreaEmphasis","0.7581721817310314"
"wavelet-LLL","glszm","SmallAreaHighGrayLevelEmphasis","6330.633412504818"
"wavelet-LLL","glszm","SmallAreaLowGrayLevelEmphasis","0.00014176124194654433"
"wavelet-LLL","glszm","ZoneEntropy","7.886502352142743"
"wavelet-LLL","glszm","ZonePercentage","0.49255247046823586"
"wavelet-LLL","glszm","ZoneVariance","560.52037741953"
"wavelet-LLL","ngtdm","Busyness","1.0530555548672085"
"wavelet-LLL","ngtdm","Coarseness","3.859343759952824e-05"
"wavelet-LLL","ngtdm","Complexity","52716.71558218836"
"wavelet-LLL","ngtdm","Contrast","0.1523055317997587"
"wavelet-LLL","ngtdm","Strength","0.5924437033424876"
