"Image type","Feature Class","Feature Name","Segmentation_5_segment_Segment_1"
"diagnostics","Versions","PyRadiomics","v3.0.1.post4+gad5b2de"
"diagnostics","Versions","Numpy","1.19.2"
"diagnostics","Versions","SimpleITK","2.0.2"
"diagnostics","Versions","PyWavelet","1.1.1"
"diagnostics","Versions","Python","3.6.7"
"diagnostics","Configuration","Settings","{'minimumROIDimensions': 2, 'minimumROISize': None, 'normalize': False, 'normalizeScale': 1, 'removeOutliers': None, 'resampledPixelSpacing': None, 'interpolator': 'sitkBSpline', 'preCrop': False, 'padDistance': 5, 'distances': [1], 'force2D': False, 'force2Ddimension': 0, 'resegmentRange': None, 'label': 1, 'additionalInfo': True, 'binWidth': 25.0, 'symmetricalGLCM': True, 'correctMask': True}"
"diagnostics","Configuration","EnabledImageTypes","{'Original': {}, 'Wavelet': {}}"
"diagnostics","Image-original","Hash","6157405897aa019a7ebca30fdeebca745f2b2ba3"
"diagnostics","Image-original","Dimensionality","3D"
"diagnostics","Image-original","Spacing","(0.7031249999999999, 0.7031249999999999, 5.000000000000001)"
"diagnostics","Image-original","Size","(512, 512, 51)"
"diagnostics","Image-original","Mean","-950.8661598504758"
"diagnostics","Image-original","Minimum","-3024.0"
"diagnostics","Image-original","Maximum","1465.0"
"diagnostics","Mask-original","Hash","e96cd90207cb15826f8e5faa92e8fc1cc0534cae"
"diagnostics","Mask-original","Spacing","(0.7031249999999999, 0.7031249999999999, 5.000000000000001)"
"diagnostics","Mask-original","Size","(512, 512, 51)"
"diagnostics","Mask-original","BoundingBox","(134, 116, 15, 57, 58, 10)"
"diagnostics","Mask-original","VoxelNum","11543"
"diagnostics","Mask-original","VolumeNum","1"
"diagnostics","Mask-original","CenterOfMassIndex","(160.93779779953218, 142.5220479944555, 19.31335008230096)"
"diagnostics","Mask-original","CenterOfMass","(-77.44061092220397, -79.78918500389847, -211.43324958849524)"
"original","shape","Elongation","0.7849731052722024"
"original","shape","Flatness","0.5188186470146167"
"original","shape","LeastAxisLength","24.490580506477823"
"original","shape","MajorAxisLength","47.20451095464934"
"original","shape","Maximum2DDiameterColumn","52.770878569529245"
"original","shape","Maximum2DDiameterRow","54.82928049865328"
"original","shape","Maximum2DDiameterSlice","46.219439333094726"
"original","shape","Maximum3DDiameter","54.99134342387446"
"original","shape","MeshVolume","28420.63522338866"
"original","shape","MinorAxisLength","37.05427154692679"
"original","shape","Sphericity","0.6642393251647225"
"original","shape","SurfaceArea","6780.297155391328"
"original","shape","SurfaceVolumeRatio","0.23856951479435992"
"original","shape","VoxelVolume","28533.41674804687"
"original","firstorder","10Percentile","-37.0"
"original","firstorder","90Percentile","50.0"
"original","firstorder","Energy","101973974.0"
"original","firstorder","Entropy","2.4255827391304163"
"original","firstorder","InterquartileRange","33.0"
"original","firstorder","Kurtosis","28.428494535935666"
"original","firstorder","Maximum","95.0"
"original","firstorder","MeanAbsoluteDeviation","45.7031042334472"
"original","firstorder","Mean","4.860608160790089"
"original","firstorder","Median","30.0"
"original","firstorder","Minimum","-741.0"
"original","firstorder","Range","836.0"
"original","firstorder","RobustMeanAbsoluteDeviation","15.697354216232863"
"original","firstorder","RootMeanSquared","93.99079529732555"
"original","firstorder","Skewness","-4.7819665162754665"
"original","firstorder","TotalEnergy","252071896.17919916"
"original","firstorder","Uniformity","0.299570494330909"
"original","firstorder","Variance","8810.644088931016"
"original","glcm","Autocorrelation","968.3405700795082"
"original","glcm","ClusterProminence","33794.45944811538"
"original","glcm","ClusterShade","-893.1820757677784"
"original","glcm","ClusterTendency","31.80320328608856"
"original","glcm","Contrast","10.928845443177066"
"original","glcm","Correlation","0.4388776694986562"
"original","glcm","DifferenceAverage","1.2702482348666044"
"original","glcm","DifferenceEntropy","1.8963332738440515"
"original","glcm","DifferenceVariance","8.995840349579797"
"original","glcm","Id","0.6892707640423914"
"original","glcm","Idm","0.6685393077236902"
"original","glcm","Idmn","0.9925021205502548"
"original","glcm","Idn","0.9691145387456341"
"original","glcm","Imc1","-0.20147145546330764"
"original","glcm","Imc2","0.6831191022738435"
"original","glcm","InverseVariance","0.38797414075464964"
"original","glcm","JointAverage","31.033881325636205"
"original","glcm","JointEnergy","0.15350609519653263"
"original","glcm","JointEntropy","3.9472887728254964"
"original","glcm","MCC","0.5810874613923923"
"original","glcm","MaximumProbability","0.3416361469953303"
"original","glcm","SumAverage","62.067762651272425"
"original","glcm","SumEntropy","3.022887168733941"
"original","glcm","SumSquares","10.683012182316405"
"original","gldm","DependenceEntropy","6.279592304311793"
"original","gldm","DependenceNonUniformity","505.5804383609114"
"original","gldm","DependenceNonUniformityNormalized","0.04379974342553161"
"original","gldm","DependenceVariance","42.75404433966043"
"original","gldm","GrayLevelNonUniformity","3457.9422160616823"
"original","gldm","GrayLevelVariance","14.152988833026724"
"original","gldm","HighGrayLevelEmphasis","957.3926189032314"
"original","gldm","LargeDependenceEmphasis","169.4652170146409"
"original","gldm","LargeDependenceHighGrayLevelEmphasis","171949.8469202114"
"original","gldm","LargeDependenceLowGrayLevelEmphasis","0.17254576971334862"
"original","gldm","LowGrayLevelEmphasis","0.0018526707120303763"
"original","gldm","SmallDependenceEmphasis","0.06001477161477915"
"original","gldm","SmallDependenceHighGrayLevelEmphasis","44.46244819493981"
"original","gldm","SmallDependenceLowGrayLevelEmphasis","0.0003024511168932219"
"original","glrlm","GrayLevelNonUniformity","1435.9758788732395"
"original","glrlm","GrayLevelNonUniformityNormalized","0.20145489151470874"
"original","glrlm","GrayLevelVariance","21.063416943566924"
"original","glrlm","HighGrayLevelRunEmphasis","924.0125006983561"
"original","glrlm","LongRunEmphasis","6.49144259967294"
"original","glrlm","LongRunHighGrayLevelEmphasis","6444.629798555595"
"original","glrlm","LongRunLowGrayLevelEmphasis","0.008290450501642526"
"original","glrlm","LowGrayLevelRunEmphasis","0.002407100600040267"
"original","glrlm","RunEntropy","4.269713081603163"
"original","glrlm","RunLengthNonUniformity","3725.6841173898238"
"original","glrlm","RunLengthNonUniformityNormalized","0.5026449014585546"
"original","glrlm","RunPercentage","0.6055151640354793"
"original","glrlm","RunVariance","3.0099703064444534"
"original","glrlm","ShortRunEmphasis","0.7268240348717168"
"original","glrlm","ShortRunHighGrayLevelEmphasis","652.4392739131129"
"original","glrlm","ShortRunLowGrayLevelEmphasis","0.002063984778434383"
"original","glszm","GrayLevelNonUniformity","41.95238095238095"
"original","glszm","GrayLevelNonUniformityNormalized","0.06444298149367274"
"original","glszm","GrayLevelVariance","52.637332144095936"
"original","glszm","HighGrayLevelZoneEmphasis","682.4854070660522"
"original","glszm","LargeAreaEmphasis","56536.299539170504"
"original","glszm","LargeAreaHighGrayLevelEmphasis","57460202.41628264"
"original","glszm","LargeAreaLowGrayLevelEmphasis","55.717230373929006"
"original","glszm","LowGrayLevelZoneEmphasis","0.007529724314458765"
"original","glszm","SizeZoneNonUniformity","216.00153609831028"
"original","glszm","SizeZoneNonUniformityNormalized","0.33179959462106035"
"original","glszm","SmallAreaEmphasis","0.598161667834683"
"original","glszm","SmallAreaHighGrayLevelEmphasis","395.44608685678554"
"original","glszm","SmallAreaLowGrayLevelEmphasis","0.0031707020141521977"
"original","glszm","ZoneEntropy","6.447957514257197"
"original","glszm","ZonePercentage","0.056397816858702245"
"original","glszm","ZoneVariance","56221.90469583601"
"original","ngtdm","Busyness","0.8300256015650532"
"original","ngtdm","Coarseness","0.0006464104140374607"
"original","ngtdm","Complexity","724.0488266080891"
"original","ngtdm","Contrast","0.026714494609710936"
"original","ngtdm","Strength","1.5853336369085185"
"wavelet-LLH","firstorder","10Percentile","-329.8414383437912"
"wavelet-LLH","firstorder","90Percentile","185.87314255354872"
"wavelet-LLH","firstorder","Energy","405547011.43493956"
"wavelet-LLH","firstorder","Entropy","4.15064896546658"
"wavelet-LLH","firstorder","InterquartileRange","97.32411091833268"
"wavelet-LLH","firstorder","Kurtosis","4.020084045977151"
"wavelet-LLH","firstorder","Maximum","565.5598453166173"
"wavelet-LLH","firstorder","MeanAbsoluteDeviation","120.30659307481793"
"wavelet-LLH","firstorder","Mean","-45.68517897110498"
"wavelet-LLH","firstorder","Median","-22.566891092720198"
"wavelet-LLH","firstorder","Minimum","-485.24751653284676"
"wavelet-LLH","firstorder","Range","1050.807361849464"
"wavelet-LLH","firstorder","RobustMeanAbsoluteDeviation","60.34296719295009"
"wavelet-LLH","firstorder","RootMeanSquared","187.43955944847727"
"wavelet-LLH","firstorder","Skewness","0.11245569725646966"
"wavelet-LLH","firstorder","TotalEnergy","1002481320.9909087"
"wavelet-LLH","firstorder","Uniformity","0.10547320214088399"
"wavelet-LLH","firstorder","Variance","33046.45286861734"
"wavelet-LLH","glcm","Autocorrelation","339.02470655249675"
"wavelet-LLH","glcm","ClusterProminence","68453.19138963759"
"wavelet-LLH","glcm","ClusterShade","37.945995261618215"
"wavelet-LLH","glcm","ClusterTendency","115.59767877601573"
"wavelet-LLH","glcm","Contrast","80.70280681862648"
"wavelet-LLH","glcm","Correlation","0.15865362007739225"
"wavelet-LLH","glcm","DifferenceAverage","4.811403522432225"
"wavelet-LLH","glcm","DifferenceEntropy","3.368697611758973"
"wavelet-LLH","glcm","DifferenceVariance","51.24377567445886"
"wavelet-LLH","glcm","Id","0.4709597239045911"
"wavelet-LLH","glcm","Idm","0.422637039893471"
"wavelet-LLH","glcm","Idmn","0.9664549582456038"
"wavelet-LLH","glcm","Idn","0.9169644663155349"
"wavelet-LLH","glcm","Imc1","-0.28453229970391825"
"wavelet-LLH","glcm","Imc2","0.9229431440105932"
"wavelet-LLH","glcm","InverseVariance","0.30965241667349025"
"wavelet-LLH","glcm","JointAverage","18.172792660671462"
"wavelet-LLH","glcm","JointEnergy","0.03630368343274809"
"wavelet-LLH","glcm","JointEntropy","6.9040832529986655"
"wavelet-LLH","glcm","MCC","0.8090026601735266"
"wavelet-LLH","glcm","MaximumProbability","0.13337876544347094"
"wavelet-LLH","glcm","SumAverage","36.34558532134293"
"wavelet-LLH","glcm","SumEntropy","4.583545010055616"
"wavelet-LLH","glcm","SumSquares","49.075121398660535"
"wavelet-LLH","gldm","DependenceEntropy","7.372484418144527"
"wavelet-LLH","gldm","DependenceNonUniformity","858.3166421207658"
"wavelet-LLH","gldm","DependenceNonUniformityNormalized","0.07435819476052723"
"wavelet-LLH","gldm","DependenceVariance","25.697044169990235"
"wavelet-LLH","gldm","GrayLevelNonUniformity","1217.477172312224"
"wavelet-LLH","gldm","GrayLevelVariance","52.90771461535794"
"wavelet-LLH","gldm","HighGrayLevelEmphasis","401.72312223858614"
"wavelet-LLH","gldm","LargeDependenceEmphasis","71.49345923936585"
"wavelet-LLH","gldm","LargeDependenceHighGrayLevelEmphasis","28345.167114268388"
"wavelet-LLH","gldm","LargeDependenceLowGrayLevelEmphasis","0.3186626724104379"
"wavelet-LLH","gldm","LowGrayLevelEmphasis","0.010268978390424297"
"wavelet-LLH","gldm","SmallDependenceEmphasis","0.15823648447073163"
"wavelet-LLH","gldm","SmallDependenceHighGrayLevelEmphasis","75.02855875663299"
"wavelet-LLH","gldm","SmallDependenceLowGrayLevelEmphasis","0.0017330791476148054"
"wavelet-LLH","glrlm","GrayLevelNonUniformity","681.2366458664799"
"wavelet-LLH","glrlm","GrayLevelNonUniformityNormalized","0.07379239520228464"
"wavelet-LLH","glrlm","GrayLevelVariance","63.2824817004505"
"wavelet-LLH","glrlm","HighGrayLevelRunEmphasis","405.71519491886255"
"wavelet-LLH","glrlm","LongRunEmphasis","2.8712786936641526"
"wavelet-LLH","glrlm","LongRunHighGrayLevelEmphasis","1136.125712249998"
"wavelet-LLH","glrlm","LongRunLowGrayLevelEmphasis","0.022783191494073818"
"wavelet-LLH","glrlm","LowGrayLevelRunEmphasis","0.011405444113648957"
"wavelet-LLH","glrlm","RunEntropy","5.250066040841005"
"wavelet-LLH","glrlm","RunLengthNonUniformity","6540.002709358578"
"wavelet-LLH","glrlm","RunLengthNonUniformityNormalized","0.698771661716357"
"wavelet-LLH","glrlm","RunPercentage","0.7781805823042937"
"wavelet-LLH","glrlm","RunVariance","0.9695363831549793"
"wavelet-LLH","glrlm","ShortRunEmphasis","0.8517718612864139"
"wavelet-LLH","glrlm","ShortRunHighGrayLevelEmphasis","347.6487375949963"
"wavelet-LLH","glrlm","ShortRunLowGrayLevelEmphasis","0.010276747346515933"
"wavelet-LLH","glszm","GrayLevelNonUniformity","58.81486952240276"
"wavelet-LLH","glszm","GrayLevelNonUniformityNormalized","0.02895857682048388"
"wavelet-LLH","glszm","GrayLevelVariance","105.76898448251995"
"wavelet-LLH","glszm","HighGrayLevelZoneEmphasis","476.63958641063516"
"wavelet-LLH","glszm","LargeAreaEmphasis","5366.515509601181"
"wavelet-LLH","glszm","LargeAreaHighGrayLevelEmphasis","2156170.224519941"
"wavelet-LLH","glszm","LargeAreaLowGrayLevelEmphasis","14.318730954144348"
"wavelet-LLH","glszm","LowGrayLevelZoneEmphasis","0.012077075054941728"
"wavelet-LLH","glszm","SizeZoneNonUniformity","724.3028064992615"
"wavelet-LLH","glszm","SizeZoneNonUniformityNormalized","0.3566237353516797"
"wavelet-LLH","glszm","SmallAreaEmphasis","0.6190262312802155"
"wavelet-LLH","glszm","SmallAreaHighGrayLevelEmphasis","314.57920320841924"
"wavelet-LLH","glszm","SmallAreaLowGrayLevelEmphasis","0.005826914425607389"
"wavelet-LLH","glszm","ZoneEntropy","7.221050607920991"
"wavelet-LLH","glszm","ZonePercentage","0.17595079268820932"
"wavelet-LLH","glszm","ZoneVariance","5334.214392330013"
"wavelet-LLH","ngtdm","Busyness","1.4144058131109467"
"wavelet-LLH","ngtdm","Coarseness","0.0006634077181475776"
"wavelet-LLH","ngtdm","Complexity","2973.7448707885246"
"wavelet-LLH","ngtdm","Contrast","0.22608449084268983"
"wavelet-LLH","ngtdm","Strength","0.42082592528105695"
"wavelet-LHL","firstorder","10Percentile","-14.058511433581133"
"wavelet-LHL","firstorder","90Percentile","11.42007676367254"
"wavelet-LHL","firstorder","Energy","1223649.536098937"
"wavelet-LHL","firstorder","Entropy","1.1283352645823066"
"wavelet-LHL","firstorder","InterquartileRange","12.90272402369592"
"wavelet-LHL","firstorder","Kurtosis","3.719131063052173"
"wavelet-LHL","firstorder","Maximum","50.94838222439355"
"wavelet-LHL","firstorder","MeanAbsoluteDeviation","7.960433520053467"
"wavelet-LHL","firstorder","Mean","-1.1775412569543406"
"wavelet-LHL","firstorder","Median","-1.0583833495274777"
"wavelet-LHL","firstorder","Minimum","-51.44199126348765"
"wavelet-LHL","firstorder","Range","102.39037348788119"
"wavelet-LHL","firstorder","RobustMeanAbsoluteDeviation","5.4065087152185765"
"wavelet-LHL","firstorder","RootMeanSquared","10.296015249087265"
"wavelet-LHL","firstorder","Skewness","-0.13018133755433686"
"wavelet-LHL","firstorder","TotalEnergy","3024768.4455570644"
"wavelet-LHL","firstorder","Uniformity","0.48476817346007756"
"wavelet-LHL","firstorder","Variance","104.62132659760786"
"wavelet-LHL","glcm","Autocorrelation","11.960503440232886"
"wavelet-LHL","glcm","ClusterProminence","0.9051656263862474"
"wavelet-LHL","glcm","ClusterShade","0.002664618314775719"
"wavelet-LHL","glcm","ClusterTendency","0.6136144656915383"
"wavelet-LHL","glcm","Contrast","0.4934337148014444"
"wavelet-LHL","glcm","Correlation","0.10835670733335276"
"wavelet-LHL","glcm","DifferenceAverage","0.47583841061862664"
"wavelet-LHL","glcm","DifferenceEntropy","1.0320307954753676"
"wavelet-LHL","glcm","DifferenceVariance","0.2572173414054056"
"wavelet-LHL","glcm","Id","0.7649959319014935"
"wavelet-LHL","glcm","Idm","0.7638403251089685"
"wavelet-LHL","glcm","Idmn","0.9867366037456138"
"wavelet-LHL","glcm","Idn","0.9323364568441119"
"wavelet-LHL","glcm","Imc1","-0.03689443118651989"
"wavelet-LHL","glcm","Imc2","0.20190756597666962"
"wavelet-LHL","glcm","InverseVariance","0.4606069801628862"
"wavelet-LHL","glcm","JointAverage","3.454048250131173"
"wavelet-LHL","glcm","JointEnergy","0.2498868222617857"
"wavelet-LHL","glcm","JointEntropy","2.1643817228245052"
"wavelet-LHL","glcm","MCC","0.1746494645212289"
"wavelet-LHL","glcm","MaximumProbability","0.3019105980749553"
"wavelet-LHL","glcm","SumAverage","6.908096500262347"
"wavelet-LHL","glcm","SumEntropy","1.6363175583971707"
"wavelet-LHL","glcm","SumSquares","0.2767620451232457"
"wavelet-LHL","gldm","DependenceEntropy","5.096442880777567"
"wavelet-LHL","gldm","DependenceNonUniformity","783.2392792168414"
"wavelet-LHL","gldm","DependenceNonUniformityNormalized","0.06785404827313882"
"wavelet-LHL","gldm","DependenceVariance","17.25065792698454"
"wavelet-LHL","gldm","GrayLevelNonUniformity","5595.679026249675"
"wavelet-LHL","gldm","GrayLevelVariance","0.28545684214305783"
"wavelet-LHL","gldm","HighGrayLevelEmphasis","12.176990383782378"
"wavelet-LHL","gldm","LargeDependenceEmphasis","171.51338473533744"
"wavelet-LHL","gldm","LargeDependenceHighGrayLevelEmphasis","2044.9708914493633"
"wavelet-LHL","gldm","LargeDependenceLowGrayLevelEmphasis","15.589754324410178"
"wavelet-LHL","gldm","LowGrayLevelEmphasis","0.09072754531365812"
"wavelet-LHL","gldm","SmallDependenceEmphasis","0.01845915376187147"
"wavelet-LHL","gldm","SmallDependenceHighGrayLevelEmphasis","0.2385426911893808"
"wavelet-LHL","gldm","SmallDependenceLowGrayLevelEmphasis","0.0022013728668020005"
"wavelet-LHL","glrlm","GrayLevelNonUniformity","3044.8306862566606"
"wavelet-LHL","glrlm","GrayLevelNonUniformityNormalized","0.4696889018050769"
"wavelet-LHL","glrlm","GrayLevelVariance","0.31421000025629486"
"wavelet-LHL","glrlm","HighGrayLevelRunEmphasis","12.296405004222596"
"wavelet-LHL","glrlm","LongRunEmphasis","5.23842105076783"
"wavelet-LHL","glrlm","LongRunHighGrayLevelEmphasis","62.82340784540096"
"wavelet-LHL","glrlm","LongRunLowGrayLevelEmphasis","0.4768758997569632"
"wavelet-LHL","glrlm","LowGrayLevelRunEmphasis","0.09109945513253373"
"wavelet-LHL","glrlm","RunEntropy","2.9431344718491723"
"wavelet-LHL","glrlm","RunLengthNonUniformity","2608.42623849039"
"wavelet-LHL","glrlm","RunLengthNonUniformityNormalized","0.3878773567516536"
"wavelet-LHL","glrlm","RunPercentage","0.5607594346223819"
"wavelet-LHL","glrlm","RunVariance","1.5481325174085032"
"wavelet-LHL","glrlm","ShortRunEmphasis","0.6162493871982068"
"wavelet-LHL","glrlm","ShortRunHighGrayLevelEmphasis","7.644791565962965"
"wavelet-LHL","glrlm","ShortRunLowGrayLevelEmphasis","0.0566181594338016"
"wavelet-LHL","glszm","GrayLevelNonUniformity","48.725190839694655"
"wavelet-LHL","glszm","GrayLevelNonUniformityNormalized","0.3719480216770584"
"wavelet-LHL","glszm","GrayLevelVariance","1.932637958160946"
"wavelet-LHL","glszm","HighGrayLevelZoneEmphasis","12.557251908396946"
"wavelet-LHL","glszm","LargeAreaEmphasis","486500.4961832061"
"wavelet-LHL","glszm","LargeAreaHighGrayLevelEmphasis","5807318.374045801"
"wavelet-LHL","glszm","LargeAreaLowGrayLevelEmphasis","44133.82109626802"
"wavelet-LHL","glszm","LowGrayLevelZoneEmphasis","0.15886980491942326"
"wavelet-LHL","glszm","SizeZoneNonUniformity","44.954198473282446"
"wavelet-LHL","glszm","SizeZoneNonUniformityNormalized","0.3431618204067362"
"wavelet-LHL","glszm","SmallAreaEmphasis","0.6027013547406636"
"wavelet-LHL","glszm","SmallAreaHighGrayLevelEmphasis","8.426140369459855"
"wavelet-LHL","glszm","SmallAreaLowGrayLevelEmphasis","0.09320118046407927"
"wavelet-LHL","glszm","ZoneEntropy","3.5529553844498296"
"wavelet-LHL","glszm","ZonePercentage","0.01134886944468509"
"wavelet-LHL","glszm","ZoneVariance","478736.3304003263"
"wavelet-LHL","ngtdm","Busyness","89.58763169546268"
"wavelet-LHL","ngtdm","Coarseness","0.00040459818615955554"
"wavelet-LHL","ngtdm","Complexity","7.667949242982873"
"wavelet-LHL","ngtdm","Contrast","0.008730345736385385"
"wavelet-LHL","ngtdm","Strength","0.0072623839527754825"
"wavelet-LHH","firstorder","10Percentile","-10.145923412006473"
"wavelet-LHH","firstorder","90Percentile","11.114743620041775"
"wavelet-LHH","firstorder","Energy","1044531.4082658517"
"wavelet-LHH","firstorder","Entropy","1.1663786910348282"
"wavelet-LHH","firstorder","InterquartileRange","10.447084391356782"
"wavelet-LHH","firstorder","Kurtosis","6.010373337935352"
"wavelet-LHH","firstorder","Maximum","52.09464187343707"
"wavelet-LHH","firstorder","MeanAbsoluteDeviation","6.925372871451237"
"wavelet-LHH","firstorder","Mean","0.30210539721303675"
"wavelet-LHH","firstorder","Median","0.0782790067150786"
"wavelet-LHH","firstorder","Minimum","-60.45207378216755"
"wavelet-LHH","firstorder","Range","112.54671565560463"
"wavelet-LHH","firstorder","RobustMeanAbsoluteDeviation","4.377963015912045"
"wavelet-LHH","firstorder","RootMeanSquared","9.512647500449239"
"wavelet-LHH","firstorder","Skewness","0.0762535999631194"
"wavelet-LHH","firstorder","TotalEnergy","2582002.0773173207"
"wavelet-LHH","firstorder","Uniformity","0.4766957541677027"
"wavelet-LHH","firstorder","Variance","90.39919479677788"
"wavelet-LHH","glcm","Autocorrelation","12.3622148622206"
"wavelet-LHH","glcm","ClusterProminence","0.9675012603181601"
"wavelet-LHH","glcm","ClusterShade","0.0031639282698170627"
"wavelet-LHH","glcm","ClusterTendency","0.5780028126215007"
"wavelet-LHH","glcm","Contrast","0.5662453493169015"
"wavelet-LHH","glcm","Correlation","0.0065268940703112665"
"wavelet-LHH","glcm","DifferenceAverage","0.5314514327979324"
"wavelet-LHH","glcm","DifferenceEntropy","1.0816174311813953"
"wavelet-LHH","glcm","DifferenceVariance","0.2757256064031886"
"wavelet-LHH","glcm","Id","0.7397997855785833"
"wavelet-LHH","glcm","Idm","0.7377450109769134"
"wavelet-LHH","glcm","Idmn","0.9848587785444536"
"wavelet-LHH","glcm","Idn","0.9246863713807788"
"wavelet-LHH","glcm","Imc1","-0.03128896214264767"
"wavelet-LHH","glcm","Imc2","0.20069847030574967"
"wavelet-LHH","glcm","InverseVariance","0.5035287155562173"
"wavelet-LHH","glcm","JointAverage","3.515575373757675"
"wavelet-LHH","glcm","JointEnergy","0.24132145833055366"
"wavelet-LHH","glcm","JointEntropy","2.2192705491144973"
"wavelet-LHH","glcm","MCC","0.20576371441265337"
"wavelet-LHH","glcm","MaximumProbability","0.27138440189680374"
"wavelet-LHH","glcm","SumAverage","7.03115074751535"
"wavelet-LHH","glcm","SumEntropy","1.6057830977032739"
"wavelet-LHH","glcm","SumSquares","0.2860620404846006"
"wavelet-LHH","gldm","DependenceEntropy","4.903586314174444"
"wavelet-LHH","gldm","DependenceNonUniformity","933.6215022091311"
"wavelet-LHH","gldm","DependenceNonUniformityNormalized","0.08088204991849009"
"wavelet-LHH","gldm","DependenceVariance","12.829734745986196"
"wavelet-LHH","gldm","GrayLevelNonUniformity","5502.499090357793"
"wavelet-LHH","gldm","GrayLevelVariance","0.3001840674251483"
"wavelet-LHH","gldm","HighGrayLevelEmphasis","12.605735077536169"
"wavelet-LHH","gldm","LargeDependenceEmphasis","145.00502469028848"
"wavelet-LHH","gldm","LargeDependenceHighGrayLevelEmphasis","1838.6450662739323"
"wavelet-LHH","gldm","LargeDependenceLowGrayLevelEmphasis","12.428481811968773"
"wavelet-LHH","gldm","LowGrayLevelEmphasis","0.08810159115192469"
"wavelet-LHH","gldm","SmallDependenceEmphasis","0.017088603334818625"
"wavelet-LHH","gldm","SmallDependenceHighGrayLevelEmphasis","0.2180137966526149"
"wavelet-LHH","gldm","SmallDependenceLowGrayLevelEmphasis","0.0020180677999798763"
"wavelet-LHH","glrlm","GrayLevelNonUniformity","3198.2089913193904"
"wavelet-LHH","glrlm","GrayLevelNonUniformityNormalized","0.4642979020960608"
"wavelet-LHH","glrlm","GrayLevelVariance","0.32812830558320694"
"wavelet-LHH","glrlm","HighGrayLevelRunEmphasis","12.578170132143935"
"wavelet-LHH","glrlm","LongRunEmphasis","4.779579214730227"
"wavelet-LHH","glrlm","LongRunHighGrayLevelEmphasis","60.62668972336166"
"wavelet-LHH","glrlm","LongRunLowGrayLevelEmphasis","0.4133875601460288"
"wavelet-LHH","glrlm","LowGrayLevelRunEmphasis","0.08945088337078035"
"wavelet-LHH","glrlm","RunEntropy","2.851590256695182"
"wavelet-LHH","glrlm","RunLengthNonUniformity","3084.1282785915255"
"wavelet-LHH","glrlm","RunLengthNonUniformityNormalized","0.4303982135593834"
"wavelet-LHH","glrlm","RunPercentage","0.5962787970065107"
"wavelet-LHH","glrlm","RunVariance","1.4132817605660732"
"wavelet-LHH","glrlm","ShortRunEmphasis","0.655134159034539"
"wavelet-LHH","glrlm","ShortRunHighGrayLevelEmphasis","8.223174171328676"
"wavelet-LHH","glrlm","ShortRunLowGrayLevelEmphasis","0.059580573657037034"
"wavelet-LHH","glszm","GrayLevelNonUniformity","35.23762376237624"
"wavelet-LHH","glszm","GrayLevelNonUniformityNormalized","0.34888736398392317"
"wavelet-LHH","glszm","GrayLevelVariance","2.1311636114106456"
"wavelet-LHH","glszm","HighGrayLevelZoneEmphasis","14.415841584158416"
"wavelet-LHH","glszm","LargeAreaEmphasis","625384.6237623763"
"wavelet-LHH","glszm","LargeAreaHighGrayLevelEmphasis","7853596.376237623"
"wavelet-LHH","glszm","LargeAreaLowGrayLevelEmphasis","54036.22812981299"
"wavelet-LHH","glszm","LowGrayLevelZoneEmphasis","0.15756875687568758"
"wavelet-LHH","glszm","SizeZoneNonUniformity","23.81188118811881"
"wavelet-LHH","glszm","SizeZoneNonUniformityNormalized","0.23576119988236446"
"wavelet-LHH","glszm","SmallAreaEmphasis","0.4816557083424696"
"wavelet-LHH","glszm","SmallAreaHighGrayLevelEmphasis","6.254778593659761"
"wavelet-LHH","glszm","SmallAreaLowGrayLevelEmphasis","0.08739802537415844"
"wavelet-LHH","glszm","ZoneEntropy","4.209829468853796"
"wavelet-LHH","glszm","ZonePercentage","0.008749891709261024"
"wavelet-LHH","glszm","ZoneVariance","612323.0759729439"
"wavelet-LHH","ngtdm","Busyness","94.9549303908468"
"wavelet-LHH","ngtdm","Coarseness","0.000369622525489814"
"wavelet-LHH","ngtdm","Complexity","8.475179764011274"
"wavelet-LHH","ngtdm","Contrast","0.010213081949292534"
"wavelet-LHH","ngtdm","Strength","0.006553020177472018"
"wavelet-HLL","firstorder","10Percentile","-13.908067100901654"
"wavelet-HLL","firstorder","90Percentile","10.987153358275815"
"wavelet-HLL","firstorder","Energy","1447469.4310487304"
"wavelet-HLL","firstorder","Entropy","1.2081176867060537"
"wavelet-HLL","firstorder","InterquartileRange","12.478118140704174"
"wavelet-HLL","firstorder","Kurtosis","8.650449319864219"
"wavelet-HLL","firstorder","Maximum","55.40360495611224"
"wavelet-HLL","firstorder","MeanAbsoluteDeviation","8.061605048044921"
"wavelet-HLL","firstorder","Mean","-1.5054813271190657"
"wavelet-HLL","firstorder","Median","-1.1297867568257178"
"wavelet-HLL","firstorder","Minimum","-118.12962982131243"
"wavelet-HLL","firstorder","Range","173.53323477742467"
"wavelet-HLL","firstorder","RobustMeanAbsoluteDeviation","5.187693115226753"
"wavelet-HLL","firstorder","RootMeanSquared","11.19812606942577"
"wavelet-HLL","firstorder","Skewness","-0.7803771727029941"
"wavelet-HLL","firstorder","TotalEnergy","3578034.177091893"
"wavelet-HLL","firstorder","Uniformity","0.4737173882763236"
"wavelet-HLL","firstorder","Variance","123.13155344044884"
"wavelet-HLL","glcm","Autocorrelation","29.662861806770554"
"wavelet-HLL","glcm","ClusterProminence","1.8819729362242734"
"wavelet-HLL","glcm","ClusterShade","-0.13590180217985492"
"wavelet-HLL","glcm","ClusterTendency","0.6882254853647639"
"wavelet-HLL","glcm","Contrast","0.5236381266868576"
"wavelet-HLL","glcm","Correlation","0.13439724582279367"
"wavelet-HLL","glcm","DifferenceAverage","0.4885256625200611"
"wavelet-HLL","glcm","DifferenceEntropy","1.0726392369925877"
"wavelet-HLL","glcm","DifferenceVariance","0.2769861146759366"
"wavelet-HLL","glcm","Id","0.7610176638502139"
"wavelet-HLL","glcm","Idm","0.7592001138056717"
"wavelet-HLL","glcm","Idmn","0.9920105008248109"
"wavelet-HLL","glcm","Idn","0.9460946224890123"
"wavelet-HLL","glcm","Imc1","-0.03886341813136121"
"wavelet-HLL","glcm","Imc2","0.23848179519476795"
"wavelet-HLL","glcm","InverseVariance","0.46286253229126956"
"wavelet-HLL","glcm","JointAverage","5.4425823305475465"
"wavelet-HLL","glcm","JointEnergy","0.24222865212840303"
"wavelet-HLL","glcm","JointEntropy","2.26602216758025"
"wavelet-HLL","glcm","MCC","0.24211448376462172"
"wavelet-HLL","glcm","MaximumProbability","0.3007888429780957"
"wavelet-HLL","glcm","SumAverage","10.885164661095093"
"wavelet-HLL","glcm","SumEntropy","1.712890054914443"
"wavelet-HLL","glcm","SumSquares","0.3029659030129054"
"wavelet-HLL","gldm","DependenceEntropy","5.100980356567504"
"wavelet-HLL","gldm","DependenceNonUniformity","803.2001212856277"
"wavelet-HLL","gldm","DependenceNonUniformityNormalized","0.06958330774370854"
"wavelet-HLL","gldm","DependenceVariance","16.724165004382403"
"wavelet-HLL","gldm","GrayLevelNonUniformity","5468.119812873603"
"wavelet-HLL","gldm","GrayLevelVariance","0.3268216341071198"
"wavelet-HLL","gldm","HighGrayLevelEmphasis","29.877154985705623"
"wavelet-HLL","gldm","LargeDependenceEmphasis","167.90357792601577"
"wavelet-HLL","gldm","LargeDependenceHighGrayLevelEmphasis","4951.848566230616"
"wavelet-HLL","gldm","LargeDependenceLowGrayLevelEmphasis","5.884008251803422"
"wavelet-HLL","gldm","LowGrayLevelEmphasis","0.03520190746892768"
"wavelet-HLL","gldm","SmallDependenceEmphasis","0.019322369082566525"
"wavelet-HLL","gldm","SmallDependenceHighGrayLevelEmphasis","0.5780953935298674"
"wavelet-HLL","gldm","SmallDependenceLowGrayLevelEmphasis","0.0009286594764980761"
"wavelet-HLL","glrlm","GrayLevelNonUniformity","2958.544945528157"
"wavelet-HLL","glrlm","GrayLevelNonUniformityNormalized","0.45258572973638267"
"wavelet-HLL","glrlm","GrayLevelVariance","0.38157447379767995"
"wavelet-HLL","glrlm","HighGrayLevelRunEmphasis","30.040181333257554"
"wavelet-HLL","glrlm","LongRunEmphasis","4.95782514170383"
"wavelet-HLL","glrlm","LongRunHighGrayLevelEmphasis","146.70538092506212"
"wavelet-HLL","glrlm","LongRunLowGrayLevelEmphasis","0.1743719206266473"
"wavelet-HLL","glrlm","LowGrayLevelRunEmphasis","0.0354489995715876"
"wavelet-HLL","glrlm","RunEntropy","3.0241763335675924"
"wavelet-HLL","glrlm","RunLengthNonUniformity","2666.059922334603"
"wavelet-HLL","glrlm","RunLengthNonUniformityNormalized","0.39507775603232115"
"wavelet-HLL","glrlm","RunPercentage","0.5655575473647032"
"wavelet-HLL","glrlm","RunVariance","1.4464425424776928"
"wavelet-HLL","glrlm","ShortRunEmphasis","0.6252071450132632"
"wavelet-HLL","glrlm","ShortRunHighGrayLevelEmphasis","18.85617159387846"
"wavelet-HLL","glrlm","ShortRunLowGrayLevelEmphasis","0.02241668026191938"
"wavelet-HLL","glszm","GrayLevelNonUniformity","42.43790849673203"
"wavelet-HLL","glszm","GrayLevelNonUniformityNormalized","0.27737195095903283"
"wavelet-HLL","glszm","GrayLevelVariance","2.694946388141313"
"wavelet-HLL","glszm","HighGrayLevelZoneEmphasis","28.751633986928105"
"wavelet-HLL","glszm","LargeAreaEmphasis","409563.6928104575"
"wavelet-HLL","glszm","LargeAreaHighGrayLevelEmphasis","12082060.326797385"
"wavelet-HLL","glszm","LargeAreaLowGrayLevelEmphasis","14334.99077938583"
"wavelet-HLL","glszm","LowGrayLevelZoneEmphasis","0.05969328472129593"
"wavelet-HLL","glszm","SizeZoneNonUniformity","43.27450980392157"
"wavelet-HLL","glszm","SizeZoneNonUniformityNormalized","0.2828399333589645"
"wavelet-HLL","glszm","SmallAreaEmphasis","0.5402523413960133"
"wavelet-HLL","glszm","SmallAreaHighGrayLevelEmphasis","16.44372442714089"
"wavelet-HLL","glszm","SmallAreaLowGrayLevelEmphasis","0.03519617636704898"
"wavelet-HLL","glszm","ZoneEntropy","4.394544267450774"
"wavelet-HLL","glszm","ZonePercentage","0.013254786450662739"
"wavelet-HLL","glszm","ZoneVariance","403871.82861292665"
"wavelet-HLL","ngtdm","Busyness","37.15061886191885"
"wavelet-HLL","ngtdm","Coarseness","0.00042064896084743767"
"wavelet-HLL","ngtdm","Complexity","14.826181492584046"
"wavelet-HLL","ngtdm","Contrast","0.005378583053071173"
"wavelet-HLL","ngtdm","Strength","0.019410872008263913"
"wavelet-HLH","firstorder","10Percentile","-10.575360311939686"
"wavelet-HLH","firstorder","90Percentile","11.502548835489284"
"wavelet-HLH","firstorder","Energy","1546212.7970740355"
"wavelet-HLH","firstorder","Entropy","1.294984907577385"
"wavelet-HLH","firstorder","InterquartileRange","10.322181556147296"
"wavelet-HLH","firstorder","Kurtosis","12.166836611406271"
"wavelet-HLH","firstorder","Maximum","109.38200357049429"
"wavelet-HLH","firstorder","MeanAbsoluteDeviation","7.606242900332453"
"wavelet-HLH","firstorder","Mean","0.4192102052578666"
"wavelet-HLH","firstorder","Median","-0.002024917904509191"
"wavelet-HLH","firstorder","Minimum","-93.50927948160485"
"wavelet-HLH","firstorder","Range","202.89128305209914"
"wavelet-HLH","firstorder","RobustMeanAbsoluteDeviation","4.361489361927033"
"wavelet-HLH","firstorder","RootMeanSquared","11.573781626047712"
"wavelet-HLH","firstorder","Skewness","0.7204476550054896"
"wavelet-HLH","firstorder","TotalEnergy","3822120.256439113"
"wavelet-HLH","firstorder","Uniformity","0.45685506702227635"
"wavelet-HLH","firstorder","Variance","133.77668393124722"
"wavelet-HLH","glcm","Autocorrelation","20.347325982183673"
"wavelet-HLH","glcm","ClusterProminence","2.475202342012727"
"wavelet-HLH","glcm","ClusterShade","0.16885868977798008"
"wavelet-HLH","glcm","ClusterTendency","0.6967669380083931"
"wavelet-HLH","glcm","Contrast","0.6672368317221825"
"wavelet-HLH","glcm","Correlation","0.012639454472514602"
"wavelet-HLH","glcm","DifferenceAverage","0.5640229886150384"
"wavelet-HLH","glcm","DifferenceEntropy","1.179058708869652"
"wavelet-HLH","glcm","DifferenceVariance","0.3407198783817792"
"wavelet-HLH","glcm","Id","0.7322027498824748"
"wavelet-HLH","glcm","Idm","0.7279383071233718"
"wavelet-HLH","glcm","Idmn","0.992022502565191"
"wavelet-HLH","glcm","Idn","0.9444750985614517"
"wavelet-HLH","glcm","Imc1","-0.04397462793406976"
"wavelet-HLH","glcm","Imc2","0.2790227087148468"
"wavelet-HLH","glcm","InverseVariance","0.4993387292468456"
"wavelet-HLH","glcm","JointAverage","4.509981353960677"
"wavelet-HLH","glcm","JointEnergy","0.22681525749835008"
"wavelet-HLH","glcm","JointEntropy","2.4213342731214347"
"wavelet-HLH","glcm","MCC","0.2950628369968987"
"wavelet-HLH","glcm","MaximumProbability","0.2606863018767763"
"wavelet-HLH","glcm","SumAverage","9.019962707921353"
"wavelet-HLH","glcm","SumEntropy","1.7190386705456722"
"wavelet-HLH","glcm","SumSquares","0.34100094243264406"
"wavelet-HLH","gldm","DependenceEntropy","5.030337973904279"
"wavelet-HLH","gldm","DependenceNonUniformity","892.6945334834965"
"wavelet-HLH","gldm","DependenceNonUniformityNormalized","0.0773364405686127"
"wavelet-HLH","gldm","DependenceVariance","13.977063610574865"
"wavelet-HLH","gldm","GrayLevelNonUniformity","5273.478038638135"
"wavelet-HLH","gldm","GrayLevelVariance","0.37445180193950883"
"wavelet-HLH","gldm","HighGrayLevelEmphasis","20.72554795113922"
"wavelet-HLH","gldm","LargeDependenceEmphasis","141.63397730226112"
"wavelet-HLH","gldm","LargeDependenceHighGrayLevelEmphasis","2899.0878454474573"
"wavelet-HLH","gldm","LargeDependenceLowGrayLevelEmphasis","7.288097014961005"
"wavelet-HLH","gldm","LowGrayLevelEmphasis","0.052306627377400536"
"wavelet-HLH","gldm","SmallDependenceEmphasis","0.021505723167638737"
"wavelet-HLH","gldm","SmallDependenceHighGrayLevelEmphasis","0.49729164330249476"
"wavelet-HLH","gldm","SmallDependenceLowGrayLevelEmphasis","0.00146875045868983"
"wavelet-HLH","glrlm","GrayLevelNonUniformity","3045.737290781738"
"wavelet-HLH","glrlm","GrayLevelNonUniformityNormalized","0.43658070099551416"
"wavelet-HLH","glrlm","GrayLevelVariance","0.4403331131300626"
"wavelet-HLH","glrlm","HighGrayLevelRunEmphasis","20.85674533000118"
"wavelet-HLH","glrlm","LongRunEmphasis","4.438794259067932"
"wavelet-HLH","glrlm","LongRunHighGrayLevelEmphasis","91.4643204107682"
"wavelet-HLH","glrlm","LongRunLowGrayLevelEmphasis","0.22991567908118044"
"wavelet-HLH","glrlm","LowGrayLevelRunEmphasis","0.052877089221536305"
"wavelet-HLH","glrlm","RunEntropy","2.975543322450954"
"wavelet-HLH","glrlm","RunLengthNonUniformity","3182.673933941639"
"wavelet-HLH","glrlm","RunLengthNonUniformityNormalized","0.4403588106830481"
"wavelet-HLH","glrlm","RunPercentage","0.6039024650304214"
"wavelet-HLH","glrlm","RunVariance","1.269992283484155"
"wavelet-HLH","glrlm","ShortRunEmphasis","0.6651412112533117"
"wavelet-HLH","glrlm","ShortRunHighGrayLevelEmphasis","13.96046210057197"
"wavelet-HLH","glrlm","ShortRunLowGrayLevelEmphasis","0.03563232312200969"
"wavelet-HLH","glszm","GrayLevelNonUniformity","32.42483660130719"
"wavelet-HLH","glszm","GrayLevelNonUniformityNormalized","0.2119270366098509"
"wavelet-HLH","glszm","GrayLevelVariance","3.2683156051091458"
"wavelet-HLH","glszm","HighGrayLevelZoneEmphasis","25.908496732026144"
"wavelet-HLH","glszm","LargeAreaEmphasis","394438.045751634"
"wavelet-HLH","glszm","LargeAreaHighGrayLevelEmphasis","8053899.392156863"
"wavelet-HLH","glszm","LargeAreaLowGrayLevelEmphasis","20296.346726932545"
"wavelet-HLH","glszm","LowGrayLevelZoneEmphasis","0.0855198478568382"
"wavelet-HLH","glszm","SizeZoneNonUniformity","39.02614379084967"
"wavelet-HLH","glszm","SizeZoneNonUniformityNormalized","0.25507283523431157"
"wavelet-HLH","glszm","SmallAreaEmphasis","0.5168943369220002"
"wavelet-HLH","glszm","SmallAreaHighGrayLevelEmphasis","13.637052559632034"
"wavelet-HLH","glszm","SmallAreaLowGrayLevelEmphasis","0.04751200967372627"
"wavelet-HLH","glszm","ZoneEntropy","4.907830796442167"
"wavelet-HLH","glszm","ZonePercentage","0.013254786450662739"
"wavelet-HLH","glszm","ZoneVariance","388746.18155410315"
"wavelet-HLH","ngtdm","Busyness","41.823279605264034"
"wavelet-HLH","ngtdm","Coarseness","0.000384599306775679"
"wavelet-HLH","ngtdm","Complexity","20.724193921007608"
"wavelet-HLH","ngtdm","Contrast","0.00555919258644093"
"wavelet-HLH","ngtdm","Strength","0.021240679665152768"
"wavelet-HHL","firstorder","10Percentile","-6.0094533440733"
"wavelet-HHL","firstorder","90Percentile","6.089892994266545"
"wavelet-HHL","firstorder","Energy","260683.31281757978"
"wavelet-HHL","firstorder","Entropy","1.001190450476452"
"wavelet-HHL","firstorder","InterquartileRange","6.271832984600251"
"wavelet-HHL","firstorder","Kurtosis","3.295642834181237"
"wavelet-HHL","firstorder","Maximum","20.898945282476436"
"wavelet-HHL","firstorder","MeanAbsoluteDeviation","3.7575134571373736"
"wavelet-HHL","firstorder","Mean","0.031749967270734834"
"wavelet-HHL","firstorder","Median","0.02183839121657111"
"wavelet-HHL","firstorder","Minimum","-25.474655592882307"
"wavelet-HHL","firstorder","Range","46.37360087535875"
"wavelet-HHL","firstorder","RobustMeanAbsoluteDeviation","2.60499454906819"
"wavelet-HHL","firstorder","RootMeanSquared","4.75222798979411"
"wavelet-HHL","firstorder","Skewness","0.01484778829539283"
"wavelet-HHL","firstorder","TotalEnergy","644389.2925483385"
"wavelet-HHL","firstorder","Uniformity","0.49992514682940814"
"wavelet-HHL","firstorder","Variance","22.582662806560876"
"wavelet-HHL","glcm","Autocorrelation","6.259213547545726"
"wavelet-HHL","glcm","ClusterProminence","0.5092361303147603"
"wavelet-HHL","glcm","ClusterShade","-0.001405294220044091"
"wavelet-HHL","glcm","ClusterTendency","0.5083329218126074"
"wavelet-HHL","glcm","Contrast","0.49208625866826766"
"wavelet-HHL","glcm","Correlation","0.016238260418854875"
"wavelet-HHL","glcm","DifferenceAverage","0.4920236736384149"
"wavelet-HHL","glcm","DifferenceEntropy","0.9831398021562964"
"wavelet-HHL","glcm","DifferenceVariance","0.2441952024931666"
"wavelet-HHL","glcm","Id","0.7539985940191012"
"wavelet-HHL","glcm","Idm","0.7539944216837777"
"wavelet-HHL","glcm","Idmn","0.9507942626730125"
"wavelet-HHL","glcm","Idn","0.8769972108418889"
"wavelet-HHL","glcm","Imc1","-0.01739204290136707"
"wavelet-HHL","glcm","Imc2","0.13309738694777387"
"wavelet-HHL","glcm","InverseVariance","0.49196891173729385"
"wavelet-HHL","glcm","JointAverage","2.501030056597103"
"wavelet-HHL","glcm","JointEnergy","0.25581516916949715"
"wavelet-HHL","glcm","JointEntropy","1.9841408657273534"
"wavelet-HHL","glcm","MCC","0.11227531048506792"
"wavelet-HHL","glcm","MaximumProbability","0.277992348452468"
"wavelet-HHL","glcm","SumAverage","5.002060113194206"
"wavelet-HHL","glcm","SumEntropy","1.4917569757654614"
"wavelet-HHL","glcm","SumSquares","0.2501047951202187"
"wavelet-HHL","gldm","DependenceEntropy","4.696847900192177"
"wavelet-HHL","gldm","DependenceNonUniformity","1012.0506800658408"
"wavelet-HHL","gldm","DependenceNonUniformityNormalized","0.08767657282039684"
"wavelet-HHL","gldm","DependenceVariance","10.407149161891034"
"wavelet-HHL","gldm","GrayLevelNonUniformity","5770.635969851858"
"wavelet-HHL","gldm","GrayLevelVariance","0.25016799465155015"
"wavelet-HHL","gldm","HighGrayLevelEmphasis","6.511652083513818"
"wavelet-HHL","gldm","LargeDependenceEmphasis","150.64584596725288"
"wavelet-HHL","gldm","LargeDependenceHighGrayLevelEmphasis","980.4870484276184"
"wavelet-HHL","gldm","LargeDependenceLowGrayLevelEmphasis","27.164195231357148"
"wavelet-HHL","gldm","LowGrayLevelEmphasis","0.18028964162984784"
"wavelet-HHL","gldm","SmallDependenceEmphasis","0.010754408910681478"
"wavelet-HHL","gldm","SmallDependenceHighGrayLevelEmphasis","0.06934197105494747"
"wavelet-HHL","gldm","SmallDependenceLowGrayLevelEmphasis","0.002015125749229194"
"wavelet-HHL","glrlm","GrayLevelNonUniformity","3363.832935396635"
"wavelet-HHL","glrlm","GrayLevelNonUniformityNormalized","0.4998644347461773"
"wavelet-HHL","glrlm","GrayLevelVariance","0.25029522239918056"
"wavelet-HHL","glrlm","HighGrayLevelRunEmphasis","6.5115577106737055"
"wavelet-HHL","glrlm","LongRunEmphasis","4.295893535738885"
"wavelet-HHL","glrlm","LongRunHighGrayLevelEmphasis","27.964717868233326"
"wavelet-HHL","glrlm","LongRunLowGrayLevelEmphasis","0.7745977698624067"
"wavelet-HHL","glrlm","LowGrayLevelRunEmphasis","0.18033510855557658"
"wavelet-HHL","glrlm","RunEntropy","2.6452782147151903"
"wavelet-HHL","glrlm","RunLengthNonUniformity","2861.617925747314"
"wavelet-HHL","glrlm","RunLengthNonUniformityNormalized","0.41824065790044096"
"wavelet-HHL","glrlm","RunPercentage","0.5829906903284707"
"wavelet-HHL","glrlm","RunVariance","1.2098154670235728"
"wavelet-HHL","glrlm","ShortRunEmphasis","0.6406213239719232"
"wavelet-HHL","glrlm","ShortRunHighGrayLevelEmphasis","4.171554733669604"
"wavelet-HHL","glrlm","ShortRunLowGrayLevelEmphasis","0.11555955823999611"
"wavelet-HHL","glszm","GrayLevelNonUniformity","2.7142857142857144"
"wavelet-HHL","glszm","GrayLevelNonUniformityNormalized","0.3877551020408163"
"wavelet-HHL","glszm","GrayLevelVariance","0.4897959183673469"
"wavelet-HHL","glszm","HighGrayLevelZoneEmphasis","5.714285714285714"
"wavelet-HHL","glszm","LargeAreaEmphasis","9497681.285714285"
"wavelet-HHL","glszm","LargeAreaHighGrayLevelEmphasis","61977892.571428575"
"wavelet-HHL","glszm","LargeAreaLowGrayLevelEmphasis","1708110.2103174604"
"wavelet-HHL","glszm","LowGrayLevelZoneEmphasis","0.2976190476190476"
"wavelet-HHL","glszm","SizeZoneNonUniformity","1.8571428571428572"
"wavelet-HHL","glszm","SizeZoneNonUniformityNormalized","0.2653061224489796"
"wavelet-HHL","glszm","SmallAreaEmphasis","0.44841270700861335"
"wavelet-HHL","glszm","SmallAreaHighGrayLevelEmphasis","2.158730214383701"
"wavelet-HHL","glszm","SmallAreaLowGrayLevelEmphasis","0.19720017792499173"
"wavelet-HHL","glszm","ZoneEntropy","2.807354922057602"
"wavelet-HHL","glszm","ZonePercentage","0.0006064281382656155"
"wavelet-HHL","glszm","ZoneVariance","6778480.285714284"
"wavelet-HHL","ngtdm","Busyness","471.98689418957247"
"wavelet-HHL","ngtdm","Coarseness","0.0003514628009092553"
"wavelet-HHL","ngtdm","Complexity","1.9722120210207519"
"wavelet-HHL","ngtdm","Contrast","0.041122379258271835"
"wavelet-HHL","ngtdm","Strength","0.001232337696613043"
"wavelet-HHH","firstorder","10Percentile","-4.701083257721769"
"wavelet-HHH","firstorder","90Percentile","4.6668177500834185"
"wavelet-HHH","firstorder","Energy","167455.5177806625"
"wavelet-HHH","firstorder","Entropy","0.9999531750041335"
"wavelet-HHH","firstorder","InterquartileRange","4.86631831126565"
"wavelet-HHH","firstorder","Kurtosis","4.035110561000304"
"wavelet-HHH","firstorder","Maximum","23.406445931833375"
"wavelet-HHH","firstorder","MeanAbsoluteDeviation","2.965491539845367"
"wavelet-HHH","firstorder","Mean","0.001299487939611647"
"wavelet-HHH","firstorder","Median","0.039220966026743985"
"wavelet-HHH","firstorder","Minimum","-24.30490144764892"
"wavelet-HHH","firstorder","Range","47.71134737948229"
"wavelet-HHH","firstorder","RobustMeanAbsoluteDeviation","2.0253793033634"
"wavelet-HHH","firstorder","RootMeanSquared","3.8088194250793372"
"wavelet-HHH","firstorder","Skewness","-0.017149278190127244"
"wavelet-HHH","firstorder","TotalEnergy","413937.2845530292"
"wavelet-HHH","firstorder","Uniformity","0.5000324562627186"
"wavelet-HHH","firstorder","Variance","14.50710372419279"
"wavelet-HHH","glcm","Autocorrelation","2.254125541361426"
"wavelet-HHH","glcm","ClusterProminence","0.49131640199865845"
"wavelet-HHH","glcm","ClusterShade","-0.002643604650568693"
"wavelet-HHH","glcm","ClusterTendency","0.4913186352047824"
"wavelet-HHH","glcm","Contrast","0.508647513713602"
"wavelet-HHH","glcm","Correlation","-0.017329622942856567"
"wavelet-HHH","glcm","DifferenceAverage","0.508647513713602"
"wavelet-HHH","glcm","DifferenceEntropy","0.9933013182791951"
"wavelet-HHH","glcm","DifferenceVariance","0.24769993339853238"
"wavelet-HHH","glcm","Id","0.7456762431431991"
"wavelet-HHH","glcm","Idm","0.7456762431431991"
"wavelet-HHH","glcm","Idmn","0.8982704972572796"
"wavelet-HHH","glcm","Idn","0.8304508287621327"
"wavelet-HHH","glcm","Imc1","-0.006700445914141446"
"wavelet-HHH","glcm","Imc2","0.0780630878049817"
"wavelet-HHH","glcm","InverseVariance","0.508647513713602"
"wavelet-HHH","glcm","JointAverage","1.5028164327394093"
"wavelet-HHH","glcm","JointEnergy","0.2523169921422755"
"wavelet-HHH","glcm","JointEntropy","1.993250877288611"
"wavelet-HHH","glcm","MCC","0.06553374675403977"
"wavelet-HHH","glcm","MaximumProbability","0.2678665114340792"
"wavelet-HHH","glcm","SumAverage","3.0056328654788182"
"wavelet-HHH","glcm","SumEntropy","1.4846033635750095"
"wavelet-HHH","glcm","SumSquares","0.2499915372295961"
"wavelet-HHH","gldm","DependenceEntropy","4.577394317018802"
"wavelet-HHH","gldm","DependenceNonUniformity","1102.492679546045"
"wavelet-HHH","gldm","DependenceNonUniformityNormalized","0.09551179758693973"
"wavelet-HHH","gldm","DependenceVariance","9.042263803047364"
"wavelet-HHH","gldm","GrayLevelNonUniformity","5771.874642640561"
"wavelet-HHH","gldm","GrayLevelVariance","0.24998377186864068"
"wavelet-HHH","gldm","HighGrayLevelEmphasis","2.512085246469722"
"wavelet-HHH","gldm","LargeDependenceEmphasis","141.93164688555834"
"wavelet-HHH","gldm","LargeDependenceHighGrayLevelEmphasis","358.2523607381097"
"wavelet-HHH","gldm","LargeDependenceLowGrayLevelEmphasis","87.85146842242051"
"wavelet-HHH","gldm","LowGrayLevelEmphasis","0.6219786883825695"
"wavelet-HHH","gldm","SmallDependenceEmphasis","0.010932784188391423"
"wavelet-HHH","gldm","SmallDependenceHighGrayLevelEmphasis","0.027483444476279414"
"wavelet-HHH","gldm","SmallDependenceLowGrayLevelEmphasis","0.006795119116419425"
"wavelet-HHH","glrlm","GrayLevelNonUniformity","3434.6683487060736"
"wavelet-HHH","glrlm","GrayLevelNonUniformityNormalized","0.5000182746677211"
"wavelet-HHH","glrlm","GrayLevelVariance","0.24999086266613946"
"wavelet-HHH","glrlm","HighGrayLevelRunEmphasis","2.508103226884597"
"wavelet-HHH","glrlm","LongRunEmphasis","4.088653857568478"
"wavelet-HHH","glrlm","LongRunHighGrayLevelEmphasis","10.312274904003017"
"wavelet-HHH","glrlm","LongRunLowGrayLevelEmphasis","2.532748595959843"
"wavelet-HHH","glrlm","LowGrayLevelRunEmphasis","0.6229741932788507"
"wavelet-HHH","glrlm","RunEntropy","2.5977403103985415"
"wavelet-HHH","glrlm","RunLengthNonUniformity","3002.5328755622822"
"wavelet-HHH","glrlm","RunLengthNonUniformityNormalized","0.43251617757133903"
"wavelet-HHH","glrlm","RunPercentage","0.5950859328664059"
"wavelet-HHH","glrlm","RunVariance","1.167672277756676"
"wavelet-HHH","glrlm","ShortRunEmphasis","0.6580834689778782"
"wavelet-HHH","glrlm","ShortRunHighGrayLevelEmphasis","1.650135903743924"
"wavelet-HHH","glrlm","ShortRunLowGrayLevelEmphasis","0.4100703602863666"
"wavelet-HHH","glszm","GrayLevelNonUniformity","1.6666666666666667"
"wavelet-HHH","glszm","GrayLevelNonUniformityNormalized","0.5555555555555556"
"wavelet-HHH","glszm","GrayLevelVariance","0.2222222222222222"
"wavelet-HHH","glszm","HighGrayLevelZoneEmphasis","3.0"
"wavelet-HHH","glszm","LargeAreaEmphasis","22204371.666666668"
"wavelet-HHH","glszm","LargeAreaHighGrayLevelEmphasis","56041861.666666664"
"wavelet-HHH","glszm","LargeAreaLowGrayLevelEmphasis","13744999.166666666"
"wavelet-HHH","glszm","LowGrayLevelZoneEmphasis","0.5"
"wavelet-HHH","glszm","SizeZoneNonUniformity","1.0"
"wavelet-HHH","glszm","SizeZoneNonUniformityNormalized","0.3333333333333333"
"wavelet-HHH","glszm","SmallAreaEmphasis","0.33333335335449954"
"wavelet-HHH","glszm","SmallAreaHighGrayLevelEmphasis","1.3333333829075198"
"wavelet-HHH","glszm","SmallAreaLowGrayLevelEmphasis","0.08333334596624449"
"wavelet-HHH","glszm","ZoneEntropy","1.5849625007211552"
"wavelet-HHH","glszm","ZonePercentage","0.00025989777354240665"
"wavelet-HHH","glszm","ZoneVariance","7399832.888888889"
"wavelet-HHH","ngtdm","Busyness","2859.260224470872"
"wavelet-HHH","ngtdm","Coarseness","0.00034148690768789517"
"wavelet-HHH","ngtdm","Complexity","0.5073845540220874"
"wavelet-HHH","ngtdm","Contrast","0.12683494276721616"
"wavelet-HHH","ngtdm","Strength","0.00034149488205120445"
"wavelet-LLL","firstorder","10Percentile","-273.9017566797531"
"wavelet-LLL","firstorder","90Percentile","149.6769147018499"
"wavelet-LLL","firstorder","Energy","922164568.7581766"
"wavelet-LLL","firstorder","Entropy","4.108905633546205"
"wavelet-LLL","firstorder","InterquartileRange","128.11693690567307"
"wavelet-LLL","firstorder","Kurtosis","16.922478738083896"
"wavelet-LLL","firstorder","Maximum","273.11074350829193"
"wavelet-LLL","firstorder","MeanAbsoluteDeviation","167.46337116651296"
"wavelet-LLL","firstorder","Mean","-3.4307281040304503"
"wavelet-LLL","firstorder","Median","97.11873178326165"
"wavelet-LLL","firstorder","Minimum","-1873.316184443128"
"wavelet-LLL","firstorder","Range","2146.4269279514197"
"wavelet-LLL","firstorder","RobustMeanAbsoluteDeviation","66.19304834933011"
"wavelet-LLL","firstorder","RootMeanSquared","282.64731749416603"
"wavelet-LLL","firstorder","Skewness","-3.5000581168524296"
"wavelet-LLL","firstorder","TotalEnergy","2279520570.965951"
"wavelet-LLL","firstorder","Uniformity","0.10504430964711128"
"wavelet-LLL","firstorder","Variance","79877.7361913241"
"wavelet-LLL","glcm","Autocorrelation","5917.409481610452"
"wavelet-LLL","glcm","ClusterProminence","1938454.9152097604"
"wavelet-LLL","glcm","ClusterShade","-20632.69719943049"
"wavelet-LLL","glcm","ClusterTendency","308.8782453491245"
"wavelet-LLL","glcm","Contrast","87.85988774260528"
"wavelet-LLL","glcm","Correlation","0.5180339690393556"
"wavelet-LLL","glcm","DifferenceAverage","4.262812979143711"
"wavelet-LLL","glcm","DifferenceEntropy","3.134096598664136"
"wavelet-LLL","glcm","DifferenceVariance","64.9820189494915"
"wavelet-LLL","glcm","Id","0.5006232134306082"
"wavelet-LLL","glcm","Idm","0.4559693214748079"
"wavelet-LLL","glcm","Idmn","0.9896889633751191"
"wavelet-LLL","glcm","Idn","0.9592015215809612"
"wavelet-LLL","glcm","Imc1","-0.22523253470628563"
"wavelet-LLL","glcm","Imc2","0.8345970934274715"
"wavelet-LLL","glcm","InverseVariance","0.3639573629766497"
"wavelet-LLL","glcm","JointAverage","76.5626488800248"
"wavelet-LLL","glcm","JointEnergy","0.030359830643477057"
"wavelet-LLL","glcm","JointEntropy","6.690907259309975"
"wavelet-LLL","glcm","MCC","0.6673216365039927"
"wavelet-LLL","glcm","MaximumProbability","0.09451380838609061"
"wavelet-LLL","glcm","SumAverage","153.1252977600496"
"wavelet-LLL","glcm","SumEntropy","4.722226207626605"
"wavelet-LLL","glcm","SumSquares","99.18453327293247"
"wavelet-LLL","gldm","DependenceEntropy","7.4520166408872335"
"wavelet-LLL","gldm","DependenceNonUniformity","819.8741228450143"
"wavelet-LLL","gldm","DependenceNonUniformityNormalized","0.07102781970415094"
"wavelet-LLL","gldm","DependenceVariance","22.474470017824636"
"wavelet-LLL","gldm","GrayLevelNonUniformity","1212.5264662566058"
"wavelet-LLL","gldm","GrayLevelVariance","127.80391728065318"
"wavelet-LLL","gldm","HighGrayLevelEmphasis","5807.554015420601"
"wavelet-LLL","gldm","LargeDependenceEmphasis","68.88027375898812"
"wavelet-LLL","gldm","LargeDependenceHighGrayLevelEmphasis","439093.42008143466"
"wavelet-LLL","gldm","LargeDependenceLowGrayLevelEmphasis","0.011476978994993604"
"wavelet-LLL","gldm","LowGrayLevelEmphasis","0.0004303122120911561"
"wavelet-LLL","gldm","SmallDependenceEmphasis","0.15776539590001448"
"wavelet-LLL","gldm","SmallDependenceHighGrayLevelEmphasis","708.9286367844634"
"wavelet-LLL","gldm","SmallDependenceLowGrayLevelEmphasis","0.00023282981981922842"
"wavelet-LLL","glrlm","GrayLevelNonUniformity","739.360584775279"
"wavelet-LLL","glrlm","GrayLevelNonUniformityNormalized","0.0817231654850658"
"wavelet-LLL","glrlm","GrayLevelVariance","153.32423672868538"
"wavelet-LLL","glrlm","HighGrayLevelRunEmphasis","5653.696869622663"
"wavelet-LLL","glrlm","LongRunEmphasis","2.4729126542741726"
"wavelet-LLL","glrlm","LongRunHighGrayLevelEmphasis","14933.336310223533"
"wavelet-LLL","glrlm","LongRunLowGrayLevelEmphasis","0.0007693584377411808"
"wavelet-LLL","glrlm","LowGrayLevelRunEmphasis","0.0005111860899589112"
"wavelet-LLL","glrlm","RunEntropy","5.246466304383379"
"wavelet-LLL","glrlm","RunLengthNonUniformity","6257.269681428713"
"wavelet-LLL","glrlm","RunLengthNonUniformityNormalized","0.6774119965104741"
"wavelet-LLL","glrlm","RunPercentage","0.7764545945261531"
"wavelet-LLL","glrlm","RunVariance","0.6638225891707861"
"wavelet-LLL","glrlm","ShortRunEmphasis","0.8416108985975123"
"wavelet-LLL","glrlm","ShortRunHighGrayLevelEmphasis","4661.301278059525"
"wavelet-LLL","glrlm","ShortRunLowGrayLevelEmphasis","0.0004815867741027532"
"wavelet-LLL","glszm","GrayLevelNonUniformity","55.81095041322314"
"wavelet-LLL","glszm","GrayLevelNonUniformityNormalized","0.02882797025476402"
"wavelet-LLL","glszm","GrayLevelVariance","276.88818189288645"
"wavelet-LLL","glszm","HighGrayLevelZoneEmphasis","4379.700929752066"
"wavelet-LLL","glszm","LargeAreaEmphasis","5652.9643595041325"
"wavelet-LLL","glszm","LargeAreaHighGrayLevelEmphasis","36383418.50413223"
"wavelet-LLL","glszm","LargeAreaLowGrayLevelEmphasis","0.8813537331998448"
"wavelet-LLL","glszm","LowGrayLevelZoneEmphasis","0.001475085945705531"
"wavelet-LLL","glszm","SizeZoneNonUniformity","821.2179752066115"
"wavelet-LLL","glszm","SizeZoneNonUniformityNormalized","0.4241828384331671"
"wavelet-LLL","glszm","SmallAreaEmphasis","0.6774735935847149"
"wavelet-LLL","glszm","SmallAreaHighGrayLevelEmphasis","2800.1804903260613"
"wavelet-LLL","glszm","SmallAreaLowGrayLevelEmphasis","0.0012831555646546481"
"wavelet-LLL","glszm","ZoneEntropy","7.290437510952967"
"wavelet-LLL","glszm","ZonePercentage","0.16772069652603308"
"wavelet-LLL","glszm","ZoneVariance","5617.41541705442"
"wavelet-LLL","ngtdm","Busyness","0.16243542747462075"
"wavelet-LLL","ngtdm","Coarseness","0.0005474283535491273"
"wavelet-LLL","ngtdm","Complexity","13873.899779821799"
"wavelet-LLL","ngtdm","Contrast","0.1166819472982658"
"wavelet-LLL","ngtdm","Strength","7.856362150810403"
