"Image type","Feature Class","Feature Name","Segmentation_5_segment_Segment_1"
"diagnostics","Versions","PyRadiomics","v3.0.1.post4+gad5b2de"
"diagnostics","Versions","Numpy","1.19.2"
"diagnostics","Versions","SimpleITK","2.0.2"
"diagnostics","Versions","PyWavelet","1.1.1"
"diagnostics","Versions","Python","3.6.7"
"diagnostics","Configuration","Settings","{'minimumROIDimensions': 2, 'minimumROISize': None, 'normalize': False, 'normalizeScale': 1, 'removeOutliers': None, 'resampledPixelSpacing': None, 'interpolator': 'sitkBSpline', 'preCrop': False, 'padDistance': 5, 'distances': [1], 'force2D': False, 'force2Ddimension': 0, 'resegmentRange': None, 'label': 1, 'additionalInfo': True, 'binWidth': 25.0, 'symmetricalGLCM': True, 'correctMask': True}"
"diagnostics","Configuration","EnabledImageTypes","{'Original': {}, 'Wavelet': {}}"
"diagnostics","Image-original","Hash","4d077ec84cb343552ca68fff02c8d7c0fe50342b"
"diagnostics","Image-original","Dimensionality","3D"
"diagnostics","Image-original","Spacing","(0.60546875, 0.60546875, 5.0)"
"diagnostics","Image-original","Size","(512, 512, 68)"
"diagnostics","Image-original","Mean","-537.5815777498133"
"diagnostics","Image-original","Minimum","-1024.0"
"diagnostics","Image-original","Maximum","1967.0"
"diagnostics","Mask-original","Hash","d96a5ebe5f66b56f758ca25989598714323c9ae9"
"diagnostics","Mask-original","Spacing","(0.60546875, 0.60546875, 5.0)"
"diagnostics","Mask-original","Size","(512, 512, 68)"
"diagnostics","Mask-original","BoundingBox","(124, 196, 31, 115, 125, 13)"
"diagnostics","Mask-original","VoxelNum","54899"
"diagnostics","Mask-original","VolumeNum","2"
"diagnostics","Mask-original","CenterOfMassIndex","(184.04726862055776, 256.6174247254048, 38.2072533197326)"
"diagnostics","Mask-original","CenterOfMass","(-51.625130327396676, 169.77383137670995, 183.49626659866303)"
"original","shape","Elongation","0.74389565197363"
"original","shape","Flatness","0.6131993033165744"
"original","shape","LeastAxisLength","43.49557489606354"
"original","shape","MajorAxisLength","70.93219881498825"
"original","shape","Maximum2DDiameterColumn","79.14676563356147"
"original","shape","Maximum2DDiameterRow","75.35868008439705"
"original","shape","Maximum2DDiameterSlice","78.62938984804586"
"original","shape","Maximum3DDiameter","91.8649203421934"
"original","shape","MeshVolume","100354.59510485332"
"original","shape","MinorAxisLength","52.766154283398826"
"original","shape","Sphericity","0.5449033324404747"
"original","shape","SurfaceArea","19165.618361898672"
"original","shape","SurfaceVolumeRatio","0.19097898149929152"
"original","shape","VoxelVolume","100627.78282165527"
"original","firstorder","10Percentile","-9.0"
"original","firstorder","90Percentile","74.0"
"original","firstorder","Energy","216016905.0"
"original","firstorder","Entropy","2.6033068003361493"
"original","firstorder","InterquartileRange","42.0"
"original","firstorder","Kurtosis","87.29593053794258"
"original","firstorder","Maximum","973.0"
"original","firstorder","MeanAbsoluteDeviation","29.752362641021637"
"original","firstorder","Mean","30.976975901200387"
"original","firstorder","Median","35.0"
"original","firstorder","Minimum","-1024.0"
"original","firstorder","Range","1997.0"
"original","firstorder","RobustMeanAbsoluteDeviation","17.708675749077795"
"original","firstorder","RootMeanSquared","62.72803061823891"
"original","firstorder","Skewness","-5.387750347895366"
"original","firstorder","TotalEnergy","395950786.0279083"
"original","firstorder","Uniformity","0.21248126224866987"
"original","firstorder","Variance","2975.2327892591693"
"original","glcm","Autocorrelation","1838.9492188250708"
"original","glcm","ClusterProminence","6946.545017400443"
"original","glcm","ClusterShade","-98.38277915153493"
"original","glcm","ClusterTendency","8.267108062331655"
"original","glcm","Contrast","4.990909719709909"
"original","glcm","Correlation","0.2196874538091434"
"original","glcm","DifferenceAverage","1.4560256597923014"
"original","glcm","DifferenceEntropy","2.194404046249149"
"original","glcm","DifferenceVariance","2.861749968845956"
"original","glcm","Id","0.5367565807676467"
"original","glcm","Idm","0.4850548344759514"
"original","glcm","Idmn","0.9992412042284458"
"original","glcm","Idn","0.9825048085972442"
"original","glcm","Imc1","-0.020126002624683035"
"original","glcm","Imc2","0.28260359872191004"
"original","glcm","InverseVariance","0.45618191597379476"
"original","glcm","JointAverage","42.87339745685772"
"original","glcm","JointEnergy","0.04959008922423568"
"original","glcm","JointEntropy","4.980074590195879"
"original","glcm","MCC","0.6496481611095616"
"original","glcm","MaximumProbability","0.10622811829671888"
"original","glcm","SumAverage","85.74679491371543"
"original","glcm","SumEntropy","3.1011028687939213"
"original","glcm","SumSquares","3.3145044455103894"
"original","gldm","DependenceEntropy","5.834985794165857"
"original","gldm","DependenceNonUniformity","4723.184447804149"
"original","gldm","DependenceNonUniformityNormalized","0.08603407070810305"
"original","gldm","DependenceVariance","10.857499806112525"
"original","gldm","GrayLevelNonUniformity","11665.008816189731"
"original","gldm","GrayLevelVariance","4.844797755796692"
"original","gldm","HighGrayLevelEmphasis","1833.1031348476292"
"original","gldm","LargeDependenceEmphasis","47.92121896573708"
"original","gldm","LargeDependenceHighGrayLevelEmphasis","88556.23783675476"
"original","gldm","LargeDependenceLowGrayLevelEmphasis","0.02607643145797766"
"original","gldm","LowGrayLevelEmphasis","0.0006037100309163406"
"original","gldm","SmallDependenceEmphasis","0.12050409431662487"
"original","gldm","SmallDependenceHighGrayLevelEmphasis","214.01725334419095"
"original","gldm","SmallDependenceLowGrayLevelEmphasis","0.0001125971148255207"
"original","glrlm","GrayLevelNonUniformity","8621.895942677185"
"original","glrlm","GrayLevelNonUniformityNormalized","0.195207037508679"
"original","glrlm","GrayLevelVariance","5.749836540878184"
"original","glrlm","HighGrayLevelRunEmphasis","1829.985013781786"
"original","glrlm","LongRunEmphasis","1.9003086837529364"
"original","glrlm","LongRunHighGrayLevelEmphasis","3492.304147149351"
"original","glrlm","LongRunLowGrayLevelEmphasis","0.001108846151058752"
"original","glrlm","LowGrayLevelRunEmphasis","0.0006177896049512362"
"original","glrlm","RunEntropy","3.559218411379442"
"original","glrlm","RunLengthNonUniformity","30342.806885359427"
"original","glrlm","RunLengthNonUniformityNormalized","0.6855645226412612"
"original","glrlm","RunPercentage","0.8043077707734623"
"original","glrlm","RunVariance","0.346908873598812"
"original","glrlm","ShortRunEmphasis","0.8539328682623589"
"original","glrlm","ShortRunHighGrayLevelEmphasis","1560.4706876420985"
"original","glrlm","ShortRunLowGrayLevelEmphasis","0.0005378166616986767"
"original","glszm","GrayLevelNonUniformity","768.3474478910225"
"original","glszm","GrayLevelNonUniformityNormalized","0.1261033067275599"
"original","glszm","GrayLevelVariance","27.233625616231414"
"original","glszm","HighGrayLevelZoneEmphasis","1764.507467585754"
"original","glszm","LargeAreaEmphasis","87550.14853110127"
"original","glszm","LargeAreaHighGrayLevelEmphasis","161568369.1355654"
"original","glszm","LargeAreaLowGrayLevelEmphasis","47.4905603158911"
"original","glszm","LowGrayLevelZoneEmphasis","0.0010051531115834987"
"original","glszm","SizeZoneNonUniformity","2562.06646971935"
"original","glszm","SizeZoneNonUniformityNormalized","0.42049343011970297"
"original","glszm","SmallAreaEmphasis","0.6743363379788082"
"original","glszm","SmallAreaHighGrayLevelEmphasis","1175.1455857031167"
"original","glszm","SmallAreaLowGrayLevelEmphasis","0.0007705202118905951"
"original","glszm","ZoneEntropy","5.519941207372165"
"original","glszm","ZonePercentage","0.11098562815351828"
"original","glszm","ZoneVariance","87468.96526655374"
"original","ngtdm","Busyness","1.6201221366912608"
"original","ngtdm","Coarseness","0.00011391809524567359"
"original","ngtdm","Complexity","2716.104806055992"
"original","ngtdm","Contrast","0.002366358586001393"
"original","ngtdm","Strength","1.068804845715883"
"wavelet-LLH","firstorder","10Percentile","-290.493218534271"
"wavelet-LLH","firstorder","90Percentile","53.709632939900786"
"wavelet-LLH","firstorder","Energy","2177051416.5605826"
"wavelet-LLH","firstorder","Entropy","4.11846526300667"
"wavelet-LLH","firstorder","InterquartileRange","77.24364695321927"
"wavelet-LLH","firstorder","Kurtosis","8.401021188751788"
"wavelet-LLH","firstorder","Maximum","1452.1881563365414"
"wavelet-LLH","firstorder","MeanAbsoluteDeviation","114.19607073032974"
"wavelet-LLH","firstorder","Mean","-37.479922650681395"
"wavelet-LLH","firstorder","Median","-11.39700296224267"
"wavelet-LLH","firstorder","Minimum","-1352.7135661549923"
"wavelet-LLH","firstorder","Range","2804.9017224915337"
"wavelet-LLH","firstorder","RobustMeanAbsoluteDeviation","46.350658003799616"
"wavelet-LLH","firstorder","RootMeanSquared","199.13707611702642"
"wavelet-LLH","firstorder","Skewness","0.3464551437976523"
"wavelet-LLH","firstorder","TotalEnergy","3990452597.2647095"
"wavelet-LLH","firstorder","Uniformity","0.11220138971018304"
"wavelet-LLH","firstorder","Variance","38250.83048253732"
"wavelet-LLH","glcm","Autocorrelation","2892.9747236925273"
"wavelet-LLH","glcm","ClusterProminence","142288.11094110395"
"wavelet-LLH","glcm","ClusterShade","-255.7247257611622"
"wavelet-LLH","glcm","ClusterTendency","114.14576600912716"
"wavelet-LLH","glcm","Contrast","77.3854077732565"
"wavelet-LLH","glcm","Correlation","0.11527864871781236"
"wavelet-LLH","glcm","DifferenceAverage","4.269415740499344"
"wavelet-LLH","glcm","DifferenceEntropy","3.3395538125271145"
"wavelet-LLH","glcm","DifferenceVariance","56.62579040999614"
"wavelet-LLH","glcm","Id","0.4410486674755052"
"wavelet-LLH","glcm","Idm","0.38274408915051367"
"wavelet-LLH","glcm","Idmn","0.9945374674504136"
"wavelet-LLH","glcm","Idn","0.9672655880450183"
"wavelet-LLH","glcm","Imc1","-0.1688439524146213"
"wavelet-LLH","glcm","Imc2","0.8259532523769367"
"wavelet-LLH","glcm","InverseVariance","0.3601499034278323"
"wavelet-LLH","glcm","JointAverage","53.70071102603757"
"wavelet-LLH","glcm","JointEnergy","0.026250150792271772"
"wavelet-LLH","glcm","JointEntropy","7.098463081015278"
"wavelet-LLH","glcm","MCC","0.7459394060158486"
"wavelet-LLH","glcm","MaximumProbability","0.06850098124703792"
"wavelet-LLH","glcm","SumAverage","107.401422052075"
"wavelet-LLH","glcm","SumEntropy","4.466405595441428"
"wavelet-LLH","glcm","SumSquares","47.88279344559591"
"wavelet-LLH","gldm","DependenceEntropy","7.042996504328261"
"wavelet-LLH","gldm","DependenceNonUniformity","5402.157288839505"
"wavelet-LLH","gldm","DependenceNonUniformityNormalized","0.0984017429978598"
"wavelet-LLH","gldm","DependenceVariance","11.708276830895636"
"wavelet-LLH","gldm","GrayLevelNonUniformity","6159.744093699339"
"wavelet-LLH","gldm","GrayLevelVariance","61.31062485834447"
"wavelet-LLH","gldm","HighGrayLevelEmphasis","2977.3460354469116"
"wavelet-LLH","gldm","LargeDependenceEmphasis","37.34139055356199"
"wavelet-LLH","gldm","LargeDependenceHighGrayLevelEmphasis","113353.85187344032"
"wavelet-LLH","gldm","LargeDependenceLowGrayLevelEmphasis","0.012531883550567396"
"wavelet-LLH","gldm","LowGrayLevelEmphasis","0.0003913896770280608"
"wavelet-LLH","gldm","SmallDependenceEmphasis","0.21410390942119956"
"wavelet-LLH","gldm","SmallDependenceHighGrayLevelEmphasis","661.2740152416658"
"wavelet-LLH","gldm","SmallDependenceLowGrayLevelEmphasis","0.00010763816926806545"
"wavelet-LLH","glrlm","GrayLevelNonUniformity","4376.86180166486"
"wavelet-LLH","glrlm","GrayLevelNonUniformityNormalized","0.09446588701977292"
"wavelet-LLH","glrlm","GrayLevelVariance","69.64504703789464"
"wavelet-LLH","glrlm","HighGrayLevelRunEmphasis","2972.075321734318"
"wavelet-LLH","glrlm","LongRunEmphasis","1.7071043552113976"
"wavelet-LLH","glrlm","LongRunHighGrayLevelEmphasis","5098.17307297269"
"wavelet-LLH","glrlm","LongRunLowGrayLevelEmphasis","0.0006426454555952046"
"wavelet-LLH","glrlm","LowGrayLevelRunEmphasis","0.0004006483252844921"
"wavelet-LLH","glrlm","RunEntropy","4.9812333297921265"
"wavelet-LLH","glrlm","RunLengthNonUniformity","34986.98165905265"
"wavelet-LLH","glrlm","RunLengthNonUniformityNormalized","0.7499429056196258"
"wavelet-LLH","glrlm","RunPercentage","0.843734017853765"
"wavelet-LLH","glrlm","RunVariance","0.2811412102959709"
"wavelet-LLH","glrlm","ShortRunEmphasis","0.8867958192313445"
"wavelet-LLH","glrlm","ShortRunHighGrayLevelEmphasis","2632.1440328740573"
"wavelet-LLH","glrlm","ShortRunLowGrayLevelEmphasis","0.00036174291187624695"
"wavelet-LLH","glszm","GrayLevelNonUniformity","356.94679913468474"
"wavelet-LLH","glszm","GrayLevelNonUniformityNormalized","0.028599214737175284"
"wavelet-LLH","glszm","GrayLevelVariance","161.81984270285213"
"wavelet-LLH","glszm","HighGrayLevelZoneEmphasis","3053.8653954010097"
"wavelet-LLH","glszm","LargeAreaEmphasis","21237.637769409503"
"wavelet-LLH","glszm","LargeAreaHighGrayLevelEmphasis","65147305.68864674"
"wavelet-LLH","glszm","LargeAreaLowGrayLevelEmphasis","6.9286344022046125"
"wavelet-LLH","glszm","LowGrayLevelZoneEmphasis","0.0005071158766252205"
"wavelet-LLH","glszm","SizeZoneNonUniformity","5720.687044307348"
"wavelet-LLH","glszm","SizeZoneNonUniformityNormalized","0.45835165806484635"
"wavelet-LLH","glszm","SmallAreaEmphasis","0.7040192072178253"
"wavelet-LLH","glszm","SmallAreaHighGrayLevelEmphasis","2233.5295803407625"
"wavelet-LLH","glszm","SmallAreaLowGrayLevelEmphasis","0.00037905690931731904"
"wavelet-LLH","glszm","ZoneEntropy","7.25954133385362"
"wavelet-LLH","glszm","ZonePercentage","0.22734476037814896"
"wavelet-LLH","glszm","ZoneVariance","21218.290035713675"
"wavelet-LLH","ngtdm","Busyness","0.7867744446123179"
"wavelet-LLH","ngtdm","Coarseness","0.00013693424838253913"
"wavelet-LLH","ngtdm","Complexity","17145.275594152503"
"wavelet-LLH","ngtdm","Contrast","0.04198775503948156"
"wavelet-LLH","ngtdm","Strength","1.0473886362506122"
"wavelet-LHL","firstorder","10Percentile","-56.43516290059602"
"wavelet-LHL","firstorder","90Percentile","53.45890680506636"
"wavelet-LHL","firstorder","Energy","165687993.46064565"
"wavelet-LHL","firstorder","Entropy","2.956837980072126"
"wavelet-LHL","firstorder","InterquartileRange","56.12587442997133"
"wavelet-LHL","firstorder","Kurtosis","30.686960024064575"
"wavelet-LHL","firstorder","Maximum","771.1118726429553"
"wavelet-LHL","firstorder","MeanAbsoluteDeviation","36.67073677277456"
"wavelet-LHL","firstorder","Mean","-1.8424625458200838"
"wavelet-LHL","firstorder","Median","-0.8425525102721547"
"wavelet-LHL","firstorder","Minimum","-752.5372830003813"
"wavelet-LHL","firstorder","Range","1523.6491556433366"
"wavelet-LHL","firstorder","RobustMeanAbsoluteDeviation","23.42973566365916"
"wavelet-LHL","firstorder","RootMeanSquared","54.9367928760793"
"wavelet-LHL","firstorder","Skewness","-0.8057999255312964"
"wavelet-LHL","firstorder","TotalEnergy","303699801.8563852"
"wavelet-LHL","firstorder","Uniformity","0.1619023001617962"
"wavelet-LHL","firstorder","Variance","3014.656543276488"
"wavelet-LHL","glcm","Autocorrelation","988.0280373495759"
"wavelet-LHL","glcm","ClusterProminence","3817.3051482127184"
"wavelet-LHL","glcm","ClusterShade","-54.02266858718041"
"wavelet-LHL","glcm","ClusterTendency","9.665614986803718"
"wavelet-LHL","glcm","Contrast","8.343136991734834"
"wavelet-LHL","glcm","Correlation","0.06740848482395455"
"wavelet-LHL","glcm","DifferenceAverage","1.9834143378384044"
"wavelet-LHL","glcm","DifferenceEntropy","2.5411866213924728"
"wavelet-LHL","glcm","DifferenceVariance","4.231147209469018"
"wavelet-LHL","glcm","Id","0.46852987308746485"
"wavelet-LHL","glcm","Idm","0.399597830440494"
"wavelet-LHL","glcm","Idmn","0.9979249023668687"
"wavelet-LHL","glcm","Idn","0.9699183532020844"
"wavelet-LHL","glcm","Imc1","-0.050638295706867766"
"wavelet-LHL","glcm","Imc2","0.4676114118683708"
"wavelet-LHL","glcm","InverseVariance","0.39140366228120105"
"wavelet-LHL","glcm","JointAverage","31.427653588866864"
"wavelet-LHL","glcm","JointEnergy","0.030348648615750262"
"wavelet-LHL","glcm","JointEntropy","5.67376690963104"
"wavelet-LHL","glcm","MCC","0.5890297000187249"
"wavelet-LHL","glcm","MaximumProbability","0.05998976228600488"
"wavelet-LHL","glcm","SumAverage","62.85530717773373"
"wavelet-LHL","glcm","SumEntropy","3.3680683886243346"
"wavelet-LHL","glcm","SumSquares","4.502187994634636"
"wavelet-LHL","gldm","DependenceEntropy","5.935093940027879"
"wavelet-LHL","gldm","DependenceNonUniformity","5977.270460299824"
"wavelet-LHL","gldm","DependenceNonUniformityNormalized","0.10887758356800349"
"wavelet-LHL","gldm","DependenceVariance","7.538659939855121"
"wavelet-LHL","gldm","GrayLevelNonUniformity","8888.27437658245"
"wavelet-LHL","gldm","GrayLevelVariance","4.906750172780521"
"wavelet-LHL","gldm","HighGrayLevelEmphasis","992.4201169420209"
"wavelet-LHL","gldm","LargeDependenceEmphasis","31.141241188364088"
"wavelet-LHL","gldm","LargeDependenceHighGrayLevelEmphasis","30878.680813858176"
"wavelet-LHL","gldm","LargeDependenceLowGrayLevelEmphasis","0.03164409331478345"
"wavelet-LHL","gldm","LowGrayLevelEmphasis","0.0010758310218854153"
"wavelet-LHL","gldm","SmallDependenceEmphasis","0.1573083943323868"
"wavelet-LHL","gldm","SmallDependenceHighGrayLevelEmphasis","156.45255108356884"
"wavelet-LHL","gldm","SmallDependenceLowGrayLevelEmphasis","0.00021180466932274776"
"wavelet-LHL","glrlm","GrayLevelNonUniformity","7123.915801279655"
"wavelet-LHL","glrlm","GrayLevelNonUniformityNormalized","0.1524104646025352"
"wavelet-LHL","glrlm","GrayLevelVariance","5.471026577795915"
"wavelet-LHL","glrlm","HighGrayLevelRunEmphasis","992.528468647708"
"wavelet-LHL","glrlm","LongRunEmphasis","1.627040918515303"
"wavelet-LHL","glrlm","LongRunHighGrayLevelEmphasis","1614.3966682331204"
"wavelet-LHL","glrlm","LongRunLowGrayLevelEmphasis","0.0017237505831022109"
"wavelet-LHL","glrlm","LowGrayLevelRunEmphasis","0.0010862604779134733"
"wavelet-LHL","glrlm","RunEntropy","3.703047970441673"
"wavelet-LHL","glrlm","RunLengthNonUniformity","35283.79793601542"
"wavelet-LHL","glrlm","RunLengthNonUniformityNormalized","0.7512367661714163"
"wavelet-LHL","glrlm","RunPercentage","0.8516058159949669"
"wavelet-LHL","glrlm","RunVariance","0.2342940438509358"
"wavelet-LHL","glrlm","ShortRunEmphasis","0.8886257997198133"
"wavelet-LHL","glrlm","ShortRunHighGrayLevelEmphasis","882.0587815095516"
"wavelet-LHL","glrlm","ShortRunLowGrayLevelEmphasis","0.0009728806262438649"
"wavelet-LHL","glszm","GrayLevelNonUniformity","910.3860744853112"
"wavelet-LHL","glszm","GrayLevelNonUniformityNormalized","0.1052956366510885"
"wavelet-LHL","glszm","GrayLevelVariance","17.622064551624703"
"wavelet-LHL","glszm","HighGrayLevelZoneEmphasis","994.2315521628499"
"wavelet-LHL","glszm","LargeAreaEmphasis","34560.97004395096"
"wavelet-LHL","glszm","LargeAreaHighGrayLevelEmphasis","34128840.70390932"
"wavelet-LHL","glszm","LargeAreaLowGrayLevelEmphasis","35.08013469824648"
"wavelet-LHL","glszm","LowGrayLevelZoneEmphasis","0.0013634940202909812"
"wavelet-LHL","glszm","SizeZoneNonUniformity","3106.9079343048807"
"wavelet-LHL","glszm","SizeZoneNonUniformityNormalized","0.35934627970216065"
"wavelet-LHL","glszm","SmallAreaEmphasis","0.6189847665223996"
"wavelet-LHL","glszm","SmallAreaHighGrayLevelEmphasis","616.4351604640622"
"wavelet-LHL","glszm","SmallAreaLowGrayLevelEmphasis","0.0009495199695303616"
"wavelet-LHL","glszm","ZoneEntropy","5.779023445239942"
"wavelet-LHL","glszm","ZonePercentage","0.1574892074536877"
"wavelet-LHL","glszm","ZoneVariance","34520.65209737318"
"wavelet-LHL","ngtdm","Busyness","2.758743230564509"
"wavelet-LHL","ngtdm","Coarseness","0.00010863891664744957"
"wavelet-LHL","ngtdm","Complexity","2635.009841565143"
"wavelet-LHL","ngtdm","Contrast","0.004413870371980875"
"wavelet-LHL","ngtdm","Strength","0.428677132332175"
"wavelet-LHH","firstorder","10Percentile","-46.796623654489665"
"wavelet-LHH","firstorder","90Percentile","46.96488078521985"
"wavelet-LHH","firstorder","Energy","112040492.11460806"
"wavelet-LHH","firstorder","Entropy","2.768927411536346"
"wavelet-LHH","firstorder","InterquartileRange","47.45541892885197"
"wavelet-LHH","firstorder","Kurtosis","12.141165896858437"
"wavelet-LHH","firstorder","Maximum","413.7164803455813"
"wavelet-LHH","firstorder","MeanAbsoluteDeviation","31.50611689411559"
"wavelet-LHH","firstorder","Mean","0.16930854307558374"
"wavelet-LHH","firstorder","Median","-0.05970581193046154"
"wavelet-LHH","firstorder","Minimum","-529.7524433431507"
"wavelet-LHH","firstorder","Range","943.468923688732"
"wavelet-LHH","firstorder","RobustMeanAbsoluteDeviation","19.80068059884746"
"wavelet-LHH","firstorder","RootMeanSquared","45.17574122181002"
"wavelet-LHH","firstorder","Skewness","0.004395231236352483"
"wavelet-LHH","firstorder","TotalEnergy","205365968.5557143"
"wavelet-LHH","firstorder","Uniformity","0.18861816486537336"
"wavelet-LHH","firstorder","Variance","2040.8189295571867"
"wavelet-LHH","glcm","Autocorrelation","506.6532349192321"
"wavelet-LHH","glcm","ClusterProminence","458.95031498586843"
"wavelet-LHH","glcm","ClusterShade","2.0555484607648435"
"wavelet-LHH","glcm","ClusterTendency","5.9360424445496935"
"wavelet-LHH","glcm","Contrast","6.103442757292915"
"wavelet-LHH","glcm","Correlation","-0.01786945531942786"
"wavelet-LHH","glcm","DifferenceAverage","1.7066711254405207"
"wavelet-LHH","glcm","DifferenceEntropy","2.3922828011894017"
"wavelet-LHH","glcm","DifferenceVariance","3.10811520403471"
"wavelet-LHH","glcm","Id","0.5043747961104909"
"wavelet-LHH","glcm","Idm","0.4446313889967865"
"wavelet-LHH","glcm","Idmn","0.9961559350756133"
"wavelet-LHH","glcm","Idn","0.9597151841826231"
"wavelet-LHH","glcm","Imc1","-0.03996928227564164"
"wavelet-LHH","glcm","Imc2","0.39253021448765507"
"wavelet-LHH","glcm","InverseVariance","0.424648833684325"
"wavelet-LHH","glcm","JointAverage","22.509888418516372"
"wavelet-LHH","glcm","JointEnergy","0.04182793427273353"
"wavelet-LHH","glcm","JointEntropy","5.290481599058067"
"wavelet-LHH","glcm","MCC","0.3596952962919891"
"wavelet-LHH","glcm","MaximumProbability","0.08098209562026325"
"wavelet-LHH","glcm","SumAverage","45.019776837032744"
"wavelet-LHH","glcm","SumEntropy","3.164172370476339"
"wavelet-LHH","glcm","SumSquares","3.0098713004606514"
"wavelet-LHH","gldm","DependenceEntropy","5.833337798498614"
"wavelet-LHH","gldm","DependenceNonUniformity","5149.034572578736"
"wavelet-LHH","gldm","DependenceNonUniformityNormalized","0.093791044874747"
"wavelet-LHH","gldm","DependenceVariance","9.640159326562916"
"wavelet-LHH","gldm","GrayLevelNonUniformity","10354.948632944133"
"wavelet-LHH","gldm","GrayLevelVariance","3.3491159417458096"
"wavelet-LHH","gldm","HighGrayLevelEmphasis","509.84464197890674"
"wavelet-LHH","gldm","LargeDependenceEmphasis","40.12836299386146"
"wavelet-LHH","gldm","LargeDependenceHighGrayLevelEmphasis","20358.12420991275"
"wavelet-LHH","gldm","LargeDependenceLowGrayLevelEmphasis","0.07967294450770394"
"wavelet-LHH","gldm","LowGrayLevelEmphasis","0.002046782710486966"
"wavelet-LHH","gldm","SmallDependenceEmphasis","0.13643265007559133"
"wavelet-LHH","gldm","SmallDependenceHighGrayLevelEmphasis","70.66637957338314"
"wavelet-LHH","gldm","SmallDependenceLowGrayLevelEmphasis","0.00031921738375639234"
"wavelet-LHH","glrlm","GrayLevelNonUniformity","7892.884998111356"
"wavelet-LHH","glrlm","GrayLevelNonUniformityNormalized","0.1740504626136422"
"wavelet-LHH","glrlm","GrayLevelVariance","3.8153839863934147"
"wavelet-LHH","glrlm","HighGrayLevelRunEmphasis","510.35271763731566"
"wavelet-LHH","glrlm","LongRunEmphasis","1.7806964890359396"
"wavelet-LHH","glrlm","LongRunHighGrayLevelEmphasis","906.5143451919139"
"wavelet-LHH","glrlm","LongRunLowGrayLevelEmphasis","0.0036114385988055375"
"wavelet-LHH","glrlm","LowGrayLevelRunEmphasis","0.002059085144198774"
"wavelet-LHH","glrlm","RunEntropy","3.6262653105677316"
"wavelet-LHH","glrlm","RunLengthNonUniformity","32616.33389905122"
"wavelet-LHH","glrlm","RunLengthNonUniformityNormalized","0.715631973843447"
"wavelet-LHH","glrlm","RunPercentage","0.8260918301720501"
"wavelet-LHH","glrlm","RunVariance","0.2971777761637445"
"wavelet-LHH","glrlm","ShortRunEmphasis","0.8696382224375555"
"wavelet-LHH","glrlm","ShortRunHighGrayLevelEmphasis","444.1892557342623"
"wavelet-LHH","glrlm","ShortRunLowGrayLevelEmphasis","0.0017995283242070088"
"wavelet-LHH","glszm","GrayLevelNonUniformity","754.6981563527225"
"wavelet-LHH","glszm","GrayLevelNonUniformityNormalized","0.10786024815674183"
"wavelet-LHH","glszm","GrayLevelVariance","13.578622079995126"
"wavelet-LHH","glszm","HighGrayLevelZoneEmphasis","521.1060454480491"
"wavelet-LHH","glszm","LargeAreaEmphasis","64467.76661426326"
"wavelet-LHH","glszm","LargeAreaHighGrayLevelEmphasis","32657684.73645848"
"wavelet-LHH","glszm","LargeAreaLowGrayLevelEmphasis","127.89192058297722"
"wavelet-LHH","glszm","LowGrayLevelZoneEmphasis","0.0023812356200280417"
"wavelet-LHH","glszm","SizeZoneNonUniformity","2804.8096326997284"
"wavelet-LHH","glszm","SizeZoneNonUniformityNormalized","0.40085888705155476"
"wavelet-LHH","glszm","SmallAreaEmphasis","0.6551403235110277"
"wavelet-LHH","glszm","SmallAreaHighGrayLevelEmphasis","341.94482540481624"
"wavelet-LHH","glszm","SmallAreaLowGrayLevelEmphasis","0.0016646738642286311"
"wavelet-LHH","glszm","ZoneEntropy","5.552364765492787"
"wavelet-LHH","glszm","ZonePercentage","0.12745223045957121"
"wavelet-LHH","glszm","ZoneVariance","64406.20569169796"
"wavelet-LHH","ngtdm","Busyness","5.828722820270692"
"wavelet-LHH","ngtdm","Coarseness","0.00011269042086053458"
"wavelet-LHH","ngtdm","Complexity","988.3699576739565"
"wavelet-LHH","ngtdm","Contrast","0.00603617580797895"
"wavelet-LHH","ngtdm","Strength","0.1449953584779303"
"wavelet-HLL","firstorder","10Percentile","-43.55507861717847"
"wavelet-HLL","firstorder","90Percentile","42.09482582983518"
"wavelet-HLL","firstorder","Energy","81732389.53800322"
"wavelet-HLL","firstorder","Entropy","2.5936451686016357"
"wavelet-HLL","firstorder","InterquartileRange","42.78068117112276"
"wavelet-HLL","firstorder","Kurtosis","13.536429518172016"
"wavelet-HLL","firstorder","Maximum","421.4822481590724"
"wavelet-HLL","firstorder","MeanAbsoluteDeviation","27.76114326283395"
"wavelet-HLL","firstorder","Mean","-0.7489129898573199"
"wavelet-HLL","firstorder","Median","-0.35199128968225757"
"wavelet-HLL","firstorder","Minimum","-631.850402847997"
"wavelet-HLL","firstorder","Range","1053.3326510070694"
"wavelet-HLL","firstorder","RobustMeanAbsoluteDeviation","17.94172931392355"
"wavelet-HLL","firstorder","RootMeanSquared","38.584678083326246"
"wavelet-HLL","firstorder","Skewness","-0.41127581815132513"
"wavelet-HLL","firstorder","TotalEnergy","149812367.14557856"
"wavelet-HLL","firstorder","Uniformity","0.2082872534371618"
"wavelet-HLL","firstorder","Variance","1488.2165121275393"
"wavelet-HLL","glcm","Autocorrelation","700.8225442743937"
"wavelet-HLL","glcm","ClusterProminence","343.9467780570063"
"wavelet-HLL","glcm","ClusterShade","-5.9794342664938585"
"wavelet-HLL","glcm","ClusterTendency","4.529318132566197"
"wavelet-HLL","glcm","Contrast","4.332530190313191"
"wavelet-HLL","glcm","Correlation","0.02251476442638237"
"wavelet-HLL","glcm","DifferenceAverage","1.4968193116780664"
"wavelet-HLL","glcm","DifferenceEntropy","2.2322522792502637"
"wavelet-HLL","glcm","DifferenceVariance","2.0117707197739234"
"wavelet-HLL","glcm","Id","0.5292474486964266"
"wavelet-HLL","glcm","Idm","0.4751119334013417"
"wavelet-HLL","glcm","Idmn","0.9977048329077474"
"wavelet-HLL","glcm","Idn","0.9673135989768173"
"wavelet-HLL","glcm","Imc1","-0.042120279227157074"
"wavelet-HLL","glcm","Imc2","0.40014726546215207"
"wavelet-HLL","glcm","InverseVariance","0.4419577352652819"
"wavelet-HLL","glcm","JointAverage","26.472123692894073"
"wavelet-HLL","glcm","JointEnergy","0.05040923624647935"
"wavelet-HLL","glcm","JointEntropy","4.965037364170391"
"wavelet-HLL","glcm","MCC","0.4719318231854893"
"wavelet-HLL","glcm","MaximumProbability","0.09617975440433042"
"wavelet-HLL","glcm","SumAverage","52.944247385788124"
"wavelet-HLL","glcm","SumEntropy","2.99738130207697"
"wavelet-HLL","glcm","SumSquares","2.2154620807198473"
"wavelet-HLL","gldm","DependenceEntropy","5.805747685552706"
"wavelet-HLL","gldm","DependenceNonUniformity","4695.030893094592"
"wavelet-HLL","gldm","DependenceNonUniformityNormalized","0.08552124616285528"
"wavelet-HLL","gldm","DependenceVariance","11.832332023524758"
"wavelet-HLL","gldm","GrayLevelNonUniformity","11434.761926446748"
"wavelet-HLL","gldm","GrayLevelVariance","2.4630173346605777"
"wavelet-HLL","gldm","HighGrayLevelEmphasis","703.0279422211698"
"wavelet-HLL","gldm","LargeDependenceEmphasis","47.932293848703985"
"wavelet-HLL","gldm","LargeDependenceHighGrayLevelEmphasis","33685.90755751471"
"wavelet-HLL","gldm","LargeDependenceLowGrayLevelEmphasis","0.06849085554898311"
"wavelet-HLL","gldm","LowGrayLevelEmphasis","0.0014669777209639608"
"wavelet-HLL","gldm","SmallDependenceEmphasis","0.12137381386785"
"wavelet-HLL","gldm","SmallDependenceHighGrayLevelEmphasis","85.55297978760666"
"wavelet-HLL","gldm","SmallDependenceLowGrayLevelEmphasis","0.00020441079671262245"
"wavelet-HLL","glrlm","GrayLevelNonUniformity","8443.677828202573"
"wavelet-HLL","glrlm","GrayLevelNonUniformityNormalized","0.1905257141654184"
"wavelet-HLL","glrlm","GrayLevelVariance","2.8337425878865554"
"wavelet-HLL","glrlm","HighGrayLevelRunEmphasis","703.1119524935121"
"wavelet-HLL","glrlm","LongRunEmphasis","1.9013149687447006"
"wavelet-HLL","glrlm","LongRunHighGrayLevelEmphasis","1336.439451172836"
"wavelet-HLL","glrlm","LongRunLowGrayLevelEmphasis","0.00276488244917666"
"wavelet-HLL","glrlm","LowGrayLevelRunEmphasis","0.0014757471176917033"
"wavelet-HLL","glrlm","RunEntropy","3.5186592084557873"
"wavelet-HLL","glrlm","RunLengthNonUniformity","30806.304756447757"
"wavelet-HLL","glrlm","RunLengthNonUniformityNormalized","0.6913349896664353"
"wavelet-HLL","glrlm","RunPercentage","0.8073721393271841"
"wavelet-HLL","glrlm","RunVariance","0.3490896140572781"
"wavelet-HLL","glrlm","ShortRunEmphasis","0.8560413073420196"
"wavelet-HLL","glrlm","ShortRunHighGrayLevelEmphasis","601.9579541267217"
"wavelet-HLL","glrlm","ShortRunLowGrayLevelEmphasis","0.001269620730515116"
"wavelet-HLL","glszm","GrayLevelNonUniformity","808.1514122549776"
"wavelet-HLL","glszm","GrayLevelNonUniformityNormalized","0.12473397318335817"
"wavelet-HLL","glszm","GrayLevelVariance","9.682438288698922"
"wavelet-HLL","glszm","HighGrayLevelZoneEmphasis","705.5215311004785"
"wavelet-HLL","glszm","LargeAreaEmphasis","69977.13644080877"
"wavelet-HLL","glszm","LargeAreaHighGrayLevelEmphasis","49094277.86710912"
"wavelet-HLL","glszm","LargeAreaLowGrayLevelEmphasis","99.95303924230826"
"wavelet-HLL","glszm","LowGrayLevelZoneEmphasis","0.0017009666905489478"
"wavelet-HLL","glszm","SizeZoneNonUniformity","2268.4033029788548"
"wavelet-HLL","glszm","SizeZoneNonUniformityNormalized","0.3501162684023545"
"wavelet-HLL","glszm","SmallAreaEmphasis","0.6105994219254227"
"wavelet-HLL","glszm","SmallAreaHighGrayLevelEmphasis","430.96541876318884"
"wavelet-HLL","glszm","SmallAreaLowGrayLevelEmphasis","0.001126441394888007"
"wavelet-HLL","glszm","ZoneEntropy","5.5317442064338325"
"wavelet-HLL","glszm","ZonePercentage","0.11801672161605858"
"wavelet-HLL","glszm","ZoneVariance","69905.33834809036"
"wavelet-HLL","ngtdm","Busyness","5.281674255653161"
"wavelet-HLL","ngtdm","Coarseness","0.00011037347084004379"
"wavelet-HLL","ngtdm","Complexity","838.2757926427205"
"wavelet-HLL","ngtdm","Contrast","0.0043779083810453635"
"wavelet-HLL","ngtdm","Strength","0.1598937281481637"
"wavelet-HLH","firstorder","10Percentile","-36.973451190394094"
"wavelet-HLH","firstorder","90Percentile","37.37795624216333"
"wavelet-HLH","firstorder","Energy","72801691.20981586"
"wavelet-HLH","firstorder","Entropy","2.4651700264471077"
"wavelet-HLH","firstorder","InterquartileRange","36.937759554545565"
"wavelet-HLH","firstorder","Kurtosis","11.662412686483249"
"wavelet-HLH","firstorder","Maximum","349.8322150170782"
"wavelet-HLH","firstorder","MeanAbsoluteDeviation","25.09196071372329"
"wavelet-HLH","firstorder","Mean","0.1554312227119703"
"wavelet-HLH","firstorder","Median","0.11053848878723568"
"wavelet-HLH","firstorder","Minimum","-345.61689780936274"
"wavelet-HLH","firstorder","Range","695.449112826441"
"wavelet-HLH","firstorder","RobustMeanAbsoluteDeviation","15.45374679936112"
"wavelet-HLH","firstorder","RootMeanSquared","36.41568781421573"
"wavelet-HLH","firstorder","Skewness","0.07275392114977716"
"wavelet-HLH","firstorder","TotalEnergy","133442736.15385635"
"wavelet-HLH","firstorder","Uniformity","0.23585563342944946"
"wavelet-HLH","firstorder","Variance","1326.0781601174265"
"wavelet-HLH","glcm","Autocorrelation","210.40942435885898"
"wavelet-HLH","glcm","ClusterProminence","162.21564154801777"
"wavelet-HLH","glcm","ClusterShade","0.798743429712043"
"wavelet-HLH","glcm","ClusterTendency","3.7342383046359355"
"wavelet-HLH","glcm","Contrast","3.798384614941258"
"wavelet-HLH","glcm","Correlation","-0.014739327519738932"
"wavelet-HLH","glcm","DifferenceAverage","1.3400990115566627"
"wavelet-HLH","glcm","DifferenceEntropy","2.1284932350072734"
"wavelet-HLH","glcm","DifferenceVariance","1.9603487713005234"
"wavelet-HLH","glcm","Id","0.5596239097194762"
"wavelet-HLH","glcm","Idm","0.5142464593616931"
"wavelet-HLH","glcm","Idmn","0.9953643459050098"
"wavelet-HLH","glcm","Idn","0.9563116318449916"
"wavelet-HLH","glcm","Imc1","-0.03791935757891661"
"wavelet-HLH","glcm","Imc2","0.3643501081827708"
"wavelet-HLH","glcm","InverseVariance","0.46527831615503784"
"wavelet-HLH","glcm","JointAverage","14.506049013023667"
"wavelet-HLH","glcm","JointEnergy","0.06648374607601623"
"wavelet-HLH","glcm","JointEntropy","4.6605725056400775"
"wavelet-HLH","glcm","MCC","0.3262185894626329"
"wavelet-HLH","glcm","MaximumProbability","0.1207926744740433"
"wavelet-HLH","glcm","SumAverage","29.012098026047333"
"wavelet-HLH","glcm","SumEntropy","2.8452560748348756"
"wavelet-HLH","glcm","SumSquares","1.8831557298942991"
"wavelet-HLH","gldm","DependenceEntropy","5.723115742049096"
"wavelet-HLH","gldm","DependenceNonUniformity","4158.251935372229"
"wavelet-HLH","gldm","DependenceNonUniformityNormalized","0.07574367357096175"
"wavelet-HLH","gldm","DependenceVariance","14.066761604758259"
"wavelet-HLH","gldm","GrayLevelNonUniformity","12948.238419643345"
"wavelet-HLH","gldm","GrayLevelVariance","2.206984542418829"
"wavelet-HLH","gldm","HighGrayLevelEmphasis","212.60888176469516"
"wavelet-HLH","gldm","LargeDependenceEmphasis","58.593253064718844"
"wavelet-HLH","gldm","LargeDependenceHighGrayLevelEmphasis","12358.632379460463"
"wavelet-HLH","gldm","LargeDependenceLowGrayLevelEmphasis","0.2806534937975661"
"wavelet-HLH","gldm","LowGrayLevelEmphasis","0.005013965798877501"
"wavelet-HLH","gldm","SmallDependenceEmphasis","0.11353249698207327"
"wavelet-HLH","gldm","SmallDependenceHighGrayLevelEmphasis","24.804361974259734"
"wavelet-HLH","gldm","SmallDependenceLowGrayLevelEmphasis","0.0007039458490374247"
"wavelet-HLH","glrlm","GrayLevelNonUniformity","9038.99521511055"
"wavelet-HLH","glrlm","GrayLevelNonUniformityNormalized","0.2105569863540109"
"wavelet-HLH","glrlm","GrayLevelVariance","2.6302503813485147"
"wavelet-HLH","glrlm","HighGrayLevelRunEmphasis","213.02412379105306"
"wavelet-HLH","glrlm","LongRunEmphasis","2.0928857019108733"
"wavelet-HLH","glrlm","LongRunHighGrayLevelEmphasis","443.68773203048323"
"wavelet-HLH","glrlm","LongRunLowGrayLevelEmphasis","0.01031999990248066"
"wavelet-HLH","glrlm","LowGrayLevelRunEmphasis","0.0050733678774503525"
"wavelet-HLH","glrlm","RunEntropy","3.505000419514644"
"wavelet-HLH","glrlm","RunLengthNonUniformity","28442.10042467586"
"wavelet-HLH","glrlm","RunLengthNonUniformityNormalized","0.6589460914998093"
"wavelet-HLH","glrlm","RunPercentage","0.7818147170958698"
"wavelet-HLH","glrlm","RunVariance","0.4326072492136476"
"wavelet-HLH","glrlm","ShortRunEmphasis","0.8374496881681543"
"wavelet-HLH","glrlm","ShortRunHighGrayLevelEmphasis","178.68168462425984"
"wavelet-HLH","glrlm","ShortRunLowGrayLevelEmphasis","0.004291161736929053"
"wavelet-HLH","glszm","GrayLevelNonUniformity","678.4003841452768"
"wavelet-HLH","glszm","GrayLevelNonUniformityNormalized","0.11845650150956465"
"wavelet-HLH","glszm","GrayLevelVariance","10.36535937328165"
"wavelet-HLH","glszm","HighGrayLevelZoneEmphasis","220.17251615156277"
"wavelet-HLH","glszm","LargeAreaEmphasis","103793.04993888598"
"wavelet-HLH","glszm","LargeAreaHighGrayLevelEmphasis","21865560.10529073"
"wavelet-HLH","glszm","LargeAreaLowGrayLevelEmphasis","496.1508731416742"
"wavelet-HLH","glszm","LowGrayLevelZoneEmphasis","0.006438101857271084"
"wavelet-HLH","glszm","SizeZoneNonUniformity","2319.301030207788"
"wavelet-HLH","glszm","SizeZoneNonUniformityNormalized","0.40497660733504237"
"wavelet-HLH","glszm","SmallAreaEmphasis","0.6601712928751227"
"wavelet-HLH","glszm","SmallAreaHighGrayLevelEmphasis","146.29748412496573"
"wavelet-HLH","glszm","SmallAreaLowGrayLevelEmphasis","0.004599027319501226"
"wavelet-HLH","glszm","ZoneEntropy","5.408385233911273"
"wavelet-HLH","glszm","ZonePercentage","0.10431884005173137"
"wavelet-HLH","glszm","ZoneVariance","103701.15861653427"
"wavelet-HLH","ngtdm","Busyness","12.976011088927956"
"wavelet-HLH","ngtdm","Coarseness","0.0001115782791193705"
"wavelet-HLH","ngtdm","Complexity","401.58178785237624"
"wavelet-HLH","ngtdm","Contrast","0.0063322355030447485"
"wavelet-HLH","ngtdm","Strength","0.06344554414499842"
"wavelet-HHL","firstorder","10Percentile","-27.499871353312354"
"wavelet-HHL","firstorder","90Percentile","27.718771969740228"
"wavelet-HHL","firstorder","Energy","27727024.531095546"
"wavelet-HHL","firstorder","Entropy","1.9525177169497283"
"wavelet-HHL","firstorder","InterquartileRange","28.511052463578004"
"wavelet-HHL","firstorder","Kurtosis","4.372774843757816"
"wavelet-HHL","firstorder","Maximum","191.45971987889956"
"wavelet-HHL","firstorder","MeanAbsoluteDeviation","17.39711656949903"
"wavelet-HHL","firstorder","Mean","0.010331675226749312"
"wavelet-HHL","firstorder","Median","-0.0009247064650905745"
"wavelet-HHL","firstorder","Minimum","-177.92160496913564"
"wavelet-HHL","firstorder","Range","369.3813248480352"
"wavelet-HHL","firstorder","RobustMeanAbsoluteDeviation","11.819815969253305"
"wavelet-HHL","firstorder","RootMeanSquared","22.473432842379328"
"wavelet-HHL","firstorder","Skewness","0.00871459420589209"
"wavelet-HHL","firstorder","TotalEnergy","50822583.340421334"
"wavelet-HHL","firstorder","Uniformity","0.3092773167109921"
"wavelet-HHL","firstorder","Variance","505.055076977421"
"wavelet-HHL","glcm","Autocorrelation","72.24052520261863"
"wavelet-HHL","glcm","ClusterProminence","12.016932400910067"
"wavelet-HHL","glcm","ClusterShade","0.03022381966567502"
"wavelet-HHL","glcm","ClusterTendency","1.7051582260683398"
"wavelet-HHL","glcm","Contrast","1.775312682661337"
"wavelet-HHL","glcm","Correlation","-0.019714597837902297"
"wavelet-HHL","glcm","DifferenceAverage","0.9842829856044021"
"wavelet-HHL","glcm","DifferenceEntropy","1.7540331506651161"
"wavelet-HHL","glcm","DifferenceVariance","0.794222751521827"
"wavelet-HHL","glcm","Id","0.614907833741501"
"wavelet-HHL","glcm","Idm","0.583514395276933"
"wavelet-HHL","glcm","Idmn","0.9932406213846771"
"wavelet-HHL","glcm","Idn","0.9445641577888021"
"wavelet-HHL","glcm","Imc1","-0.015967573184906263"
"wavelet-HHL","glcm","Imc2","0.18643544110070323"
"wavelet-HHL","glcm","InverseVariance","0.502292116817298"
"wavelet-HHL","glcm","JointAverage","8.500474321707541"
"wavelet-HHL","glcm","JointEnergy","0.10008047663387618"
"wavelet-HHL","glcm","JointEntropy","3.842745819753896"
"wavelet-HHL","glcm","MCC","0.20281856802141568"
"wavelet-HHL","glcm","MaximumProbability","0.1532703690885104"
"wavelet-HHL","glcm","SumAverage","17.00094864341509"
"wavelet-HHL","glcm","SumEntropy","2.4116714333878977"
"wavelet-HHL","glcm","SumSquares","0.8701177271824191"
"wavelet-HHL","gldm","DependenceEntropy","5.368742328806539"
"wavelet-HHL","gldm","DependenceNonUniformity","3864.32210058471"
"wavelet-HHL","gldm","DependenceNonUniformityNormalized","0.07038966284603927"
"wavelet-HHL","gldm","DependenceVariance","15.28124272353768"
"wavelet-HHL","gldm","GrayLevelNonUniformity","16979.01541011676"
"wavelet-HHL","gldm","GrayLevelVariance","0.8929624873136269"
"wavelet-HHL","gldm","HighGrayLevelEmphasis","73.14652361609501"
"wavelet-HHL","gldm","LargeDependenceEmphasis","76.63117725277327"
"wavelet-HHL","gldm","LargeDependenceHighGrayLevelEmphasis","5559.889779413104"
"wavelet-HHL","gldm","LargeDependenceLowGrayLevelEmphasis","1.07641453799118"
"wavelet-HHL","gldm","LowGrayLevelEmphasis","0.014427399104807816"
"wavelet-HHL","gldm","SmallDependenceEmphasis","0.08336057380873971"
"wavelet-HHL","gldm","SmallDependenceHighGrayLevelEmphasis","6.266964082582317"
"wavelet-HHL","gldm","SmallDependenceLowGrayLevelEmphasis","0.0013609854257068575"
"wavelet-HHL","glrlm","GrayLevelNonUniformity","11268.279436904199"
"wavelet-HHL","glrlm","GrayLevelNonUniformityNormalized","0.27833807803450106"
"wavelet-HHL","glrlm","GrayLevelVariance","1.0631950668570498"
"wavelet-HHL","glrlm","HighGrayLevelRunEmphasis","73.32574229363054"
"wavelet-HHL","glrlm","LongRunEmphasis","2.4098200746512486"
"wavelet-HHL","glrlm","LongRunHighGrayLevelEmphasis","175.68611968981742"
"wavelet-HHL","glrlm","LongRunLowGrayLevelEmphasis","0.03439888852240827"
"wavelet-HHL","glrlm","LowGrayLevelRunEmphasis","0.014547169913843243"
"wavelet-HHL","glrlm","RunEntropy","3.13592803142942"
"wavelet-HHL","glrlm","RunLengthNonUniformity","24333.770304136633"
"wavelet-HHL","glrlm","RunLengthNonUniformityNormalized","0.5988185045691475"
"wavelet-HHL","glrlm","RunPercentage","0.7372069268460824"
"wavelet-HHL","glrlm","RunVariance","0.5535561292024582"
"wavelet-HHL","glrlm","ShortRunEmphasis","0.8007947161714261"
"wavelet-HHL","glrlm","ShortRunHighGrayLevelEmphasis","58.84337750943852"
"wavelet-HHL","glrlm","ShortRunLowGrayLevelEmphasis","0.011735071116824395"
"wavelet-HHL","glszm","GrayLevelNonUniformity","1051.1073147256977"
"wavelet-HHL","glszm","GrayLevelNonUniformityNormalized","0.25291321336037004"
"wavelet-HHL","glszm","GrayLevelVariance","3.7066844345779284"
"wavelet-HHL","glszm","HighGrayLevelZoneEmphasis","75.91987487969202"
"wavelet-HHL","glszm","LargeAreaEmphasis","202120.18551491818"
"wavelet-HHL","glszm","LargeAreaHighGrayLevelEmphasis","14650153.618623676"
"wavelet-HHL","glszm","LargeAreaLowGrayLevelEmphasis","2827.826959039552"
"wavelet-HHL","glszm","LowGrayLevelZoneEmphasis","0.01671991612551966"
"wavelet-HHL","glszm","SizeZoneNonUniformity","1599.17468719923"
"wavelet-HHL","glszm","SizeZoneNonUniformityNormalized","0.3847869795955799"
"wavelet-HHL","glszm","SmallAreaEmphasis","0.6442772266246398"
"wavelet-HHL","glszm","SmallAreaHighGrayLevelEmphasis","48.9375663012838"
"wavelet-HHL","glszm","SmallAreaLowGrayLevelEmphasis","0.01122109933195374"
"wavelet-HHL","glszm","ZoneEntropy","4.495692078974026"
"wavelet-HHL","glszm","ZonePercentage","0.07570265396455308"
"wavelet-HHL","glszm","ZoneVariance","201945.69260318927"
"wavelet-HHL","ngtdm","Busyness","45.86216457976765"
"wavelet-HHL","ngtdm","Coarseness","9.883688550077453e-05"
"wavelet-HHL","ngtdm","Complexity","98.54665186507803"
"wavelet-HHL","ngtdm","Contrast","0.005974017492102065"
"wavelet-HHL","ngtdm","Strength","0.016077064298930292"
"wavelet-HHH","firstorder","10Percentile","-23.017963669876742"
"wavelet-HHH","firstorder","90Percentile","22.804152363981355"
"wavelet-HHH","firstorder","Energy","19187075.861945346"
"wavelet-HHH","firstorder","Entropy","1.718675578347583"
"wavelet-HHH","firstorder","InterquartileRange","23.456325626600425"
"wavelet-HHH","firstorder","Kurtosis","4.227358764706066"
"wavelet-HHH","firstorder","Maximum","123.72174045143662"
"wavelet-HHH","firstorder","MeanAbsoluteDeviation","14.460848971203236"
"wavelet-HHH","firstorder","Mean","-0.019800729276089574"
"wavelet-HHH","firstorder","Median","-0.07538674560851794"
"wavelet-HHH","firstorder","Minimum","-157.53517909536734"
"wavelet-HHH","firstorder","Range","281.25691954680394"
"wavelet-HHH","firstorder","RobustMeanAbsoluteDeviation","9.797341768950604"
"wavelet-HHH","firstorder","RootMeanSquared","18.694858375618328"
"wavelet-HHH","firstorder","Skewness","-0.013414421855828336"
"wavelet-HHH","firstorder","TotalEnergy","35169181.63934608"
"wavelet-HHH","firstorder","Uniformity","0.36092791481253167"
"wavelet-HHH","firstorder","Variance","349.49733761554694"
"wavelet-HHH","glcm","Autocorrelation","56.19147961210849"
"wavelet-HHH","glcm","ClusterProminence","5.486261199976539"
"wavelet-HHH","glcm","ClusterShade","-0.01236380079459361"
"wavelet-HHH","glcm","ClusterTendency","1.1989101876201307"
"wavelet-HHH","glcm","Contrast","1.2738188941762725"
"wavelet-HHH","glcm","Correlation","-0.02970843159782858"
"wavelet-HHH","glcm","DifferenceAverage","0.8209987314387697"
"wavelet-HHH","glcm","DifferenceEntropy","1.5736979130731281"
"wavelet-HHH","glcm","DifferenceVariance","0.5961379328891623"
"wavelet-HHH","glcm","Id","0.6545589151045856"
"wavelet-HHH","glcm","Idm","0.6336005126948472"
"wavelet-HHH","glcm","Idmn","0.9914292367590158"
"wavelet-HHH","glcm","Idn","0.9392304518990647"
"wavelet-HHH","glcm","Imc1","-0.010507239913088088"
"wavelet-HHH","glcm","Imc2","0.1486893561773422"
"wavelet-HHH","glcm","InverseVariance","0.5148867782357793"
"wavelet-HHH","glcm","JointAverage","7.49734663976693"
"wavelet-HHH","glcm","JointEnergy","0.13694048921021515"
"wavelet-HHH","glcm","JointEntropy","3.3653317208753655"
"wavelet-HHH","glcm","MCC","0.14163087510114786"
"wavelet-HHH","glcm","MaximumProbability","0.18720683475723676"
"wavelet-HHH","glcm","SumAverage","14.994693279533859"
"wavelet-HHH","glcm","SumEntropy","2.162203741167226"
"wavelet-HHH","glcm","SumSquares","0.618182270449101"
"wavelet-HHH","gldm","DependenceEntropy","5.168532107639927"
"wavelet-HHH","gldm","DependenceNonUniformity","3908.978323831035"
"wavelet-HHH","gldm","DependenceNonUniformityNormalized","0.07120308792202108"
"wavelet-HHH","gldm","DependenceVariance","16.497636873146085"
"wavelet-HHH","gldm","GrayLevelNonUniformity","19814.581595293173"
"wavelet-HHH","gldm","GrayLevelVariance","0.6433685930797017"
"wavelet-HHH","gldm","HighGrayLevelEmphasis","56.850070128781944"
"wavelet-HHH","gldm","LargeDependenceEmphasis","95.41541740286708"
"wavelet-HHH","gldm","LargeDependenceHighGrayLevelEmphasis","5391.778502340662"
"wavelet-HHH","gldm","LargeDependenceLowGrayLevelEmphasis","1.722860944511519"
"wavelet-HHH","gldm","LowGrayLevelEmphasis","0.018471788456547122"
"wavelet-HHH","gldm","SmallDependenceEmphasis","0.07438995019813592"
"wavelet-HHH","gldm","SmallDependenceHighGrayLevelEmphasis","4.3424924869499755"
"wavelet-HHH","gldm","SmallDependenceLowGrayLevelEmphasis","0.0015581918320424386"
"wavelet-HHH","glrlm","GrayLevelNonUniformity","12397.13532042038"
"wavelet-HHH","glrlm","GrayLevelNonUniformityNormalized","0.3238638097679469"
"wavelet-HHH","glrlm","GrayLevelVariance","0.785369152325686"
"wavelet-HHH","glrlm","HighGrayLevelRunEmphasis","56.98603836466574"
"wavelet-HHH","glrlm","LongRunEmphasis","2.7776498338169913"
"wavelet-HHH","glrlm","LongRunHighGrayLevelEmphasis","157.48583520636925"
"wavelet-HHH","glrlm","LongRunLowGrayLevelEmphasis","0.05077576835923966"
"wavelet-HHH","glrlm","LowGrayLevelRunEmphasis","0.018635728333758452"
"wavelet-HHH","glrlm","RunEntropy","3.053100171384136"
"wavelet-HHH","glrlm","RunLengthNonUniformity","21035.87215342468"
"wavelet-HHH","glrlm","RunLengthNonUniformityNormalized","0.5482638253633539"
"wavelet-HHH","glrlm","RunPercentage","0.6967858458960301"
"wavelet-HHH","glrlm","RunVariance","0.703155502778771"
"wavelet-HHH","glrlm","ShortRunEmphasis","0.7662114533917476"
"wavelet-HHH","glrlm","ShortRunHighGrayLevelEmphasis","43.76563199364386"
"wavelet-HHH","glrlm","ShortRunLowGrayLevelEmphasis","0.014398619683153372"
"wavelet-HHH","glszm","GrayLevelNonUniformity","1169.1452016689848"
"wavelet-HHH","glszm","GrayLevelNonUniformityNormalized","0.3252142424670333"
"wavelet-HHH","glszm","GrayLevelVariance","2.9738983018061322"
"wavelet-HHH","glszm","HighGrayLevelZoneEmphasis","58.909318497913766"
"wavelet-HHH","glszm","LargeAreaEmphasis","286653.36439499306"
"wavelet-HHH","glszm","LargeAreaHighGrayLevelEmphasis","16184759.265090404"
"wavelet-HHH","glszm","LargeAreaLowGrayLevelEmphasis","5168.255864880282"
"wavelet-HHH","glszm","LowGrayLevelZoneEmphasis","0.021463826115182463"
"wavelet-HHH","glszm","SizeZoneNonUniformity","1630.9165507649514"
"wavelet-HHH","glszm","SizeZoneNonUniformityNormalized","0.4536624619652159"
"wavelet-HHH","glszm","SmallAreaEmphasis","0.7004613303565644"
"wavelet-HHH","glszm","SmallAreaHighGrayLevelEmphasis","41.17122233701415"
"wavelet-HHH","glszm","SmallAreaLowGrayLevelEmphasis","0.015450321758245015"
"wavelet-HHH","glszm","ZoneEntropy","3.902440898379624"
"wavelet-HHH","glszm","ZonePercentage","0.06548388859542068"
"wavelet-HHH","glszm","ZoneVariance","286420.1630354321"
"wavelet-HHH","ngtdm","Busyness","77.71285011474035"
"wavelet-HHH","ngtdm","Coarseness","9.157631835396704e-05"
"wavelet-HHH","ngtdm","Complexity","49.37489987555949"
"wavelet-HHH","ngtdm","Contrast","0.0068546778600278"
"wavelet-HHH","ngtdm","Strength","0.008426588591511942"
"wavelet-LLL","firstorder","10Percentile","-41.58321785399453"
"wavelet-LLL","firstorder","90Percentile","182.14896711874164"
"wavelet-LLL","firstorder","Energy","1794412865.9955611"
"wavelet-LLL","firstorder","Entropy","3.8706672235848267"
"wavelet-LLL","firstorder","InterquartileRange","78.49708942832885"
"wavelet-LLL","firstorder","Kurtosis","35.60491210869008"
"wavelet-LLL","firstorder","Maximum","1654.5655542219681"
"wavelet-LLL","firstorder","MeanAbsoluteDeviation","88.07893903312578"
"wavelet-LLL","firstorder","Mean","71.43706456348974"
"wavelet-LLL","firstorder","Median","101.85878251054443"
"wavelet-LLL","firstorder","Minimum","-2377.430687321736"
"wavelet-LLL","firstorder","Range","4031.996241543704"
"wavelet-LLL","firstorder","RobustMeanAbsoluteDeviation","35.21452316250897"
"wavelet-LLL","firstorder","RootMeanSquared","180.7919006049532"
"wavelet-LLL","firstorder","Skewness","-4.077516666645705"
"wavelet-LLL","firstorder","TotalEnergy","3289090660.5181394"
"wavelet-LLL","firstorder","Uniformity","0.10608441543416589"
"wavelet-LLL","firstorder","Variance","27582.45713090308"
"wavelet-LLL","glcm","Autocorrelation","10033.448773949385"
"wavelet-LLL","glcm","ClusterProminence","286105.33745816525"
"wavelet-LLL","glcm","ClusterShade","-2699.847591725224"
"wavelet-LLL","glcm","ClusterTendency","74.44256239547384"
"wavelet-LLL","glcm","Contrast","31.531312534222504"
"wavelet-LLL","glcm","Correlation","0.2999835175273917"
"wavelet-LLL","glcm","DifferenceAverage","2.836280595992127"
"wavelet-LLL","glcm","DifferenceEntropy","2.9066914197289693"
"wavelet-LLL","glcm","DifferenceVariance","22.989525660534134"
"wavelet-LLL","glcm","Id","0.465051391984665"
"wavelet-LLL","glcm","Idm","0.4031263425546071"
"wavelet-LLL","glcm","Idmn","0.9988443198034891"
"wavelet-LLL","glcm","Idn","0.9836456282439842"
"wavelet-LLL","glcm","Imc1","-0.12064307030750927"
"wavelet-LLL","glcm","Imc2","0.718060962250758"
"wavelet-LLL","glcm","InverseVariance","0.3901657697667954"
"wavelet-LLL","glcm","JointAverage","100.11285361959084"
"wavelet-LLL","glcm","JointEnergy","0.019069424851406037"
"wavelet-LLL","glcm","JointEntropy","6.805515944395841"
"wavelet-LLL","glcm","MCC","0.8497556303919221"
"wavelet-LLL","glcm","MaximumProbability","0.045292720524806665"
"wavelet-LLL","glcm","SumAverage","200.22570723918153"
"wavelet-LLL","glcm","SumEntropy","4.360187397581578"
"wavelet-LLL","glcm","SumSquares","26.493468732424017"
"wavelet-LLL","gldm","DependenceEntropy","6.975572958026675"
"wavelet-LLL","gldm","DependenceNonUniformity","5515.458624018653"
"wavelet-LLL","gldm","DependenceNonUniformityNormalized","0.10046555718717376"
"wavelet-LLL","gldm","DependenceVariance","8.790446104091155"
"wavelet-LLL","gldm","GrayLevelNonUniformity","5823.928322920272"
"wavelet-LLL","gldm","GrayLevelVariance","44.21722687691609"
"wavelet-LLL","gldm","HighGrayLevelEmphasis","9916.201005482795"
"wavelet-LLL","gldm","LargeDependenceEmphasis","34.44090056285178"
"wavelet-LLL","gldm","LargeDependenceHighGrayLevelEmphasis","349473.2734840343"
"wavelet-LLL","gldm","LargeDependenceLowGrayLevelEmphasis","0.003432957844109985"
"wavelet-LLL","gldm","LowGrayLevelEmphasis","0.00012990186778612516"
"wavelet-LLL","gldm","SmallDependenceEmphasis","0.17117721140377992"
"wavelet-LLL","gldm","SmallDependenceHighGrayLevelEmphasis","1555.4696063849594"
"wavelet-LLL","gldm","SmallDependenceLowGrayLevelEmphasis","4.626488692901396e-05"
"wavelet-LLL","glrlm","GrayLevelNonUniformity","4513.472788278887"
"wavelet-LLL","glrlm","GrayLevelNonUniformityNormalized","0.09746840030755405"
"wavelet-LLL","glrlm","GrayLevelVariance","50.757587975267924"
"wavelet-LLL","glrlm","HighGrayLevelRunEmphasis","9873.809149274008"
"wavelet-LLL","glrlm","LongRunEmphasis","1.6716374503212768"
"wavelet-LLL","glrlm","LongRunHighGrayLevelEmphasis","16688.043211040756"
"wavelet-LLL","glrlm","LongRunLowGrayLevelEmphasis","0.00020227084827554405"
"wavelet-LLL","glrlm","LowGrayLevelRunEmphasis","0.0001356831132687673"
"wavelet-LLL","glrlm","RunEntropy","4.696269571521247"
"wavelet-LLL","glrlm","RunLengthNonUniformity","34486.71952883368"
"wavelet-LLL","glrlm","RunLengthNonUniformityNormalized","0.7414082854485126"
"wavelet-LLL","glrlm","RunPercentage","0.8436681626539364"
"wavelet-LLL","glrlm","RunVariance","0.2545024479419236"
"wavelet-LLL","glrlm","ShortRunEmphasis","0.883615622999388"
"wavelet-LLL","glrlm","ShortRunHighGrayLevelEmphasis","8694.147493238672"
"wavelet-LLL","glrlm","ShortRunLowGrayLevelEmphasis","0.00012411476514707803"
"wavelet-LLL","glszm","GrayLevelNonUniformity","330.673191667539"
"wavelet-LLL","glszm","GrayLevelNonUniformityNormalized","0.03461459140244311"
"wavelet-LLL","glszm","GrayLevelVariance","157.35745944855088"
"wavelet-LLL","glszm","HighGrayLevelZoneEmphasis","8987.218465403537"
"wavelet-LLL","glszm","LargeAreaEmphasis","21712.716738197425"
"wavelet-LLL","glszm","LargeAreaHighGrayLevelEmphasis","220273099.09923583"
"wavelet-LLL","glszm","LargeAreaLowGrayLevelEmphasis","2.1413023923197523"
"wavelet-LLL","glszm","LowGrayLevelZoneEmphasis","0.0002709682922289013"
"wavelet-LLL","glszm","SizeZoneNonUniformity","4003.028472731079"
"wavelet-LLL","glszm","SizeZoneNonUniformityNormalized","0.4190336514949314"
"wavelet-LLL","glszm","SmallAreaEmphasis","0.6728357444694492"
"wavelet-LLL","glszm","SmallAreaHighGrayLevelEmphasis","5846.798376368358"
"wavelet-LLL","glszm","SmallAreaLowGrayLevelEmphasis","0.00023328457026969564"
"wavelet-LLL","glszm","ZoneEntropy","7.1743724009360585"
"wavelet-LLL","glszm","ZonePercentage","0.1740104555638536"
"wavelet-LLL","glszm","ZoneVariance","21679.691245003592"
"wavelet-LLL","ngtdm","Busyness","0.2561676610602677"
"wavelet-LLL","ngtdm","Coarseness","0.0001498515820270052"
"wavelet-LLL","ngtdm","Complexity","24108.350489023658"
"wavelet-LLL","ngtdm","Contrast","0.010077465431601342"
"wavelet-LLL","ngtdm","Strength","5.188425432356092"
