"Image type","Feature Class","Feature Name","Segmentation_43_segment_Segment_1"
"diagnostics","Versions","PyRadiomics","v3.0.1.post4+gad5b2de"
"diagnostics","Versions","Numpy","1.19.2"
"diagnostics","Versions","SimpleITK","2.0.2"
"diagnostics","Versions","PyWavelet","1.1.1"
"diagnostics","Versions","Python","3.6.7"
"diagnostics","Configuration","Settings","{'minimumROIDimensions': 2, 'minimumROISize': None, 'normalize': False, 'normalizeScale': 1, 'removeOutliers': None, 'resampledPixelSpacing': None, 'interpolator': 'sitkBSpline', 'preCrop': False, 'padDistance': 5, 'distances': [1], 'force2D': False, 'force2Ddimension': 0, 'resegmentRange': None, 'label': 1, 'additionalInfo': True, 'binWidth': 25.0, 'symmetricalGLCM': True, 'correctMask': True}"
"diagnostics","Configuration","EnabledImageTypes","{'Original': {}, 'Wavelet': {}}"
"diagnostics","Image-original","Hash","2eb280ff8af443dd11627990ebbb2038da1744e2"
"diagnostics","Image-original","Dimensionality","3D"
"diagnostics","Image-original","Spacing","(0.68359375, 0.68359375, 1.4999999988805968)"
"diagnostics","Image-original","Size","(512, 512, 269)"
"diagnostics","Image-original","Mean","-655.7966734166482"
"diagnostics","Image-original","Minimum","-1023.0"
"diagnostics","Image-original","Maximum","1760.0"
"diagnostics","Mask-original","Hash","574ea4beb0101c9a68d849b7633104346cba8aa8"
"diagnostics","Mask-original","Spacing","(0.68359375, 0.68359375, 1.4999999988805968)"
"diagnostics","Mask-original","Size","(512, 512, 269)"
"diagnostics","Mask-original","BoundingBox","(134, 321, 116, 51, 46, 18)"
"diagnostics","Mask-original","VoxelNum","9431"
"diagnostics","Mask-original","VolumeNum","1"
"diagnostics","Mask-original","CenterOfMassIndex","(158.0985049305482, 340.95960131481286, 125.16700243876578)"
"diagnostics","Mask-original","CenterOfMass","(-57.867507145133075, 58.41964946129784, 243.2684478180363)"
"original","shape","Elongation","0.7724889693228048"
"original","shape","Flatness","0.537759906553853"
"original","shape","LeastAxisLength","16.609529760460383"
"original","shape","MajorAxisLength","30.88651563278463"
"original","shape","Maximum2DDiameterColumn","31.089119325318265"
"original","shape","Maximum2DDiameterRow","36.40098622765438"
"original","shape","Maximum2DDiameterSlice","31.836686388814503"
"original","shape","Maximum3DDiameter","38.631928934233684"
"original","shape","MeshVolume","6561.657185426127"
"original","shape","MinorAxisLength","23.859492627142494"
"original","shape","Sphericity","0.5283607116773323"
"original","shape","SurfaceArea","3207.962620913843"
"original","shape","SurfaceVolumeRatio","0.4888951876423747"
"original","shape","VoxelVolume","6610.665316416765"
"original","firstorder","10Percentile","-67.0"
"original","firstorder","90Percentile","29.0"
"original","firstorder","Energy","31753819.0"
"original","firstorder","Entropy","2.3453139312862628"
"original","firstorder","InterquartileRange","32.0"
"original","firstorder","Kurtosis","21.046854610120395"
"original","firstorder","Maximum","55.0"
"original","firstorder","MeanAbsoluteDeviation","35.30335226098658"
"original","firstorder","Mean","-7.407379917294031"
"original","firstorder","Median","12.0"
"original","firstorder","Minimum","-693.0"
"original","firstorder","Range","748.0"
"original","firstorder","RobustMeanAbsoluteDeviation","15.822658052524819"
"original","firstorder","RootMeanSquared","58.02552920982785"
"original","firstorder","Skewness","-3.570564038452857"
"original","firstorder","TotalEnergy","22257859.180052556"
"original","firstorder","Uniformity","0.3069038985207743"
"original","firstorder","Variance","3312.0927628414543"
"original","glcm","Autocorrelation","812.1008327329594"
"original","glcm","ClusterProminence","2601.6580258736963"
"original","glcm","ClusterShade","-129.4420894357884"
"original","glcm","ClusterTendency","11.514852679114968"
"original","glcm","Contrast","3.962981641704589"
"original","glcm","Correlation","0.4803448938026516"
"original","glcm","DifferenceAverage","1.0492969082511623"
"original","glcm","DifferenceEntropy","1.966907092951256"
"original","glcm","DifferenceVariance","2.8256892687523"
"original","glcm","Id","0.6839607933708101"
"original","glcm","Idm","0.6591976888582635"
"original","glcm","Idmn","0.996105325343302"
"original","glcm","Idn","0.9695892160649318"
"original","glcm","Imc1","-0.11912959760670566"
"original","glcm","Imc2","0.5913701774529893"
"original","glcm","InverseVariance","0.37558183149172264"
"original","glcm","JointAverage","28.464208406365408"
"original","glcm","JointEnergy","0.15360627530633217"
"original","glcm","JointEntropy","4.021595766803931"
"original","glcm","MCC","0.5340236538373039"
"original","glcm","MaximumProbability","0.34166782684867997"
"original","glcm","SumAverage","56.92841681273083"
"original","glcm","SumEntropy","2.955989065996524"
"original","glcm","SumSquares","3.869458580204888"
"original","gldm","DependenceEntropy","6.201368324482828"
"original","gldm","DependenceNonUniformity","405.38171986003607"
"original","gldm","DependenceNonUniformityNormalized","0.04298395926837409"
"original","gldm","DependenceVariance","50.08401203092817"
"original","gldm","GrayLevelNonUniformity","2894.410666949422"
"original","gldm","GrayLevelVariance","5.371546341513488"
"original","gldm","HighGrayLevelEmphasis","801.3879758244088"
"original","gldm","LargeDependenceEmphasis","175.35733220231154"
"original","gldm","LargeDependenceHighGrayLevelEmphasis","148354.5121408122"
"original","gldm","LargeDependenceLowGrayLevelEmphasis","0.20772338521929057"
"original","gldm","LowGrayLevelEmphasis","0.0014151068443194663"
"original","gldm","SmallDependenceEmphasis","0.09734254205301196"
"original","gldm","SmallDependenceHighGrayLevelEmphasis","58.95704068402137"
"original","gldm","SmallDependenceLowGrayLevelEmphasis","0.0003026570608256662"
"original","glrlm","GrayLevelNonUniformity","1164.2657972826141"
"original","glrlm","GrayLevelNonUniformityNormalized","0.20092093542343903"
"original","glrlm","GrayLevelVariance","7.819410927796057"
"original","glrlm","HighGrayLevelRunEmphasis","773.3864329614771"
"original","glrlm","LongRunEmphasis","4.995233168763881"
"original","glrlm","LongRunHighGrayLevelEmphasis","4145.1900960102275"
"original","glrlm","LongRunLowGrayLevelEmphasis","0.006311267970647614"
"original","glrlm","LowGrayLevelRunEmphasis","0.00156711537587258"
"original","glrlm","RunEntropy","4.152067447925628"
"original","glrlm","RunLengthNonUniformity","2977.140246894844"
"original","glrlm","RunLengthNonUniformityNormalized","0.5109312799971082"
"original","glrlm","RunPercentage","0.6079785975873347"
"original","glrlm","RunVariance","2.11524477359773"
"original","glrlm","ShortRunEmphasis","0.7409323985109076"
"original","glrlm","ShortRunHighGrayLevelEmphasis","555.8750022312172"
"original","glrlm","ShortRunLowGrayLevelEmphasis","0.0012567861525192995"
"original","glszm","GrayLevelNonUniformity","91.65130890052356"
"original","glszm","GrayLevelNonUniformityNormalized","0.09596995696389901"
"original","glszm","GrayLevelVariance","15.82975905265755"
"original","glszm","HighGrayLevelZoneEmphasis","585.9141361256544"
"original","glszm","LargeAreaEmphasis","26545.611518324607"
"original","glszm","LargeAreaHighGrayLevelEmphasis","22441936.253403142"
"original","glszm","LargeAreaLowGrayLevelEmphasis","31.419232581898786"
"original","glszm","LowGrayLevelZoneEmphasis","0.003105021614317867"
"original","glszm","SizeZoneNonUniformity","409.0565445026178"
"original","glszm","SizeZoneNonUniformityNormalized","0.4283314602121652"
"original","glszm","SmallAreaEmphasis","0.6800372986951975"
"original","glszm","SmallAreaHighGrayLevelEmphasis","374.8028926020101"
"original","glszm","SmallAreaLowGrayLevelEmphasis","0.002592190067784541"
"original","glszm","ZoneEntropy","5.474435842669845"
"original","glszm","ZonePercentage","0.10126179620400806"
"original","glszm","ZoneVariance","26448.08813793481"
"original","ngtdm","Busyness","1.0357466893415206"
"original","ngtdm","Coarseness","0.0007301889055767595"
"original","ngtdm","Complexity","394.7310228115988"
"original","ngtdm","Contrast","0.012536641436712695"
"original","ngtdm","Strength","1.2659467862110256"
"wavelet-LLH","firstorder","10Percentile","-226.79409559018285"
"wavelet-LLH","firstorder","90Percentile","28.66875286622728"
"wavelet-LLH","firstorder","Energy","152686379.49181506"
"wavelet-LLH","firstorder","Entropy","3.7865599042507094"
"wavelet-LLH","firstorder","InterquartileRange","91.16738049922193"
"wavelet-LLH","firstorder","Kurtosis","5.558437585822953"
"wavelet-LLH","firstorder","Maximum","588.3076499785033"
"wavelet-LLH","firstorder","MeanAbsoluteDeviation","81.8961718656733"
"wavelet-LLH","firstorder","Mean","-51.99805704111537"
"wavelet-LLH","firstorder","Median","-19.903395061632384"
"wavelet-LLH","firstorder","Minimum","-510.3374981259168"
"wavelet-LLH","firstorder","Range","1098.64514810442"
"wavelet-LLH","firstorder","RobustMeanAbsoluteDeviation","45.315840570079715"
"wavelet-LLH","firstorder","RootMeanSquared","127.2393014592616"
"wavelet-LLH","firstorder","Skewness","-0.5879627274803969"
"wavelet-LLH","firstorder","TotalEnergy","107025612.6811356"
"wavelet-LLH","firstorder","Uniformity","0.12112904692663044"
"wavelet-LLH","firstorder","Variance","13486.041899789763"
"wavelet-LLH","glcm","Autocorrelation","396.8286515535309"
"wavelet-LLH","glcm","ClusterProminence","16119.236474446721"
"wavelet-LLH","glcm","ClusterShade","-374.2896541809977"
"wavelet-LLH","glcm","ClusterTendency","53.01301754221116"
"wavelet-LLH","glcm","Contrast","18.488053062338206"
"wavelet-LLH","glcm","Correlation","0.4494267099090579"
"wavelet-LLH","glcm","DifferenceAverage","2.640044637435828"
"wavelet-LLH","glcm","DifferenceEntropy","2.960971730961295"
"wavelet-LLH","glcm","DifferenceVariance","10.79825811170904"
"wavelet-LLH","glcm","Id","0.479244341252673"
"wavelet-LLH","glcm","Idm","0.4211000203244776"
"wavelet-LLH","glcm","Idmn","0.9915285755233894"
"wavelet-LLH","glcm","Idn","0.948724239544035"
"wavelet-LLH","glcm","Imc1","-0.15374076715121476"
"wavelet-LLH","glcm","Imc2","0.7624862246827451"
"wavelet-LLH","glcm","InverseVariance","0.35786734394621134"
"wavelet-LLH","glcm","JointAverage","19.701594031831682"
"wavelet-LLH","glcm","JointEnergy","0.036580672700670155"
"wavelet-LLH","glcm","JointEntropy","6.614946014609662"
"wavelet-LLH","glcm","MCC","0.6351699039757592"
"wavelet-LLH","glcm","MaximumProbability","0.10743157188191442"
"wavelet-LLH","glcm","SumAverage","39.403188063663386"
"wavelet-LLH","glcm","SumEntropy","4.32448422710201"
"wavelet-LLH","glcm","SumSquares","17.87526765113737"
"wavelet-LLH","gldm","DependenceEntropy","6.939497862233737"
"wavelet-LLH","gldm","DependenceNonUniformity","847.9632064468243"
"wavelet-LLH","gldm","DependenceNonUniformityNormalized","0.08991233235572307"
"wavelet-LLH","gldm","DependenceVariance","22.682176077532862"
"wavelet-LLH","gldm","GrayLevelNonUniformity","1142.3680415650515"
"wavelet-LLH","gldm","GrayLevelVariance","21.686228941904087"
"wavelet-LLH","gldm","HighGrayLevelEmphasis","398.7072420740112"
"wavelet-LLH","gldm","LargeDependenceEmphasis","58.91029583289153"
"wavelet-LLH","gldm","LargeDependenceHighGrayLevelEmphasis","26260.947301452656"
"wavelet-LLH","gldm","LargeDependenceLowGrayLevelEmphasis","0.14199572642572442"
"wavelet-LLH","gldm","LowGrayLevelEmphasis","0.004060544710217924"
"wavelet-LLH","gldm","SmallDependenceEmphasis","0.2019208619952059"
"wavelet-LLH","gldm","SmallDependenceHighGrayLevelEmphasis","77.84375490053102"
"wavelet-LLH","gldm","SmallDependenceLowGrayLevelEmphasis","0.001195886134528895"
"wavelet-LLH","glrlm","GrayLevelNonUniformity","724.1866338255234"
"wavelet-LLH","glrlm","GrayLevelNonUniformityNormalized","0.09424629662678807"
"wavelet-LLH","glrlm","GrayLevelVariance","25.06046744498942"
"wavelet-LLH","glrlm","HighGrayLevelRunEmphasis","389.8628994890762"
"wavelet-LLH","glrlm","LongRunEmphasis","2.16173247135858"
"wavelet-LLH","glrlm","LongRunHighGrayLevelEmphasis","899.4303627716977"
"wavelet-LLH","glrlm","LongRunLowGrayLevelEmphasis","0.007407413375791245"
"wavelet-LLH","glrlm","LowGrayLevelRunEmphasis","0.004404139380638694"
"wavelet-LLH","glrlm","RunEntropy","4.764514991323494"
"wavelet-LLH","glrlm","RunLengthNonUniformity","5564.852957501081"
"wavelet-LLH","glrlm","RunLengthNonUniformityNormalized","0.7219646543586079"
"wavelet-LLH","glrlm","RunPercentage","0.806962309242025"
"wavelet-LLH","glrlm","RunVariance","0.5625408691758034"
"wavelet-LLH","glrlm","ShortRunEmphasis","0.8712597114536832"
"wavelet-LLH","glrlm","ShortRunHighGrayLevelEmphasis","334.80209334160185"
"wavelet-LLH","glrlm","ShortRunLowGrayLevelEmphasis","0.00403455411088481"
"wavelet-LLH","glszm","GrayLevelNonUniformity","95.84839924670433"
"wavelet-LLH","glszm","GrayLevelNonUniformityNormalized","0.045126364993740266"
"wavelet-LLH","glszm","GrayLevelVariance","47.038656720255645"
"wavelet-LLH","glszm","HighGrayLevelZoneEmphasis","375.1021657250471"
"wavelet-LLH","glszm","LargeAreaEmphasis","3694.110640301318"
"wavelet-LLH","glszm","LargeAreaHighGrayLevelEmphasis","1679334.6553672317"
"wavelet-LLH","glszm","LargeAreaLowGrayLevelEmphasis","8.171173423956294"
"wavelet-LLH","glszm","LowGrayLevelZoneEmphasis","0.006316056234781779"
"wavelet-LLH","glszm","SizeZoneNonUniformity","829.5593220338983"
"wavelet-LLH","glszm","SizeZoneNonUniformityNormalized","0.39056465255833256"
"wavelet-LLH","glszm","SmallAreaEmphasis","0.6484235162865469"
"wavelet-LLH","glszm","SmallAreaHighGrayLevelEmphasis","258.28712363589335"
"wavelet-LLH","glszm","SmallAreaLowGrayLevelEmphasis","0.004054287275086971"
"wavelet-LLH","glszm","ZoneEntropy","6.625361469872"
"wavelet-LLH","glszm","ZonePercentage","0.22521471742127028"
"wavelet-LLH","glszm","ZoneVariance","3674.3952007103812"
"wavelet-LLH","ngtdm","Busyness","0.8751671494894977"
"wavelet-LLH","ngtdm","Coarseness","0.0008362605316703267"
"wavelet-LLH","ngtdm","Complexity","1823.213594496346"
"wavelet-LLH","ngtdm","Contrast","0.04365804169205754"
"wavelet-LLH","ngtdm","Strength","0.9729105683778532"
"wavelet-LHL","firstorder","10Percentile","-43.18159972175644"
"wavelet-LHL","firstorder","90Percentile","15.340126035187874"
"wavelet-LHL","firstorder","Energy","9582159.549292471"
"wavelet-LHL","firstorder","Entropy","2.150504879520592"
"wavelet-LHL","firstorder","InterquartileRange","23.246843006000983"
"wavelet-LHL","firstorder","Kurtosis","9.415791195803278"
"wavelet-LHL","firstorder","Maximum","185.6785759364344"
"wavelet-LHL","firstorder","MeanAbsoluteDeviation","19.746859105046433"
"wavelet-LHL","firstorder","Mean","-9.065689019331698"
"wavelet-LHL","firstorder","Median","-5.172557386449033"
"wavelet-LHL","firstorder","Minimum","-215.80500142111936"
"wavelet-LHL","firstorder","Range","401.48357735755377"
"wavelet-LHL","firstorder","RobustMeanAbsoluteDeviation","10.46547810690099"
"wavelet-LHL","firstorder","RootMeanSquared","31.875193254311917"
"wavelet-LHL","firstorder","Skewness","-0.5604666890112668"
"wavelet-LHL","firstorder","TotalEnergy","6716620.696519927"
"wavelet-LHL","firstorder","Uniformity","0.30964729499126986"
"wavelet-LHL","firstorder","Variance","933.8412276045005"
"wavelet-LHL","glcm","Autocorrelation","84.90044124171041"
"wavelet-LHL","glcm","ClusterProminence","124.72663461814699"
"wavelet-LHL","glcm","ClusterShade","-5.073750837343369"
"wavelet-LHL","glcm","ClusterTendency","3.6977618148199487"
"wavelet-LHL","glcm","Contrast","1.6923036451114475"
"wavelet-LHL","glcm","Correlation","0.36804930565292443"
"wavelet-LHL","glcm","DifferenceAverage","0.8395017628693964"
"wavelet-LHL","glcm","DifferenceEntropy","1.6808712861345587"
"wavelet-LHL","glcm","DifferenceVariance","0.9592099779193083"
"wavelet-LHL","glcm","Id","0.6747862011002751"
"wavelet-LHL","glcm","Idm","0.6539004763697881"
"wavelet-LHL","glcm","Idmn","0.9943904281515774"
"wavelet-LHL","glcm","Idn","0.955622159789718"
"wavelet-LHL","glcm","Imc1","-0.09251439907875589"
"wavelet-LHL","glcm","Imc2","0.5057107049193535"
"wavelet-LHL","glcm","InverseVariance","0.46236660603478524"
"wavelet-LHL","glcm","JointAverage","9.186863293564077"
"wavelet-LHL","glcm","JointEnergy","0.13062466031101647"
"wavelet-LHL","glcm","JointEntropy","3.8599870754829766"
"wavelet-LHL","glcm","MCC","0.46239652363559597"
"wavelet-LHL","glcm","MaximumProbability","0.24210325163195542"
"wavelet-LHL","glcm","SumAverage","18.373726587128154"
"wavelet-LHL","glcm","SumEntropy","2.730526837064223"
"wavelet-LHL","glcm","SumSquares","1.347516364982849"
"wavelet-LHL","gldm","DependenceEntropy","5.941339136148266"
"wavelet-LHL","gldm","DependenceNonUniformity","515.8696850811154"
"wavelet-LHL","gldm","DependenceNonUniformityNormalized","0.054699362218334796"
"wavelet-LHL","gldm","DependenceVariance","26.157316037040527"
"wavelet-LHL","gldm","GrayLevelNonUniformity","2920.2836390626658"
"wavelet-LHL","gldm","GrayLevelVariance","1.592844584118722"
"wavelet-LHL","gldm","HighGrayLevelEmphasis","84.99035097020464"
"wavelet-LHL","gldm","LargeDependenceEmphasis","127.95302725055667"
"wavelet-LHL","gldm","LargeDependenceHighGrayLevelEmphasis","11035.569928957693"
"wavelet-LHL","gldm","LargeDependenceLowGrayLevelEmphasis","1.5124152372806696"
"wavelet-LHL","gldm","LowGrayLevelEmphasis","0.013357417597670004"
"wavelet-LHL","gldm","SmallDependenceEmphasis","0.06189777677253998"
"wavelet-LHL","gldm","SmallDependenceHighGrayLevelEmphasis","5.20752550662664"
"wavelet-LHL","gldm","SmallDependenceLowGrayLevelEmphasis","0.0014153262101086266"
"wavelet-LHL","glrlm","GrayLevelNonUniformity","1558.2035210528327"
"wavelet-LHL","glrlm","GrayLevelNonUniformityNormalized","0.2528237793538674"
"wavelet-LHL","glrlm","GrayLevelVariance","2.1660192531503872"
"wavelet-LHL","glrlm","HighGrayLevelRunEmphasis","84.39494020176978"
"wavelet-LHL","glrlm","LongRunEmphasis","3.702725922100567"
"wavelet-LHL","glrlm","LongRunHighGrayLevelEmphasis","316.94831167273946"
"wavelet-LHL","glrlm","LongRunLowGrayLevelEmphasis","0.04638680018891025"
"wavelet-LHL","glrlm","LowGrayLevelRunEmphasis","0.014127319389839677"
"wavelet-LHL","glrlm","RunEntropy","3.753981471997882"
"wavelet-LHL","glrlm","RunLengthNonUniformity","3177.34504095389"
"wavelet-LHL","glrlm","RunLengthNonUniformityNormalized","0.5076777412870478"
"wavelet-LHL","glrlm","RunPercentage","0.6504082281836496"
"wavelet-LHL","glrlm","RunVariance","1.1587033871483734"
"wavelet-LHL","glrlm","ShortRunEmphasis","0.7346554401678921"
"wavelet-LHL","glrlm","ShortRunHighGrayLevelEmphasis","61.58090996982582"
"wavelet-LHL","glrlm","ShortRunLowGrayLevelEmphasis","0.010910091825344949"
"wavelet-LHL","glszm","GrayLevelNonUniformity","61.82746478873239"
"wavelet-LHL","glszm","GrayLevelNonUniformityNormalized","0.10885117040269787"
"wavelet-LHL","glszm","GrayLevelVariance","8.986953853402103"
"wavelet-LHL","glszm","HighGrayLevelZoneEmphasis","84.41373239436619"
"wavelet-LHL","glszm","LargeAreaEmphasis","44856.762323943665"
"wavelet-LHL","glszm","LargeAreaHighGrayLevelEmphasis","3884341.13028169"
"wavelet-LHL","glszm","LargeAreaLowGrayLevelEmphasis","523.2660166340424"
"wavelet-LHL","glszm","LowGrayLevelZoneEmphasis","0.024846821108512575"
"wavelet-LHL","glszm","SizeZoneNonUniformity","176.0281690140845"
"wavelet-LHL","glszm","SizeZoneNonUniformityNormalized","0.3099087482642333"
"wavelet-LHL","glszm","SmallAreaEmphasis","0.5758531662211397"
"wavelet-LHL","glszm","SmallAreaHighGrayLevelEmphasis","50.03381665395581"
"wavelet-LHL","glszm","SmallAreaLowGrayLevelEmphasis","0.016200619883638783"
"wavelet-LHL","glszm","ZoneEntropy","5.775899502667119"
"wavelet-LHL","glszm","ZonePercentage","0.06022691125013254"
"wavelet-LHL","glszm","ZoneVariance","44581.073717392384"
"wavelet-LHL","ngtdm","Busyness","5.278705356962904"
"wavelet-LHL","ngtdm","Coarseness","0.000757057080751776"
"wavelet-LHL","ngtdm","Complexity","84.82990969558332"
"wavelet-LHL","ngtdm","Contrast","0.00759168583538179"
"wavelet-LHL","ngtdm","Strength","0.14244019977798122"
"wavelet-LHH","firstorder","10Percentile","-20.078125260172577"
"wavelet-LHH","firstorder","90Percentile","27.11846131553215"
"wavelet-LHH","firstorder","Energy","4967200.736775257"
"wavelet-LHH","firstorder","Entropy","1.9012023990314735"
"wavelet-LHH","firstorder","InterquartileRange","17.521458152312096"
"wavelet-LHH","firstorder","Kurtosis","7.062087878341106"
"wavelet-LHH","firstorder","Maximum","106.6105130950465"
"wavelet-LHH","firstorder","MeanAbsoluteDeviation","15.07322939793741"
"wavelet-LHH","firstorder","Mean","1.073836712522231"
"wavelet-LHH","firstorder","Median","-0.4546307676417134"
"wavelet-LHH","firstorder","Minimum","-136.76064329836143"
"wavelet-LHH","firstorder","Range","243.37115639340794"
"wavelet-LHH","firstorder","RobustMeanAbsoluteDeviation","7.969573344003936"
"wavelet-LHH","firstorder","RootMeanSquared","22.949698436731037"
"wavelet-LHH","firstorder","Skewness","0.10225564179087646"
"wavelet-LHH","firstorder","TotalEnergy","3481762.446217791"
"wavelet-LHH","firstorder","Uniformity","0.3445579842300575"
"wavelet-LHH","firstorder","Variance","525.5355330517345"
"wavelet-LHH","glcm","Autocorrelation","42.700199974197986"
"wavelet-LHH","glcm","ClusterProminence","23.242774519479575"
"wavelet-LHH","glcm","ClusterShade","0.6561120480685474"
"wavelet-LHH","glcm","ClusterTendency","1.8383607226266048"
"wavelet-LHH","glcm","Contrast","1.558577456362819"
"wavelet-LHH","glcm","Correlation","0.06553025948066989"
"wavelet-LHH","glcm","DifferenceAverage","0.8146805002962139"
"wavelet-LHH","glcm","DifferenceEntropy","1.630433467862103"
"wavelet-LHH","glcm","DifferenceVariance","0.8615731322542961"
"wavelet-LHH","glcm","Id","0.6782690884098469"
"wavelet-LHH","glcm","Idm","0.6589192335862718"
"wavelet-LHH","glcm","Idmn","0.9880694134392348"
"wavelet-LHH","glcm","Idn","0.9363500750465759"
"wavelet-LHH","glcm","Imc1","-0.08324825757958781"
"wavelet-LHH","glcm","Imc2","0.4673760357411108"
"wavelet-LHH","glcm","InverseVariance","0.4698036609591503"
"wavelet-LHH","glcm","JointAverage","6.529177241531016"
"wavelet-LHH","glcm","JointEnergy","0.1505876716198547"
"wavelet-LHH","glcm","JointEntropy","3.4700029589544106"
"wavelet-LHH","glcm","MCC","0.4028305902675176"
"wavelet-LHH","glcm","MaximumProbability","0.23539112096561315"
"wavelet-LHH","glcm","SumAverage","13.058354483062036"
"wavelet-LHH","glcm","SumEntropy","2.318029575957262"
"wavelet-LHH","glcm","SumSquares","0.8492345447473557"
"wavelet-LHH","gldm","DependenceEntropy","5.692096971500014"
"wavelet-LHH","gldm","DependenceNonUniformity","538.0658466758562"
"wavelet-LHH","gldm","DependenceNonUniformityNormalized","0.05705289435646869"
"wavelet-LHH","gldm","DependenceVariance","24.390406607609048"
"wavelet-LHH","gldm","GrayLevelNonUniformity","3249.5263492736717"
"wavelet-LHH","gldm","GrayLevelVariance","0.9567433515657158"
"wavelet-LHH","gldm","HighGrayLevelEmphasis","43.60258721238469"
"wavelet-LHH","gldm","LargeDependenceEmphasis","127.79715830770861"
"wavelet-LHH","gldm","LargeDependenceHighGrayLevelEmphasis","5247.712649772028"
"wavelet-LHH","gldm","LargeDependenceLowGrayLevelEmphasis","3.2090326694050737"
"wavelet-LHH","gldm","LowGrayLevelEmphasis","0.025788524963931064"
"wavelet-LHH","gldm","SmallDependenceEmphasis","0.04934235280559191"
"wavelet-LHH","gldm","SmallDependenceHighGrayLevelEmphasis","2.285381415117406"
"wavelet-LHH","gldm","SmallDependenceLowGrayLevelEmphasis","0.0017690533136246254"
"wavelet-LHH","glrlm","GrayLevelNonUniformity","1805.868895030761"
"wavelet-LHH","glrlm","GrayLevelNonUniformityNormalized","0.2950360364114634"
"wavelet-LHH","glrlm","GrayLevelVariance","1.2445544565031257"
"wavelet-LHH","glrlm","HighGrayLevelRunEmphasis","44.546934521360825"
"wavelet-LHH","glrlm","LongRunEmphasis","3.8570602252032264"
"wavelet-LHH","glrlm","LongRunHighGrayLevelEmphasis","163.37438738397123"
"wavelet-LHH","glrlm","LongRunLowGrayLevelEmphasis","0.09793578018498753"
"wavelet-LHH","glrlm","LowGrayLevelRunEmphasis","0.02627932393001897"
"wavelet-LHH","glrlm","RunEntropy","3.478240834405178"
"wavelet-LHH","glrlm","RunLengthNonUniformity","3141.388149721683"
"wavelet-LHH","glrlm","RunLengthNonUniformityNormalized","0.5002933107053347"
"wavelet-LHH","glrlm","RunPercentage","0.6473495754590016"
"wavelet-LHH","glrlm","RunVariance","1.1904412739911296"
"wavelet-LHH","glrlm","ShortRunEmphasis","0.7252404682983798"
"wavelet-LHH","glrlm","ShortRunHighGrayLevelEmphasis","32.874497265386495"
"wavelet-LHH","glrlm","ShortRunLowGrayLevelEmphasis","0.019445357470630305"
"wavelet-LHH","glszm","GrayLevelNonUniformity","70.41626794258373"
"wavelet-LHH","glszm","GrayLevelNonUniformityNormalized","0.16845997115450653"
"wavelet-LHH","glszm","GrayLevelVariance","4.77807284631762"
"wavelet-LHH","glszm","HighGrayLevelZoneEmphasis","46.31578947368421"
"wavelet-LHH","glszm","LargeAreaEmphasis","69911.88277511962"
"wavelet-LHH","glszm","LargeAreaHighGrayLevelEmphasis","2900384.5645933016"
"wavelet-LHH","glszm","LargeAreaLowGrayLevelEmphasis","1725.2368600212678"
"wavelet-LHH","glszm","LowGrayLevelZoneEmphasis","0.041481224020591546"
"wavelet-LHH","glszm","SizeZoneNonUniformity","101.63157894736842"
"wavelet-LHH","glszm","SizeZoneNonUniformityNormalized","0.24313774867791488"
"wavelet-LHH","glszm","SmallAreaEmphasis","0.49568915517199075"
"wavelet-LHH","glszm","SmallAreaHighGrayLevelEmphasis","22.285807711241638"
"wavelet-LHH","glszm","SmallAreaLowGrayLevelEmphasis","0.022204315408797685"
"wavelet-LHH","glszm","ZoneEntropy","5.460167637282814"
"wavelet-LHH","glszm","ZonePercentage","0.04432191708196374"
"wavelet-LHH","glszm","ZoneVariance","69402.82986309836"
"wavelet-LHH","ngtdm","Busyness","15.559520461793836"
"wavelet-LHH","ngtdm","Coarseness","0.0006144660697467679"
"wavelet-LHH","ngtdm","Complexity","37.64550286561486"
"wavelet-LHH","ngtdm","Contrast","0.012083858482439388"
"wavelet-LHH","ngtdm","Strength","0.03773834287222101"
"wavelet-HLL","firstorder","10Percentile","-30.47518166375526"
"wavelet-HLL","firstorder","90Percentile","14.865451699754734"
"wavelet-HLL","firstorder","Energy","6787831.252827094"
"wavelet-HLL","firstorder","Entropy","1.9666179882658"
"wavelet-HLL","firstorder","InterquartileRange","15.97245697979707"
"wavelet-HLL","firstorder","Kurtosis","12.434413377482754"
"wavelet-HLL","firstorder","Maximum","197.71057569310392"
"wavelet-HLL","firstorder","MeanAbsoluteDeviation","15.704271171765813"
"wavelet-HLL","firstorder","Mean","-4.680578751939902"
"wavelet-HLL","firstorder","Median","-2.620105141851815"
"wavelet-HLL","firstorder","Minimum","-235.29609879177926"
"wavelet-HLL","firstorder","Range","433.0066744848832"
"wavelet-HLL","firstorder","RobustMeanAbsoluteDeviation","7.342362995594622"
"wavelet-HLL","firstorder","RootMeanSquared","26.82789797837677"
"wavelet-HLL","firstorder","Skewness","-0.26969625817349224"
"wavelet-HLL","firstorder","TotalEnergy","4757934.538941133"
"wavelet-HLL","firstorder","Uniformity","0.3484458567026415"
"wavelet-HLL","firstorder","Variance","697.8282924850812"
"wavelet-HLL","glcm","Autocorrelation","106.7128561669496"
"wavelet-HLL","glcm","ClusterProminence","90.7397585194279"
"wavelet-HLL","glcm","ClusterShade","-2.3400402921491747"
"wavelet-HLL","glcm","ClusterTendency","2.8842451772113047"
"wavelet-HLL","glcm","Contrast","1.4002379805246308"
"wavelet-HLL","glcm","Correlation","0.341611261125772"
"wavelet-HLL","glcm","DifferenceAverage","0.7327030653008114"
"wavelet-HLL","glcm","DifferenceEntropy","1.5640084134007124"
"wavelet-HLL","glcm","DifferenceVariance","0.8490075090827431"
"wavelet-HLL","glcm","Id","0.7050171890307794"
"wavelet-HLL","glcm","Idm","0.6895501600915637"
"wavelet-HLL","glcm","Idmn","0.995856329664699"
"wavelet-HLL","glcm","Idn","0.9630161606830209"
"wavelet-HLL","glcm","Imc1","-0.09351433405030898"
"wavelet-HLL","glcm","Imc2","0.5070463957219276"
"wavelet-HLL","glcm","InverseVariance","0.4503638236236208"
"wavelet-HLL","glcm","JointAverage","10.312216233544584"
"wavelet-HLL","glcm","JointEnergy","0.15612324769759045"
"wavelet-HLL","glcm","JointEntropy","3.551493379510387"
"wavelet-HLL","glcm","MCC","0.47452615489136973"
"wavelet-HLL","glcm","MaximumProbability","0.277721028472565"
"wavelet-HLL","glcm","SumAverage","20.624432467089168"
"wavelet-HLL","glcm","SumEntropy","2.551201248347768"
"wavelet-HLL","glcm","SumSquares","1.071120789433984"
"wavelet-HLL","gldm","DependenceEntropy","5.881478176639465"
"wavelet-HLL","gldm","DependenceNonUniformity","488.7762697487011"
"wavelet-HLL","gldm","DependenceNonUniformityNormalized","0.051826558132615955"
"wavelet-HLL","gldm","DependenceVariance","28.551840774981397"
"wavelet-HLL","gldm","GrayLevelNonUniformity","3286.192874562613"
"wavelet-HLL","gldm","GrayLevelVariance","1.246168418715732"
"wavelet-HLL","gldm","HighGrayLevelEmphasis","107.42508747746793"
"wavelet-HLL","gldm","LargeDependenceEmphasis","150.38839995758667"
"wavelet-HLL","gldm","LargeDependenceHighGrayLevelEmphasis","15983.44438553706"
"wavelet-HLL","gldm","LargeDependenceLowGrayLevelEmphasis","1.4327703852854372"
"wavelet-HLL","gldm","LowGrayLevelEmphasis","0.009983718063658997"
"wavelet-HLL","gldm","SmallDependenceEmphasis","0.04911666119713351"
"wavelet-HLL","gldm","SmallDependenceHighGrayLevelEmphasis","5.746521475442653"
"wavelet-HLL","gldm","SmallDependenceLowGrayLevelEmphasis","0.0007081250981087913"
"wavelet-HLL","glrlm","GrayLevelNonUniformity","1654.8333274091103"
"wavelet-HLL","glrlm","GrayLevelNonUniformityNormalized","0.28477099103696046"
"wavelet-HLL","glrlm","GrayLevelVariance","1.7626158763257544"
"wavelet-HLL","glrlm","HighGrayLevelRunEmphasis","107.95336427512558"
"wavelet-HLL","glrlm","LongRunEmphasis","4.112617453267319"
"wavelet-HLL","glrlm","LongRunHighGrayLevelEmphasis","438.3103734108254"
"wavelet-HLL","glrlm","LongRunLowGrayLevelEmphasis","0.04004509158189295"
"wavelet-HLL","glrlm","LowGrayLevelRunEmphasis","0.010259812545784187"
"wavelet-HLL","glrlm","RunEntropy","3.7214623636707036"
"wavelet-HLL","glrlm","RunLengthNonUniformity","2752.4893915317534"
"wavelet-HLL","glrlm","RunLengthNonUniformityNormalized","0.467599640027696"
"wavelet-HLL","glrlm","RunPercentage","0.6139246184840501"
"wavelet-HLL","glrlm","RunVariance","1.329156013843761"
"wavelet-HLL","glrlm","ShortRunEmphasis","0.7043055223228983"
"wavelet-HLL","glrlm","ShortRunHighGrayLevelEmphasis","76.29696113931183"
"wavelet-HLL","glrlm","ShortRunLowGrayLevelEmphasis","0.007428493558655168"
"wavelet-HLL","glszm","GrayLevelNonUniformity","56.021186440677965"
"wavelet-HLL","glszm","GrayLevelNonUniformityNormalized","0.11868895432347026"
"wavelet-HLL","glszm","GrayLevelVariance","8.42794814708417"
"wavelet-HLL","glszm","HighGrayLevelZoneEmphasis","118.76694915254237"
"wavelet-HLL","glszm","LargeAreaEmphasis","62663.141949152545"
"wavelet-HLL","glszm","LargeAreaHighGrayLevelEmphasis","6668617.207627119"
"wavelet-HLL","glszm","LargeAreaLowGrayLevelEmphasis","593.5060905556118"
"wavelet-HLL","glszm","LowGrayLevelZoneEmphasis","0.014852693402079722"
"wavelet-HLL","glszm","SizeZoneNonUniformity","125.05932203389831"
"wavelet-HLL","glszm","SizeZoneNonUniformityNormalized","0.26495619074978455"
"wavelet-HLL","glszm","SmallAreaEmphasis","0.5248103145630445"
"wavelet-HLL","glszm","SmallAreaHighGrayLevelEmphasis","65.52620744040503"
"wavelet-HLL","glszm","SmallAreaLowGrayLevelEmphasis","0.009270251138814242"
"wavelet-HLL","glszm","ZoneEntropy","5.806154759924951"
"wavelet-HLL","glszm","ZonePercentage","0.05004771498250451"
"wavelet-HLL","glszm","ZoneVariance","62263.904297436085"
"wavelet-HLL","ngtdm","Busyness","4.3412249805148155"
"wavelet-HLL","ngtdm","Coarseness","0.0007467031577394672"
"wavelet-HLL","ngtdm","Complexity","87.89707614440361"
"wavelet-HLL","ngtdm","Contrast","0.004725734522060884"
"wavelet-HLL","ngtdm","Strength","0.18953977669431715"
"wavelet-HLH","firstorder","10Percentile","-13.557603205937143"
"wavelet-HLH","firstorder","90Percentile","17.69372006687929"
"wavelet-HLH","firstorder","Energy","2451018.755560998"
"wavelet-HLH","firstorder","Entropy","1.550689784230732"
"wavelet-HLH","firstorder","InterquartileRange","11.472613239797438"
"wavelet-HLH","firstorder","Kurtosis","9.880806685139998"
"wavelet-HLH","firstorder","Maximum","125.9408553237054"
"wavelet-HLH","firstorder","MeanAbsoluteDeviation","10.183702230694632"
"wavelet-HLH","firstorder","Mean","0.7268294381855507"
"wavelet-HLH","firstorder","Median","-0.20483616739164967"
"wavelet-HLH","firstorder","Minimum","-115.68584726648118"
"wavelet-HLH","firstorder","Range","241.6267025901866"
"wavelet-HLH","firstorder","RobustMeanAbsoluteDeviation","5.242362472717667"
"wavelet-HLH","firstorder","RootMeanSquared","16.121091570417935"
"wavelet-HLH","firstorder","Skewness","0.2999830903761726"
"wavelet-HLH","firstorder","TotalEnergy","1718043.1213311492"
"wavelet-HLH","firstorder","Uniformity","0.41102047618607"
"wavelet-HLH","firstorder","Variance","259.36131238958706"
"wavelet-HLH","glcm","Autocorrelation","30.26253036214909"
"wavelet-HLH","glcm","ClusterProminence","7.823007306710386"
"wavelet-HLH","glcm","ClusterShade","0.3804069669771563"
"wavelet-HLH","glcm","ClusterTendency","1.0777154080037323"
"wavelet-HLH","glcm","Contrast","0.9492220066910657"
"wavelet-HLH","glcm","Correlation","0.05823673322160337"
"wavelet-HLH","glcm","DifferenceAverage","0.6473657325195897"
"wavelet-HLH","glcm","DifferenceEntropy","1.3782748953980049"
"wavelet-HLH","glcm","DifferenceVariance","0.5133043076217316"
"wavelet-HLH","glcm","Id","0.7150700099457643"
"wavelet-HLH","glcm","Idm","0.704628027320087"
"wavelet-HLH","glcm","Idmn","0.992485314713321"
"wavelet-HLH","glcm","Idn","0.9478375223252266"
"wavelet-HLH","glcm","Imc1","-0.05748312296966503"
"wavelet-HLH","glcm","Imc2","0.3564307913671281"
"wavelet-HLH","glcm","InverseVariance","0.4793498036610817"
"wavelet-HLH","glcm","JointAverage","5.4982133309620895"
"wavelet-HLH","glcm","JointEnergy","0.19493358150099022"
"wavelet-HLH","glcm","JointEntropy","2.8708125160905835"
"wavelet-HLH","glcm","MCC","0.3783906502773983"
"wavelet-HLH","glcm","MaximumProbability","0.2622945482456714"
"wavelet-HLH","glcm","SumAverage","10.996426661924183"
"wavelet-HLH","glcm","SumEntropy","1.9901209731644074"
"wavelet-HLH","glcm","SumSquares","0.5067343536736995"
"wavelet-HLH","gldm","DependenceEntropy","5.375172229153058"
"wavelet-HLH","gldm","DependenceNonUniformity","588.1207719223836"
"wavelet-HLH","gldm","DependenceNonUniformityNormalized","0.06236038298402965"
"wavelet-HLH","gldm","DependenceVariance","21.16322594004092"
"wavelet-HLH","gldm","GrayLevelNonUniformity","3876.334110910826"
"wavelet-HLH","gldm","GrayLevelVariance","0.5644655165863741"
"wavelet-HLH","gldm","HighGrayLevelEmphasis","30.985579471954193"
"wavelet-HLH","gldm","LargeDependenceEmphasis","145.51256494539285"
"wavelet-HLH","gldm","LargeDependenceHighGrayLevelEmphasis","4303.950058318312"
"wavelet-HLH","gldm","LargeDependenceLowGrayLevelEmphasis","5.09600622827464"
"wavelet-HLH","gldm","LowGrayLevelEmphasis","0.03533940985800522"
"wavelet-HLH","gldm","SmallDependenceEmphasis","0.035863788353187"
"wavelet-HLH","gldm","SmallDependenceHighGrayLevelEmphasis","1.2559994914325427"
"wavelet-HLH","gldm","SmallDependenceLowGrayLevelEmphasis","0.0018089579283610303"
"wavelet-HLH","glrlm","GrayLevelNonUniformity","2131.472452739266"
"wavelet-HLH","glrlm","GrayLevelNonUniformityNormalized","0.36916270821650393"
"wavelet-HLH","glrlm","GrayLevelVariance","0.7350343941153911"
"wavelet-HLH","glrlm","HighGrayLevelRunEmphasis","31.63675451984397"
"wavelet-HLH","glrlm","LongRunEmphasis","4.335868917575251"
"wavelet-HLH","glrlm","LongRunHighGrayLevelEmphasis","130.96198154978717"
"wavelet-HLH","glrlm","LongRunLowGrayLevelEmphasis","0.15227208321701793"
"wavelet-HLH","glrlm","LowGrayLevelRunEmphasis","0.03576743031654049"
"wavelet-HLH","glrlm","RunEntropy","3.2600938373184194"
"wavelet-HLH","glrlm","RunLengthNonUniformity","2670.645578024115"
"wavelet-HLH","glrlm","RunLengthNonUniformityNormalized","0.4493630324279722"
"wavelet-HLH","glrlm","RunPercentage","0.6095690970041516"
"wavelet-HLH","glrlm","RunVariance","1.329503596218938"
"wavelet-HLH","glrlm","ShortRunEmphasis","0.682105753128095"
"wavelet-HLH","glrlm","ShortRunHighGrayLevelEmphasis","21.989410211984456"
"wavelet-HLH","glrlm","ShortRunLowGrayLevelEmphasis","0.02478007324702001"
"wavelet-HLH","glszm","GrayLevelNonUniformity","64.08666666666667"
"wavelet-HLH","glszm","GrayLevelNonUniformityNormalized","0.2136222222222222"
"wavelet-HLH","glszm","GrayLevelVariance","4.028888888888889"
"wavelet-HLH","glszm","HighGrayLevelZoneEmphasis","36.14"
"wavelet-HLH","glszm","LargeAreaEmphasis","119702.49"
"wavelet-HLH","glszm","LargeAreaHighGrayLevelEmphasis","3583156.4766666666"
"wavelet-HLH","glszm","LargeAreaLowGrayLevelEmphasis","4132.26057911504"
"wavelet-HLH","glszm","LowGrayLevelZoneEmphasis","0.058076213385313324"
"wavelet-HLH","glszm","SizeZoneNonUniformity","77.68"
"wavelet-HLH","glszm","SizeZoneNonUniformityNormalized","0.25893333333333335"
"wavelet-HLH","glszm","SmallAreaEmphasis","0.5108606191098385"
"wavelet-HLH","glszm","SmallAreaHighGrayLevelEmphasis","18.578920478751776"
"wavelet-HLH","glszm","SmallAreaLowGrayLevelEmphasis","0.033290985049804135"
"wavelet-HLH","glszm","ZoneEntropy","5.023452918439121"
"wavelet-HLH","glszm","ZonePercentage","0.03180998833633761"
"wavelet-HLH","glszm","ZoneVariance","118714.22598888891"
"wavelet-HLH","ngtdm","Busyness","19.7123213064983"
"wavelet-HLH","ngtdm","Coarseness","0.000537742587154565"
"wavelet-HLH","ngtdm","Complexity","32.930509076744826"
"wavelet-HLH","ngtdm","Contrast","0.005946609021735955"
"wavelet-HLH","ngtdm","Strength","0.04347712051057442"
"wavelet-HHL","firstorder","10Percentile","-6.573454011088323"
"wavelet-HHL","firstorder","90Percentile","6.853751486981567"
"wavelet-HHL","firstorder","Energy","420276.14658899466"
"wavelet-HHL","firstorder","Entropy","1.065583432930021"
"wavelet-HHL","firstorder","InterquartileRange","6.411302833141117"
"wavelet-HHL","firstorder","Kurtosis","11.45645700025575"
"wavelet-HHL","firstorder","Maximum","66.7190010826637"
"wavelet-HHL","firstorder","MeanAbsoluteDeviation","4.545375578844658"
"wavelet-HHL","firstorder","Mean","0.13177570175730247"
"wavelet-HHL","firstorder","Median","0.04921653376696655"
"wavelet-HHL","firstorder","Minimum","-60.660339625171105"
"wavelet-HHL","firstorder","Range","127.3793407078348"
"wavelet-HHL","firstorder","RobustMeanAbsoluteDeviation","2.7064933735293057"
"wavelet-HHL","firstorder","RootMeanSquared","6.675572215432631"
"wavelet-HHL","firstorder","Skewness","0.23890899759423845"
"wavelet-HHL","firstorder","TotalEnergy","294592.82637823717"
"wavelet-HHL","firstorder","Uniformity","0.4927676602297041"
"wavelet-HHL","firstorder","Variance","44.545899567882486"
"wavelet-HHL","glcm","Autocorrelation","12.289455265315176"
"wavelet-HHL","glcm","ClusterProminence","0.7805589528648363"
"wavelet-HHL","glcm","ClusterShade","0.010125162429586842"
"wavelet-HHL","glcm","ClusterTendency","0.5630876694590802"
"wavelet-HHL","glcm","Contrast","0.49046959328143447"
"wavelet-HHL","glcm","Correlation","0.06880336588322654"
"wavelet-HHL","glcm","DifferenceAverage","0.4792259706634646"
"wavelet-HHL","glcm","DifferenceEntropy","1.0265521069083883"
"wavelet-HHL","glcm","DifferenceVariance","0.2576246148164768"
"wavelet-HHL","glcm","Id","0.7620708007360848"
"wavelet-HHL","glcm","Idm","0.7614856022372987"
"wavelet-HHL","glcm","Idmn","0.9868071749991417"
"wavelet-HHL","glcm","Idn","0.9317299071473069"
"wavelet-HHL","glcm","Imc1","-0.017345550547680666"
"wavelet-HHL","glcm","Imc2","0.14747141709131445"
"wavelet-HHL","glcm","InverseVariance","0.47100412416399995"
"wavelet-HHL","glcm","JointAverage","3.503041254507564"
"wavelet-HHL","glcm","JointEnergy","0.2487203763301508"
"wavelet-HHL","glcm","JointEntropy","2.0863574648572203"
"wavelet-HHL","glcm","MCC","0.3130827011621591"
"wavelet-HHL","glcm","MaximumProbability","0.26730643590217534"
"wavelet-HHL","glcm","SumAverage","7.006082509015128"
"wavelet-HHL","glcm","SumEntropy","1.5781632585971859"
"wavelet-HHL","glcm","SumSquares","0.26338931568512863"
"wavelet-HHL","gldm","DependenceEntropy","4.900287067258485"
"wavelet-HHL","gldm","DependenceNonUniformity","746.9132647651362"
"wavelet-HHL","gldm","DependenceNonUniformityNormalized","0.07919767413478276"
"wavelet-HHL","gldm","DependenceVariance","13.272851347043892"
"wavelet-HHL","gldm","GrayLevelNonUniformity","4647.291803626339"
"wavelet-HHL","gldm","GrayLevelVariance","0.26756435451385957"
"wavelet-HHL","gldm","HighGrayLevelEmphasis","12.56027992789736"
"wavelet-HHL","gldm","LargeDependenceEmphasis","169.20888559007528"
"wavelet-HHL","gldm","LargeDependenceHighGrayLevelEmphasis","2115.6242180044533"
"wavelet-HHL","gldm","LargeDependenceLowGrayLevelEmphasis","14.69175414413459"
"wavelet-HHL","gldm","LowGrayLevelEmphasis","0.08719977850822937"
"wavelet-HHL","gldm","SmallDependenceEmphasis","0.013281760925846467"
"wavelet-HHL","gldm","SmallDependenceHighGrayLevelEmphasis","0.17124909290244056"
"wavelet-HHL","gldm","SmallDependenceLowGrayLevelEmphasis","0.0013769003573148432"
"wavelet-HHL","glrlm","GrayLevelNonUniformity","2568.3860592205706"
"wavelet-HHL","glrlm","GrayLevelNonUniformityNormalized","0.487849067280827"
"wavelet-HHL","glrlm","GrayLevelVariance","0.2795875120776057"
"wavelet-HHL","glrlm","HighGrayLevelRunEmphasis","12.591845283863819"
"wavelet-HHL","glrlm","LongRunEmphasis","4.761158585611728"
"wavelet-HHL","glrlm","LongRunHighGrayLevelEmphasis","59.676704649721145"
"wavelet-HHL","glrlm","LongRunLowGrayLevelEmphasis","0.41387102585444246"
"wavelet-HHL","glrlm","LowGrayLevelRunEmphasis","0.08753771425311926"
"wavelet-HHL","glrlm","RunEntropy","2.8325799688845503"
"wavelet-HHL","glrlm","RunLengthNonUniformity","2119.035084546892"
"wavelet-HHL","glrlm","RunLengthNonUniformityNormalized","0.3977486071746376"
"wavelet-HHL","glrlm","RunPercentage","0.5581755748228021"
"wavelet-HHL","glrlm","RunVariance","1.444131133531112"
"wavelet-HHL","glrlm","ShortRunEmphasis","0.6249653045628253"
"wavelet-HHL","glrlm","ShortRunHighGrayLevelEmphasis","7.892968724652988"
"wavelet-HHL","glrlm","ShortRunLowGrayLevelEmphasis","0.05499063459380416"
"wavelet-HHL","glszm","GrayLevelNonUniformity","13.465116279069768"
"wavelet-HHL","glszm","GrayLevelNonUniformityNormalized","0.31314223904813415"
"wavelet-HHL","glszm","GrayLevelVariance","2.062736614386154"
"wavelet-HHL","glszm","HighGrayLevelZoneEmphasis","14.55813953488372"
"wavelet-HHL","glszm","LargeAreaEmphasis","1017923.1395348837"
"wavelet-HHL","glszm","LargeAreaHighGrayLevelEmphasis","12783484.139534883"
"wavelet-HHL","glszm","LargeAreaLowGrayLevelEmphasis","87949.22956072353"
"wavelet-HHL","glszm","LowGrayLevelZoneEmphasis","0.14888888888888888"
"wavelet-HHL","glszm","SizeZoneNonUniformity","17.930232558139537"
"wavelet-HHL","glszm","SizeZoneNonUniformityNormalized","0.4169821525148729"
"wavelet-HHL","glszm","SmallAreaEmphasis","0.6669896662085326"
"wavelet-HHL","glszm","SmallAreaHighGrayLevelEmphasis","8.683785556164777"
"wavelet-HHL","glszm","SmallAreaLowGrayLevelEmphasis","0.09697746214347877"
"wavelet-HHL","glszm","ZoneEntropy","3.128730161226019"
"wavelet-HHL","glszm","ZonePercentage","0.004559431661541724"
"wavelet-HHL","glszm","ZoneVariance","969819.4288804757"
"wavelet-HHL","ngtdm","Busyness","75.06313449552914"
"wavelet-HHL","ngtdm","Coarseness","0.0004610810702685482"
"wavelet-HHL","ngtdm","Complexity","7.963657400760307"
"wavelet-HHL","ngtdm","Contrast","0.008438363749102694"
"wavelet-HHL","ngtdm","Strength","0.00856469484497654"
"wavelet-HHH","firstorder","10Percentile","-5.023971728719186"
"wavelet-HHH","firstorder","90Percentile","5.057347518400603"
"wavelet-HHH","firstorder","Energy","192883.13077539857"
"wavelet-HHH","firstorder","Entropy","1.0086517141362337"
"wavelet-HHH","firstorder","InterquartileRange","4.6905658474213725"
"wavelet-HHH","firstorder","Kurtosis","6.1847207645625675"
"wavelet-HHH","firstorder","Maximum","32.33915941783732"
"wavelet-HHH","firstorder","MeanAbsoluteDeviation","3.2493238943386165"
"wavelet-HHH","firstorder","Mean","-0.027809324353436405"
"wavelet-HHH","firstorder","Median","-0.030199231085911528"
"wavelet-HHH","firstorder","Minimum","-26.41798584442752"
"wavelet-HHH","firstorder","Range","58.75714526226484"
"wavelet-HHH","firstorder","RobustMeanAbsoluteDeviation","2.0017626807170434"
"wavelet-HHH","firstorder","RootMeanSquared","4.5223924863733025"
"wavelet-HHH","firstorder","Skewness","-0.03761527444963407"
"wavelet-HHH","firstorder","TotalEnergy","135201.55049716958"
"wavelet-HHH","firstorder","Uniformity","0.4992813942284271"
"wavelet-HHH","firstorder","Variance","20.451260442284706"
"wavelet-HHH","glcm","Autocorrelation","6.23243701851707"
"wavelet-HHH","glcm","ClusterProminence","0.5047294993172166"
"wavelet-HHH","glcm","ClusterShade","0.0014124035695498752"
"wavelet-HHH","glcm","ClusterTendency","0.4984344638518727"
"wavelet-HHH","glcm","Contrast","0.5055891931550571"
"wavelet-HHH","glcm","Correlation","-0.007182386985490775"
"wavelet-HHH","glcm","DifferenceAverage","0.504612711263304"
"wavelet-HHH","glcm","DifferenceEntropy","0.9978728741188198"
"wavelet-HHH","glcm","DifferenceVariance","0.24832716368909238"
"wavelet-HHH","glcm","Id","0.7478563913503069"
"wavelet-HHH","glcm","Idm","0.7477912925575233"
"wavelet-HHH","glcm","Idmn","0.970276691259557"
"wavelet-HHH","glcm","Idn","0.899110007143731"
"wavelet-HHH","glcm","Imc1","-0.007911861236136995"
"wavelet-HHH","glcm","Imc2","0.10650226159139849"
"wavelet-HHH","glcm","InverseVariance","0.5037582896080198"
"wavelet-HHH","glcm","JointAverage","2.49684302840888"
"wavelet-HHH","glcm","JointEnergy","0.2521472956593628"
"wavelet-HHH","glcm","JointEntropy","2.004374662739244"
"wavelet-HHH","glcm","MCC","0.08757321856657822"
"wavelet-HHH","glcm","MaximumProbability","0.2721683994758476"
"wavelet-HHH","glcm","SumAverage","4.99368605681776"
"wavelet-HHH","glcm","SumEntropy","1.494861042904161"
"wavelet-HHH","glcm","SumSquares","0.2510059142517324"
"wavelet-HHH","gldm","DependenceEntropy","4.642990916646978"
"wavelet-HHH","gldm","DependenceNonUniformity","880.5635669600255"
"wavelet-HHH","gldm","DependenceNonUniformityNormalized","0.09336905598134083"
"wavelet-HHH","gldm","DependenceVariance","9.854183184360735"
"wavelet-HHH","gldm","GrayLevelNonUniformity","4708.722828968296"
"wavelet-HHH","gldm","GrayLevelVariance","0.2514694875562997"
"wavelet-HHH","gldm","HighGrayLevelEmphasis","6.482133389884424"
"wavelet-HHH","gldm","LargeDependenceEmphasis","151.00551373131162"
"wavelet-HHH","gldm","LargeDependenceHighGrayLevelEmphasis","975.3823560598028"
"wavelet-HHH","gldm","LargeDependenceLowGrayLevelEmphasis","27.436198883115967"
"wavelet-HHH","gldm","LowGrayLevelEmphasis","0.18143622097338563"
"wavelet-HHH","gldm","SmallDependenceEmphasis","0.011723914840171755"
"wavelet-HHH","gldm","SmallDependenceHighGrayLevelEmphasis","0.07495133760637303"
"wavelet-HHH","gldm","SmallDependenceLowGrayLevelEmphasis","0.0025360250067268503"
"wavelet-HHH","glrlm","GrayLevelNonUniformity","2735.175493610116"
"wavelet-HHH","glrlm","GrayLevelNonUniformityNormalized","0.49871773117330154"
"wavelet-HHH","glrlm","GrayLevelVariance","0.25257827148328094"
"wavelet-HHH","glrlm","HighGrayLevelRunEmphasis","6.489426667589404"
"wavelet-HHH","glrlm","LongRunEmphasis","4.336990236707102"
"wavelet-HHH","glrlm","LongRunHighGrayLevelEmphasis","28.05906049801002"
"wavelet-HHH","glrlm","LongRunLowGrayLevelEmphasis","0.787386734511564"
"wavelet-HHH","glrlm","LowGrayLevelRunEmphasis","0.18151897765679453"
"wavelet-HHH","glrlm","RunEntropy","2.6659728105430154"
"wavelet-HHH","glrlm","RunLengthNonUniformity","2339.66096722057"
"wavelet-HHH","glrlm","RunLengthNonUniformityNormalized","0.4203000911317564"
"wavelet-HHH","glrlm","RunPercentage","0.5815110560100487"
"wavelet-HHH","glrlm","RunVariance","1.2596015944242185"
"wavelet-HHH","glrlm","ShortRunEmphasis","0.6452284281087065"
"wavelet-HHH","glrlm","ShortRunHighGrayLevelEmphasis","4.189670241016345"
"wavelet-HHH","glrlm","ShortRunLowGrayLevelEmphasis","0.11728914410085685"
"wavelet-HHH","glszm","GrayLevelNonUniformity","4.2"
"wavelet-HHH","glszm","GrayLevelNonUniformityNormalized","0.28"
"wavelet-HHH","glszm","GrayLevelVariance","1.048888888888889"
"wavelet-HHH","glszm","HighGrayLevelZoneEmphasis","5.6"
"wavelet-HHH","glszm","LargeAreaEmphasis","2954858.466666667"
"wavelet-HHH","glszm","LargeAreaHighGrayLevelEmphasis","19113996.466666665"
"wavelet-HHH","glszm","LargeAreaLowGrayLevelEmphasis","536088.1194444444"
"wavelet-HHH","glszm","LowGrayLevelZoneEmphasis","0.4472222222222222"
"wavelet-HHH","glszm","SizeZoneNonUniformity","8.333333333333334"
"wavelet-HHH","glszm","SizeZoneNonUniformityNormalized","0.5555555555555556"
"wavelet-HHH","glszm","SmallAreaEmphasis","0.7574074134248124"
"wavelet-HHH","glszm","SmallAreaHighGrayLevelEmphasis","4.296296335597964"
"wavelet-HHH","glszm","SmallAreaLowGrayLevelEmphasis","0.39583333441457214"
"wavelet-HHH","glszm","ZoneEntropy","2.7329145639793953"
"wavelet-HHH","glszm","ZonePercentage","0.0015904994168168805"
"wavelet-HHH","glszm","ZoneVariance","2559552.862222222"
"wavelet-HHH","ngtdm","Busyness","215.23810202402453"
"wavelet-HHH","ngtdm","Coarseness","0.0004247028355037734"
"wavelet-HHH","ngtdm","Complexity","3.499448930399309"
"wavelet-HHH","ngtdm","Contrast","0.0209886754500867"
"wavelet-HHH","ngtdm","Strength","0.002543326403843059"
"wavelet-LLL","firstorder","10Percentile","-218.14107624282494"
"wavelet-LLL","firstorder","90Percentile","89.16728058900438"
"wavelet-LLL","firstorder","Energy","261185799.99188548"
"wavelet-LLL","firstorder","Entropy","3.8974464382668628"
"wavelet-LLL","firstorder","InterquartileRange","116.3543501712816"
"wavelet-LLL","firstorder","Kurtosis","15.215496531037608"
"wavelet-LLL","firstorder","Maximum","185.43525823358354"
"wavelet-LLL","firstorder","MeanAbsoluteDeviation","109.9208370708869"
"wavelet-LLL","firstorder","Mean","-23.293876033086523"
"wavelet-LLL","firstorder","Median","38.48435658841663"
"wavelet-LLL","firstorder","Minimum","-1881.9687816797718"
"wavelet-LLL","firstorder","Range","2067.4040399133555"
"wavelet-LLL","firstorder","RobustMeanAbsoluteDeviation","56.78980112145812"
"wavelet-LLL","firstorder","RootMeanSquared","166.41631782329205"
"wavelet-LLL","firstorder","Skewness","-2.9197772354121123"
"wavelet-LLL","firstorder","TotalEnergy","183078348.97115082"
"wavelet-LLL","firstorder","Uniformity","0.11110136212926729"
"wavelet-LLL","firstorder","Variance","27151.78617721815"
"wavelet-LLL","glcm","Autocorrelation","5850.709743844644"
"wavelet-LLL","glcm","ClusterProminence","134924.84459677918"
"wavelet-LLL","glcm","ClusterShade","-2632.7977060708267"
"wavelet-LLL","glcm","ClusterTendency","95.49616345300319"
"wavelet-LLL","glcm","Contrast","26.755993026415045"
"wavelet-LLL","glcm","Correlation","0.5517775002014677"
"wavelet-LLL","glcm","DifferenceAverage","2.8948672969290055"
"wavelet-LLL","glcm","DifferenceEntropy","3.0894064543825652"
"wavelet-LLL","glcm","DifferenceVariance","18.0554926943462"
"wavelet-LLL","glcm","Id","0.49486715503573764"
"wavelet-LLL","glcm","Idm","0.4413826458404796"
"wavelet-LLL","glcm","Idmn","0.9963758200515939"
"wavelet-LLL","glcm","Idn","0.9687549009984905"
"wavelet-LLL","glcm","Imc1","-0.13640583451726043"
"wavelet-LLL","glcm","Imc2","0.7515454659416793"
"wavelet-LLL","glcm","InverseVariance","0.3447332089268243"
"wavelet-LLL","glcm","JointAverage","76.37737074929464"
"wavelet-LLL","glcm","JointEnergy","0.03073184130868712"
"wavelet-LLL","glcm","JointEntropy","6.771065718909925"
"wavelet-LLL","glcm","MCC","0.6622884503021805"
"wavelet-LLL","glcm","MaximumProbability","0.11282391345350024"
"wavelet-LLL","glcm","SumAverage","152.75474149858925"
"wavelet-LLL","glcm","SumEntropy","4.547417239796051"
"wavelet-LLL","glcm","SumSquares","30.563039119854572"
"wavelet-LLL","gldm","DependenceEntropy","7.181076272730131"
"wavelet-LLL","gldm","DependenceNonUniformity","774.3266885802142"
"wavelet-LLL","gldm","DependenceNonUniformityNormalized","0.0821044097741718"
"wavelet-LLL","gldm","DependenceVariance","29.637783025613235"
"wavelet-LLL","gldm","GrayLevelNonUniformity","1047.7969462411197"
"wavelet-LLL","gldm","GrayLevelVariance","43.503156022376885"
"wavelet-LLL","gldm","HighGrayLevelEmphasis","5753.772452550101"
"wavelet-LLL","gldm","LargeDependenceEmphasis","73.26275050365815"
"wavelet-LLL","gldm","LargeDependenceHighGrayLevelEmphasis","454307.0915067331"
"wavelet-LLL","gldm","LargeDependenceLowGrayLevelEmphasis","0.011946296859856018"
"wavelet-LLL","gldm","LowGrayLevelEmphasis","0.00028812232630030826"
"wavelet-LLL","gldm","SmallDependenceEmphasis","0.22424787444498068"
"wavelet-LLL","gldm","SmallDependenceHighGrayLevelEmphasis","1091.7855815716907"
"wavelet-LLL","gldm","SmallDependenceLowGrayLevelEmphasis","0.00015723460081823592"
"wavelet-LLL","glrlm","GrayLevelNonUniformity","630.895910802261"
"wavelet-LLL","glrlm","GrayLevelNonUniformityNormalized","0.0848984568284125"
"wavelet-LLL","glrlm","GrayLevelVariance","51.22121132052395"
"wavelet-LLL","glrlm","HighGrayLevelRunEmphasis","5636.377454219983"
"wavelet-LLL","glrlm","LongRunEmphasis","2.2569959559534825"
"wavelet-LLL","glrlm","LongRunHighGrayLevelEmphasis","13410.516582255977"
"wavelet-LLL","glrlm","LongRunLowGrayLevelEmphasis","0.0005274980955670664"
"wavelet-LLL","glrlm","LowGrayLevelRunEmphasis","0.00032363777925933305"
"wavelet-LLL","glrlm","RunEntropy","4.969444822921966"
"wavelet-LLL","glrlm","RunLengthNonUniformity","5197.302603562023"
"wavelet-LLL","glrlm","RunLengthNonUniformityNormalized","0.6977399242717868"
"wavelet-LLL","glrlm","RunPercentage","0.7844261559668197"
"wavelet-LLL","glrlm","RunVariance","0.5980737241415978"
"wavelet-LLL","glrlm","ShortRunEmphasis","0.8589797666156277"
"wavelet-LLL","glrlm","ShortRunHighGrayLevelEmphasis","4769.774697550339"
"wavelet-LLL","glrlm","ShortRunLowGrayLevelEmphasis","0.00030056560106702567"
"wavelet-LLL","glszm","GrayLevelNonUniformity","99.2292490118577"
"wavelet-LLL","glszm","GrayLevelNonUniformityNormalized","0.0435789411558444"
"wavelet-LLL","glszm","GrayLevelVariance","82.10060390813098"
"wavelet-LLL","glszm","HighGrayLevelZoneEmphasis","4830.200263504611"
"wavelet-LLL","glszm","LargeAreaEmphasis","2919.0922266139655"
"wavelet-LLL","glszm","LargeAreaHighGrayLevelEmphasis","18166820.79929732"
"wavelet-LLL","glszm","LargeAreaLowGrayLevelEmphasis","0.4696593932676406"
"wavelet-LLL","glszm","LowGrayLevelZoneEmphasis","0.000668093820910426"
"wavelet-LLL","glszm","SizeZoneNonUniformity","1147.1238471673255"
"wavelet-LLL","glszm","SizeZoneNonUniformityNormalized","0.5037873724933357"
"wavelet-LLL","glszm","SmallAreaEmphasis","0.7376163316098338"
"wavelet-LLL","glszm","SmallAreaHighGrayLevelEmphasis","3441.757721727223"
"wavelet-LLL","glszm","SmallAreaLowGrayLevelEmphasis","0.0006164083227485577"
"wavelet-LLL","glszm","ZoneEntropy","6.368902391959057"
"wavelet-LLL","glszm","ZonePercentage","0.24143781147280247"
"wavelet-LLL","glszm","ZoneVariance","2901.9372777246417"
"wavelet-LLL","ngtdm","Busyness","0.15424922602377994"
"wavelet-LLL","ngtdm","Coarseness","0.0008477241610984181"
"wavelet-LLL","ngtdm","Complexity","4624.961148510131"
"wavelet-LLL","ngtdm","Contrast","0.0490945184687511"
"wavelet-LLL","ngtdm","Strength","5.626637261885595"
