"Image type","Feature Class","Feature Name","Segmentation_6_segment_Segment_1"
"diagnostics","Versions","PyRadiomics","v3.0.1.post4+gad5b2de"
"diagnostics","Versions","Numpy","1.19.2"
"diagnostics","Versions","SimpleITK","2.0.2"
"diagnostics","Versions","PyWavelet","1.1.1"
"diagnostics","Versions","Python","3.6.7"
"diagnostics","Configuration","Settings","{'minimumROIDimensions': 2, 'minimumROISize': None, 'normalize': False, 'normalizeScale': 1, 'removeOutliers': None, 'resampledPixelSpacing': None, 'interpolator': 'sitkBSpline', 'preCrop': False, 'padDistance': 5, 'distances': [1], 'force2D': False, 'force2Ddimension': 0, 'resegmentRange': None, 'label': 1, 'additionalInfo': True, 'binWidth': 25.0, 'symmetricalGLCM': True, 'correctMask': True}"
"diagnostics","Configuration","EnabledImageTypes","{'Original': {}, 'Wavelet': {}}"
"diagnostics","Image-original","Hash","547536ec8f920a1dbd85d8470ea2a689c2ac9164"
"diagnostics","Image-original","Dimensionality","3D"
"diagnostics","Image-original","Spacing","(0.742188, 0.742188, 5.0)"
"diagnostics","Image-original","Size","(512, 512, 59)"
"diagnostics","Image-original","Mean","-1036.1114564669335"
"diagnostics","Image-original","Minimum","-3024.0"
"diagnostics","Image-original","Maximum","3071.0"
"diagnostics","Mask-original","Hash","ff102c962fd274bed62a7e24a21f39cebcc72c20"
"diagnostics","Mask-original","Spacing","(0.742188, 0.742188, 5.0)"
"diagnostics","Mask-original","Size","(512, 512, 59)"
"diagnostics","Mask-original","BoundingBox","(116, 272, 14, 97, 111, 11)"
"diagnostics","Mask-original","VoxelNum","18467"
"diagnostics","Mask-original","VolumeNum","2"
"diagnostics","Mask-original","CenterOfMassIndex","(175.45221205393403, 343.6222992364759, 17.25104239995668)"
"diagnostics","Mask-original","CenterOfMass","(-75.28147364011491, 65.03234702572155, -219.49478800021666)"
"original","shape","Elongation","0.7214571725442982"
"original","shape","Flatness","0.4680544356219425"
"original","shape","LeastAxisLength","35.39671226199239"
"original","shape","MajorAxisLength","75.62520418155607"
"original","shape","Maximum2DDiameterColumn","70.52683907730605"
"original","shape","Maximum2DDiameterRow","68.96559316065529"
"original","shape","Maximum2DDiameterSlice","87.62848738381463"
"original","shape","Maximum3DDiameter","101.72271809111268"
"original","shape","MeshVolume","50396.62857170363"
"original","shape","MinorAxisLength","54.56034598191068"
"original","shape","Sphericity","0.44404241047236853"
"original","shape","SurfaceArea","14859.150985207145"
"original","shape","SurfaceVolumeRatio","0.29484414744263593"
"original","shape","VoxelVolume","50862.09092980823"
"original","firstorder","10Percentile","-37.0"
"original","firstorder","90Percentile","88.0"
"original","firstorder","Energy","86898354.0"
"original","firstorder","Entropy","3.1597375753918944"
"original","firstorder","InterquartileRange","62.0"
"original","firstorder","Kurtosis","17.08839153783286"
"original","firstorder","Maximum","312.0"
"original","firstorder","MeanAbsoluteDeviation","42.9054314266094"
"original","firstorder","Mean","25.10456489955055"
"original","firstorder","Median","32.0"
"original","firstorder","Minimum","-675.0"
"original","firstorder","Range","987.0"
"original","firstorder","RobustMeanAbsoluteDeviation","26.106828902756828"
"original","firstorder","RootMeanSquared","68.59739135743507"
"original","firstorder","Skewness","-2.2760327899825548"
"original","firstorder","TotalEnergy","239336761.9428529"
"original","firstorder","Uniformity","0.14565341476364563"
"original","firstorder","Variance","4075.3629222493623"
"original","glcm","Autocorrelation","820.6232775070569"
"original","glcm","ClusterProminence","2315.6134512955023"
"original","glcm","ClusterShade","-84.430597703858"
"original","glcm","ClusterTendency","12.291058081139756"
"original","glcm","Contrast","8.74373241470491"
"original","glcm","Correlation","0.1642831180572229"
"original","glcm","DifferenceAverage","2.083845315364474"
"original","glcm","DifferenceEntropy","2.649303801684669"
"original","glcm","DifferenceVariance","4.370463610521783"
"original","glcm","Id","0.4570595878648431"
"original","glcm","Idm","0.3855735120544732"
"original","glcm","Idmn","0.9948043173729079"
"original","glcm","Idn","0.9525697577599123"
"original","glcm","Imc1","-0.021361325131276553"
"original","glcm","Imc2","0.31835764405398265"
"original","glcm","InverseVariance","0.38201689342195344"
"original","glcm","JointAverage","28.63103832540526"
"original","glcm","JointEnergy","0.02485424706008915"
"original","glcm","JointEntropy","6.021688225114746"
"original","glcm","MCC","0.30466437614261144"
"original","glcm","MaximumProbability","0.05417779341009724"
"original","glcm","SumAverage","57.26207665081053"
"original","glcm","SumEntropy","3.6526283653012"
"original","glcm","SumSquares","5.258697623961168"
"original","gldm","DependenceEntropy","6.036820030994734"
"original","gldm","DependenceNonUniformity","2190.4496128228734"
"original","gldm","DependenceNonUniformityNormalized","0.11861426397481309"
"original","gldm","DependenceVariance","6.39169950191697"
"original","gldm","GrayLevelNonUniformity","2689.7816104402445"
"original","gldm","GrayLevelVariance","6.597116262078564"
"original","gldm","HighGrayLevelEmphasis","820.160989873829"
"original","gldm","LargeDependenceEmphasis","25.557859966426598"
"original","gldm","LargeDependenceHighGrayLevelEmphasis","21337.951101965667"
"original","gldm","LargeDependenceLowGrayLevelEmphasis","0.03108203232426173"
"original","gldm","LowGrayLevelEmphasis","0.0014658533829540784"
"original","gldm","SmallDependenceEmphasis","0.19890748011449996"
"original","gldm","SmallDependenceHighGrayLevelEmphasis","155.291872044147"
"original","gldm","SmallDependenceLowGrayLevelEmphasis","0.0004833682264432554"
"original","glrlm","GrayLevelNonUniformity","2209.446838456102"
"original","glrlm","GrayLevelNonUniformityNormalized","0.13747909408005746"
"original","glrlm","GrayLevelVariance","7.273233820266264"
"original","glrlm","HighGrayLevelRunEmphasis","818.1143705748683"
"original","glrlm","LongRunEmphasis","1.5137084671145025"
"original","glrlm","LongRunHighGrayLevelEmphasis","1246.6092742890417"
"original","glrlm","LongRunLowGrayLevelEmphasis","0.002126205244356405"
"original","glrlm","LowGrayLevelRunEmphasis","0.001504103970252755"
"original","glrlm","RunEntropy","3.8441545170222864"
"original","glrlm","RunLengthNonUniformity","12507.939771124262"
"original","glrlm","RunLengthNonUniformityNormalized","0.7768627605127792"
"original","glrlm","RunPercentage","0.8700801013033647"
"original","glrlm","RunVariance","0.18766384694762944"
"original","glrlm","ShortRunEmphasis","0.9025819993904963"
"original","glrlm","ShortRunHighGrayLevelEmphasis","736.9254141145854"
"original","glrlm","ShortRunLowGrayLevelEmphasis","0.00138588916135672"
"original","glszm","GrayLevelNonUniformity","299.02454322334336"
"original","glszm","GrayLevelNonUniformityNormalized","0.08154473499409418"
"original","glszm","GrayLevelVariance","20.778959356323977"
"original","glszm","HighGrayLevelZoneEmphasis","777.5314971366239"
"original","glszm","LargeAreaEmphasis","6537.821379874556"
"original","glszm","LargeAreaHighGrayLevelEmphasis","5452647.4608671935"
"original","glszm","LargeAreaLowGrayLevelEmphasis","7.863669784981705"
"original","glszm","LowGrayLevelZoneEmphasis","0.002449573903234975"
"original","glszm","SizeZoneNonUniformity","1590.552222525225"
"original","glszm","SizeZoneNonUniformityNormalized","0.4337475381852263"
"original","glszm","SmallAreaEmphasis","0.6850780413992175"
"original","glszm","SmallAreaHighGrayLevelEmphasis","521.5392796935589"
"original","glszm","SmallAreaLowGrayLevelEmphasis","0.0020379178912744724"
"original","glszm","ZoneEntropy","5.828532411907135"
"original","glszm","ZonePercentage","0.19857042291655386"
"original","glszm","ZoneVariance","6512.460116834458"
"original","ngtdm","Busyness","1.571624642281388"
"original","ngtdm","Coarseness","0.00035338045143095857"
"original","ngtdm","Complexity","1192.7589353882177"
"original","ngtdm","Contrast","0.014607983260870431"
"original","ngtdm","Strength","0.4891548758044637"
"wavelet-LLH","firstorder","10Percentile","-327.5631973078697"
"wavelet-LLH","firstorder","90Percentile","82.5655612283633"
"wavelet-LLH","firstorder","Energy","750873183.0123553"
"wavelet-LLH","firstorder","Entropy","4.701344991152624"
"wavelet-LLH","firstorder","InterquartileRange","177.9719914628776"
"wavelet-LLH","firstorder","Kurtosis","5.187437551994321"
"wavelet-LLH","firstorder","Maximum","899.3431155645749"
"wavelet-LLH","firstorder","MeanAbsoluteDeviation","133.89644504796172"
"wavelet-LLH","firstorder","Mean","-70.91347012463038"
"wavelet-LLH","firstorder","Median","-43.33485375397294"
"wavelet-LLH","firstorder","Minimum","-781.0706473131963"
"wavelet-LLH","firstorder","Range","1680.4137628777712"
"wavelet-LLH","firstorder","RobustMeanAbsoluteDeviation","79.79550254516165"
"wavelet-LLH","firstorder","RootMeanSquared","201.64391572852034"
"wavelet-LLH","firstorder","Skewness","0.31686397141545447"
"wavelet-LLH","firstorder","TotalEnergy","2068066286.4097555"
"wavelet-LLH","firstorder","Uniformity","0.05660533079824519"
"wavelet-LLH","firstorder","Variance","35631.54850521377"
"wavelet-LLH","glcm","Autocorrelation","874.6714080467729"
"wavelet-LLH","glcm","ClusterProminence","73416.68482135265"
"wavelet-LLH","glcm","ClusterShade","-52.47379145495824"
"wavelet-LLH","glcm","ClusterTendency","113.20066028521941"
"wavelet-LLH","glcm","Contrast","88.53680951274814"
"wavelet-LLH","glcm","Correlation","0.10323131476426967"
"wavelet-LLH","glcm","DifferenceAverage","5.895174074298594"
"wavelet-LLH","glcm","DifferenceEntropy","3.954133205635377"
"wavelet-LLH","glcm","DifferenceVariance","49.47351463384984"
"wavelet-LLH","glcm","Id","0.3217942061701335"
"wavelet-LLH","glcm","Idm","0.24402908983991403"
"wavelet-LLH","glcm","Idmn","0.9831544644114513"
"wavelet-LLH","glcm","Idn","0.9277758955138361"
"wavelet-LLH","glcm","Imc1","-0.1130641908179937"
"wavelet-LLH","glcm","Imc2","0.7484272993136057"
"wavelet-LLH","glcm","InverseVariance","0.2431000056505389"
"wavelet-LLH","glcm","JointAverage","29.47030924979355"
"wavelet-LLH","glcm","JointEnergy","0.006490250160934497"
"wavelet-LLH","glcm","JointEntropy","8.656235365565292"
"wavelet-LLH","glcm","MCC","0.5626413259308126"
"wavelet-LLH","glcm","MaximumProbability","0.025278168121573814"
"wavelet-LLH","glcm","SumAverage","58.94061849958708"
"wavelet-LLH","glcm","SumEntropy","5.151476535606724"
"wavelet-LLH","glcm","SumSquares","50.434367449491866"
"wavelet-LLH","gldm","DependenceEntropy","7.170189539281992"
"wavelet-LLH","gldm","DependenceNonUniformity","3175.9300915145936"
"wavelet-LLH","gldm","DependenceNonUniformityNormalized","0.17197866960061697"
"wavelet-LLH","gldm","DependenceVariance","4.91637128241784"
"wavelet-LLH","gldm","GrayLevelNonUniformity","1045.330643851194"
"wavelet-LLH","gldm","GrayLevelVariance","57.10793863118629"
"wavelet-LLH","gldm","HighGrayLevelEmphasis","936.9995126441761"
"wavelet-LLH","gldm","LargeDependenceEmphasis","15.112958249851086"
"wavelet-LLH","gldm","LargeDependenceHighGrayLevelEmphasis","14861.48102019819"
"wavelet-LLH","gldm","LargeDependenceLowGrayLevelEmphasis","0.017237170960993503"
"wavelet-LLH","gldm","LowGrayLevelEmphasis","0.0015658283633799212"
"wavelet-LLH","gldm","SmallDependenceEmphasis","0.3453928202549692"
"wavelet-LLH","gldm","SmallDependenceHighGrayLevelEmphasis","335.22572354982526"
"wavelet-LLH","gldm","SmallDependenceLowGrayLevelEmphasis","0.0006791482635947765"
"wavelet-LLH","glrlm","GrayLevelNonUniformity","890.203588318364"
"wavelet-LLH","glrlm","GrayLevelNonUniformityNormalized","0.052559670107847484"
"wavelet-LLH","glrlm","GrayLevelVariance","60.48450894079095"
"wavelet-LLH","glrlm","HighGrayLevelRunEmphasis","934.8209992526146"
"wavelet-LLH","glrlm","LongRunEmphasis","1.3352598467456218"
"wavelet-LLH","glrlm","LongRunHighGrayLevelEmphasis","1258.0454375947736"
"wavelet-LLH","glrlm","LongRunLowGrayLevelEmphasis","0.001998276986884095"
"wavelet-LLH","glrlm","LowGrayLevelRunEmphasis","0.0016009456772541238"
"wavelet-LLH","glrlm","RunEntropy","5.17777696733875"
"wavelet-LLH","glrlm","RunLengthNonUniformity","14556.403721364797"
"wavelet-LLH","glrlm","RunLengthNonUniformityNormalized","0.8556304560157405"
"wavelet-LLH","glrlm","RunPercentage","0.9156457881210142"
"wavelet-LLH","glrlm","RunVariance","0.12776066182260018"
"wavelet-LLH","glrlm","ShortRunEmphasis","0.9383004946642044"
"wavelet-LLH","glrlm","ShortRunHighGrayLevelEmphasis","875.9140824629314"
"wavelet-LLH","glrlm","ShortRunLowGrayLevelEmphasis","0.0015256382832517098"
"wavelet-LLH","glszm","GrayLevelNonUniformity","221.48037983521854"
"wavelet-LLH","glszm","GrayLevelNonUniformityNormalized","0.030928694293425298"
"wavelet-LLH","glszm","GrayLevelVariance","101.48077794425619"
"wavelet-LLH","glszm","HighGrayLevelZoneEmphasis","949.8836754643206"
"wavelet-LLH","glszm","LargeAreaEmphasis","535.8758553274682"
"wavelet-LLH","glszm","LargeAreaHighGrayLevelEmphasis","556642.5717078621"
"wavelet-LLH","glszm","LargeAreaLowGrayLevelEmphasis","0.5197954744617741"
"wavelet-LLH","glszm","LowGrayLevelZoneEmphasis","0.00197921201589486"
"wavelet-LLH","glszm","SizeZoneNonUniformity","3372.546711353163"
"wavelet-LLH","glszm","SizeZoneNonUniformityNormalized","0.47096030042635983"
"wavelet-LLH","glszm","SmallAreaEmphasis","0.7136759906646131"
"wavelet-LLH","glszm","SmallAreaHighGrayLevelEmphasis","710.3885858144664"
"wavelet-LLH","glszm","SmallAreaLowGrayLevelEmphasis","0.0014797217798107995"
"wavelet-LLH","glszm","ZoneEntropy","6.957143437531805"
"wavelet-LLH","glszm","ZonePercentage","0.38777278388476744"
"wavelet-LLH","glszm","ZoneVariance","529.2254923325643"
"wavelet-LLH","ngtdm","Busyness","0.8621298444354362"
"wavelet-LLH","ngtdm","Coarseness","0.0004179342252566283"
"wavelet-LLH","ngtdm","Complexity","8194.688200918841"
"wavelet-LLH","ngtdm","Contrast","0.11587996124461651"
"wavelet-LLH","ngtdm","Strength","0.7484902966482316"
"wavelet-LHL","firstorder","10Percentile","-78.30696758069418"
"wavelet-LHL","firstorder","90Percentile","68.0916238534245"
"wavelet-LHL","firstorder","Energy","75269412.86134338"
"wavelet-LHL","firstorder","Entropy","3.3373537537760343"
"wavelet-LHL","firstorder","InterquartileRange","75.10196044083585"
"wavelet-LHL","firstorder","Kurtosis","7.180021422597738"
"wavelet-LHL","firstorder","Maximum","444.63411709902425"
"wavelet-LHL","firstorder","MeanAbsoluteDeviation","47.416979008949866"
"wavelet-LHL","firstorder","Mean","-5.4588320192728"
"wavelet-LHL","firstorder","Median","-3.8796855614168484"
"wavelet-LHL","firstorder","Minimum","-555.14911123752"
"wavelet-LHL","firstorder","Range","999.7832283365442"
"wavelet-LHL","firstorder","RobustMeanAbsoluteDeviation","31.355020301287574"
"wavelet-LHL","firstorder","RootMeanSquared","63.84267705302099"
"wavelet-LHL","firstorder","Skewness","-0.45384565840810404"
"wavelet-LHL","firstorder","TotalEnergy","207308156.23473898"
"wavelet-LHL","firstorder","Uniformity","0.1223134038474828"
"wavelet-LHL","firstorder","Variance","4046.0885662816945"
"wavelet-LHL","glcm","Autocorrelation","544.7465038139572"
"wavelet-LHL","glcm","ClusterProminence","1244.9604131522572"
"wavelet-LHL","glcm","ClusterShade","-24.884668484288007"
"wavelet-LHL","glcm","ClusterTendency","12.275773495456653"
"wavelet-LHL","glcm","Contrast","11.290594843413462"
"wavelet-LHL","glcm","Correlation","0.03965235372845555"
"wavelet-LHL","glcm","DifferenceAverage","2.5433437176767906"
"wavelet-LHL","glcm","DifferenceEntropy","2.8542319949518253"
"wavelet-LHL","glcm","DifferenceVariance","4.547068769553134"
"wavelet-LHL","glcm","Id","0.4085034080807541"
"wavelet-LHL","glcm","Idm","0.32677463163570475"
"wavelet-LHL","glcm","Idmn","0.9934694583106806"
"wavelet-LHL","glcm","Idn","0.9438347214923155"
"wavelet-LHL","glcm","Imc1","-0.042281750126840996"
"wavelet-LHL","glcm","Imc2","0.4519546220916224"
"wavelet-LHL","glcm","InverseVariance","0.330501793278831"
"wavelet-LHL","glcm","JointAverage","23.33452411857186"
"wavelet-LHL","glcm","JointEnergy","0.017456878844165916"
"wavelet-LHL","glcm","JointEntropy","6.422883301182505"
"wavelet-LHL","glcm","MCC","0.45290619123533926"
"wavelet-LHL","glcm","MaximumProbability","0.035835586418501056"
"wavelet-LHL","glcm","SumAverage","46.66904823714374"
"wavelet-LHL","glcm","SumEntropy","3.7431127028693507"
"wavelet-LHL","glcm","SumSquares","5.891592084717528"
"wavelet-LHL","gldm","DependenceEntropy","6.004105228186862"
"wavelet-LHL","gldm","DependenceNonUniformity","2700.891915308388"
"wavelet-LHL","gldm","DependenceNonUniformityNormalized","0.1462550449617365"
"wavelet-LHL","gldm","DependenceVariance","4.545515900211374"
"wavelet-LHL","gldm","GrayLevelNonUniformity","2258.7616288514646"
"wavelet-LHL","gldm","GrayLevelVariance","6.5585429560146515"
"wavelet-LHL","gldm","HighGrayLevelEmphasis","548.5150268045703"
"wavelet-LHL","gldm","LargeDependenceEmphasis","18.144744679698924"
"wavelet-LHL","gldm","LargeDependenceHighGrayLevelEmphasis","9996.261926680023"
"wavelet-LHL","gldm","LargeDependenceLowGrayLevelEmphasis","0.03366944934993279"
"wavelet-LHL","gldm","LowGrayLevelEmphasis","0.0020543693586338213"
"wavelet-LHL","gldm","SmallDependenceEmphasis","0.23490809023028364"
"wavelet-LHL","gldm","SmallDependenceHighGrayLevelEmphasis","128.13187091945315"
"wavelet-LHL","gldm","SmallDependenceLowGrayLevelEmphasis","0.0006165381434197701"
"wavelet-LHL","glrlm","GrayLevelNonUniformity","1946.0154491093876"
"wavelet-LHL","glrlm","GrayLevelNonUniformityNormalized","0.11753405623126485"
"wavelet-LHL","glrlm","GrayLevelVariance","6.993765479788939"
"wavelet-LHL","glrlm","HighGrayLevelRunEmphasis","548.2958467178081"
"wavelet-LHL","glrlm","LongRunEmphasis","1.388955075479483"
"wavelet-LHL","glrlm","LongRunHighGrayLevelEmphasis","762.436833810312"
"wavelet-LHL","glrlm","LongRunLowGrayLevelEmphasis","0.002798850220101806"
"wavelet-LHL","glrlm","LowGrayLevelRunEmphasis","0.0020775059051862275"
"wavelet-LHL","glrlm","RunEntropy","3.8911827298244708"
"wavelet-LHL","glrlm","RunLengthNonUniformity","13568.25110959972"
"wavelet-LHL","glrlm","RunLengthNonUniformityNormalized","0.8173065802896423"
"wavelet-LHL","glrlm","RunPercentage","0.8966264146856554"
"wavelet-LHL","glrlm","RunVariance","0.13877854560731584"
"wavelet-LHL","glrlm","ShortRunEmphasis","0.9219920686770783"
"wavelet-LHL","glrlm","ShortRunHighGrayLevelEmphasis","505.37687618728273"
"wavelet-LHL","glrlm","ShortRunLowGrayLevelEmphasis","0.0019324410038892017"
"wavelet-LHL","glszm","GrayLevelNonUniformity","388.9707589765642"
"wavelet-LHL","glszm","GrayLevelNonUniformityNormalized","0.08363164028737136"
"wavelet-LHL","glszm","GrayLevelVariance","15.224594567969628"
"wavelet-LHL","glszm","HighGrayLevelZoneEmphasis","545.0260159105569"
"wavelet-LHL","glszm","LargeAreaEmphasis","2496.3119759191572"
"wavelet-LHL","glszm","LargeAreaHighGrayLevelEmphasis","1377455.7176951193"
"wavelet-LHL","glszm","LargeAreaLowGrayLevelEmphasis","4.5376656233000645"
"wavelet-LHL","glszm","LowGrayLevelZoneEmphasis","0.002600258259153399"
"wavelet-LHL","glszm","SizeZoneNonUniformity","1759.924962373683"
"wavelet-LHL","glszm","SizeZoneNonUniformityNormalized","0.37839711080922017"
"wavelet-LHL","glszm","SmallAreaEmphasis","0.6381214139564956"
"wavelet-LHL","glszm","SmallAreaHighGrayLevelEmphasis","347.1780428792873"
"wavelet-LHL","glszm","SmallAreaLowGrayLevelEmphasis","0.0018866064001387484"
"wavelet-LHL","glszm","ZoneEntropy","5.919825588082535"
"wavelet-LHL","glszm","ZonePercentage","0.251854659663183"
"wavelet-LHL","glszm","ZoneVariance","2480.546756509086"
"wavelet-LHL","ngtdm","Busyness","2.1070260531905394"
"wavelet-LHL","ngtdm","Coarseness","0.0003238577970741257"
"wavelet-LHL","ngtdm","Complexity","1436.7434510094797"
"wavelet-LHL","ngtdm","Contrast","0.017344937817956374"
"wavelet-LHL","ngtdm","Strength","0.3039041530964406"
"wavelet-LHH","firstorder","10Percentile","-56.13667218848852"
"wavelet-LHH","firstorder","90Percentile","57.38209480474369"
"wavelet-LHH","firstorder","Energy","46216320.085202664"
"wavelet-LHH","firstorder","Entropy","3.0041258399432813"
"wavelet-LHH","firstorder","InterquartileRange","56.69211482026309"
"wavelet-LHH","firstorder","Kurtosis","5.928317856332305"
"wavelet-LHH","firstorder","Maximum","290.8746439148878"
"wavelet-LHH","firstorder","MeanAbsoluteDeviation","36.8704414501332"
"wavelet-LHH","firstorder","Mean","0.4314772813809405"
"wavelet-LHH","firstorder","Median","-0.12753765955970597"
"wavelet-LHH","firstorder","Minimum","-357.9822491756947"
"wavelet-LHH","firstorder","Range","648.8568930905825"
"wavelet-LHH","firstorder","RobustMeanAbsoluteDeviation","23.67765008679892"
"wavelet-LHH","firstorder","RootMeanSquared","50.02642940691663"
"wavelet-LHH","firstorder","Skewness","-0.014651158765421486"
"wavelet-LHH","firstorder","TotalEnergy","127289688.34216172"
"wavelet-LHH","firstorder","Uniformity","0.15788671069431648"
"wavelet-LHH","firstorder","Variance","2502.4574665608648"
"wavelet-LHH","glcm","Autocorrelation","240.85753485063162"
"wavelet-LHH","glcm","ClusterProminence","310.1241362478899"
"wavelet-LHH","glcm","ClusterShade","1.3080927003467673"
"wavelet-LHH","glcm","ClusterTendency","7.332075627957651"
"wavelet-LHH","glcm","Contrast","7.3159604270191885"
"wavelet-LHH","glcm","Correlation","-0.0024818504470777844"
"wavelet-LHH","glcm","DifferenceAverage","1.9951675059506324"
"wavelet-LHH","glcm","DifferenceEntropy","2.5875313088286314"
"wavelet-LHH","glcm","DifferenceVariance","3.2549829061912403"
"wavelet-LHH","glcm","Id","0.4635035881716633"
"wavelet-LHH","glcm","Idm","0.3935706737561261"
"wavelet-LHH","glcm","Idmn","0.9904323317179274"
"wavelet-LHH","glcm","Idn","0.9345630452958024"
"wavelet-LHH","glcm","Imc1","-0.026274023518244295"
"wavelet-LHH","glcm","Imc2","0.3229131769631802"
"wavelet-LHH","glcm","InverseVariance","0.38837477600013537"
"wavelet-LHH","glcm","JointAverage","15.519451791476937"
"wavelet-LHH","glcm","JointEnergy","0.0291643097059991"
"wavelet-LHH","glcm","JointEntropy","5.783690371800658"
"wavelet-LHH","glcm","MCC","0.2528899138362901"
"wavelet-LHH","glcm","MaximumProbability","0.0594507082133304"
"wavelet-LHH","glcm","SumAverage","31.038903582953875"
"wavelet-LHH","glcm","SumEntropy","3.4122226128354183"
"wavelet-LHH","glcm","SumSquares","3.6620090137442105"
"wavelet-LHH","gldm","DependenceEntropy","5.885776099837443"
"wavelet-LHH","gldm","DependenceNonUniformity","2139.381978664645"
"wavelet-LHH","gldm","DependenceNonUniformityNormalized","0.11584891853926707"
"wavelet-LHH","gldm","DependenceVariance","7.118774883233251"
"wavelet-LHH","gldm","GrayLevelNonUniformity","2915.693886391942"
"wavelet-LHH","gldm","GrayLevelVariance","4.104889272688194"
"wavelet-LHH","gldm","HighGrayLevelEmphasis","244.79742242919804"
"wavelet-LHH","gldm","LargeDependenceEmphasis","27.118806519737912"
"wavelet-LHH","gldm","LargeDependenceHighGrayLevelEmphasis","6547.283045432393"
"wavelet-LHH","gldm","LargeDependenceLowGrayLevelEmphasis","0.1147435259877069"
"wavelet-LHH","gldm","LowGrayLevelEmphasis","0.004493334171053996"
"wavelet-LHH","gldm","SmallDependenceEmphasis","0.19404022889350064"
"wavelet-LHH","gldm","SmallDependenceHighGrayLevelEmphasis","48.613848513868334"
"wavelet-LHH","gldm","SmallDependenceLowGrayLevelEmphasis","0.0010357367251396857"
"wavelet-LHH","glrlm","GrayLevelNonUniformity","2373.777697490149"
"wavelet-LHH","glrlm","GrayLevelNonUniformityNormalized","0.14833845407025326"
"wavelet-LHH","glrlm","GrayLevelVariance","4.505680749291717"
"wavelet-LHH","glrlm","HighGrayLevelRunEmphasis","245.2378551973207"
"wavelet-LHH","glrlm","LongRunEmphasis","1.5451540561085995"
"wavelet-LHH","glrlm","LongRunHighGrayLevelEmphasis","376.9489437176143"
"wavelet-LHH","glrlm","LongRunLowGrayLevelEmphasis","0.006846136023708788"
"wavelet-LHH","glrlm","LowGrayLevelRunEmphasis","0.00453255402069039"
"wavelet-LHH","glrlm","RunEntropy","3.693945973718505"
"wavelet-LHH","glrlm","RunLengthNonUniformity","12416.254030289883"
"wavelet-LHH","glrlm","RunLengthNonUniformityNormalized","0.7734288384333768"
"wavelet-LHH","glrlm","RunPercentage","0.8664561733820411"
"wavelet-LHH","glrlm","RunVariance","0.20297063993948872"
"wavelet-LHH","glrlm","ShortRunEmphasis","0.9003532683240569"
"wavelet-LHH","glrlm","ShortRunHighGrayLevelEmphasis","221.08788482750964"
"wavelet-LHH","glrlm","ShortRunLowGrayLevelEmphasis","0.004109549085299286"
"wavelet-LHH","glszm","GrayLevelNonUniformity","340.66374682113593"
"wavelet-LHH","glszm","GrayLevelNonUniformityNormalized","0.09625988890114041"
"wavelet-LHH","glszm","GrayLevelVariance","12.065193231741157"
"wavelet-LHH","glszm","HighGrayLevelZoneEmphasis","252.40717716869173"
"wavelet-LHH","glszm","LargeAreaEmphasis","8502.264764057643"
"wavelet-LHH","glszm","LargeAreaHighGrayLevelEmphasis","2052635.7807290195"
"wavelet-LHH","glszm","LargeAreaLowGrayLevelEmphasis","35.55928720039355"
"wavelet-LHH","glszm","LowGrayLevelZoneEmphasis","0.005412757614809317"
"wavelet-LHH","glszm","SizeZoneNonUniformity","1512.5286804181972"
"wavelet-LHH","glszm","SizeZoneNonUniformityNormalized","0.42738872009556295"
"wavelet-LHH","glszm","SmallAreaEmphasis","0.6796556379077061"
"wavelet-LHH","glszm","SmallAreaHighGrayLevelEmphasis","171.9367320733281"
"wavelet-LHH","glszm","SmallAreaLowGrayLevelEmphasis","0.003948668809641734"
"wavelet-LHH","glszm","ZoneEntropy","5.537184913229602"
"wavelet-LHH","glszm","ZonePercentage","0.19163914008772404"
"wavelet-LHH","glszm","ZoneVariance","8475.035771507748"
"wavelet-LHH","ngtdm","Busyness","4.440715507477368"
"wavelet-LHH","ngtdm","Coarseness","0.00034526125377834434"
"wavelet-LHH","ngtdm","Complexity","519.4197595776127"
"wavelet-LHH","ngtdm","Contrast","0.017870580761935553"
"wavelet-LHH","ngtdm","Strength","0.128335317794651"
"wavelet-HLL","firstorder","10Percentile","-74.63127700581012"
"wavelet-HLL","firstorder","90Percentile","58.710272467913704"
"wavelet-HLL","firstorder","Energy","84310642.95524319"
"wavelet-HLL","firstorder","Entropy","3.282286007546314"
"wavelet-HLL","firstorder","InterquartileRange","65.30920344703316"
"wavelet-HLL","firstorder","Kurtosis","13.434008332251036"
"wavelet-HLL","firstorder","Maximum","720.5777031484677"
"wavelet-HLL","firstorder","MeanAbsoluteDeviation","45.528960548395915"
"wavelet-HLL","firstorder","Mean","-6.29634616024152"
"wavelet-HLL","firstorder","Median","-2.977657642755662"
"wavelet-HLL","firstorder","Minimum","-712.7802381827895"
"wavelet-HLL","firstorder","Range","1433.3579413312573"
"wavelet-HLL","firstorder","RobustMeanAbsoluteDeviation","27.540942981964555"
"wavelet-HLL","firstorder","RootMeanSquared","67.56830524338395"
"wavelet-HLL","firstorder","Skewness","-0.27092352930966146"
"wavelet-HLL","firstorder","TotalEnergy","232209649.01392618"
"wavelet-HLL","firstorder","Uniformity","0.13615964836463448"
"wavelet-HLL","firstorder","Variance","4525.831898493518"
"wavelet-HLL","glcm","Autocorrelation","857.5218560185128"
"wavelet-HLL","glcm","ClusterProminence","2986.3988801490295"
"wavelet-HLL","glcm","ClusterShade","-30.058807547327145"
"wavelet-HLL","glcm","ClusterTendency","14.216592751766656"
"wavelet-HLL","glcm","Contrast","10.88487588456414"
"wavelet-HLL","glcm","Correlation","0.1257531294440447"
"wavelet-HLL","glcm","DifferenceAverage","2.3240715346711758"
"wavelet-HLL","glcm","DifferenceEntropy","2.7786698800795864"
"wavelet-HLL","glcm","DifferenceVariance","5.313697719238419"
"wavelet-HLL","glcm","Id","0.4381992581436262"
"wavelet-HLL","glcm","Idm","0.36373646746647054"
"wavelet-HLL","glcm","Idmn","0.9968578836262268"
"wavelet-HLL","glcm","Idn","0.9627920430838065"
"wavelet-HLL","glcm","Imc1","-0.048507211487446224"
"wavelet-HLL","glcm","Imc2","0.4864351740919465"
"wavelet-HLL","glcm","InverseVariance","0.3622050174832961"
"wavelet-HLL","glcm","JointAverage","29.26924020727566"
"wavelet-HLL","glcm","JointEnergy","0.022830747655037432"
"wavelet-HLL","glcm","JointEntropy","6.242572812197183"
"wavelet-HLL","glcm","MCC","0.47954035318073984"
"wavelet-HLL","glcm","MaximumProbability","0.04951302741529684"
"wavelet-HLL","glcm","SumAverage","58.53848041455131"
"wavelet-HLL","glcm","SumEntropy","3.7111297069675775"
"wavelet-HLL","glcm","SumSquares","6.2753671590827"
"wavelet-HLL","gldm","DependenceEntropy","6.0830782677165285"
"wavelet-HLL","gldm","DependenceNonUniformity","2353.2475767585424"
"wavelet-HLL","gldm","DependenceNonUniformityNormalized","0.12742987906852993"
"wavelet-HLL","gldm","DependenceVariance","6.045879271374204"
"wavelet-HLL","gldm","GrayLevelNonUniformity","2514.460226349705"
"wavelet-HLL","gldm","GrayLevelVariance","7.324751775788325"
"wavelet-HLL","gldm","HighGrayLevelEmphasis","862.5839605783289"
"wavelet-HLL","gldm","LargeDependenceEmphasis","23.07429468782152"
"wavelet-HLL","gldm","LargeDependenceHighGrayLevelEmphasis","20013.78805436725"
"wavelet-HLL","gldm","LargeDependenceLowGrayLevelEmphasis","0.026926509785781646"
"wavelet-HLL","gldm","LowGrayLevelEmphasis","0.0012624539891378855"
"wavelet-HLL","gldm","SmallDependenceEmphasis","0.21079715706899038"
"wavelet-HLL","gldm","SmallDependenceHighGrayLevelEmphasis","181.51522498301597"
"wavelet-HLL","gldm","SmallDependenceLowGrayLevelEmphasis","0.0003277515401298642"
"wavelet-HLL","glrlm","GrayLevelNonUniformity","2089.499311567009"
"wavelet-HLL","glrlm","GrayLevelNonUniformityNormalized","0.12859843861002399"
"wavelet-HLL","glrlm","GrayLevelVariance","7.985267693933161"
"wavelet-HLL","glrlm","HighGrayLevelRunEmphasis","862.1331753715772"
"wavelet-HLL","glrlm","LongRunEmphasis","1.4718734834621903"
"wavelet-HLL","glrlm","LongRunHighGrayLevelEmphasis","1270.7461825158257"
"wavelet-HLL","glrlm","LongRunLowGrayLevelEmphasis","0.0018269630371763267"
"wavelet-HLL","glrlm","LowGrayLevelRunEmphasis","0.0012752911576315122"
"wavelet-HLL","glrlm","RunEntropy","3.9212014092011382"
"wavelet-HLL","glrlm","RunLengthNonUniformity","12911.507821246456"
"wavelet-HLL","glrlm","RunLengthNonUniformityNormalized","0.7924893304246481"
"wavelet-HLL","glrlm","RunPercentage","0.8797480745279522"
"wavelet-HLL","glrlm","RunVariance","0.17243224261824752"
"wavelet-HLL","glrlm","ShortRunEmphasis","0.9099501791687078"
"wavelet-HLL","glrlm","ShortRunHighGrayLevelEmphasis","784.1813440876158"
"wavelet-HLL","glrlm","ShortRunLowGrayLevelEmphasis","0.001169829330831952"
"wavelet-HLL","glszm","GrayLevelNonUniformity","328.8881594942864"
"wavelet-HLL","glszm","GrayLevelNonUniformityNormalized","0.07996308278489822"
"wavelet-HLL","glszm","GrayLevelVariance","20.08937983370229"
"wavelet-HLL","glszm","HighGrayLevelZoneEmphasis","858.8064672988087"
"wavelet-HLL","glszm","LargeAreaEmphasis","4570.547289083394"
"wavelet-HLL","glszm","LargeAreaHighGrayLevelEmphasis","3967754.3826890346"
"wavelet-HLL","glszm","LargeAreaLowGrayLevelEmphasis","5.27621681460648"
"wavelet-HLL","glszm","LowGrayLevelZoneEmphasis","0.0015516612814632442"
"wavelet-HLL","glszm","SizeZoneNonUniformity","1577.826647216144"
"wavelet-HLL","glszm","SizeZoneNonUniformityNormalized","0.38361941337615946"
"wavelet-HLL","glszm","SmallAreaEmphasis","0.6421858757579614"
"wavelet-HLL","glszm","SmallAreaHighGrayLevelEmphasis","553.646533013718"
"wavelet-HLL","glszm","SmallAreaLowGrayLevelEmphasis","0.0011047652721067507"
"wavelet-HLL","glszm","ZoneEntropy","6.03683979634122"
"wavelet-HLL","glszm","ZonePercentage","0.2227216115232577"
"wavelet-HLL","glszm","ZoneVariance","4550.387996904137"
"wavelet-HLL","ngtdm","Busyness","1.2411727736014113"
"wavelet-HLL","ngtdm","Coarseness","0.00034621003662908725"
"wavelet-HLL","ngtdm","Complexity","1914.3664809279528"
"wavelet-HLL","ngtdm","Contrast","0.012093237462385125"
"wavelet-HLL","ngtdm","Strength","0.5975685232870558"
"wavelet-HLH","firstorder","10Percentile","-57.773161852045035"
"wavelet-HLH","firstorder","90Percentile","57.076024286604024"
"wavelet-HLH","firstorder","Energy","59636115.97073877"
"wavelet-HLH","firstorder","Entropy","3.0708590316900537"
"wavelet-HLH","firstorder","InterquartileRange","53.14931005796029"
"wavelet-HLH","firstorder","Kurtosis","11.353608899845533"
"wavelet-HLH","firstorder","Maximum","590.5945403010709"
"wavelet-HLH","firstorder","MeanAbsoluteDeviation","38.5337339962412"
"wavelet-HLH","firstorder","Mean","0.18478205343780485"
"wavelet-HLH","firstorder","Median","-0.5270863679091866"
"wavelet-HLH","firstorder","Minimum","-406.70491201648"
"wavelet-HLH","firstorder","Range","997.299452317551"
"wavelet-HLH","firstorder","RobustMeanAbsoluteDeviation","22.76593401914491"
"wavelet-HLH","firstorder","RootMeanSquared","56.827231767525284"
"wavelet-HLH","firstorder","Skewness","0.6359224265331358"
"wavelet-HLH","firstorder","TotalEnergy","164250693.30179802"
"wavelet-HLH","firstorder","Uniformity","0.16045125273389"
"wavelet-HLH","firstorder","Variance","3229.3001259527623"
"wavelet-HLH","glcm","Autocorrelation","306.6043335830713"
"wavelet-HLH","glcm","ClusterProminence","1097.7027266048858"
"wavelet-HLH","glcm","ClusterShade","19.634485828099557"
"wavelet-HLH","glcm","ClusterTendency","9.221260848186954"
"wavelet-HLH","glcm","Contrast","8.659535037201492"
"wavelet-HLH","glcm","Correlation","0.021276518462179414"
"wavelet-HLH","glcm","DifferenceAverage","2.0265181953885514"
"wavelet-HLH","glcm","DifferenceEntropy","2.6365517124612285"
"wavelet-HLH","glcm","DifferenceVariance","4.468175754455479"
"wavelet-HLH","glcm","Id","0.47434238549396085"
"wavelet-HLH","glcm","Idm","0.40875321869008935"
"wavelet-HLH","glcm","Idmn","0.9950692336718673"
"wavelet-HLH","glcm","Idn","0.9549946717092012"
"wavelet-HLH","glcm","Imc1","-0.036339033516858674"
"wavelet-HLH","glcm","Imc2","0.39658285718174047"
"wavelet-HLH","glcm","InverseVariance","0.3952890543973901"
"wavelet-HLH","glcm","JointAverage","17.50610779591863"
"wavelet-HLH","glcm","JointEnergy","0.03196498134568756"
"wavelet-HLH","glcm","JointEntropy","5.839076123255318"
"wavelet-HLH","glcm","MCC","0.3983021801590463"
"wavelet-HLH","glcm","MaximumProbability","0.06967973397401434"
"wavelet-HLH","glcm","SumAverage","35.01221559183726"
"wavelet-HLH","glcm","SumEntropy","3.4769608301858677"
"wavelet-HLH","glcm","SumSquares","4.470198971347113"
"wavelet-HLH","gldm","DependenceEntropy","6.023727798945223"
"wavelet-HLH","gldm","DependenceNonUniformity","1981.3762386960525"
"wavelet-HLH","gldm","DependenceNonUniformityNormalized","0.10729280547441666"
"wavelet-HLH","gldm","DependenceVariance","8.675322534370274"
"wavelet-HLH","gldm","GrayLevelNonUniformity","2963.0532842367465"
"wavelet-HLH","gldm","GrayLevelVariance","5.259773960883551"
"wavelet-HLH","gldm","HighGrayLevelEmphasis","311.69269507770616"
"wavelet-HLH","gldm","LargeDependenceEmphasis","31.243353008068446"
"wavelet-HLH","gldm","LargeDependenceHighGrayLevelEmphasis","9559.820598906157"
"wavelet-HLH","gldm","LargeDependenceLowGrayLevelEmphasis","0.10389423130549616"
"wavelet-HLH","gldm","LowGrayLevelEmphasis","0.0035433152313391956"
"wavelet-HLH","gldm","SmallDependenceEmphasis","0.1887726018662037"
"wavelet-HLH","gldm","SmallDependenceHighGrayLevelEmphasis","61.85608196709335"
"wavelet-HLH","gldm","SmallDependenceLowGrayLevelEmphasis","0.0007820669783403175"
"wavelet-HLH","glrlm","GrayLevelNonUniformity","2336.891536152928"
"wavelet-HLH","glrlm","GrayLevelNonUniformityNormalized","0.14783037565603546"
"wavelet-HLH","glrlm","GrayLevelVariance","5.892290957597774"
"wavelet-HLH","glrlm","HighGrayLevelRunEmphasis","312.5884122929552"
"wavelet-HLH","glrlm","LongRunEmphasis","1.6084238897605667"
"wavelet-HLH","glrlm","LongRunHighGrayLevelEmphasis","498.89030656177704"
"wavelet-HLH","glrlm","LongRunLowGrayLevelEmphasis","0.005609385055297709"
"wavelet-HLH","glrlm","LowGrayLevelRunEmphasis","0.003577704629508266"
"wavelet-HLH","glrlm","RunEntropy","3.818374996803531"
"wavelet-HLH","glrlm","RunLengthNonUniformity","12046.35008868169"
"wavelet-HLH","glrlm","RunLengthNonUniformityNormalized","0.7595479745384137"
"wavelet-HLH","glrlm","RunPercentage","0.855746841559372"
"wavelet-HLH","glrlm","RunVariance","0.23147568309407668"
"wavelet-HLH","glrlm","ShortRunEmphasis","0.8932233398550966"
"wavelet-HLH","glrlm","ShortRunHighGrayLevelEmphasis","279.8293741171471"
"wavelet-HLH","glrlm","ShortRunLowGrayLevelEmphasis","0.0032202286500595317"
"wavelet-HLH","glszm","GrayLevelNonUniformity","282.80097785447225"
"wavelet-HLH","glszm","GrayLevelNonUniformityNormalized","0.081334764985468"
"wavelet-HLH","glszm","GrayLevelVariance","17.291910048770305"
"wavelet-HLH","glszm","HighGrayLevelZoneEmphasis","329.30140926085704"
"wavelet-HLH","glszm","LargeAreaEmphasis","9396.255104975553"
"wavelet-HLH","glszm","LargeAreaHighGrayLevelEmphasis","2880563.9341386254"
"wavelet-HLH","glszm","LargeAreaLowGrayLevelEmphasis","30.8416930013954"
"wavelet-HLH","glszm","LowGrayLevelZoneEmphasis","0.004244237320870661"
"wavelet-HLH","glszm","SizeZoneNonUniformity","1486.177451826287"
"wavelet-HLH","glszm","SizeZoneNonUniformityNormalized","0.4274309611234648"
"wavelet-HLH","glszm","SmallAreaEmphasis","0.679602627800175"
"wavelet-HLH","glszm","SmallAreaHighGrayLevelEmphasis","228.1340365058065"
"wavelet-HLH","glszm","SmallAreaLowGrayLevelEmphasis","0.0030194801555715666"
"wavelet-HLH","glszm","ZoneEntropy","5.781227962000862"
"wavelet-HLH","glszm","ZonePercentage","0.1882817999675096"
"wavelet-HLH","glszm","ZoneVariance","9368.046389069415"
"wavelet-HLH","ngtdm","Busyness","2.332273082423573"
"wavelet-HLH","ngtdm","Coarseness","0.00036351587583876503"
"wavelet-HLH","ngtdm","Complexity","1230.0195660931352"
"wavelet-HLH","ngtdm","Contrast","0.010569734648180541"
"wavelet-HLH","ngtdm","Strength","0.43119943568070784"
"wavelet-HHL","firstorder","10Percentile","-43.320528353475254"
"wavelet-HHL","firstorder","90Percentile","43.59689780647004"
"wavelet-HHL","firstorder","Energy","22234691.60100921"
"wavelet-HHL","firstorder","Entropy","2.540734612299602"
"wavelet-HHL","firstorder","InterquartileRange","44.6717704855856"
"wavelet-HHL","firstorder","Kurtosis","3.916079118045564"
"wavelet-HHL","firstorder","Maximum","228.443192835011"
"wavelet-HHL","firstorder","MeanAbsoluteDeviation","27.113233884059454"
"wavelet-HHL","firstorder","Mean","0.04382679924338332"
"wavelet-HHL","firstorder","Median","0.026789934868776566"
"wavelet-HHL","firstorder","Minimum","-222.45526245604816"
"wavelet-HHL","firstorder","Range","450.8984552910591"
"wavelet-HHL","firstorder","RobustMeanAbsoluteDeviation","18.590199344314307"
"wavelet-HHL","firstorder","RootMeanSquared","34.699033679178456"
"wavelet-HHL","firstorder","Skewness","-0.018384135068281883"
"wavelet-HHL","firstorder","TotalEnergy","61239124.167800605"
"wavelet-HHL","firstorder","Uniformity","0.2046485083021516"
"wavelet-HHL","firstorder","Variance","1204.0210174804295"
"wavelet-HHL","glcm","Autocorrelation","90.16746302065555"
"wavelet-HHL","glcm","ClusterProminence","58.48048803154419"
"wavelet-HHL","glcm","ClusterShade","-0.20609939012383796"
"wavelet-HHL","glcm","ClusterTendency","3.8154889493812147"
"wavelet-HHL","glcm","Contrast","4.016689523279188"
"wavelet-HHL","glcm","Correlation","-0.02573574464255369"
"wavelet-HHL","glcm","DifferenceAverage","1.5353125131052043"
"wavelet-HHL","glcm","DifferenceEntropy","2.2290354553381735"
"wavelet-HHL","glcm","DifferenceVariance","1.6154862233149305"
"wavelet-HHL","glcm","Id","0.5116418956973507"
"wavelet-HHL","glcm","Idm","0.4523029221257051"
"wavelet-HHL","glcm","Idmn","0.9892814163451479"
"wavelet-HHL","glcm","Idn","0.9286829272175768"
"wavelet-HHL","glcm","Imc1","-0.02155257158959154"
"wavelet-HHL","glcm","Imc2","0.2760383423630498"
"wavelet-HHL","glcm","InverseVariance","0.4367177589818652"
"wavelet-HHL","glcm","JointAverage","9.498303002130218"
"wavelet-HHL","glcm","JointEnergy","0.04407111667362933"
"wavelet-HHL","glcm","JointEntropy","4.998152311204431"
"wavelet-HHL","glcm","MCC","0.3984367450799231"
"wavelet-HHL","glcm","MaximumProbability","0.08080928849297392"
"wavelet-HHL","glcm","SumAverage","18.996606004260432"
"wavelet-HHL","glcm","SumEntropy","2.9852132955556265"
"wavelet-HHL","glcm","SumSquares","1.9580446181651003"
"wavelet-HHL","gldm","DependenceEntropy","5.589115225371632"
"wavelet-HHL","gldm","DependenceNonUniformity","1896.2930091514593"
"wavelet-HHL","gldm","DependenceNonUniformityNormalized","0.10268549353719929"
"wavelet-HHL","gldm","DependenceVariance","8.250387572106577"
"wavelet-HHL","gldm","GrayLevelNonUniformity","3779.2440028158335"
"wavelet-HHL","gldm","GrayLevelVariance","2.006538232466638"
"wavelet-HHL","gldm","HighGrayLevelEmphasis","92.24367791195105"
"wavelet-HHL","gldm","LargeDependenceEmphasis","34.77397519900363"
"wavelet-HHL","gldm","LargeDependenceHighGrayLevelEmphasis","3169.6841934261115"
"wavelet-HHL","gldm","LargeDependenceLowGrayLevelEmphasis","0.3949323787378199"
"wavelet-HHL","gldm","LowGrayLevelEmphasis","0.012064635639201267"
"wavelet-HHL","gldm","SmallDependenceEmphasis","0.14582139519254572"
"wavelet-HHL","gldm","SmallDependenceHighGrayLevelEmphasis","13.87923901959955"
"wavelet-HHL","gldm","SmallDependenceLowGrayLevelEmphasis","0.0021004090414281835"
"wavelet-HHL","glrlm","GrayLevelNonUniformity","2989.0846973240136"
"wavelet-HHL","glrlm","GrayLevelNonUniformityNormalized","0.1925738645986594"
"wavelet-HHL","glrlm","GrayLevelVariance","2.2099498078595854"
"wavelet-HHL","glrlm","HighGrayLevelRunEmphasis","92.42348244648156"
"wavelet-HHL","glrlm","LongRunEmphasis","1.6701176388335903"
"wavelet-HHL","glrlm","LongRunHighGrayLevelEmphasis","153.55123667231354"
"wavelet-HHL","glrlm","LongRunLowGrayLevelEmphasis","0.019840070794227744"
"wavelet-HHL","glrlm","LowGrayLevelRunEmphasis","0.012184424033303555"
"wavelet-HHL","glrlm","RunEntropy","3.324372256602797"
"wavelet-HHL","glrlm","RunLengthNonUniformity","11398.349066845958"
"wavelet-HHL","glrlm","RunLengthNonUniformityNormalized","0.7325427318163598"
"wavelet-HHL","glrlm","RunPercentage","0.8403805540860828"
"wavelet-HHL","glrlm","RunVariance","0.2469511668572835"
"wavelet-HHL","glrlm","ShortRunEmphasis","0.8796694738457074"
"wavelet-HHL","glrlm","ShortRunHighGrayLevelEmphasis","81.42389469538446"
"wavelet-HHL","glrlm","ShortRunLowGrayLevelEmphasis","0.010805049053516405"
"wavelet-HHL","glszm","GrayLevelNonUniformity","365.4162314182403"
"wavelet-HHL","glszm","GrayLevelNonUniformityNormalized","0.14681246742396153"
"wavelet-HHL","glszm","GrayLevelVariance","6.265855662867601"
"wavelet-HHL","glszm","HighGrayLevelZoneEmphasis","96.2374447569305"
"wavelet-HHL","glszm","LargeAreaEmphasis","18669.089192446765"
"wavelet-HHL","glszm","LargeAreaHighGrayLevelEmphasis","1695271.382081157"
"wavelet-HHL","glszm","LargeAreaLowGrayLevelEmphasis","210.1392896844936"
"wavelet-HHL","glszm","LowGrayLevelZoneEmphasis","0.014937385942889318"
"wavelet-HHL","glszm","SizeZoneNonUniformity","1011.5006026516674"
"wavelet-HHL","glszm","SizeZoneNonUniformityNormalized","0.406388349799786"
"wavelet-HHL","glszm","SmallAreaEmphasis","0.6622482355876923"
"wavelet-HHL","glszm","SmallAreaHighGrayLevelEmphasis","64.065947162962"
"wavelet-HHL","glszm","SmallAreaLowGrayLevelEmphasis","0.010513577743997256"
"wavelet-HHL","glszm","ZoneEntropy","4.962990852580269"
"wavelet-HHL","glszm","ZonePercentage","0.13478096063247955"
"wavelet-HHL","glszm","ZoneVariance","18614.041020022047"
"wavelet-HHL","ngtdm","Busyness","12.348619737014223"
"wavelet-HHL","ngtdm","Coarseness","0.00031389888308310925"
"wavelet-HHL","ngtdm","Complexity","181.53958115728867"
"wavelet-HHL","ngtdm","Contrast","0.01554586986014544"
"wavelet-HHL","ngtdm","Strength","0.04921033673319522"
"wavelet-HHH","firstorder","10Percentile","-32.36279373858153"
"wavelet-HHH","firstorder","90Percentile","32.601236445665485"
"wavelet-HHH","firstorder","Energy","12823132.282646835"
"wavelet-HHH","firstorder","Entropy","2.1664386435897236"
"wavelet-HHH","firstorder","InterquartileRange","33.552171832795"
"wavelet-HHH","firstorder","Kurtosis","3.8970138644130197"
"wavelet-HHH","firstorder","Maximum","143.25216318095647"
"wavelet-HHH","firstorder","MeanAbsoluteDeviation","20.474683855297425"
"wavelet-HHH","firstorder","Mean","0.007258411292833109"
"wavelet-HHH","firstorder","Median","0.20898516482771567"
"wavelet-HHH","firstorder","Minimum","-160.26562067471326"
"wavelet-HHH","firstorder","Range","303.51778385566973"
"wavelet-HHH","firstorder","RobustMeanAbsoluteDeviation","13.915444747795481"
"wavelet-HHH","firstorder","RootMeanSquared","26.351108343999726"
"wavelet-HHH","firstorder","Skewness","-0.07682835829233865"
"wavelet-HHH","firstorder","TotalEnergy","35317665.0330288"
"wavelet-HHH","firstorder","Uniformity","0.2675147382669803"
"wavelet-HHH","firstorder","Variance","694.3808582726773"
"wavelet-HHH","glcm","Autocorrelation","56.23224763911873"
"wavelet-HHH","glcm","ClusterProminence","17.93469746085008"
"wavelet-HHH","glcm","ClusterShade","-0.18315130778839833"
"wavelet-HHH","glcm","ClusterTendency","2.2096366223655806"
"wavelet-HHH","glcm","Contrast","2.337082474805268"
"wavelet-HHH","glcm","Correlation","-0.027464117483583607"
"wavelet-HHH","glcm","DifferenceAverage","1.1532851103114727"
"wavelet-HHH","glcm","DifferenceEntropy","1.9181365246953663"
"wavelet-HHH","glcm","DifferenceVariance","0.9992874419644426"
"wavelet-HHH","glcm","Id","0.5764829890940957"
"wavelet-HHH","glcm","Idm","0.5351121148692884"
"wavelet-HHH","glcm","Idmn","0.9867979416108139"
"wavelet-HHH","glcm","Idn","0.9228847253829369"
"wavelet-HHH","glcm","Imc1","-0.010614127576038855"
"wavelet-HHH","glcm","Imc2","0.18620897869895786"
"wavelet-HHH","glcm","InverseVariance","0.48858701332886223"
"wavelet-HHH","glcm","JointAverage","7.500940458661343"
"wavelet-HHH","glcm","JointEnergy","0.0756524818822831"
"wavelet-HHH","glcm","JointEntropy","4.242614008694613"
"wavelet-HHH","glcm","MCC","0.3386380258794764"
"wavelet-HHH","glcm","MaximumProbability","0.12565726752506848"
"wavelet-HHH","glcm","SumAverage","15.001880917322683"
"wavelet-HHH","glcm","SumEntropy","2.6030565248745017"
"wavelet-HHH","glcm","SumSquares","1.1366797742927124"
"wavelet-HHH","gldm","DependenceEntropy","5.372444806418396"
"wavelet-HHH","gldm","DependenceNonUniformity","1486.028537391022"
"wavelet-HHH","gldm","DependenceNonUniformityNormalized","0.0804694069091364"
"wavelet-HHH","gldm","DependenceVariance","12.137739511893919"
"wavelet-HHH","gldm","GrayLevelNonUniformity","4940.194671576325"
"wavelet-HHH","gldm","GrayLevelVariance","1.196551404588819"
"wavelet-HHH","gldm","HighGrayLevelEmphasis","57.46726593382791"
"wavelet-HHH","gldm","LargeDependenceEmphasis","53.00920561000704"
"wavelet-HHH","gldm","LargeDependenceHighGrayLevelEmphasis","3009.1088969513185"
"wavelet-HHH","gldm","LargeDependenceLowGrayLevelEmphasis","0.9619711251666546"
"wavelet-HHH","gldm","LowGrayLevelEmphasis","0.01920856807906119"
"wavelet-HHH","gldm","SmallDependenceEmphasis","0.11573298318955487"
"wavelet-HHH","gldm","SmallDependenceHighGrayLevelEmphasis","6.941395077098174"
"wavelet-HHH","gldm","SmallDependenceLowGrayLevelEmphasis","0.002710308290698617"
"wavelet-HHH","glrlm","GrayLevelNonUniformity","3584.152573549435"
"wavelet-HHH","glrlm","GrayLevelNonUniformityNormalized","0.24472311381635617"
"wavelet-HHH","glrlm","GrayLevelVariance","1.3761276383004588"
"wavelet-HHH","glrlm","HighGrayLevelRunEmphasis","57.62468540526184"
"wavelet-HHH","glrlm","LongRunEmphasis","1.971375777842952"
"wavelet-HHH","glrlm","LongRunHighGrayLevelEmphasis","112.84807607499384"
"wavelet-HHH","glrlm","LongRunLowGrayLevelEmphasis","0.037163770722716045"
"wavelet-HHH","glrlm","LowGrayLevelRunEmphasis","0.019457668425845683"
"wavelet-HHH","glrlm","RunEntropy","3.1397990595434306"
"wavelet-HHH","glrlm","RunLengthNonUniformity","9805.654833321996"
"wavelet-HHH","glrlm","RunLengthNonUniformityNormalized","0.6680575634588676"
"wavelet-HHH","glrlm","RunPercentage","0.7925738635653617"
"wavelet-HHH","glrlm","RunVariance","0.3699979209132839"
"wavelet-HHH","glrlm","ShortRunEmphasis","0.8438505050214377"
"wavelet-HHH","glrlm","ShortRunHighGrayLevelEmphasis","48.73806102792831"
"wavelet-HHH","glrlm","ShortRunLowGrayLevelEmphasis","0.016598001018588313"
"wavelet-HHH","glszm","GrayLevelNonUniformity","320.97422969187676"
"wavelet-HHH","glszm","GrayLevelNonUniformityNormalized","0.17981749562570126"
"wavelet-HHH","glszm","GrayLevelVariance","4.661191221586674"
"wavelet-HHH","glszm","HighGrayLevelZoneEmphasis","60.96582633053221"
"wavelet-HHH","glszm","LargeAreaEmphasis","39264.089075630254"
"wavelet-HHH","glszm","LargeAreaHighGrayLevelEmphasis","2241121.6358543416"
"wavelet-HHH","glszm","LargeAreaLowGrayLevelEmphasis","702.1806912625001"
"wavelet-HHH","glszm","LowGrayLevelZoneEmphasis","0.024645607828519694"
"wavelet-HHH","glszm","SizeZoneNonUniformity","869.8929971988796"
"wavelet-HHH","glszm","SizeZoneNonUniformityNormalized","0.4873350124363471"
"wavelet-HHH","glszm","SmallAreaEmphasis","0.7253452577328567"
"wavelet-HHH","glszm","SmallAreaHighGrayLevelEmphasis","44.62914220836099"
"wavelet-HHH","glszm","SmallAreaLowGrayLevelEmphasis","0.018719098394623865"
"wavelet-HHH","glszm","ZoneEntropy","4.399569603260361"
"wavelet-HHH","glszm","ZonePercentage","0.09665890507391563"
"wavelet-HHH","glszm","ZoneVariance","39157.05643072916"
"wavelet-HHH","ngtdm","Busyness","22.733662127868584"
"wavelet-HHH","ngtdm","Coarseness","0.0003060257433789098"
"wavelet-HHH","ngtdm","Complexity","72.08948530670303"
"wavelet-HHH","ngtdm","Contrast","0.014144107848623109"
"wavelet-HHH","ngtdm","Strength","0.023588949868285983"
"wavelet-LLL","firstorder","10Percentile","-237.48601552141037"
"wavelet-LLL","firstorder","90Percentile","208.22298508336962"
"wavelet-LLL","firstorder","Energy","806957776.5898273"
"wavelet-LLL","firstorder","Entropy","4.664553303310035"
"wavelet-LLL","firstorder","InterquartileRange","171.71933141077318"
"wavelet-LLL","firstorder","Kurtosis","9.126868465095605"
"wavelet-LLL","firstorder","Maximum","636.4077299489308"
"wavelet-LLL","firstorder","MeanAbsoluteDeviation","143.72789206429013"
"wavelet-LLL","firstorder","Mean","34.92714680409167"
"wavelet-LLL","firstorder","Median","90.54258497239996"
"wavelet-LLL","firstorder","Minimum","-1613.0873875368184"
"wavelet-LLL","firstorder","Range","2249.4951174857492"
"wavelet-LLL","firstorder","RobustMeanAbsoluteDeviation","79.95866047951765"
"wavelet-LLL","firstorder","RootMeanSquared","209.03895757706093"
"wavelet-LLL","firstorder","Skewness","-2.001380652545538"
"wavelet-LLL","firstorder","TotalEnergy","2222535322.977618"
"wavelet-LLL","firstorder","Uniformity","0.05700666781927269"
"wavelet-LLL","firstorder","Variance","42477.3802010297"
"wavelet-LLL","glcm","Autocorrelation","4641.117803682617"
"wavelet-LLL","glcm","ClusterProminence","180163.35301120413"
"wavelet-LLL","glcm","ClusterShade","-3038.6101364462456"
"wavelet-LLL","glcm","ClusterTendency","125.76948039642095"
"wavelet-LLL","glcm","Contrast","69.27620048264767"
"wavelet-LLL","glcm","Correlation","0.24713832314567485"
"wavelet-LLL","glcm","DifferenceAverage","5.2641323417909565"
"wavelet-LLL","glcm","DifferenceEntropy","3.816904880247014"
"wavelet-LLL","glcm","DifferenceVariance","38.93137136641335"
"wavelet-LLL","glcm","Id","0.3321814929053265"
"wavelet-LLL","glcm","Idm","0.25242235227757975"
"wavelet-LLL","glcm","Idmn","0.9921343122468277"
"wavelet-LLL","glcm","Idn","0.9490301630166749"
"wavelet-LLL","glcm","Imc1","-0.08894651466338531"
"wavelet-LLL","glcm","Imc2","0.6445523217659594"
"wavelet-LLL","glcm","InverseVariance","0.2547334142319947"
"wavelet-LLL","glcm","JointAverage","68.02058289874292"
"wavelet-LLL","glcm","JointEnergy","0.006143956779524276"
"wavelet-LLL","glcm","JointEntropy","8.416766077690285"
"wavelet-LLL","glcm","MCC","0.5980144649160973"
"wavelet-LLL","glcm","MaximumProbability","0.016524014596985014"
"wavelet-LLL","glcm","SumAverage","136.0411657974859"
"wavelet-LLL","glcm","SumEntropy","5.10670083497862"
"wavelet-LLL","glcm","SumSquares","48.76142021976721"
"wavelet-LLL","gldm","DependenceEntropy","7.1394649380394855"
"wavelet-LLL","gldm","DependenceNonUniformity","3151.794714896843"
"wavelet-LLL","gldm","DependenceNonUniformityNormalized","0.17067172333875794"
"wavelet-LLL","gldm","DependenceVariance","4.149724935268102"
"wavelet-LLL","gldm","GrayLevelNonUniformity","1052.7421346185088"
"wavelet-LLL","gldm","GrayLevelVariance","68.09250365002251"
"wavelet-LLL","gldm","HighGrayLevelEmphasis","4543.772783884768"
"wavelet-LLL","gldm","LargeDependenceEmphasis","14.175502247251854"
"wavelet-LLL","gldm","LargeDependenceHighGrayLevelEmphasis","68424.98456706558"
"wavelet-LLL","gldm","LargeDependenceLowGrayLevelEmphasis","0.003058830406516526"
"wavelet-LLL","gldm","LowGrayLevelEmphasis","0.0003059543020281286"
"wavelet-LLL","gldm","SmallDependenceEmphasis","0.3274317700176992"
"wavelet-LLL","gldm","SmallDependenceHighGrayLevelEmphasis","1346.0839751331562"
"wavelet-LLL","gldm","SmallDependenceLowGrayLevelEmphasis","0.00015946810342800318"
"wavelet-LLL","glrlm","GrayLevelNonUniformity","915.1291337306938"
"wavelet-LLL","glrlm","GrayLevelNonUniformityNormalized","0.05404047368467582"
"wavelet-LLL","glrlm","GrayLevelVariance","72.10593024168597"
"wavelet-LLL","glrlm","HighGrayLevelRunEmphasis","4517.997696959287"
"wavelet-LLL","glrlm","LongRunEmphasis","1.3146518193425438"
"wavelet-LLL","glrlm","LongRunHighGrayLevelEmphasis","6034.96946972901"
"wavelet-LLL","glrlm","LongRunLowGrayLevelEmphasis","0.000381318904255413"
"wavelet-LLL","glrlm","LowGrayLevelRunEmphasis","0.0003147647566477492"
"wavelet-LLL","glrlm","RunEntropy","5.139652448418721"
"wavelet-LLL","glrlm","RunLengthNonUniformity","14516.132656901078"
"wavelet-LLL","glrlm","RunLengthNonUniformityNormalized","0.8541723862520583"
"wavelet-LLL","glrlm","RunPercentage","0.9166788158503109"
"wavelet-LLL","glrlm","RunVariance","0.11571883911837401"
"wavelet-LLL","glrlm","ShortRunEmphasis","0.938429690361932"
"wavelet-LLL","glrlm","ShortRunHighGrayLevelEmphasis","4221.427194377047"
"wavelet-LLL","glrlm","ShortRunLowGrayLevelEmphasis","0.00030170480502314344"
"wavelet-LLL","glszm","GrayLevelNonUniformity","202.1689279856866"
"wavelet-LLL","glszm","GrayLevelNonUniformityNormalized","0.030142974203919277"
"wavelet-LLL","glszm","GrayLevelVariance","121.31946917214667"
"wavelet-LLL","glszm","HighGrayLevelZoneEmphasis","4117.512151483525"
"wavelet-LLL","glszm","LargeAreaEmphasis","287.31638586551367"
"wavelet-LLL","glszm","LargeAreaHighGrayLevelEmphasis","1381639.1447741166"
"wavelet-LLL","glszm","LargeAreaLowGrayLevelEmphasis","0.06009798450714855"
"wavelet-LLL","glszm","LowGrayLevelZoneEmphasis","0.00046560879037849356"
"wavelet-LLL","glszm","SizeZoneNonUniformity","3069.1529745042494"
"wavelet-LLL","glszm","SizeZoneNonUniformityNormalized","0.4576044393177649"
"wavelet-LLL","glszm","SmallAreaEmphasis","0.7032560956354226"
"wavelet-LLL","glszm","SmallAreaHighGrayLevelEmphasis","2778.998859632867"
"wavelet-LLL","glszm","SmallAreaLowGrayLevelEmphasis","0.000394533119413074"
"wavelet-LLL","glszm","ZoneEntropy","7.03485374984153"
"wavelet-LLL","glszm","ZonePercentage","0.3631883901012617"
"wavelet-LLL","glszm","ZoneVariance","279.7352184780809"
"wavelet-LLL","ngtdm","Busyness","0.28195750519456003"
"wavelet-LLL","ngtdm","Coarseness","0.00038463662915935894"
"wavelet-LLL","ngtdm","Complexity","15042.606220214831"
"wavelet-LLL","ngtdm","Contrast","0.07417164380220902"
"wavelet-LLL","ngtdm","Strength","2.44731796721502"
