"Image type","Feature Class","Feature Name","Segmentation_4_segment_Segment_1"
"diagnostics","Versions","PyRadiomics","v3.0.1.post4+gad5b2de"
"diagnostics","Versions","Numpy","1.19.2"
"diagnostics","Versions","SimpleITK","2.0.2"
"diagnostics","Versions","PyWavelet","1.1.1"
"diagnostics","Versions","Python","3.6.7"
"diagnostics","Configuration","Settings","{'minimumROIDimensions': 2, 'minimumROISize': None, 'normalize': False, 'normalizeScale': 1, 'removeOutliers': None, 'resampledPixelSpacing': None, 'interpolator': 'sitkBSpline', 'preCrop': False, 'padDistance': 5, 'distances': [1], 'force2D': False, 'force2Ddimension': 0, 'resegmentRange': None, 'label': 1, 'additionalInfo': True, 'binWidth': 25.0, 'symmetricalGLCM': True, 'correctMask': True}"
"diagnostics","Configuration","EnabledImageTypes","{'Original': {}, 'Wavelet': {}}"
"diagnostics","Image-original","Hash","a28b12b24ad4de06a1d98eee7e08463c75caba98"
"diagnostics","Image-original","Dimensionality","3D"
"diagnostics","Image-original","Spacing","(0.742188, 0.742188, 5.0)"
"diagnostics","Image-original","Size","(512, 512, 54)"
"diagnostics","Image-original","Mean","-961.7269302650734"
"diagnostics","Image-original","Minimum","-3024.0"
"diagnostics","Image-original","Maximum","2215.0"
"diagnostics","Mask-original","Hash","9381af57822f9741dc6b62683db00f407bcc8af9"
"diagnostics","Mask-original","Spacing","(0.742188, 0.742188, 5.0)"
"diagnostics","Mask-original","Size","(512, 512, 54)"
"diagnostics","Mask-original","BoundingBox","(300, 304, 29, 43, 51, 11)"
"diagnostics","Mask-original","VoxelNum","8183"
"diagnostics","Mask-original","VolumeNum","1"
"diagnostics","Mask-original","CenterOfMassIndex","(320.2180129536845, 328.68605645851153, 34.20628131492118)"
"diagnostics","Mask-original","CenterOfMass","(25.361966598069102, 53.946846870829745, -108.21859342539412)"
"original","shape","Elongation","0.4455156650980412"
"original","shape","Flatness","0.37035462515210527"
"original","shape","LeastAxisLength","22.470999809897112"
"original","shape","MajorAxisLength","60.674278877084994"
"original","shape","Maximum2DDiameterColumn","57.58815817045181"
"original","shape","Maximum2DDiameterRow","61.474418292765776"
"original","shape","Maximum2DDiameterSlice","36.43530836838135"
"original","shape","Maximum3DDiameter","65.4834563970152"
"original","shape","MeshVolume","22384.080210943415"
"original","shape","MinorAxisLength","27.031341708268553"
"original","shape","Sphericity","0.5759820073395854"
"original","shape","SurfaceArea","6668.600639142419"
"original","shape","SurfaceVolumeRatio","0.29791711682136435"
"original","shape","VoxelVolume","22537.742463779756"
"original","firstorder","10Percentile","-46.0"
"original","firstorder","90Percentile","104.0"
"original","firstorder","Energy","74035694.0"
"original","firstorder","Entropy","3.4548722313576996"
"original","firstorder","InterquartileRange","70.0"
"original","firstorder","Kurtosis","24.98218868336589"
"original","firstorder","Maximum","361.0"
"original","firstorder","MeanAbsoluteDeviation","55.07901092223323"
"original","firstorder","Mean","25.97531467676891"
"original","firstorder","Median","38.0"
"original","firstorder","Minimum","-1024.0"
"original","firstorder","Range","1385.0"
"original","firstorder","RobustMeanAbsoluteDeviation","30.102315363605477"
"original","firstorder","RootMeanSquared","95.11834829993032"
"original","firstorder","Skewness","-3.36884445166329"
"original","firstorder","TotalEnergy","203910229.07237005"
"original","firstorder","Uniformity","0.12463920866514783"
"original","firstorder","Variance","8372.783210749689"
"original","glcm","Autocorrelation","1836.064804194626"
"original","glcm","ClusterProminence","14970.427657795779"
"original","glcm","ClusterShade","-367.0893001356795"
"original","glcm","ClusterTendency","23.038388657780555"
"original","glcm","Contrast","14.159545582025789"
"original","glcm","Correlation","0.20683215217700057"
"original","glcm","DifferenceAverage","2.5313597675604957"
"original","glcm","DifferenceEntropy","2.893183159690633"
"original","glcm","DifferenceVariance","7.710057266544449"
"original","glcm","Id","0.4231595904565223"
"original","glcm","Idm","0.3454878714492795"
"original","glcm","Idmn","0.9957267977124746"
"original","glcm","Idn","0.958628085965427"
"original","glcm","Imc1","-0.034891141881044516"
"original","glcm","Imc2","0.4241354542677406"
"original","glcm","InverseVariance","0.34783900893221315"
"original","glcm","JointAverage","42.82326897494828"
"original","glcm","JointEnergy","0.01950696342854253"
"original","glcm","JointEntropy","6.4506189615014575"
"original","glcm","MCC","0.3752923971574635"
"original","glcm","MaximumProbability","0.04440490296740739"
"original","glcm","SumAverage","85.64653794989657"
"original","glcm","SumEntropy","3.8932857614630785"
"original","glcm","SumSquares","9.29948355995158"
"original","gldm","DependenceEntropy","6.18739372624378"
"original","gldm","DependenceNonUniformity","1046.895392887694"
"original","gldm","DependenceNonUniformityNormalized","0.12793540179490334"
"original","gldm","DependenceVariance","6.030215994748862"
"original","gldm","GrayLevelNonUniformity","1019.9226445069046"
"original","gldm","GrayLevelVariance","13.489667322063283"
"original","gldm","HighGrayLevelEmphasis","1824.5158254918733"
"original","gldm","LargeDependenceEmphasis","22.201759745814492"
"original","gldm","LargeDependenceHighGrayLevelEmphasis","41331.05719173897"
"original","gldm","LargeDependenceLowGrayLevelEmphasis","0.012363942733291606"
"original","gldm","LowGrayLevelEmphasis","0.0008483842025820607"
"original","gldm","SmallDependenceEmphasis","0.2392600857953374"
"original","gldm","SmallDependenceHighGrayLevelEmphasis","414.7297379879887"
"original","gldm","SmallDependenceLowGrayLevelEmphasis","0.00041060022757904616"
"original","glrlm","GrayLevelNonUniformity","847.2176617822504"
"original","glrlm","GrayLevelNonUniformityNormalized","0.11713517895316758"
"original","glrlm","GrayLevelVariance","14.826779110002567"
"original","glrlm","HighGrayLevelRunEmphasis","1819.6707068535025"
"original","glrlm","LongRunEmphasis","1.4456882852960196"
"original","glrlm","LongRunHighGrayLevelEmphasis","2649.3021281570404"
"original","glrlm","LongRunLowGrayLevelEmphasis","0.0011327489230527213"
"original","glrlm","LowGrayLevelRunEmphasis","0.0008876868370128575"
"original","glrlm","RunEntropy","4.085081108316406"
"original","glrlm","RunLengthNonUniformity","5783.344575163705"
"original","glrlm","RunLengthNonUniformityNormalized","0.7987311941561329"
"original","glrlm","RunPercentage","0.883792853852734"
"original","glrlm","RunVariance","0.16261820591462656"
"original","glrlm","ShortRunEmphasis","0.9135346746264573"
"original","glrlm","ShortRunHighGrayLevelEmphasis","1658.7871982619367"
"original","glrlm","ShortRunLowGrayLevelEmphasis","0.0008398471337323408"
"original","glszm","GrayLevelNonUniformity","138.11835506519557"
"original","glszm","GrayLevelNonUniformityNormalized","0.0692669784680018"
"original","glszm","GrayLevelVariance","37.96239571271487"
"original","glszm","HighGrayLevelZoneEmphasis","1723.8184553660983"
"original","glszm","LargeAreaEmphasis","2418.1088264794384"
"original","glszm","LargeAreaHighGrayLevelEmphasis","4509875.659478435"
"original","glszm","LargeAreaLowGrayLevelEmphasis","1.2996892016254042"
"original","glszm","LowGrayLevelZoneEmphasis","0.0017327197870552868"
"original","glszm","SizeZoneNonUniformity","940.2387161484453"
"original","glszm","SizeZoneNonUniformityNormalized","0.4715339599540849"
"original","glszm","SmallAreaEmphasis","0.7139713744592248"
"original","glszm","SmallAreaHighGrayLevelEmphasis","1209.1608754713827"
"original","glszm","SmallAreaLowGrayLevelEmphasis","0.0015211300748381692"
"original","glszm","ZoneEntropy","5.8997805030614945"
"original","glszm","ZonePercentage","0.24367591347916412"
"original","glszm","ZoneVariance","2401.2675581911226"
"original","ngtdm","Busyness","0.36288775332870454"
"original","ngtdm","Coarseness","0.0007859611745063026"
"original","ngtdm","Complexity","2552.3822897718287"
"original","ngtdm","Contrast","0.02231752177563492"
"original","ngtdm","Strength","2.164113925395989"
"wavelet-LLH","firstorder","10Percentile","-258.2280236780921"
"wavelet-LLH","firstorder","90Percentile","144.97234961708227"
"wavelet-LLH","firstorder","Energy","326664442.21154106"
"wavelet-LLH","firstorder","Entropy","4.648926304714404"
"wavelet-LLH","firstorder","InterquartileRange","130.39340022238125"
"wavelet-LLH","firstorder","Kurtosis","7.964742349768891"
"wavelet-LLH","firstorder","Maximum","1279.7714320844286"
"wavelet-LLH","firstorder","MeanAbsoluteDeviation","125.0657513229065"
"wavelet-LLH","firstorder","Mean","-24.067814470995522"
"wavelet-LLH","firstorder","Median","-17.15309170881332"
"wavelet-LLH","firstorder","Minimum","-977.6610376533538"
"wavelet-LLH","firstorder","Range","2257.4324697377824"
"wavelet-LLH","firstorder","RobustMeanAbsoluteDeviation","62.264030867282706"
"wavelet-LLH","firstorder","RootMeanSquared","199.79961922400054"
"wavelet-LLH","firstorder","Skewness","0.7707644043080272"
"wavelet-LLH","firstorder","TotalEnergy","899704151.367222"
"wavelet-LLH","firstorder","Uniformity","0.06415133630018297"
"wavelet-LLH","firstorder","Variance","39340.62814864535"
"wavelet-LLH","glcm","Autocorrelation","1550.5541518826844"
"wavelet-LLH","glcm","ClusterProminence","130615.32139851703"
"wavelet-LLH","glcm","ClusterShade","666.2940150361394"
"wavelet-LLH","glcm","ClusterTendency","110.23052772814694"
"wavelet-LLH","glcm","Contrast","77.06964084832717"
"wavelet-LLH","glcm","Correlation","0.09559439552532238"
"wavelet-LLH","glcm","DifferenceAverage","5.19784915168764"
"wavelet-LLH","glcm","DifferenceEntropy","3.7975166585102134"
"wavelet-LLH","glcm","DifferenceVariance","47.900713442468586"
"wavelet-LLH","glcm","Id","0.3460443317629375"
"wavelet-LLH","glcm","Idm","0.2686391232424026"
"wavelet-LLH","glcm","Idmn","0.991652175641001"
"wavelet-LLH","glcm","Idn","0.9507463295913241"
"wavelet-LLH","glcm","Imc1","-0.12626994725081936"
"wavelet-LLH","glcm","Imc2","0.7855030986044139"
"wavelet-LLH","glcm","InverseVariance","0.2688059499971481"
"wavelet-LLH","glcm","JointAverage","39.27140292257654"
"wavelet-LLH","glcm","JointEnergy","0.008907960159816328"
"wavelet-LLH","glcm","JointEntropy","8.250292496321478"
"wavelet-LLH","glcm","MCC","0.6148430303082724"
"wavelet-LLH","glcm","MaximumProbability","0.027929464682512048"
"wavelet-LLH","glcm","SumAverage","78.54280584515308"
"wavelet-LLH","glcm","SumEntropy","4.96494648805532"
"wavelet-LLH","glcm","SumSquares","46.82504214411858"
"wavelet-LLH","gldm","DependenceEntropy","7.122994758975491"
"wavelet-LLH","gldm","DependenceNonUniformity","1308.8074055969694"
"wavelet-LLH","gldm","DependenceNonUniformityNormalized","0.15994224680398011"
"wavelet-LLH","gldm","DependenceVariance","6.08561004370736"
"wavelet-LLH","gldm","GrayLevelNonUniformity","524.9503849443969"
"wavelet-LLH","gldm","GrayLevelVariance","63.035526076787214"
"wavelet-LLH","gldm","HighGrayLevelEmphasis","1625.7628009287548"
"wavelet-LLH","gldm","LargeDependenceEmphasis","17.809727483807894"
"wavelet-LLH","gldm","LargeDependenceHighGrayLevelEmphasis","28712.077844311378"
"wavelet-LLH","gldm","LargeDependenceLowGrayLevelEmphasis","0.01168357433276554"
"wavelet-LLH","gldm","LowGrayLevelEmphasis","0.0009007882223160803"
"wavelet-LLH","gldm","SmallDependenceEmphasis","0.3429083125634347"
"wavelet-LLH","gldm","SmallDependenceHighGrayLevelEmphasis","594.3752515121291"
"wavelet-LLH","gldm","SmallDependenceLowGrayLevelEmphasis","0.00042654732397935506"
"wavelet-LLH","glrlm","GrayLevelNonUniformity","434.6004468815796"
"wavelet-LLH","glrlm","GrayLevelNonUniformityNormalized","0.05852005046637649"
"wavelet-LLH","glrlm","GrayLevelVariance","68.13156051261434"
"wavelet-LLH","glrlm","HighGrayLevelRunEmphasis","1628.9306816402702"
"wavelet-LLH","glrlm","LongRunEmphasis","1.3606289698553113"
"wavelet-LLH","glrlm","LongRunHighGrayLevelEmphasis","2205.453686986015"
"wavelet-LLH","glrlm","LongRunLowGrayLevelEmphasis","0.0011645064402414475"
"wavelet-LLH","glrlm","LowGrayLevelRunEmphasis","0.000925411630215825"
"wavelet-LLH","glrlm","RunEntropy","5.183434107536606"
"wavelet-LLH","glrlm","RunLengthNonUniformity","6250.566132865159"
"wavelet-LLH","glrlm","RunLengthNonUniformityNormalized","0.8393262570627638"
"wavelet-LLH","glrlm","RunPercentage","0.9067673130975099"
"wavelet-LLH","glrlm","RunVariance","0.13544219789846992"
"wavelet-LLH","glrlm","ShortRunEmphasis","0.9317706679385421"
"wavelet-LLH","glrlm","ShortRunHighGrayLevelEmphasis","1520.3048901699751"
"wavelet-LLH","glrlm","ShortRunLowGrayLevelEmphasis","0.0008795147536021963"
"wavelet-LLH","glszm","GrayLevelNonUniformity","86.70092226613966"
"wavelet-LLH","glszm","GrayLevelNonUniformityNormalized","0.02855761602969027"
"wavelet-LLH","glszm","GrayLevelVariance","131.69810061432335"
"wavelet-LLH","glszm","HighGrayLevelZoneEmphasis","1712.572463768116"
"wavelet-LLH","glszm","LargeAreaEmphasis","562.8712121212121"
"wavelet-LLH","glszm","LargeAreaHighGrayLevelEmphasis","915050.4864953887"
"wavelet-LLH","glszm","LargeAreaLowGrayLevelEmphasis","0.34791809676558955"
"wavelet-LLH","glszm","LowGrayLevelZoneEmphasis","0.0012394632466497903"
"wavelet-LLH","glszm","SizeZoneNonUniformity","1589.421607378129"
"wavelet-LLH","glszm","SizeZoneNonUniformityNormalized","0.5235249036159846"
"wavelet-LLH","glszm","SmallAreaEmphasis","0.7516262669059682"
"wavelet-LLH","glszm","SmallAreaHighGrayLevelEmphasis","1337.3405027637252"
"wavelet-LLH","glszm","SmallAreaLowGrayLevelEmphasis","0.0010132491099022257"
"wavelet-LLH","glszm","ZoneEntropy","6.882863777037966"
"wavelet-LLH","glszm","ZonePercentage","0.37101307588903826"
"wavelet-LLH","glszm","ZoneVariance","555.6064471619443"
"wavelet-LLH","ngtdm","Busyness","0.18806072964697973"
"wavelet-LLH","ngtdm","Coarseness","0.0010155416149447258"
"wavelet-LLH","ngtdm","Complexity","13314.089721775974"
"wavelet-LLH","ngtdm","Contrast","0.06947235002009003"
"wavelet-LLH","ngtdm","Strength","3.8808923791031478"
"wavelet-LHL","firstorder","10Percentile","-110.1409158358789"
"wavelet-LHL","firstorder","90Percentile","95.09290738401045"
"wavelet-LHL","firstorder","Energy","62227091.77513045"
"wavelet-LHL","firstorder","Entropy","3.801734654542377"
"wavelet-LHL","firstorder","InterquartileRange","104.24668479471464"
"wavelet-LHL","firstorder","Kurtosis","5.998876975160604"
"wavelet-LHL","firstorder","Maximum","795.8328689935653"
"wavelet-LHL","firstorder","MeanAbsoluteDeviation","65.56368315943094"
"wavelet-LHL","firstorder","Mean","-6.430415479158091"
"wavelet-LHL","firstorder","Median","-3.9580091286024066"
"wavelet-LHL","firstorder","Minimum","-522.9819856330133"
"wavelet-LHL","firstorder","Range","1318.8148546265786"
"wavelet-LHL","firstorder","RobustMeanAbsoluteDeviation","43.488091507541185"
"wavelet-LHL","firstorder","RootMeanSquared","87.20341174971722"
"wavelet-LHL","firstorder","Skewness","-0.11545340018642025"
"wavelet-LHL","firstorder","TotalEnergy","171386798.08112887"
"wavelet-LHL","firstorder","Uniformity","0.08835235130449384"
"wavelet-LHL","firstorder","Variance","7563.084777556122"
"wavelet-LHL","glcm","Autocorrelation","452.5776293162958"
"wavelet-LHL","glcm","ClusterProminence","2802.035806638832"
"wavelet-LHL","glcm","ClusterShade","-32.952384613770214"
"wavelet-LHL","glcm","ClusterTendency","21.632513675451897"
"wavelet-LHL","glcm","Contrast","21.246611500532723"
"wavelet-LHL","glcm","Correlation","0.00823636139450817"
"wavelet-LHL","glcm","DifferenceAverage","3.485366735684565"
"wavelet-LHL","glcm","DifferenceEntropy","3.256803732813161"
"wavelet-LHL","glcm","DifferenceVariance","8.474984144060413"
"wavelet-LHL","glcm","Id","0.34751666624690053"
"wavelet-LHL","glcm","Idm","0.2577883145814085"
"wavelet-LHL","glcm","Idmn","0.9926870440359506"
"wavelet-LHL","glcm","Idn","0.9407805329873875"
"wavelet-LHL","glcm","Imc1","-0.05059219719455661"
"wavelet-LHL","glcm","Imc2","0.5268828392919278"
"wavelet-LHL","glcm","InverseVariance","0.2643036227934224"
"wavelet-LHL","glcm","JointAverage","21.271598044676423"
"wavelet-LHL","glcm","JointEnergy","0.00974177075431769"
"wavelet-LHL","glcm","JointEntropy","7.254539982404946"
"wavelet-LHL","glcm","MCC","0.44687760599492243"
"wavelet-LHL","glcm","MaximumProbability","0.02082955933964222"
"wavelet-LHL","glcm","SumAverage","42.543196089352854"
"wavelet-LHL","glcm","SumEntropy","4.162653936557113"
"wavelet-LHL","glcm","SumSquares","10.719781293996151"
"wavelet-LHL","gldm","DependenceEntropy","6.2479141166998895"
"wavelet-LHL","gldm","DependenceNonUniformity","1444.2491751191494"
"wavelet-LHL","gldm","DependenceNonUniformityNormalized","0.17649385006955268"
"wavelet-LHL","gldm","DependenceVariance","3.2956763849740556"
"wavelet-LHL","gldm","GrayLevelNonUniformity","722.9872907246731"
"wavelet-LHL","gldm","GrayLevelVariance","12.19037130431792"
"wavelet-LHL","gldm","HighGrayLevelEmphasis","463.38030062324333"
"wavelet-LHL","gldm","LargeDependenceEmphasis","12.84040083099108"
"wavelet-LHL","gldm","LargeDependenceHighGrayLevelEmphasis","5956.721862397653"
"wavelet-LHL","gldm","LargeDependenceLowGrayLevelEmphasis","0.029340801895514523"
"wavelet-LHL","gldm","LowGrayLevelEmphasis","0.0027812541255216442"
"wavelet-LHL","gldm","SmallDependenceEmphasis","0.3080629172370283"
"wavelet-LHL","gldm","SmallDependenceHighGrayLevelEmphasis","143.53288466770982"
"wavelet-LHL","gldm","SmallDependenceLowGrayLevelEmphasis","0.0011756120268037605"
"wavelet-LHL","glrlm","GrayLevelNonUniformity","644.7353630162696"
"wavelet-LHL","glrlm","GrayLevelNonUniformityNormalized","0.08568524618716518"
"wavelet-LHL","glrlm","GrayLevelVariance","12.795166580963551"
"wavelet-LHL","glrlm","HighGrayLevelRunEmphasis","463.41970764188204"
"wavelet-LHL","glrlm","LongRunEmphasis","1.288874839279392"
"wavelet-LHL","glrlm","LongRunHighGrayLevelEmphasis","597.1815008795079"
"wavelet-LHL","glrlm","LongRunLowGrayLevelEmphasis","0.003482260285432821"
"wavelet-LHL","glrlm","LowGrayLevelRunEmphasis","0.002826261422016784"
"wavelet-LHL","glrlm","RunEntropy","4.249747174440507"
"wavelet-LHL","glrlm","RunLengthNonUniformity","6446.227691358228"
"wavelet-LHL","glrlm","RunLengthNonUniformityNormalized","0.854954276873318"
"wavelet-LHL","glrlm","RunPercentage","0.9196363944011506"
"wavelet-LHL","glrlm","RunVariance","0.10216331044772839"
"wavelet-LHL","glrlm","ShortRunEmphasis","0.9395953936116885"
"wavelet-LHL","glrlm","ShortRunHighGrayLevelEmphasis","435.4690790441152"
"wavelet-LHL","glrlm","ShortRunLowGrayLevelEmphasis","0.0026886685693685982"
"wavelet-LHL","glszm","GrayLevelNonUniformity","177.4232424677188"
"wavelet-LHL","glszm","GrayLevelNonUniformityNormalized","0.06363817879042999"
"wavelet-LHL","glszm","GrayLevelVariance","23.539800621231798"
"wavelet-LHL","glszm","HighGrayLevelZoneEmphasis","465.9268292682927"
"wavelet-LHL","glszm","LargeAreaEmphasis","288.3906025824964"
"wavelet-LHL","glszm","LargeAreaHighGrayLevelEmphasis","137283.2012195122"
"wavelet-LHL","glszm","LargeAreaLowGrayLevelEmphasis","0.6110982585846361"
"wavelet-LHL","glszm","LowGrayLevelZoneEmphasis","0.003713048393362153"
"wavelet-LHL","glszm","SizeZoneNonUniformity","1180.6922525107605"
"wavelet-LHL","glszm","SizeZoneNonUniformityNormalized","0.42349076488908194"
"wavelet-LHL","glszm","SmallAreaEmphasis","0.6765306460321843"
"wavelet-LHL","glszm","SmallAreaHighGrayLevelEmphasis","316.0123915266459"
"wavelet-LHL","glszm","SmallAreaLowGrayLevelEmphasis","0.0029131581644108845"
"wavelet-LHL","glszm","ZoneEntropy","6.058060682998107"
"wavelet-LHL","glszm","ZonePercentage","0.3407063424172064"
"wavelet-LHL","glszm","ZoneVariance","279.7759143768436"
"wavelet-LHL","ngtdm","Busyness","1.0656452437171016"
"wavelet-LHL","ngtdm","Coarseness","0.0007186491556303969"
"wavelet-LHL","ngtdm","Complexity","2207.135171703135"
"wavelet-LHL","ngtdm","Contrast","0.04111467142292218"
"wavelet-LHL","ngtdm","Strength","0.6195422708196404"
"wavelet-LHH","firstorder","10Percentile","-80.62626077463182"
"wavelet-LHH","firstorder","90Percentile","78.06813371180252"
"wavelet-LHH","firstorder","Energy","37414081.47721192"
"wavelet-LHH","firstorder","Entropy","3.4468306401600057"
"wavelet-LHH","firstorder","InterquartileRange","78.64168228744732"
"wavelet-LHH","firstorder","Kurtosis","5.016804616352439"
"wavelet-LHH","firstorder","Maximum","312.3693283689096"
"wavelet-LHH","firstorder","MeanAbsoluteDeviation","50.75216011392719"
"wavelet-LHH","firstorder","Mean","-0.4444978609952184"
"wavelet-LHH","firstorder","Median","0.5130551138929327"
"wavelet-LHH","firstorder","Minimum","-418.30939017374834"
"wavelet-LHH","firstorder","Range","730.6787185426579"
"wavelet-LHH","firstorder","RobustMeanAbsoluteDeviation","33.154806991646915"
"wavelet-LHH","firstorder","RootMeanSquared","67.61783607702158"
"wavelet-LHH","firstorder","Skewness","-0.07611687035269771"
"wavelet-LHH","firstorder","TotalEnergy","103046429.53101245"
"wavelet-LHH","firstorder","Uniformity","0.11437390527561296"
"wavelet-LHH","firstorder","Variance","4571.9741773905325"
"wavelet-LHH","glcm","Autocorrelation","306.01260448580854"
"wavelet-LHH","glcm","ClusterProminence","858.9060568384339"
"wavelet-LHH","glcm","ClusterShade","-0.6867625710412391"
"wavelet-LHH","glcm","ClusterTendency","12.889423306335809"
"wavelet-LHH","glcm","Contrast","13.26374712305758"
"wavelet-LHH","glcm","Correlation","-0.01467993819866888"
"wavelet-LHH","glcm","DifferenceAverage","2.707624808607096"
"wavelet-LHH","glcm","DifferenceEntropy","2.964017175821468"
"wavelet-LHH","glcm","DifferenceVariance","5.700474701082405"
"wavelet-LHH","glcm","Id","0.3997910244691717"
"wavelet-LHH","glcm","Idm","0.31714554206422996"
"wavelet-LHH","glcm","Idmn","0.9861895887745781"
"wavelet-LHH","glcm","Idn","0.9218108561920937"
"wavelet-LHH","glcm","Imc1","-0.03724054825100838"
"wavelet-LHH","glcm","Imc2","0.42622454167261076"
"wavelet-LHH","glcm","InverseVariance","0.3203356220172461"
"wavelet-LHH","glcm","JointAverage","17.495888731412467"
"wavelet-LHH","glcm","JointEnergy","0.01611714055408909"
"wavelet-LHH","glcm","JointEntropy","6.59685385387356"
"wavelet-LHH","glcm","MCC","0.27879570105750334"
"wavelet-LHH","glcm","MaximumProbability","0.035605026574667645"
"wavelet-LHH","glcm","SumAverage","34.991777462824935"
"wavelet-LHH","glcm","SumEntropy","3.8157469743084245"
"wavelet-LHH","glcm","SumSquares","6.538292607348347"
"wavelet-LHH","gldm","DependenceEntropy","6.1058363076526625"
"wavelet-LHH","gldm","DependenceNonUniformity","1159.8615422216792"
"wavelet-LHH","gldm","DependenceNonUniformityNormalized","0.14174038154975915"
"wavelet-LHH","gldm","DependenceVariance","4.879922756795327"
"wavelet-LHH","gldm","GrayLevelNonUniformity","935.9216668703409"
"wavelet-LHH","gldm","GrayLevelVariance","7.387926902282595"
"wavelet-LHH","gldm","HighGrayLevelEmphasis","313.0458267139191"
"wavelet-LHH","gldm","LargeDependenceEmphasis","18.68764511792741"
"wavelet-LHH","gldm","LargeDependenceHighGrayLevelEmphasis","5785.33618477331"
"wavelet-LHH","gldm","LargeDependenceLowGrayLevelEmphasis","0.06266391019213409"
"wavelet-LHH","gldm","LowGrayLevelEmphasis","0.00372508115796669"
"wavelet-LHH","gldm","SmallDependenceEmphasis","0.24916182616697996"
"wavelet-LHH","gldm","SmallDependenceHighGrayLevelEmphasis","79.80448278159335"
"wavelet-LHH","gldm","SmallDependenceLowGrayLevelEmphasis","0.001151050979756051"
"wavelet-LHH","glrlm","GrayLevelNonUniformity","800.4103217971241"
"wavelet-LHH","glrlm","GrayLevelNonUniformityNormalized","0.1092249567031688"
"wavelet-LHH","glrlm","GrayLevelVariance","7.909533826029625"
"wavelet-LHH","glrlm","HighGrayLevelRunEmphasis","313.43295540865466"
"wavelet-LHH","glrlm","LongRunEmphasis","1.395739911919431"
"wavelet-LHH","glrlm","LongRunHighGrayLevelEmphasis","435.9767370160276"
"wavelet-LHH","glrlm","LongRunLowGrayLevelEmphasis","0.005097553451317593"
"wavelet-LHH","glrlm","LowGrayLevelRunEmphasis","0.0037674877985858007"
"wavelet-LHH","glrlm","RunEntropy","4.007719293573116"
"wavelet-LHH","glrlm","RunLengthNonUniformity","5997.147016293862"
"wavelet-LHH","glrlm","RunLengthNonUniformityNormalized","0.8167674973606167"
"wavelet-LHH","glrlm","RunPercentage","0.8955432933191703"
"wavelet-LHH","glrlm","RunVariance","0.14367980952884263"
"wavelet-LHH","glrlm","ShortRunEmphasis","0.9219544065649963"
"wavelet-LHH","glrlm","ShortRunHighGrayLevelEmphasis","289.24677792194024"
"wavelet-LHH","glrlm","ShortRunLowGrayLevelEmphasis","0.003504228185285887"
"wavelet-LHH","glszm","GrayLevelNonUniformity","152.43607194944093"
"wavelet-LHH","glszm","GrayLevelNonUniformityNormalized","0.0741060145597671"
"wavelet-LHH","glszm","GrayLevelVariance","17.81443020725086"
"wavelet-LHH","glszm","HighGrayLevelZoneEmphasis","321.18716577540107"
"wavelet-LHH","glszm","LargeAreaEmphasis","1904.5789985415654"
"wavelet-LHH","glszm","LargeAreaHighGrayLevelEmphasis","592403.3874574624"
"wavelet-LHH","glszm","LargeAreaLowGrayLevelEmphasis","6.191222500530279"
"wavelet-LHH","glszm","LowGrayLevelZoneEmphasis","0.004683086044317687"
"wavelet-LHH","glszm","SizeZoneNonUniformity","954.8104035002431"
"wavelet-LHH","glszm","SizeZoneNonUniformityNormalized","0.4641761806029378"
"wavelet-LHH","glszm","SmallAreaEmphasis","0.7082227939084662"
"wavelet-LHH","glszm","SmallAreaHighGrayLevelEmphasis","229.23092702574732"
"wavelet-LHH","glszm","SmallAreaLowGrayLevelEmphasis","0.003588247322703288"
"wavelet-LHH","glszm","ZoneEntropy","5.685200803780942"
"wavelet-LHH","glszm","ZonePercentage","0.251374801417573"
"wavelet-LHH","glszm","ZoneVariance","1888.753532113095"
"wavelet-LHH","ngtdm","Busyness","1.7633412428820119"
"wavelet-LHH","ngtdm","Coarseness","0.0007744044737057659"
"wavelet-LHH","ngtdm","Complexity","799.87646313801"
"wavelet-LHH","ngtdm","Contrast","0.03838969624265479"
"wavelet-LHH","ngtdm","Strength","0.2710912639987867"
"wavelet-HLL","firstorder","10Percentile","-81.08128430174054"
"wavelet-HLL","firstorder","90Percentile","63.20893100065848"
"wavelet-HLL","firstorder","Energy","47318113.704208985"
"wavelet-HLL","firstorder","Entropy","3.4266889443981046"
"wavelet-HLL","firstorder","InterquartileRange","67.85957753065517"
"wavelet-HLL","firstorder","Kurtosis","11.238239255936875"
"wavelet-HLL","firstorder","Maximum","856.6162846953448"
"wavelet-HLL","firstorder","MeanAbsoluteDeviation","50.286594341748774"
"wavelet-HLL","firstorder","Mean","-6.817041863361234"
"wavelet-HLL","firstorder","Median","-4.268214299819443"
"wavelet-HLL","firstorder","Minimum","-559.9330851805529"
"wavelet-HLL","firstorder","Range","1416.5493698758978"
"wavelet-HLL","firstorder","RobustMeanAbsoluteDeviation","28.762638280642303"
"wavelet-HLL","firstorder","RootMeanSquared","76.04268380173963"
"wavelet-HLL","firstorder","Skewness","0.07617291474785609"
"wavelet-HLL","firstorder","TotalEnergy","130324265.00517043"
"wavelet-HLL","firstorder","Uniformity","0.12811239905373073"
"wavelet-HLL","firstorder","Variance","5736.017700004534"
"wavelet-HLL","glcm","Autocorrelation","541.8367703086499"
"wavelet-HLL","glcm","ClusterProminence","3271.487222280863"
"wavelet-HLL","glcm","ClusterShade","-21.58201839300329"
"wavelet-HLL","glcm","ClusterTendency","17.079432536934664"
"wavelet-HLL","glcm","Contrast","13.033958190993339"
"wavelet-HLL","glcm","Correlation","0.13242808397272993"
"wavelet-HLL","glcm","DifferenceAverage","2.4591048426314415"
"wavelet-HLL","glcm","DifferenceEntropy","2.866342987970187"
"wavelet-HLL","glcm","DifferenceVariance","6.7918902313249925"
"wavelet-HLL","glcm","Id","0.4353519117812178"
"wavelet-HLL","glcm","Idm","0.36150368238823155"
"wavelet-HLL","glcm","Idmn","0.9962637893641804"
"wavelet-HLL","glcm","Idn","0.9609710531405883"
"wavelet-HLL","glcm","Imc1","-0.05304329751515605"
"wavelet-HLL","glcm","Imc2","0.5163472410707984"
"wavelet-HLL","glcm","InverseVariance","0.3568827784611755"
"wavelet-HLL","glcm","JointAverage","23.25564070509956"
"wavelet-HLL","glcm","JointEnergy","0.022502746173535135"
"wavelet-HLL","glcm","JointEntropy","6.382813232798347"
"wavelet-HLL","glcm","MCC","0.431219068192127"
"wavelet-HLL","glcm","MaximumProbability","0.05156388190880961"
"wavelet-HLL","glcm","SumAverage","46.51128141019914"
"wavelet-HLL","glcm","SumEntropy","3.8265562686589187"
"wavelet-HLL","glcm","SumSquares","7.528347681982"
"wavelet-HLL","gldm","DependenceEntropy","6.249259612109336"
"wavelet-HLL","gldm","DependenceNonUniformity","982.8311132836368"
"wavelet-HLL","gldm","DependenceNonUniformityNormalized","0.12010645402464094"
"wavelet-HLL","gldm","DependenceVariance","7.368115335667043"
"wavelet-HLL","gldm","GrayLevelNonUniformity","1048.3437614566785"
"wavelet-HLL","gldm","GrayLevelVariance","9.287999584358108"
"wavelet-HLL","gldm","HighGrayLevelEmphasis","548.9260662348772"
"wavelet-HLL","gldm","LargeDependenceEmphasis","25.583893437614567"
"wavelet-HLL","gldm","LargeDependenceHighGrayLevelEmphasis","14032.317976292314"
"wavelet-HLL","gldm","LargeDependenceLowGrayLevelEmphasis","0.048384162819639004"
"wavelet-HLL","gldm","LowGrayLevelEmphasis","0.002221433806964559"
"wavelet-HLL","gldm","SmallDependenceEmphasis","0.22595608837863543"
"wavelet-HLL","gldm","SmallDependenceHighGrayLevelEmphasis","126.64658827624557"
"wavelet-HLL","gldm","SmallDependenceLowGrayLevelEmphasis","0.0005589625714431498"
"wavelet-HLL","glrlm","GrayLevelNonUniformity","852.3497127410368"
"wavelet-HLL","glrlm","GrayLevelNonUniformityNormalized","0.11912827782087108"
"wavelet-HLL","glrlm","GrayLevelVariance","10.246862539126395"
"wavelet-HLL","glrlm","HighGrayLevelRunEmphasis","549.1160522106552"
"wavelet-HLL","glrlm","LongRunEmphasis","1.5000064583630282"
"wavelet-HLL","glrlm","LongRunHighGrayLevelEmphasis","823.082277234252"
"wavelet-HLL","glrlm","LongRunLowGrayLevelEmphasis","0.003228135461448068"
"wavelet-HLL","glrlm","LowGrayLevelRunEmphasis","0.002261158883332622"
"wavelet-HLL","glrlm","RunEntropy","4.095452370759352"
"wavelet-HLL","glrlm","RunLengthNonUniformity","5639.050471288224"
"wavelet-HLL","glrlm","RunLengthNonUniformityNormalized","0.7862858249121062"
"wavelet-HLL","glrlm","RunPercentage","0.874307899115427"
"wavelet-HLL","glrlm","RunVariance","0.1855434100280015"
"wavelet-HLL","glrlm","ShortRunEmphasis","0.9069855906921594"
"wavelet-HLL","glrlm","ShortRunHighGrayLevelEmphasis","498.2159875724384"
"wavelet-HLL","glrlm","ShortRunLowGrayLevelEmphasis","0.002078087259926585"
"wavelet-HLL","glszm","GrayLevelNonUniformity","130.33367929423974"
"wavelet-HLL","glszm","GrayLevelNonUniformityNormalized","0.06763553673805903"
"wavelet-HLL","glszm","GrayLevelVariance","26.019630902621344"
"wavelet-HLL","glszm","HighGrayLevelZoneEmphasis","558.3668915412559"
"wavelet-HLL","glszm","LargeAreaEmphasis","2450.26414115205"
"wavelet-HLL","glszm","LargeAreaHighGrayLevelEmphasis","1361196.3051375195"
"wavelet-HLL","glszm","LargeAreaLowGrayLevelEmphasis","4.430943019310505"
"wavelet-HLL","glszm","LowGrayLevelZoneEmphasis","0.002760456236309357"
"wavelet-HLL","glszm","SizeZoneNonUniformity","846.3845355474831"
"wavelet-HLL","glszm","SizeZoneNonUniformityNormalized","0.439223941643738"
"wavelet-HLL","glszm","SmallAreaEmphasis","0.6888136513096937"
"wavelet-HLL","glszm","SmallAreaHighGrayLevelEmphasis","391.3620819816549"
"wavelet-HLL","glszm","SmallAreaLowGrayLevelEmphasis","0.001706180483849452"
"wavelet-HLL","glszm","ZoneEntropy","5.954508189562351"
"wavelet-HLL","glszm","ZonePercentage","0.23548820725895148"
"wavelet-HLL","glszm","ZoneVariance","2432.2314031425703"
"wavelet-HLL","ngtdm","Busyness","0.8209281983640435"
"wavelet-HLL","ngtdm","Coarseness","0.0008183205095454933"
"wavelet-HLL","ngtdm","Complexity","1505.0451962079123"
"wavelet-HLL","ngtdm","Contrast","0.023186849975987158"
"wavelet-HLL","ngtdm","Strength","0.8793852611459213"
"wavelet-HLH","firstorder","10Percentile","-62.52006952988805"
"wavelet-HLH","firstorder","90Percentile","62.86682756063976"
"wavelet-HLH","firstorder","Energy","33798522.00364915"
"wavelet-HLH","firstorder","Entropy","3.2120413009840103"
"wavelet-HLH","firstorder","InterquartileRange","53.94447577175382"
"wavelet-HLH","firstorder","Kurtosis","7.787776102281746"
"wavelet-HLH","firstorder","Maximum","391.50002659137215"
"wavelet-HLH","firstorder","MeanAbsoluteDeviation","42.62661502346086"
"wavelet-HLH","firstorder","Mean","0.2137848139412442"
"wavelet-HLH","firstorder","Median","-0.2221579209389799"
"wavelet-HLH","firstorder","Minimum","-320.34549195331823"
"wavelet-HLH","firstorder","Range","711.8455185446903"
"wavelet-HLH","firstorder","RobustMeanAbsoluteDeviation","23.50559802309898"
"wavelet-HLH","firstorder","RootMeanSquared","64.2676735484677"
"wavelet-HLH","firstorder","Skewness","0.13546441773349135"
"wavelet-HLH","firstorder","TotalEnergy","93088400.90121447"
"wavelet-HLH","firstorder","Uniformity","0.15267675723280288"
"wavelet-HLH","firstorder","Variance","4130.288159385744"
"wavelet-HLH","glcm","Autocorrelation","182.39108599102698"
"wavelet-HLH","glcm","ClusterProminence","1060.5035177657821"
"wavelet-HLH","glcm","ClusterShade","4.050318718215032"
"wavelet-HLH","glcm","ClusterTendency","10.977069598847708"
"wavelet-HLH","glcm","Contrast","11.063295882717936"
"wavelet-HLH","glcm","Correlation","-0.017586327116840498"
"wavelet-HLH","glcm","DifferenceAverage","2.1940687342933582"
"wavelet-HLH","glcm","DifferenceEntropy","2.749508039559884"
"wavelet-HLH","glcm","DifferenceVariance","6.145546828760033"
"wavelet-HLH","glcm","Id","0.4726189870402446"
"wavelet-HLH","glcm","Idm","0.40897978389444994"
"wavelet-HLH","glcm","Idmn","0.988042556524911"
"wavelet-HLH","glcm","Idn","0.9347433353260126"
"wavelet-HLH","glcm","Imc1","-0.05112426584054805"
"wavelet-HLH","glcm","Imc2","0.4926691371567419"
"wavelet-HLH","glcm","InverseVariance","0.39135670911443754"
"wavelet-HLH","glcm","JointAverage","13.506021693434981"
"wavelet-HLH","glcm","JointEnergy","0.033556178909092446"
"wavelet-HLH","glcm","JointEntropy","5.977765235275656"
"wavelet-HLH","glcm","MCC","0.37948394285244225"
"wavelet-HLH","glcm","MaximumProbability","0.07652341135492048"
"wavelet-HLH","glcm","SumAverage","27.01204338686995"
"wavelet-HLH","glcm","SumEntropy","3.5510957799254865"
"wavelet-HLH","glcm","SumSquares","5.510091370391409"
"wavelet-HLH","gldm","DependenceEntropy","6.134093247521789"
"wavelet-HLH","gldm","DependenceNonUniformity","829.044971281926"
"wavelet-HLH","gldm","DependenceNonUniformityNormalized","0.1013130846000154"
"wavelet-HLH","gldm","DependenceVariance","11.21471817928063"
"wavelet-HLH","gldm","GrayLevelNonUniformity","1249.353904436026"
"wavelet-HLH","gldm","GrayLevelVariance","6.6959615548573"
"wavelet-HLH","gldm","HighGrayLevelEmphasis","189.19516069901013"
"wavelet-HLH","gldm","LargeDependenceEmphasis","35.80337284614445"
"wavelet-HLH","gldm","LargeDependenceHighGrayLevelEmphasis","6560.413540266406"
"wavelet-HLH","gldm","LargeDependenceLowGrayLevelEmphasis","0.20398597121786266"
"wavelet-HLH","gldm","LowGrayLevelEmphasis","0.007495824706045255"
"wavelet-HLH","gldm","SmallDependenceEmphasis","0.21200473807959838"
"wavelet-HLH","gldm","SmallDependenceHighGrayLevelEmphasis","43.194198368981375"
"wavelet-HLH","gldm","SmallDependenceLowGrayLevelEmphasis","0.0023140398842955204"
"wavelet-HLH","glrlm","GrayLevelNonUniformity","946.099994227212"
"wavelet-HLH","glrlm","GrayLevelNonUniformityNormalized","0.1363691081775247"
"wavelet-HLH","glrlm","GrayLevelVariance","7.617787180011779"
"wavelet-HLH","glrlm","HighGrayLevelRunEmphasis","190.21367524660008"
"wavelet-HLH","glrlm","LongRunEmphasis","1.6503609467305027"
"wavelet-HLH","glrlm","LongRunHighGrayLevelEmphasis","309.5651185872697"
"wavelet-HLH","glrlm","LongRunLowGrayLevelEmphasis","0.01157698563035721"
"wavelet-HLH","glrlm","LowGrayLevelRunEmphasis","0.007789838384418559"
"wavelet-HLH","glrlm","RunEntropy","3.9991077968956645"
"wavelet-HLH","glrlm","RunLengthNonUniformity","5221.9817681493"
"wavelet-HLH","glrlm","RunLengthNonUniformityNormalized","0.7509391600944849"
"wavelet-HLH","glrlm","RunPercentage","0.8477425055697083"
"wavelet-HLH","glrlm","RunVariance","0.25161949675347006"
"wavelet-HLH","glrlm","ShortRunEmphasis","0.888960317912554"
"wavelet-HLH","glrlm","ShortRunHighGrayLevelEmphasis","169.8125261183472"
"wavelet-HLH","glrlm","ShortRunLowGrayLevelEmphasis","0.007129426934438933"
"wavelet-HLH","glszm","GrayLevelNonUniformity","124.65749578888266"
"wavelet-HLH","glszm","GrayLevelNonUniformityNormalized","0.06999297910661575"
"wavelet-HLH","glszm","GrayLevelVariance","20.13917510335089"
"wavelet-HLH","glszm","HighGrayLevelZoneEmphasis","204.906793935991"
"wavelet-HLH","glszm","LargeAreaEmphasis","4005.897248736665"
"wavelet-HLH","glszm","LargeAreaHighGrayLevelEmphasis","727620.6996069624"
"wavelet-HLH","glszm","LargeAreaLowGrayLevelEmphasis","22.305870844512327"
"wavelet-HLH","glszm","LowGrayLevelZoneEmphasis","0.011832125812908429"
"wavelet-HLH","glszm","SizeZoneNonUniformity","832.444132509826"
"wavelet-HLH","glszm","SizeZoneNonUniformityNormalized","0.46740265722056484"
"wavelet-HLH","glszm","SmallAreaEmphasis","0.7104141539583361"
"wavelet-HLH","glszm","SmallAreaHighGrayLevelEmphasis","148.7312493677951"
"wavelet-HLH","glszm","SmallAreaLowGrayLevelEmphasis","0.008555940632161883"
"wavelet-HLH","glszm","ZoneEntropy","5.728197654120512"
"wavelet-HLH","glszm","ZonePercentage","0.217646339973115"
"wavelet-HLH","glszm","ZoneVariance","3984.7868097999944"
"wavelet-HLH","ngtdm","Busyness","1.919034204047054"
"wavelet-HLH","ngtdm","Coarseness","0.0008702556936285549"
"wavelet-HLH","ngtdm","Complexity","639.0353224825451"
"wavelet-HLH","ngtdm","Contrast","0.028988557662012818"
"wavelet-HLH","ngtdm","Strength","0.31823932523247117"
"wavelet-HHL","firstorder","10Percentile","-50.13612788973268"
"wavelet-HHL","firstorder","90Percentile","50.568099266222674"
"wavelet-HHL","firstorder","Energy","14302362.48165638"
"wavelet-HHL","firstorder","Entropy","2.7815686122487695"
"wavelet-HHL","firstorder","InterquartileRange","51.339706391952085"
"wavelet-HHL","firstorder","Kurtosis","5.856092608501455"
"wavelet-HHL","firstorder","Maximum","228.49082630463116"
"wavelet-HHL","firstorder","MeanAbsoluteDeviation","32.02864695926826"
"wavelet-HHL","firstorder","Mean","0.2977382137365154"
"wavelet-HHL","firstorder","Median","0.3338158697292042"
"wavelet-HHL","firstorder","Minimum","-450.3442445664145"
"wavelet-HHL","firstorder","Range","678.8350708710457"
"wavelet-HHL","firstorder","RobustMeanAbsoluteDeviation","21.575747166992677"
"wavelet-HHL","firstorder","RootMeanSquared","41.806866224394106"
"wavelet-HHL","firstorder","Skewness","-0.13473044468627177"
"wavelet-HHL","firstorder","TotalEnergy","39391783.23783422"
"wavelet-HHL","firstorder","Uniformity","0.17702842599572421"
"wavelet-HHL","firstorder","Variance","1747.7254154604655"
"wavelet-HHL","glcm","Autocorrelation","380.5274849788626"
"wavelet-HHL","glcm","ClusterProminence","124.30319916601772"
"wavelet-HHL","glcm","ClusterShade","-0.0830338748582017"
"wavelet-HHL","glcm","ClusterTendency","5.142900077516368"
"wavelet-HHL","glcm","Contrast","5.430186358117968"
"wavelet-HHL","glcm","Correlation","-0.025508502560768677"
"wavelet-HHL","glcm","DifferenceAverage","1.7657768230449886"
"wavelet-HHL","glcm","DifferenceEntropy","2.410684710087005"
"wavelet-HHL","glcm","DifferenceVariance","2.259491633872826"
"wavelet-HHL","glcm","Id","0.4826241427685251"
"wavelet-HHL","glcm","Idm","0.4163490423266988"
"wavelet-HHL","glcm","Idmn","0.9937139861365873"
"wavelet-HHL","glcm","Idn","0.9447735127904988"
"wavelet-HHL","glcm","Imc1","-0.02306068426829415"
"wavelet-HHL","glcm","Imc2","0.30470760370075045"
"wavelet-HHL","glcm","InverseVariance","0.41094153158058094"
"wavelet-HHL","glcm","JointAverage","19.50895440177304"
"wavelet-HHL","glcm","JointEnergy","0.035372514141479836"
"wavelet-HHL","glcm","JointEntropy","5.38959874243685"
"wavelet-HHL","glcm","MCC","0.2814139117912797"
"wavelet-HHL","glcm","MaximumProbability","0.06867638824736505"
"wavelet-HHL","glcm","SumAverage","39.01790880354606"
"wavelet-HHL","glcm","SumEntropy","3.188668859699691"
"wavelet-HHL","glcm","SumSquares","2.6432716089085844"
"wavelet-HHL","gldm","DependenceEntropy","5.705214056411368"
"wavelet-HHL","gldm","DependenceNonUniformity","869.2370768666748"
"wavelet-HHL","gldm","DependenceNonUniformityNormalized","0.10622474359851825"
"wavelet-HHL","gldm","DependenceVariance","7.971902655868361"
"wavelet-HHL","gldm","GrayLevelNonUniformity","1448.6236099230111"
"wavelet-HHL","gldm","GrayLevelVariance","2.8875356699430625"
"wavelet-HHL","gldm","HighGrayLevelEmphasis","383.57851643651475"
"wavelet-HHL","gldm","LargeDependenceEmphasis","31.214835634852744"
"wavelet-HHL","gldm","LargeDependenceHighGrayLevelEmphasis","11893.140290846877"
"wavelet-HHL","gldm","LargeDependenceLowGrayLevelEmphasis","0.08283145869747187"
"wavelet-HHL","gldm","LowGrayLevelEmphasis","0.0028102819116801077"
"wavelet-HHL","gldm","SmallDependenceEmphasis","0.1757201247020318"
"wavelet-HHL","gldm","SmallDependenceHighGrayLevelEmphasis","68.10098453489101"
"wavelet-HHL","gldm","SmallDependenceLowGrayLevelEmphasis","0.0006136974736368818"
"wavelet-HHL","glrlm","GrayLevelNonUniformity","1158.2390826151438"
"wavelet-HHL","glrlm","GrayLevelNonUniformityNormalized","0.16591734141904235"
"wavelet-HHL","glrlm","GrayLevelVariance","3.189623687559492"
"wavelet-HHL","glrlm","HighGrayLevelRunEmphasis","383.9527082621143"
"wavelet-HHL","glrlm","LongRunEmphasis","1.6015051740885902"
"wavelet-HHL","glrlm","LongRunHighGrayLevelEmphasis","613.3302839339144"
"wavelet-HHL","glrlm","LongRunLowGrayLevelEmphasis","0.004432888841959578"
"wavelet-HHL","glrlm","LowGrayLevelRunEmphasis","0.0028374052199889605"
"wavelet-HHL","glrlm","RunEntropy","3.519778572069914"
"wavelet-HHL","glrlm","RunLengthNonUniformity","5259.60178000756"
"wavelet-HHL","glrlm","RunLengthNonUniformityNormalized","0.7523498641185012"
"wavelet-HHL","glrlm","RunPercentage","0.8530349035053911"
"wavelet-HHL","glrlm","RunVariance","0.2232404851446417"
"wavelet-HHL","glrlm","ShortRunEmphasis","0.890311825998457"
"wavelet-HHL","glrlm","ShortRunHighGrayLevelEmphasis","342.10014989858297"
"wavelet-HHL","glrlm","ShortRunLowGrayLevelEmphasis","0.0025461382825335025"
"wavelet-HHL","glszm","GrayLevelNonUniformity","165.32918800292612"
"wavelet-HHL","glszm","GrayLevelNonUniformityNormalized","0.12094307827573235"
"wavelet-HHL","glszm","GrayLevelVariance","8.889297255990696"
"wavelet-HHL","glszm","HighGrayLevelZoneEmphasis","389.43891733723484"
"wavelet-HHL","glszm","LargeAreaEmphasis","6085.4798829553765"
"wavelet-HHL","glszm","LargeAreaHighGrayLevelEmphasis","2321094.9195318217"
"wavelet-HHL","glszm","LargeAreaLowGrayLevelEmphasis","16.057122353543985"
"wavelet-HHL","glszm","LowGrayLevelZoneEmphasis","0.003548052909637449"
"wavelet-HHL","glszm","SizeZoneNonUniformity","601.1653255303585"
"wavelet-HHL","glszm","SizeZoneNonUniformityNormalized","0.4397698065328153"
"wavelet-HHL","glszm","SmallAreaEmphasis","0.6891783259855683"
"wavelet-HHL","glszm","SmallAreaHighGrayLevelEmphasis","268.03518624142674"
"wavelet-HHL","glszm","SmallAreaLowGrayLevelEmphasis","0.0026997383469122426"
"wavelet-HHL","glszm","ZoneEntropy","5.066217791574506"
"wavelet-HHL","glszm","ZonePercentage","0.16705364780642795"
"wavelet-HHL","glszm","ZoneVariance","6049.646478359962"
"wavelet-HHL","ngtdm","Busyness","2.3809190715352915"
"wavelet-HHL","ngtdm","Coarseness","0.0007279410350276759"
"wavelet-HHL","ngtdm","Complexity","277.8820535696472"
"wavelet-HHL","ngtdm","Contrast","0.02105227873005537"
"wavelet-HHL","ngtdm","Strength","0.17201940284857356"
"wavelet-HHH","firstorder","10Percentile","-37.97360814597092"
"wavelet-HHH","firstorder","90Percentile","38.25160394701649"
"wavelet-HHH","firstorder","Energy","8108880.149125056"
"wavelet-HHH","firstorder","Entropy","2.398095746166237"
"wavelet-HHH","firstorder","InterquartileRange","39.68734564548369"
"wavelet-HHH","firstorder","Kurtosis","4.296909779465017"
"wavelet-HHH","firstorder","Maximum","171.74203843716006"
"wavelet-HHH","firstorder","MeanAbsoluteDeviation","24.298809131083424"
"wavelet-HHH","firstorder","Mean","-0.0162936073282293"
"wavelet-HHH","firstorder","Median","-0.041343227029216834"
"wavelet-HHH","firstorder","Minimum","-206.0781793125201"
"wavelet-HHH","firstorder","Range","377.8202177496802"
"wavelet-HHH","firstorder","RobustMeanAbsoluteDeviation","16.43412005646107"
"wavelet-HHH","firstorder","RootMeanSquared","31.479234670841986"
"wavelet-HHH","firstorder","Skewness","-0.01223306710933472"
"wavelet-HHH","firstorder","TotalEnergy","22333600.448568556"
"wavelet-HHH","firstorder","Uniformity","0.22956563884055806"
"wavelet-HHH","firstorder","Variance","990.9419499803005"
"wavelet-HHH","glcm","Autocorrelation","90.15242308616676"
"wavelet-HHH","glcm","ClusterProminence","37.57757682085605"
"wavelet-HHH","glcm","ClusterShade","-0.13692288889266108"
"wavelet-HHH","glcm","ClusterTendency","2.9867571459826503"
"wavelet-HHH","glcm","Contrast","3.1876190232621058"
"wavelet-HHH","glcm","Correlation","-0.030716485403293484"
"wavelet-HHH","glcm","DifferenceAverage","1.339103877153499"
"wavelet-HHH","glcm","DifferenceEntropy","2.100075381389064"
"wavelet-HHH","glcm","DifferenceVariance","1.3827942494393983"
"wavelet-HHH","glcm","Id","0.545221308779505"
"wavelet-HHH","glcm","Idm","0.4953393800689042"
"wavelet-HHH","glcm","Idmn","0.988130194070349"
"wavelet-HHH","glcm","Idn","0.9267608859742035"
"wavelet-HHH","glcm","Imc1","-0.013655122899386017"
"wavelet-HHH","glcm","Imc2","0.22942962446579412"
"wavelet-HHH","glcm","InverseVariance","0.464665449581826"
"wavelet-HHH","glcm","JointAverage","9.497506393695902"
"wavelet-HHH","glcm","JointEnergy","0.05880025236822623"
"wavelet-HHH","glcm","JointEntropy","4.652585567291457"
"wavelet-HHH","glcm","MCC","0.20564027052557124"
"wavelet-HHH","glcm","MaximumProbability","0.1047709425178928"
"wavelet-HHH","glcm","SumAverage","18.995012787391804"
"wavelet-HHH","glcm","SumEntropy","2.8102127736888423"
"wavelet-HHH","glcm","SumSquares","1.543594042311189"
"wavelet-HHH","gldm","DependenceEntropy","5.5748534671518755"
"wavelet-HHH","gldm","DependenceNonUniformity","686.9997555908591"
"wavelet-HHH","gldm","DependenceNonUniformityNormalized","0.08395451003187818"
"wavelet-HHH","gldm","DependenceVariance","11.920741368221368"
"wavelet-HHH","gldm","GrayLevelNonUniformity","1878.5356226322865"
"wavelet-HHH","gldm","GrayLevelVariance","1.6658585653613527"
"wavelet-HHH","gldm","HighGrayLevelEmphasis","91.87987290724674"
"wavelet-HHH","gldm","LargeDependenceEmphasis","47.670414273493826"
"wavelet-HHH","gldm","LargeDependenceHighGrayLevelEmphasis","4324.353782231456"
"wavelet-HHH","gldm","LargeDependenceLowGrayLevelEmphasis","0.5381882270656473"
"wavelet-HHH","gldm","LowGrayLevelEmphasis","0.011929287356404073"
"wavelet-HHH","gldm","SmallDependenceEmphasis","0.13755178600907333"
"wavelet-HHH","gldm","SmallDependenceHighGrayLevelEmphasis","13.084299349407322"
"wavelet-HHH","gldm","SmallDependenceLowGrayLevelEmphasis","0.0019905841308137415"
"wavelet-HHH","glrlm","GrayLevelNonUniformity","1394.2425585371852"
"wavelet-HHH","glrlm","GrayLevelNonUniformityNormalized","0.21071390856724784"
"wavelet-HHH","glrlm","GrayLevelVariance","1.8993962587720679"
"wavelet-HHH","glrlm","HighGrayLevelRunEmphasis","92.1366318884713"
"wavelet-HHH","glrlm","LongRunEmphasis","1.8604079996061647"
"wavelet-HHH","glrlm","LongRunHighGrayLevelEmphasis","170.2710049653235"
"wavelet-HHH","glrlm","LongRunLowGrayLevelEmphasis","0.021816188661847643"
"wavelet-HHH","glrlm","LowGrayLevelRunEmphasis","0.012064571538686607"
"wavelet-HHH","glrlm","RunEntropy","3.311368542871835"
"wavelet-HHH","glrlm","RunLengthNonUniformity","4573.749904860461"
"wavelet-HHH","glrlm","RunLengthNonUniformityNormalized","0.6906373964407221"
"wavelet-HHH","glrlm","RunPercentage","0.808496037751812"
"wavelet-HHH","glrlm","RunVariance","0.32767005592375015"
"wavelet-HHH","glrlm","ShortRunEmphasis","0.8572227368678313"
"wavelet-HHH","glrlm","ShortRunHighGrayLevelEmphasis","79.17618080265794"
"wavelet-HHH","glrlm","ShortRunLowGrayLevelEmphasis","0.010437362785893209"
"wavelet-HHH","glszm","GrayLevelNonUniformity","137.79368421052632"
"wavelet-HHH","glszm","GrayLevelNonUniformityNormalized","0.1450459833795014"
"wavelet-HHH","glszm","GrayLevelVariance","6.047308587257618"
"wavelet-HHH","glszm","HighGrayLevelZoneEmphasis","96.7578947368421"
"wavelet-HHH","glszm","LargeAreaEmphasis","13501.838947368422"
"wavelet-HHH","glszm","LargeAreaHighGrayLevelEmphasis","1219175.3168421052"
"wavelet-HHH","glszm","LargeAreaLowGrayLevelEmphasis","153.07851078644285"
"wavelet-HHH","glszm","LowGrayLevelZoneEmphasis","0.015073826617924134"
"wavelet-HHH","glszm","SizeZoneNonUniformity","508.0652631578947"
"wavelet-HHH","glszm","SizeZoneNonUniformityNormalized","0.534805540166205"
"wavelet-HHH","glszm","SmallAreaEmphasis","0.7590837652034774"
"wavelet-HHH","glszm","SmallAreaHighGrayLevelEmphasis","72.99665861841234"
"wavelet-HHH","glszm","SmallAreaLowGrayLevelEmphasis","0.012122018868969192"
"wavelet-HHH","glszm","ZoneEntropy","4.482816263200278"
"wavelet-HHH","glszm","ZonePercentage","0.11609434192838812"
"wavelet-HHH","glszm","ZoneVariance","13427.643391689751"
"wavelet-HHH","ngtdm","Busyness","6.134376755665005"
"wavelet-HHH","ngtdm","Coarseness","0.0007153440492235693"
"wavelet-HHH","ngtdm","Complexity","128.68669564903314"
"wavelet-HHH","ngtdm","Contrast","0.014874041682450649"
"wavelet-HHH","ngtdm","Strength","0.08727353265714698"
"wavelet-LLL","firstorder","10Percentile","-197.30460100546375"
"wavelet-LLL","firstorder","90Percentile","222.53233183942524"
"wavelet-LLL","firstorder","Energy","476403488.4608586"
"wavelet-LLL","firstorder","Entropy","4.571460107553181"
"wavelet-LLL","firstorder","InterquartileRange","132.49997820266984"
"wavelet-LLL","firstorder","Kurtosis","16.48400121634914"
"wavelet-LLL","firstorder","Maximum","713.103476093092"
"wavelet-LLL","firstorder","MeanAbsoluteDeviation","144.79253121365005"
"wavelet-LLL","firstorder","Mean","51.002551259092634"
"wavelet-LLL","firstorder","Median","109.47537641642171"
"wavelet-LLL","firstorder","Minimum","-2322.0473773218764"
"wavelet-LLL","firstorder","Range","3035.1508534149684"
"wavelet-LLL","firstorder","RobustMeanAbsoluteDeviation","65.00861136574612"
"wavelet-LLL","firstorder","RootMeanSquared","241.28548167821066"
"wavelet-LLL","firstorder","Skewness","-3.01484936594345"
"wavelet-LLL","firstorder","TotalEnergy","1312117699.1051085"
"wavelet-LLL","firstorder","Uniformity","0.0656251087845433"
"wavelet-LLL","firstorder","Variance","55617.42343374975"
"wavelet-LLL","glcm","Autocorrelation","9394.576196591275"
"wavelet-LLL","glcm","ClusterProminence","581789.7706062712"
"wavelet-LLL","glcm","ClusterShade","-6969.105566809775"
"wavelet-LLL","glcm","ClusterTendency","163.05695247292573"
"wavelet-LLL","glcm","Contrast","63.141637052850655"
"wavelet-LLL","glcm","Correlation","0.37767820880730696"
"wavelet-LLL","glcm","DifferenceAverage","4.641633313982836"
"wavelet-LLL","glcm","DifferenceEntropy","3.662988420867693"
"wavelet-LLL","glcm","DifferenceVariance","40.86355602202833"
"wavelet-LLL","glcm","Id","0.3582463036847743"
"wavelet-LLL","glcm","Idm","0.2790744207047056"
"wavelet-LLL","glcm","Idmn","0.9959693768981602"
"wavelet-LLL","glcm","Idn","0.9655180664334491"
"wavelet-LLL","glcm","Imc1","-0.09655393614008297"
"wavelet-LLL","glcm","Imc2","0.7064791020992789"
"wavelet-LLL","glcm","InverseVariance","0.2786248509074728"
"wavelet-LLL","glcm","JointAverage","96.7948959956261"
"wavelet-LLL","glcm","JointEnergy","0.00816166757759008"
"wavelet-LLL","glcm","JointEntropy","8.098548404244866"
"wavelet-LLL","glcm","MCC","0.5549342659728553"
"wavelet-LLL","glcm","MaximumProbability","0.024324569234204643"
"wavelet-LLL","glcm","SumAverage","193.5897919912522"
"wavelet-LLL","glcm","SumEntropy","5.015942051970675"
"wavelet-LLL","glcm","SumSquares","56.54964738144411"
"wavelet-LLL","gldm","DependenceEntropy","7.120680624548685"
"wavelet-LLL","gldm","DependenceNonUniformity","1261.4626665037272"
"wavelet-LLL","gldm","DependenceNonUniformityNormalized","0.15415650329997888"
"wavelet-LLL","gldm","DependenceVariance","5.55628970556494"
"wavelet-LLL","gldm","GrayLevelNonUniformity","537.0102651839179"
"wavelet-LLL","gldm","GrayLevelVariance","89.05212128720734"
"wavelet-LLL","gldm","HighGrayLevelEmphasis","9216.6910668459"
"wavelet-LLL","gldm","LargeDependenceEmphasis","17.532811927166076"
"wavelet-LLL","gldm","LargeDependenceHighGrayLevelEmphasis","169111.32726383966"
"wavelet-LLL","gldm","LargeDependenceLowGrayLevelEmphasis","0.001959695846456122"
"wavelet-LLL","gldm","LowGrayLevelEmphasis","0.00023949227728847048"
"wavelet-LLL","gldm","SmallDependenceEmphasis","0.3236320619673261"
"wavelet-LLL","gldm","SmallDependenceHighGrayLevelEmphasis","2740.513706939405"
"wavelet-LLL","gldm","SmallDependenceLowGrayLevelEmphasis","0.00016686831254900588"
"wavelet-LLL","glrlm","GrayLevelNonUniformity","453.1523637951923"
"wavelet-LLL","glrlm","GrayLevelNonUniformityNormalized","0.06115346734081755"
"wavelet-LLL","glrlm","GrayLevelVariance","96.07878015268618"
"wavelet-LLL","glrlm","HighGrayLevelRunEmphasis","9170.776596852882"
"wavelet-LLL","glrlm","LongRunEmphasis","1.3548958833774176"
"wavelet-LLL","glrlm","LongRunHighGrayLevelEmphasis","12597.055752648266"
"wavelet-LLL","glrlm","LongRunLowGrayLevelEmphasis","0.0002908967618192451"
"wavelet-LLL","glrlm","LowGrayLevelRunEmphasis","0.0002537169605127289"
"wavelet-LLL","glrlm","RunEntropy","5.117080423272322"
"wavelet-LLL","glrlm","RunLengthNonUniformity","6192.3699344960905"
"wavelet-LLL","glrlm","RunLengthNonUniformityNormalized","0.8344814754397081"
"wavelet-LLL","glrlm","RunPercentage","0.9053572603615376"
"wavelet-LLL","glrlm","RunVariance","0.13101426380307768"
"wavelet-LLL","glrlm","ShortRunEmphasis","0.9302903313967318"
"wavelet-LLL","glrlm","ShortRunHighGrayLevelEmphasis","8498.262600530234"
"wavelet-LLL","glrlm","ShortRunLowGrayLevelEmphasis","0.000246392213635829"
"wavelet-LLL","glszm","GrayLevelNonUniformity","83.3570166136444"
"wavelet-LLL","glszm","GrayLevelNonUniformityNormalized","0.029465187915745632"
"wavelet-LLL","glszm","GrayLevelVariance","182.55001717429226"
"wavelet-LLL","glszm","HighGrayLevelZoneEmphasis","8463.67868504772"
"wavelet-LLL","glszm","LargeAreaEmphasis","548.5270413573701"
"wavelet-LLL","glszm","LargeAreaHighGrayLevelEmphasis","5310082.158006363"
"wavelet-LLL","glszm","LargeAreaLowGrayLevelEmphasis","0.0570709985861312"
"wavelet-LLL","glszm","LowGrayLevelZoneEmphasis","0.0004918652699482706"
"wavelet-LLL","glszm","SizeZoneNonUniformity","1471.704842700601"
"wavelet-LLL","glszm","SizeZoneNonUniformityNormalized","0.5202208705198307"
"wavelet-LLL","glszm","SmallAreaEmphasis","0.749227982392215"
"wavelet-LLL","glszm","SmallAreaHighGrayLevelEmphasis","6157.452020383412"
"wavelet-LLL","glszm","SmallAreaLowGrayLevelEmphasis","0.0004620121716895594"
"wavelet-LLL","glszm","ZoneEntropy","6.887071368773175"
"wavelet-LLL","glszm","ZonePercentage","0.34571672980569473"
"wavelet-LLL","glszm","ZoneVariance","540.1602448308129"
"wavelet-LLL","ngtdm","Busyness","0.06887793771674319"
"wavelet-LLL","ngtdm","Coarseness","0.0009816924727322539"
"wavelet-LLL","ngtdm","Complexity","16650.44317193778"
"wavelet-LLL","ngtdm","Contrast","0.0705850999921705"
"wavelet-LLL","ngtdm","Strength","10.466256573673615"
