"Image type","Feature Class","Feature Name","Segmentation_14_segment_Segment_1"
"diagnostics","Versions","PyRadiomics","v3.0.1.post4+gad5b2de"
"diagnostics","Versions","Numpy","1.19.2"
"diagnostics","Versions","SimpleITK","2.0.2"
"diagnostics","Versions","PyWavelet","1.1.1"
"diagnostics","Versions","Python","3.6.7"
"diagnostics","Configuration","Settings","{'minimumROIDimensions': 2, 'minimumROISize': None, 'normalize': False, 'normalizeScale': 1, 'removeOutliers': None, 'resampledPixelSpacing': None, 'interpolator': 'sitkBSpline', 'preCrop': False, 'padDistance': 5, 'distances': [1], 'force2D': False, 'force2Ddimension': 0, 'resegmentRange': None, 'label': 1, 'additionalInfo': True, 'binWidth': 25.0, 'symmetricalGLCM': True, 'correctMask': True}"
"diagnostics","Configuration","EnabledImageTypes","{'Original': {}, 'Wavelet': {}}"
"diagnostics","Image-original","Hash","84a337db361470d82864c19023c5bea23287a850"
"diagnostics","Image-original","Dimensionality","3D"
"diagnostics","Image-original","Spacing","(0.68359375, 0.68359375, 4.999999992727272)"
"diagnostics","Image-original","Size","(512, 512, 56)"
"diagnostics","Image-original","Mean","-876.5291773251125"
"diagnostics","Image-original","Minimum","-952.0"
"diagnostics","Image-original","Maximum","-769.0"
"diagnostics","Mask-original","Hash","8120b0a5240ecb86eda335be424ff237409e8ea9"
"diagnostics","Mask-original","Spacing","(0.68359375, 0.68359375, 4.999999992727272)"
"diagnostics","Mask-original","Size","(512, 512, 56)"
"diagnostics","Mask-original","BoundingBox","(274, 208, 38, 103, 130, 12)"
"diagnostics","Mask-original","VoxelNum","68040"
"diagnostics","Mask-original","VolumeNum","1"
"diagnostics","Mask-original","CenterOfMassIndex","(325.8257789535567, 277.8862433862434, 43.473118753674306)"
"diagnostics","Mask-original","CenterOfMass","(42.990187081532895, 15.303096189814738, -121.4337225477968)"
"original","shape","Elongation","0.7566249828181874"
"original","shape","Flatness","0.6002112768039951"
"original","shape","LeastAxisLength","47.95256261096645"
"original","shape","MajorAxisLength","79.89280519070594"
"original","shape","Maximum2DDiameterColumn","76.65667284316805"
"original","shape","Maximum2DDiameterRow","90.42315082710513"
"original","shape","Maximum2DDiameterSlice","87.68405629667058"
"original","shape","Maximum3DDiameter","90.82918512446427"
"original","shape","MeshVolume","158741.5613408103"
"original","shape","MinorAxisLength","60.448892354714665"
"original","shape","Sphericity","0.6940467104597198"
"original","shape","SurfaceArea","20427.843533542247"
"original","shape","SurfaceVolumeRatio","0.12868616990407872"
"original","shape","VoxelVolume","158975.6009650518"
"original","firstorder","10Percentile","-781.0"
"original","firstorder","90Percentile","-769.0"
"original","firstorder","Energy","40936497602.0"
"original","firstorder","Entropy","1.0996603623318557"
"original","firstorder","InterquartileRange","7.0"
"original","firstorder","Kurtosis","59.45302535312449"
"original","firstorder","Maximum","-769.0"
"original","firstorder","MeanAbsoluteDeviation","5.560149525592882"
"original","firstorder","Mean","-775.5776895943562"
"original","firstorder","Median","-773.0"
"original","firstorder","Minimum","-952.0"
"original","firstorder","Range","183.0"
"original","firstorder","RobustMeanAbsoluteDeviation","2.955705750433914"
"original","firstorder","RootMeanSquared","775.6632026269294"
"original","firstorder","Skewness","-6.335029607004789"
"original","firstorder","TotalEnergy","95648211459.17624"
"original","firstorder","Uniformity","0.5389001809635098"
"original","firstorder","Variance","132.65131294538847"
"original","glcm","Autocorrelation","74.97277375830839"
"original","glcm","ClusterProminence","13.73028353113455"
"original","glcm","ClusterShade","-1.9255649172526235"
"original","glcm","ClusterTendency","0.7725454209992526"
"original","glcm","Contrast","0.510010293365294"
"original","glcm","Correlation","0.1913304022612235"
"original","glcm","DifferenceAverage","0.44190677356798946"
"original","glcm","DifferenceEntropy","1.095113833062596"
"original","glcm","DifferenceVariance","0.31314984350197694"
"original","glcm","Id","0.7876621634786318"
"original","glcm","Idm","0.7854373671280914"
"original","glcm","Idmn","0.9939079627294432"
"original","glcm","Idn","0.9563710125472782"
"original","glcm","Imc1","-0.03691595204993891"
"original","glcm","Imc2","0.22830119703124743"
"original","glcm","InverseVariance","0.4052245920467779"
"original","glcm","JointAverage","8.654879081649067"
"original","glcm","JointEnergy","0.32013775937189204"
"original","glcm","JointEntropy","2.011134176322196"
"original","glcm","MCC","0.36612115691066427"
"original","glcm","MaximumProbability","0.4822935985208276"
"original","glcm","SumAverage","17.309758163298135"
"original","glcm","SumEntropy","1.5357416070445575"
"original","glcm","SumSquares","0.3206389285911367"
"original","gldm","DependenceEntropy","4.948961687633448"
"original","gldm","DependenceNonUniformity","3275.8443562610228"
"original","gldm","DependenceNonUniformityNormalized","0.04814586061524137"
"original","gldm","DependenceVariance","35.95598120948323"
"original","gldm","GrayLevelNonUniformity","36666.7683127572"
"original","gldm","GrayLevelVariance","0.40413830449875426"
"original","gldm","HighGrayLevelEmphasis","74.69440035273368"
"original","gldm","LargeDependenceEmphasis","245.36716637272193"
"original","gldm","LargeDependenceHighGrayLevelEmphasis","19452.012330981775"
"original","gldm","LargeDependenceLowGrayLevelEmphasis","3.1149701234408673"
"original","gldm","LowGrayLevelEmphasis","0.01392334244402793"
"original","gldm","SmallDependenceEmphasis","0.016407722205861324"
"original","gldm","SmallDependenceHighGrayLevelEmphasis","0.9384952222466054"
"original","gldm","SmallDependenceLowGrayLevelEmphasis","0.00038598118188973985"
"original","glrlm","GrayLevelNonUniformity","14857.565795638577"
"original","glrlm","GrayLevelNonUniformityNormalized","0.45307140893272435"
"original","glrlm","GrayLevelVariance","0.5626331189622071"
"original","glrlm","HighGrayLevelRunEmphasis","71.15347773220084"
"original","glrlm","LongRunEmphasis","8.06078822712166"
"original","glrlm","LongRunHighGrayLevelEmphasis","628.696050241848"
"original","glrlm","LongRunLowGrayLevelEmphasis","0.1051429528465422"
"original","glrlm","LowGrayLevelRunEmphasis","0.014938975026805194"
"original","glrlm","RunEntropy","3.1893970960766107"
"original","glrlm","RunLengthNonUniformity","12034.206795735368"
"original","glrlm","RunLengthNonUniformityNormalized","0.36177182794431445"
"original","glrlm","RunPercentage","0.4818828291050513"
"original","glrlm","RunVariance","3.515898669455468"
"original","glrlm","ShortRunEmphasis","0.6163202625284286"
"original","glrlm","ShortRunHighGrayLevelEmphasis","41.943262531777656"
"original","glrlm","ShortRunLowGrayLevelEmphasis","0.009802539266937277"
"original","glszm","GrayLevelNonUniformity","115.23508137432188"
"original","glszm","GrayLevelNonUniformityNormalized","0.20838170230437952"
"original","glszm","GrayLevelVariance","2.173081890984242"
"original","glszm","HighGrayLevelZoneEmphasis","39.90777576853526"
"original","glszm","LargeAreaEmphasis","4494093.128390597"
"original","glszm","LargeAreaHighGrayLevelEmphasis","350888909.517179"
"original","glszm","LargeAreaLowGrayLevelEmphasis","58016.31124320855"
"original","glszm","LowGrayLevelZoneEmphasis","0.03707125737576525"
"original","glszm","SizeZoneNonUniformity","155.03978300180833"
"original","glszm","SizeZoneNonUniformityNormalized","0.2803612712510096"
"original","glszm","SmallAreaEmphasis","0.5414181189402363"
"original","glszm","SmallAreaHighGrayLevelEmphasis","21.08266846667859"
"original","glszm","SmallAreaLowGrayLevelEmphasis","0.02062461404474324"
"original","glszm","ZoneEntropy","4.992347622401063"
"original","glszm","ZonePercentage","0.008127572016460905"
"original","glszm","ZoneVariance","4478954.7851763675"
"original","ngtdm","Busyness","105.78409173683703"
"original","ngtdm","Coarseness","7.479165924640285e-05"
"original","ngtdm","Complexity","26.455022464253148"
"original","ngtdm","Contrast","0.0048501286877476795"
"original","ngtdm","Strength","0.012350160199841198"
"wavelet-LLH","firstorder","10Percentile","-14.780328598895043"
"wavelet-LLH","firstorder","90Percentile","7.005335612408871"
"wavelet-LLH","firstorder","Energy","28458882.0408581"
"wavelet-LLH","firstorder","Entropy","1.6369585036860512"
"wavelet-LLH","firstorder","InterquartileRange","7.074513411095817"
"wavelet-LLH","firstorder","Kurtosis","18.930658233352432"
"wavelet-LLH","firstorder","Maximum","179.64821549526837"
"wavelet-LLH","firstorder","MeanAbsoluteDeviation","9.708668388056669"
"wavelet-LLH","firstorder","Mean","-0.9905327674153412"
"wavelet-LLH","firstorder","Median","-0.9073294034209081"
"wavelet-LLH","firstorder","Minimum","-166.00484337517696"
"wavelet-LLH","firstorder","Range","345.6530588704453"
"wavelet-LLH","firstorder","RobustMeanAbsoluteDeviation","3.3142449887915486"
"wavelet-LLH","firstorder","RootMeanSquared","20.451575289386206"
"wavelet-LLH","firstorder","Skewness","1.7829605249573741"
"wavelet-LLH","firstorder","TotalEnergy","66494236.84948466"
"wavelet-LLH","firstorder","Uniformity","0.41144881231464286"
"wavelet-LLH","firstorder","Variance","417.28577665410893"
"wavelet-LLH","glcm","Autocorrelation","55.1391191741997"
"wavelet-LLH","glcm","ClusterProminence","41.51464928092268"
"wavelet-LLH","glcm","ClusterShade","2.3634917607754646"
"wavelet-LLH","glcm","ClusterTendency","1.5886481331636733"
"wavelet-LLH","glcm","Contrast","1.1912546552326406"
"wavelet-LLH","glcm","Correlation","0.0964528003689241"
"wavelet-LLH","glcm","DifferenceAverage","0.6475730078479116"
"wavelet-LLH","glcm","DifferenceEntropy","1.3414679480672298"
"wavelet-LLH","glcm","DifferenceVariance","0.7401868331396583"
"wavelet-LLH","glcm","Id","0.7249444624175356"
"wavelet-LLH","glcm","Idm","0.7170957166836168"
"wavelet-LLH","glcm","Idmn","0.9950764600983538"
"wavelet-LLH","glcm","Idn","0.9612115247508972"
"wavelet-LLH","glcm","Imc1","-0.13321889205315202"
"wavelet-LLH","glcm","Imc2","0.527418435974202"
"wavelet-LLH","glcm","InverseVariance","0.47444044849233435"
"wavelet-LLH","glcm","JointAverage","7.418871014639104"
"wavelet-LLH","glcm","JointEnergy","0.20893145391040305"
"wavelet-LLH","glcm","JointEntropy","2.83800631586872"
"wavelet-LLH","glcm","MCC","0.5587850608936986"
"wavelet-LLH","glcm","MaximumProbability","0.29189633968760453"
"wavelet-LLH","glcm","SumAverage","14.837742029278209"
"wavelet-LLH","glcm","SumEntropy","2.0577544196164474"
"wavelet-LLH","glcm","SumSquares","0.6949756970990786"
"wavelet-LLH","gldm","DependenceEntropy","5.4381597458950885"
"wavelet-LLH","gldm","DependenceNonUniformity","4459.514344503234"
"wavelet-LLH","gldm","DependenceNonUniformityNormalized","0.06554253886689056"
"wavelet-LLH","gldm","DependenceVariance","19.563836398757033"
"wavelet-LLH","gldm","GrayLevelNonUniformity","27994.9771898883"
"wavelet-LLH","gldm","GrayLevelVariance","0.8513837038143003"
"wavelet-LLH","gldm","HighGrayLevelEmphasis","56.14691358024692"
"wavelet-LLH","gldm","LargeDependenceEmphasis","168.17154614932392"
"wavelet-LLH","gldm","LargeDependenceHighGrayLevelEmphasis","9069.028542034097"
"wavelet-LLH","gldm","LargeDependenceLowGrayLevelEmphasis","3.19014414224555"
"wavelet-LLH","gldm","LowGrayLevelEmphasis","0.019024070314037"
"wavelet-LLH","gldm","SmallDependenceEmphasis","0.02062266189360499"
"wavelet-LLH","gldm","SmallDependenceHighGrayLevelEmphasis","1.4010247378279448"
"wavelet-LLH","gldm","SmallDependenceLowGrayLevelEmphasis","0.00042636169318120145"
"wavelet-LLH","glrlm","GrayLevelNonUniformity","14071.615921172408"
"wavelet-LLH","glrlm","GrayLevelNonUniformityNormalized","0.36264314030599637"
"wavelet-LLH","glrlm","GrayLevelVariance","1.179126233117883"
"wavelet-LLH","glrlm","HighGrayLevelRunEmphasis","57.429515908765694"
"wavelet-LLH","glrlm","LongRunEmphasis","6.427119014679282"
"wavelet-LLH","glrlm","LongRunHighGrayLevelEmphasis","348.52313486175024"
"wavelet-LLH","glrlm","LongRunLowGrayLevelEmphasis","0.1233445704997236"
"wavelet-LLH","glrlm","LowGrayLevelRunEmphasis","0.019100941380246882"
"wavelet-LLH","glrlm","RunEntropy","3.546397385972222"
"wavelet-LLH","glrlm","RunLengthNonUniformity","17294.45636471347"
"wavelet-LLH","glrlm","RunLengthNonUniformityNormalized","0.420319786140923"
"wavelet-LLH","glrlm","RunPercentage","0.5695970695970696"
"wavelet-LLH","glrlm","RunVariance","2.5598633889479605"
"wavelet-LLH","glrlm","ShortRunEmphasis","0.6493726663818229"
"wavelet-LLH","glrlm","ShortRunHighGrayLevelEmphasis","38.00138634030542"
"wavelet-LLH","glrlm","ShortRunLowGrayLevelEmphasis","0.012524896429776222"
"wavelet-LLH","glszm","GrayLevelNonUniformity","122.52410256410256"
"wavelet-LLH","glszm","GrayLevelNonUniformityNormalized","0.12566574621959237"
"wavelet-LLH","glszm","GrayLevelVariance","6.547496646942801"
"wavelet-LLH","glszm","HighGrayLevelZoneEmphasis","78.04102564102564"
"wavelet-LLH","glszm","LargeAreaEmphasis","1921624.763076923"
"wavelet-LLH","glszm","LargeAreaHighGrayLevelEmphasis","104214241.35794872"
"wavelet-LLH","glszm","LargeAreaLowGrayLevelEmphasis","36016.53445508845"
"wavelet-LLH","glszm","LowGrayLevelZoneEmphasis","0.022480874977685007"
"wavelet-LLH","glszm","SizeZoneNonUniformity","189.86153846153846"
"wavelet-LLH","glszm","SizeZoneNonUniformityNormalized","0.19472978303747535"
"wavelet-LLH","glszm","SmallAreaEmphasis","0.4373664172687662"
"wavelet-LLH","glszm","SmallAreaHighGrayLevelEmphasis","34.11301382559592"
"wavelet-LLH","glszm","SmallAreaLowGrayLevelEmphasis","0.009155110520094626"
"wavelet-LLH","glszm","ZoneEntropy","6.290730498197782"
"wavelet-LLH","glszm","ZonePercentage","0.014329805996472662"
"wavelet-LLH","glszm","ZoneVariance","1916754.8705325439"
"wavelet-LLH","ngtdm","Busyness","72.02816997654638"
"wavelet-LLH","ngtdm","Coarseness","7.570393850229671e-05"
"wavelet-LLH","ngtdm","Complexity","63.502254909542096"
"wavelet-LLH","ngtdm","Contrast","0.0048663579953966305"
"wavelet-LLH","ngtdm","Strength","0.014572828450167292"
"wavelet-LHL","firstorder","10Percentile","-8.381798853251384"
"wavelet-LHL","firstorder","90Percentile","8.298151979846994"
"wavelet-LHL","firstorder","Energy","4337310.5285936585"
"wavelet-LHL","firstorder","Entropy","1.108728357568952"
"wavelet-LHL","firstorder","InterquartileRange","8.46368664690124"
"wavelet-LHL","firstorder","Kurtosis","13.970221857163278"
"wavelet-LHL","firstorder","Maximum","114.33449725002838"
"wavelet-LHL","firstorder","MeanAbsoluteDeviation","5.583100946556741"
"wavelet-LHL","firstorder","Mean","-0.2616733851463044"
"wavelet-LHL","firstorder","Median","-0.434360626782916"
"wavelet-LHL","firstorder","Minimum","-91.7787409494429"
"wavelet-LHL","firstorder","Range","206.11323819947128"
"wavelet-LHL","firstorder","RobustMeanAbsoluteDeviation","3.5281633441064395"
"wavelet-LHL","firstorder","RootMeanSquared","7.984139304396283"
"wavelet-LHL","firstorder","Skewness","0.22880287034285218"
"wavelet-LHL","firstorder","TotalEnergy","10134135.036084998"
"wavelet-LHL","firstorder","Uniformity","0.4880809201697241"
"wavelet-LHL","firstorder","Variance","63.67800747151164"
"wavelet-LHL","glcm","Autocorrelation","20.005825660520866"
"wavelet-LHL","glcm","ClusterProminence","1.032811168256224"
"wavelet-LHL","glcm","ClusterShade","0.014472665163165182"
"wavelet-LHL","glcm","ClusterTendency","0.5439400350831541"
"wavelet-LHL","glcm","Contrast","0.5463742254582347"
"wavelet-LHL","glcm","Correlation","-0.002055589366168026"
"wavelet-LHL","glcm","DifferenceAverage","0.5243962028958863"
"wavelet-LHL","glcm","DifferenceEntropy","1.012310791401538"
"wavelet-LHL","glcm","DifferenceVariance","0.25345468495506973"
"wavelet-LHL","glcm","Id","0.7409421189901866"
"wavelet-LHL","glcm","Idm","0.7399091944540177"
"wavelet-LHL","glcm","Idmn","0.993369932960227"
"wavelet-LHL","glcm","Idn","0.9477488677521708"
"wavelet-LHL","glcm","Imc1","-0.05753151022629786"
"wavelet-LHL","glcm","Imc2","0.3126176990275838"
"wavelet-LHL","glcm","InverseVariance","0.5094750184279911"
"wavelet-LHL","glcm","JointAverage","4.472855230724753"
"wavelet-LHL","glcm","JointEnergy","0.2594086652682212"
"wavelet-LHL","glcm","JointEntropy","2.0974762407700043"
"wavelet-LHL","glcm","MCC","0.3383695395301202"
"wavelet-LHL","glcm","MaximumProbability","0.3123939448890446"
"wavelet-LHL","glcm","SumAverage","8.945710461449504"
"wavelet-LHL","glcm","SumEntropy","1.5271689715586052"
"wavelet-LHL","glcm","SumSquares","0.27257856513534723"
"wavelet-LHL","gldm","DependenceEntropy","4.821995377514934"
"wavelet-LHL","gldm","DependenceNonUniformity","5671.4343327454435"
"wavelet-LHL","gldm","DependenceNonUniformityNormalized","0.08335441406151446"
"wavelet-LHL","gldm","DependenceVariance","11.766737742193357"
"wavelet-LHL","gldm","GrayLevelNonUniformity","33209.02580834803"
"wavelet-LHL","gldm","GrayLevelVariance","0.2834836616148263"
"wavelet-LHL","gldm","HighGrayLevelEmphasis","20.27663139329806"
"wavelet-LHL","gldm","LargeDependenceEmphasis","160.22398589065256"
"wavelet-LHL","gldm","LargeDependenceHighGrayLevelEmphasis","3178.2624338624337"
"wavelet-LHL","gldm","LargeDependenceLowGrayLevelEmphasis","8.483515231219865"
"wavelet-LHL","gldm","LowGrayLevelEmphasis","0.05228737504293637"
"wavelet-LHL","gldm","SmallDependenceEmphasis","0.013134387561802128"
"wavelet-LHL","gldm","SmallDependenceHighGrayLevelEmphasis","0.2858159927035735"
"wavelet-LHL","gldm","SmallDependenceLowGrayLevelEmphasis","0.0007602672521815834"
"wavelet-LHL","glrlm","GrayLevelNonUniformity","18561.761321044018"
"wavelet-LHL","glrlm","GrayLevelNonUniformityNormalized","0.47804483289526334"
"wavelet-LHL","glrlm","GrayLevelVariance","0.3073087053303768"
"wavelet-LHL","glrlm","HighGrayLevelRunEmphasis","20.47277311650625"
"wavelet-LHL","glrlm","LongRunEmphasis","5.397545844770486"
"wavelet-LHL","glrlm","LongRunHighGrayLevelEmphasis","108.08923003638824"
"wavelet-LHL","glrlm","LongRunLowGrayLevelEmphasis","0.2841615333034293"
"wavelet-LHL","glrlm","LowGrayLevelRunEmphasis","0.05211284543682518"
"wavelet-LHL","glrlm","RunEntropy","2.8963137317410292"
"wavelet-LHL","glrlm","RunLengthNonUniformity","16254.619176391445"
"wavelet-LHL","glrlm","RunLengthNonUniformityNormalized","0.39771536030195875"
"wavelet-LHL","glrlm","RunPercentage","0.5698344865011531"
"wavelet-LHL","glrlm","RunVariance","1.6002741743420166"
"wavelet-LHL","glrlm","ShortRunEmphasis","0.6230911800380199"
"wavelet-LHL","glrlm","ShortRunHighGrayLevelEmphasis","12.868010933403964"
"wavelet-LHL","glrlm","ShortRunLowGrayLevelEmphasis","0.03242586094451548"
"wavelet-LHL","glszm","GrayLevelNonUniformity","107.11827956989248"
"wavelet-LHL","glszm","GrayLevelNonUniformityNormalized","0.28795236443519484"
"wavelet-LHL","glszm","GrayLevelVariance","2.5328000346860913"
"wavelet-LHL","glszm","HighGrayLevelZoneEmphasis","24.486559139784948"
"wavelet-LHL","glszm","LargeAreaEmphasis","6052315.080645162"
"wavelet-LHL","glszm","LargeAreaHighGrayLevelEmphasis","120992691.13978495"
"wavelet-LHL","glszm","LargeAreaLowGrayLevelEmphasis","317881.31496436935"
"wavelet-LHL","glszm","LowGrayLevelZoneEmphasis","0.07216665760788585"
"wavelet-LHL","glszm","SizeZoneNonUniformity","104.44086021505376"
"wavelet-LHL","glszm","SizeZoneNonUniformityNormalized","0.2807550005781015"
"wavelet-LHL","glszm","SmallAreaEmphasis","0.5347707001697457"
"wavelet-LHL","glszm","SmallAreaHighGrayLevelEmphasis","13.06535406777615"
"wavelet-LHL","glszm","SmallAreaLowGrayLevelEmphasis","0.03906159231097723"
"wavelet-LHL","glszm","ZoneEntropy","4.4700093861863035"
"wavelet-LHL","glszm","ZonePercentage","0.005467372134038801"
"wavelet-LHL","glszm","ZoneVariance","6018861.490634756"
"wavelet-LHL","ngtdm","Busyness","268.8892469487756"
"wavelet-LHL","ngtdm","Coarseness","5.942535021405391e-05"
"wavelet-LHL","ngtdm","Complexity","20.62629081447856"
"wavelet-LHL","ngtdm","Contrast","0.004094914098421527"
"wavelet-LHL","ngtdm","Strength","0.0036779279798853162"
"wavelet-LHH","firstorder","10Percentile","-7.007876368141457"
"wavelet-LHH","firstorder","90Percentile","6.676554469059459"
"wavelet-LHH","firstorder","Energy","2748336.2815613165"
"wavelet-LHH","firstorder","Entropy","1.0556261834018423"
"wavelet-LHH","firstorder","InterquartileRange","6.7296254182914765"
"wavelet-LHH","firstorder","Kurtosis","8.578120023642187"
"wavelet-LHH","firstorder","Maximum","57.516557031431525"
"wavelet-LHH","firstorder","MeanAbsoluteDeviation","4.521045785818524"
"wavelet-LHH","firstorder","Mean","-0.021021924495495007"
"wavelet-LHH","firstorder","Median","0.11375461128724157"
"wavelet-LHH","firstorder","Minimum","-63.91599063436895"
"wavelet-LHH","firstorder","Range","121.43254766580048"
"wavelet-LHH","firstorder","RobustMeanAbsoluteDeviation","2.829713245916531"
"wavelet-LHH","firstorder","RootMeanSquared","6.355544781090921"
"wavelet-LHH","firstorder","Skewness","-0.174280615531059"
"wavelet-LHH","firstorder","TotalEnergy","6421493.415862229"
"wavelet-LHH","firstorder","Uniformity","0.49399348638505347"
"wavelet-LHH","firstorder","Variance","40.392507543142536"
"wavelet-LHH","glcm","Autocorrelation","12.3203772098278"
"wavelet-LHH","glcm","ClusterProminence","0.587349537603563"
"wavelet-LHH","glcm","ClusterShade","-0.0138458549847445"
"wavelet-LHH","glcm","ClusterTendency","0.5081822836606714"
"wavelet-LHH","glcm","Contrast","0.5288980042477832"
"wavelet-LHH","glcm","Correlation","-0.019855067635756205"
"wavelet-LHH","glcm","DifferenceAverage","0.5182086751005233"
"wavelet-LHH","glcm","DifferenceEntropy","1.0030602039933554"
"wavelet-LHH","glcm","DifferenceVariance","0.2479206746734057"
"wavelet-LHH","glcm","Id","0.7425629019232016"
"wavelet-LHH","glcm","Idm","0.741961224870012"
"wavelet-LHH","glcm","Idmn","0.9857578166250307"
"wavelet-LHH","glcm","Idn","0.9261555128719366"
"wavelet-LHH","glcm","Imc1","-0.0377489636840537"
"wavelet-LHH","glcm","Imc2","0.2382087932439821"
"wavelet-LHH","glcm","InverseVariance","0.5099114488522035"
"wavelet-LHH","glcm","JointAverage","3.510777076107333"
"wavelet-LHH","glcm","JointEnergy","0.2580481467027163"
"wavelet-LHH","glcm","JointEntropy","2.0433196350207066"
"wavelet-LHH","glcm","MCC","0.20069730092021282"
"wavelet-LHH","glcm","MaximumProbability","0.3020554237250633"
"wavelet-LHH","glcm","SumAverage","7.021554152214666"
"wavelet-LHH","glcm","SumEntropy","1.4937800187614323"
"wavelet-LHH","glcm","SumSquares","0.2592700719771136"
"wavelet-LHH","gldm","DependenceEntropy","4.521753890252063"
"wavelet-LHH","gldm","DependenceNonUniformity","7025.338359788359"
"wavelet-LHH","gldm","DependenceNonUniformityNormalized","0.10325306231317401"
"wavelet-LHH","gldm","DependenceVariance","8.54940306839598"
"wavelet-LHH","gldm","GrayLevelNonUniformity","33611.31681363904"
"wavelet-LHH","gldm","GrayLevelVariance","0.2631725292743729"
"wavelet-LHH","gldm","HighGrayLevelEmphasis","12.577557319223986"
"wavelet-LHH","gldm","LargeDependenceEmphasis","158.25922986478542"
"wavelet-LHH","gldm","LargeDependenceHighGrayLevelEmphasis","2015.4692092886537"
"wavelet-LHH","gldm","LargeDependenceLowGrayLevelEmphasis","13.482284166993274"
"wavelet-LHH","gldm","LowGrayLevelEmphasis","0.08682511512835588"
"wavelet-LHH","gldm","SmallDependenceEmphasis","0.011102508145994764"
"wavelet-LHH","gldm","SmallDependenceHighGrayLevelEmphasis","0.1414081558847296"
"wavelet-LHH","gldm","SmallDependenceLowGrayLevelEmphasis","0.0011654165404412257"
"wavelet-LHH","glrlm","GrayLevelNonUniformity","18917.857819698394"
"wavelet-LHH","glrlm","GrayLevelNonUniformityNormalized","0.4893780685021217"
"wavelet-LHH","glrlm","GrayLevelVariance","0.2728212529592058"
"wavelet-LHH","glrlm","HighGrayLevelRunEmphasis","12.513256015292042"
"wavelet-LHH","glrlm","LongRunEmphasis","5.29148514546039"
"wavelet-LHH","glrlm","LongRunHighGrayLevelEmphasis","67.02431950795237"
"wavelet-LHH","glrlm","LongRunLowGrayLevelEmphasis","0.45443328320076437"
"wavelet-LHH","glrlm","LowGrayLevelRunEmphasis","0.08767584762285674"
"wavelet-LHH","glrlm","RunEntropy","2.824823881090956"
"wavelet-LHH","glrlm","RunLengthNonUniformity","15859.712724075198"
"wavelet-LHH","glrlm","RunLengthNonUniformityNormalized","0.3950266267945088"
"wavelet-LHH","glrlm","RunPercentage","0.5678616650838874"
"wavelet-LHH","glrlm","RunVariance","1.5886967182123313"
"wavelet-LHH","glrlm","ShortRunEmphasis","0.6254972032323096"
"wavelet-LHH","glrlm","ShortRunHighGrayLevelEmphasis","7.790535292244069"
"wavelet-LHH","glrlm","ShortRunLowGrayLevelEmphasis","0.05541112083087027"
"wavelet-LHH","glszm","GrayLevelNonUniformity","85.81545064377683"
"wavelet-LHH","glszm","GrayLevelNonUniformityNormalized","0.3683066551235057"
"wavelet-LHH","glszm","GrayLevelVariance","2.15329072187736"
"wavelet-LHH","glszm","HighGrayLevelZoneEmphasis","13.446351931330472"
"wavelet-LHH","glszm","LargeAreaEmphasis","9791521.424892703"
"wavelet-LHH","glszm","LargeAreaHighGrayLevelEmphasis","123780822.9914163"
"wavelet-LHH","glszm","LargeAreaLowGrayLevelEmphasis","840328.3447913686"
"wavelet-LHH","glszm","LowGrayLevelZoneEmphasis","0.16346685741535527"
"wavelet-LHH","glszm","SizeZoneNonUniformity","72.66523605150215"
"wavelet-LHH","glszm","SizeZoneNonUniformityNormalized","0.3118679658862753"
"wavelet-LHH","glszm","SmallAreaEmphasis","0.5546236874239548"
"wavelet-LHH","glszm","SmallAreaHighGrayLevelEmphasis","7.8140730814385035"
"wavelet-LHH","glszm","SmallAreaLowGrayLevelEmphasis","0.09023296578983649"
"wavelet-LHH","glszm","ZoneEntropy","3.7338509295220716"
"wavelet-LHH","glszm","ZonePercentage","0.00342445620223398"
"wavelet-LHH","glszm","ZoneVariance","9706247.398846913"
"wavelet-LHH","ngtdm","Busyness","590.2089245454816"
"wavelet-LHH","ngtdm","Coarseness","5.8322689725179295e-05"
"wavelet-LHH","ngtdm","Complexity","8.718806891471129"
"wavelet-LHH","ngtdm","Contrast","0.009063256970321855"
"wavelet-LHH","ngtdm","Strength","0.0010856719694141176"
"wavelet-HLL","firstorder","10Percentile","-5.405491217188088"
"wavelet-HLL","firstorder","90Percentile","5.260772774228233"
"wavelet-HLL","firstorder","Energy","2875532.936381348"
"wavelet-HLL","firstorder","Entropy","1.0942896420724406"
"wavelet-HLL","firstorder","InterquartileRange","5.3357245023506"
"wavelet-HLL","firstorder","Kurtosis","35.829465556814526"
"wavelet-HLL","firstorder","Maximum","117.54534950961559"
"wavelet-HLL","firstorder","MeanAbsoluteDeviation","3.8694356165867596"
"wavelet-HLL","firstorder","Mean","-0.2204127011758971"
"wavelet-HLL","firstorder","Median","-0.2347418317335607"
"wavelet-HLL","firstorder","Minimum","-93.95535480345883"
"wavelet-HLL","firstorder","Range","211.50070431307444"
"wavelet-HLL","firstorder","RobustMeanAbsoluteDeviation","2.227920016453671"
"wavelet-HLL","firstorder","RootMeanSquared","6.500952917511763"
"wavelet-HLL","firstorder","Skewness","0.4327877768941172"
"wavelet-HLL","firstorder","TotalEnergy","6718688.6633748505"
"wavelet-HLL","firstorder","Uniformity","0.4902774589488286"
"wavelet-HLL","firstorder","Variance","42.21380707686504"
"wavelet-HLL","glcm","Autocorrelation","20.03074522354672"
"wavelet-HLL","glcm","ClusterProminence","1.2186445144812483"
"wavelet-HLL","glcm","ClusterShade","0.03908292792257599"
"wavelet-HLL","glcm","ClusterTendency","0.5561415588892848"
"wavelet-HLL","glcm","Contrast","0.5301265397533139"
"wavelet-HLL","glcm","Correlation","0.023701121647907365"
"wavelet-HLL","glcm","DifferenceAverage","0.5093750420717973"
"wavelet-HLL","glcm","DifferenceEntropy","1.016193351461033"
"wavelet-HLL","glcm","DifferenceVariance","0.2592981495152358"
"wavelet-HLL","glcm","Id","0.7479303327072176"
"wavelet-HLL","glcm","Idm","0.7472221662027886"
"wavelet-HLL","glcm","Idmn","0.9935764927988318"
"wavelet-HLL","glcm","Idn","0.9492325881189099"
"wavelet-HLL","glcm","Imc1","-0.042885441002934406"
"wavelet-HLL","glcm","Imc2","0.2686375654396412"
"wavelet-HLL","glcm","InverseVariance","0.4980096361641192"
"wavelet-HLL","glcm","JointAverage","4.474845353542582"
"wavelet-HLL","glcm","JointEnergy","0.25514339131072467"
"wavelet-HLL","glcm","JointEntropy","2.0922164967812873"
"wavelet-HLL","glcm","MCC","0.44242813903387146"
"wavelet-HLL","glcm","MaximumProbability","0.29849654409556164"
"wavelet-HLL","glcm","SumAverage","8.949690707085164"
"wavelet-HLL","glcm","SumEntropy","1.5495232301592856"
"wavelet-HLL","glcm","SumSquares","0.2715670246606496"
"wavelet-HLL","gldm","DependenceEntropy","4.810497310005636"
"wavelet-HLL","gldm","DependenceNonUniformity","5773.406290417402"
"wavelet-HLL","gldm","DependenceNonUniformityNormalized","0.08485312008256028"
"wavelet-HLL","gldm","DependenceVariance","11.493091178858375"
"wavelet-HLL","gldm","GrayLevelNonUniformity","33358.47830687831"
"wavelet-HLL","gldm","GrayLevelVariance","0.28180276234611107"
"wavelet-HLL","gldm","HighGrayLevelEmphasis","20.303218694885363"
"wavelet-HLL","gldm","LargeDependenceEmphasis","167.76954732510288"
"wavelet-HLL","gldm","LargeDependenceHighGrayLevelEmphasis","3343.0502792475013"
"wavelet-HLL","gldm","LargeDependenceLowGrayLevelEmphasis","8.84503831004771"
"wavelet-HLL","gldm","LowGrayLevelEmphasis","0.052259104357825166"
"wavelet-HLL","gldm","SmallDependenceEmphasis","0.011507091327881365"
"wavelet-HLL","gldm","SmallDependenceHighGrayLevelEmphasis","0.25057159965856923"
"wavelet-HLL","gldm","SmallDependenceLowGrayLevelEmphasis","0.0006881065790915204"
"wavelet-HLL","glrlm","GrayLevelNonUniformity","18309.009953862213"
"wavelet-HLL","glrlm","GrayLevelNonUniformityNormalized","0.48219808938950454"
"wavelet-HLL","glrlm","GrayLevelVariance","0.30432893597810906"
"wavelet-HLL","glrlm","HighGrayLevelRunEmphasis","20.48193530177883"
"wavelet-HLL","glrlm","LongRunEmphasis","5.229461186298583"
"wavelet-HLL","glrlm","LongRunHighGrayLevelEmphasis","105.00624425001932"
"wavelet-HLL","glrlm","LongRunLowGrayLevelEmphasis","0.27470780263272504"
"wavelet-HLL","glrlm","LowGrayLevelRunEmphasis","0.05216569423085856"
"wavelet-HLL","glrlm","RunEntropy","2.914729439094676"
"wavelet-HLL","glrlm","RunLengthNonUniformity","15252.498538738491"
"wavelet-HLL","glrlm","RunLengthNonUniformityNormalized","0.38727982189053534"
"wavelet-HLL","glrlm","RunPercentage","0.5576516076516077"
"wavelet-HLL","glrlm","RunVariance","1.5592314464861277"
"wavelet-HLL","glrlm","ShortRunEmphasis","0.6171092425513023"
"wavelet-HLL","glrlm","ShortRunHighGrayLevelEmphasis","12.741095802996739"
"wavelet-HLL","glrlm","ShortRunLowGrayLevelEmphasis","0.03221214413080105"
"wavelet-HLL","glszm","GrayLevelNonUniformity","58.37931034482759"
"wavelet-HLL","glszm","GrayLevelNonUniformityNormalized","0.2236755185625578"
"wavelet-HLL","glszm","GrayLevelVariance","2.9956401109789934"
"wavelet-HLL","glszm","HighGrayLevelZoneEmphasis","24.559386973180075"
"wavelet-HLL","glszm","LargeAreaEmphasis","8668447.739463601"
"wavelet-HLL","glszm","LargeAreaHighGrayLevelEmphasis","173868916.60153258"
"wavelet-HLL","glszm","LargeAreaLowGrayLevelEmphasis","453844.5337862182"
"wavelet-HLL","glszm","LowGrayLevelZoneEmphasis","0.08790025776878085"
"wavelet-HLL","glszm","SizeZoneNonUniformity","67.32183908045977"
"wavelet-HLL","glszm","SizeZoneNonUniformityNormalized","0.2579380807680451"
"wavelet-HLL","glszm","SmallAreaEmphasis","0.5193781633078537"
"wavelet-HLL","glszm","SmallAreaHighGrayLevelEmphasis","13.495607045160433"
"wavelet-HLL","glszm","SmallAreaLowGrayLevelEmphasis","0.04277359117158411"
"wavelet-HLL","glszm","ZoneEntropy","4.945984076934959"
"wavelet-HLL","glszm","ZonePercentage","0.003835978835978836"
"wavelet-HLL","glszm","ZoneVariance","8600488.643149689"
"wavelet-HLL","ngtdm","Busyness","261.9736679478263"
"wavelet-HLL","ngtdm","Coarseness","6.0833195796473265e-05"
"wavelet-HLL","ngtdm","Complexity","19.97554261882153"
"wavelet-HLL","ngtdm","Contrast","0.003942726175064549"
"wavelet-HLL","ngtdm","Strength","0.003794612590375026"
"wavelet-HLH","firstorder","10Percentile","-4.569258578060941"
"wavelet-HLH","firstorder","90Percentile","4.403541598395465"
"wavelet-HLH","firstorder","Energy","1663515.0886829866"
"wavelet-HLH","firstorder","Entropy","1.049070632579078"
"wavelet-HLH","firstorder","InterquartileRange","4.332497476482071"
"wavelet-HLH","firstorder","Kurtosis","20.835422072154756"
"wavelet-HLH","firstorder","Maximum","60.736089446096834"
"wavelet-HLH","firstorder","MeanAbsoluteDeviation","3.1421857872588914"
"wavelet-HLH","firstorder","Mean","-0.013293478356554674"
"wavelet-HLH","firstorder","Median","0.04602942384177492"
"wavelet-HLH","firstorder","Minimum","-78.13514142082803"
"wavelet-HLH","firstorder","Range","138.87123086692486"
"wavelet-HLH","firstorder","RobustMeanAbsoluteDeviation","1.833015516124657"
"wavelet-HLH","firstorder","RootMeanSquared","4.944600628712994"
"wavelet-HLH","firstorder","Skewness","-0.28217878342705804"
"wavelet-HLH","firstorder","TotalEnergy","3886806.451172975"
"wavelet-HLH","firstorder","Uniformity","0.4947919727510981"
"wavelet-HLH","firstorder","Variance","24.448898660902124"
"wavelet-HLH","glcm","Autocorrelation","20.30181104294666"
"wavelet-HLH","glcm","ClusterProminence","0.6047836161325585"
"wavelet-HLH","glcm","ClusterShade","-0.01054000557081321"
"wavelet-HLH","glcm","ClusterTendency","0.5090373323918728"
"wavelet-HLH","glcm","Contrast","0.5260504789229911"
"wavelet-HLH","glcm","Correlation","-0.016481897169910994"
"wavelet-HLH","glcm","DifferenceAverage","0.5156498549494646"
"wavelet-HLH","glcm","DifferenceEntropy","1.0113115337585326"
"wavelet-HLH","glcm","DifferenceVariance","0.25193055946390686"
"wavelet-HLH","glcm","Id","0.7437170512475239"
"wavelet-HLH","glcm","Idm","0.7431970734265878"
"wavelet-HLH","glcm","Idmn","0.9895126244202432"
"wavelet-HLH","glcm","Idn","0.9356813429634905"
"wavelet-HLH","glcm","Imc1","-0.027573016214078434"
"wavelet-HLH","glcm","Imc2","0.2067730606933223"
"wavelet-HLH","glcm","InverseVariance","0.5082311363230838"
"wavelet-HLH","glcm","JointAverage","4.506225018967199"
"wavelet-HLH","glcm","JointEnergy","0.2544908859785384"
"wavelet-HLH","glcm","JointEntropy","2.048057647137301"
"wavelet-HLH","glcm","MCC","0.2524652627059304"
"wavelet-HLH","glcm","MaximumProbability","0.2901984552482207"
"wavelet-HLH","glcm","SumAverage","9.012450037934398"
"wavelet-HLH","glcm","SumEntropy","1.5038800079176962"
"wavelet-HLH","glcm","SumSquares","0.258771952828716"
"wavelet-HLH","gldm","DependenceEntropy","4.528251814240531"
"wavelet-HLH","gldm","DependenceNonUniformity","7095.94012345679"
"wavelet-HLH","gldm","DependenceNonUniformityNormalized","0.1042907131607406"
"wavelet-HLH","gldm","DependenceVariance","8.405054729710814"
"wavelet-HLH","gldm","GrayLevelNonUniformity","33665.64582598471"
"wavelet-HLH","gldm","GrayLevelVariance","0.26170238566137216"
"wavelet-HLH","gldm","HighGrayLevelEmphasis","20.557627865961198"
"wavelet-HLH","gldm","LargeDependenceEmphasis","159.76014109347443"
"wavelet-HLH","gldm","LargeDependenceHighGrayLevelEmphasis","3303.9553938859494"
"wavelet-HLH","gldm","LargeDependenceLowGrayLevelEmphasis","8.116839929509919"
"wavelet-HLH","gldm","LowGrayLevelEmphasis","0.05126728100117178"
"wavelet-HLH","gldm","SmallDependenceEmphasis","0.010447176449245742"
"wavelet-HLH","gldm","SmallDependenceHighGrayLevelEmphasis","0.21494616871949293"
"wavelet-HLH","gldm","SmallDependenceLowGrayLevelEmphasis","0.0005957852716707979"
"wavelet-HLH","glrlm","GrayLevelNonUniformity","18898.86947666329"
"wavelet-HLH","glrlm","GrayLevelNonUniformityNormalized","0.49127739156625466"
"wavelet-HLH","glrlm","GrayLevelVariance","0.26958213734787023"
"wavelet-HLH","glrlm","HighGrayLevelRunEmphasis","20.506380799059805"
"wavelet-HLH","glrlm","LongRunEmphasis","4.985997628253903"
"wavelet-HLH","glrlm","LongRunHighGrayLevelEmphasis","102.89377722496883"
"wavelet-HLH","glrlm","LongRunLowGrayLevelEmphasis","0.25418980564331395"
"wavelet-HLH","glrlm","LowGrayLevelRunEmphasis","0.05150649050137815"
"wavelet-HLH","glrlm","RunEntropy","2.817791281137148"
"wavelet-HLH","glrlm","RunLengthNonUniformity","15601.037269620088"
"wavelet-HLH","glrlm","RunLengthNonUniformityNormalized","0.39413753488754444"
"wavelet-HLH","glrlm","RunPercentage","0.5652828652828652"
"wavelet-HLH","glrlm","RunVariance","1.481197570953176"
"wavelet-HLH","glrlm","ShortRunEmphasis","0.626859463276969"
"wavelet-HLH","glrlm","ShortRunHighGrayLevelEmphasis","12.827977499180358"
"wavelet-HLH","glrlm","ShortRunLowGrayLevelEmphasis","0.03244218296731622"
"wavelet-HLH","glszm","GrayLevelNonUniformity","51.161490683229815"
"wavelet-HLH","glszm","GrayLevelNonUniformityNormalized","0.31777323405732805"
"wavelet-HLH","glszm","GrayLevelVariance","2.1895760194436944"
"wavelet-HLH","glszm","HighGrayLevelZoneEmphasis","21.093167701863354"
"wavelet-HLH","glszm","LargeAreaEmphasis","14201062.459627328"
"wavelet-HLH","glszm","LargeAreaHighGrayLevelEmphasis","292512858.59006214"
"wavelet-HLH","glszm","LargeAreaLowGrayLevelEmphasis","724327.1536159702"
"wavelet-HLH","glszm","LowGrayLevelZoneEmphasis","0.08043031084069238"
"wavelet-HLH","glszm","SizeZoneNonUniformity","59.98136645962733"
"wavelet-HLH","glszm","SizeZoneNonUniformityNormalized","0.3725550711778095"
"wavelet-HLH","glszm","SmallAreaEmphasis","0.6312079964963422"
"wavelet-HLH","glszm","SmallAreaHighGrayLevelEmphasis","13.455534669578379"
"wavelet-HLH","glszm","SmallAreaLowGrayLevelEmphasis","0.05169472416228353"
"wavelet-HLH","glszm","ZoneEntropy","3.911278910317122"
"wavelet-HLH","glszm","ZonePercentage","0.0023662551440329217"
"wavelet-HLH","glszm","ZoneVariance","14022464.349986495"
"wavelet-HLH","ngtdm","Busyness","371.6442143713372"
"wavelet-HLH","ngtdm","Coarseness","5.85428005549312e-05"
"wavelet-HLH","ngtdm","Complexity","12.248924086755746"
"wavelet-HLH","ngtdm","Contrast","0.006391026172240556"
"wavelet-HLH","ngtdm","Strength","0.0018122374753486246"
"wavelet-HHL","firstorder","10Percentile","-4.255480771504538"
"wavelet-HHL","firstorder","90Percentile","4.018261651615509"
"wavelet-HHL","firstorder","Energy","916916.0581822627"
"wavelet-HHL","firstorder","Entropy","1.0078653459720721"
"wavelet-HHL","firstorder","InterquartileRange","4.233089508882365"
"wavelet-HHL","firstorder","Kurtosis","10.20304101434235"
"wavelet-HHL","firstorder","Maximum","51.44758830884664"
"wavelet-HHL","firstorder","MeanAbsoluteDeviation","2.6893638268705073"
"wavelet-HHL","firstorder","Mean","0.007261867507672257"
"wavelet-HHL","firstorder","Median","0.1128988273522028"
"wavelet-HHL","firstorder","Minimum","-39.41563815375596"
"wavelet-HHL","firstorder","Range","90.8632264626026"
"wavelet-HHL","firstorder","RobustMeanAbsoluteDeviation","1.7647596180818677"
"wavelet-HHL","firstorder","RootMeanSquared","3.670985227750351"
"wavelet-HHL","firstorder","Skewness","0.08384011300989229"
"wavelet-HHL","firstorder","TotalEnergy","2142376.2696065786"
"wavelet-HHL","firstorder","Uniformity","0.4997158871169257"
"wavelet-HHL","firstorder","Variance","13.4760798076416"
"wavelet-HHL","glcm","Autocorrelation","6.323008066086479"
"wavelet-HHL","glcm","ClusterProminence","0.4996525878777242"
"wavelet-HHL","glcm","ClusterShade","-0.014457471995655505"
"wavelet-HHL","glcm","ClusterTendency","0.49251002495341023"
"wavelet-HHL","glcm","Contrast","0.5099894901251433"
"wavelet-HHL","glcm","Correlation","-0.01739061978072867"
"wavelet-HHL","glcm","DifferenceAverage","0.509114272645646"
"wavelet-HHL","glcm","DifferenceEntropy","0.9890054785081424"
"wavelet-HHL","glcm","DifferenceVariance","0.24549538730281595"
"wavelet-HHL","glcm","Id","0.7455852306785965"
"wavelet-HHL","glcm","Idm","0.7455303854251267"
"wavelet-HHL","glcm","Idmn","0.9803924563899872"
"wavelet-HHL","glcm","Idn","0.915168209552964"
"wavelet-HHL","glcm","Imc1","-0.016234038764193222"
"wavelet-HHL","glcm","Imc2","0.11450533858138062"
"wavelet-HHL","glcm","InverseVariance","0.5083815372591098"
"wavelet-HHL","glcm","JointAverage","2.5154279649545264"
"wavelet-HHL","glcm","JointEnergy","0.25540729814628144"
"wavelet-HHL","glcm","JointEntropy","1.9930510322304757"
"wavelet-HHL","glcm","MCC","0.17699901023466455"
"wavelet-HHL","glcm","MaximumProbability","0.2795385793255497"
"wavelet-HHL","glcm","SumAverage","5.030855929909052"
"wavelet-HHL","glcm","SumEntropy","1.4796994943150847"
"wavelet-HHL","glcm","SumSquares","0.2506248787696384"
"wavelet-HHL","gldm","DependenceEntropy","4.517202363696468"
"wavelet-HHL","gldm","DependenceNonUniformity","6786.813462669018"
"wavelet-HHL","gldm","DependenceNonUniformityNormalized","0.09974740538902144"
"wavelet-HHL","gldm","DependenceVariance","8.367489641947316"
"wavelet-HHL","gldm","GrayLevelNonUniformity","34000.66895943563"
"wavelet-HHL","gldm","GrayLevelVariance","0.2512524169221618"
"wavelet-HHL","gldm","HighGrayLevelEmphasis","6.575176366843033"
"wavelet-HHL","gldm","LargeDependenceEmphasis","160.48512639623752"
"wavelet-HHL","gldm","LargeDependenceHighGrayLevelEmphasis","1079.4381099353322"
"wavelet-HHL","gldm","LargeDependenceLowGrayLevelEmphasis","27.970035167221894"
"wavelet-HHL","gldm","LowGrayLevelEmphasis","0.17871898883009996"
"wavelet-HHL","gldm","SmallDependenceEmphasis","0.009046607506534708"
"wavelet-HHL","gldm","SmallDependenceHighGrayLevelEmphasis","0.05912331480580127"
"wavelet-HHL","gldm","SmallDependenceLowGrayLevelEmphasis","0.0017638616441418022"
"wavelet-HHL","glrlm","GrayLevelNonUniformity","19144.742874534117"
"wavelet-HHL","glrlm","GrayLevelNonUniformityNormalized","0.49879603429065517"
"wavelet-HHL","glrlm","GrayLevelVariance","0.2525257370886751"
"wavelet-HHL","glrlm","HighGrayLevelRunEmphasis","6.512110454909727"
"wavelet-HHL","glrlm","LongRunEmphasis","4.670506346463814"
"wavelet-HHL","glrlm","LongRunHighGrayLevelEmphasis","31.102278514857385"
"wavelet-HHL","glrlm","LongRunLowGrayLevelEmphasis","0.82311872048493"
"wavelet-HHL","glrlm","LowGrayLevelRunEmphasis","0.1806526215619537"
"wavelet-HHL","glrlm","RunEntropy","2.7422665725099096"
"wavelet-HHL","glrlm","RunLengthNonUniformity","15349.209493461869"
"wavelet-HHL","glrlm","RunLengthNonUniformityNormalized","0.3942780102173289"
"wavelet-HHL","glrlm","RunPercentage","0.5640923890923891"
"wavelet-HHL","glrlm","RunVariance","1.374999548588512"
"wavelet-HHL","glrlm","ShortRunEmphasis","0.6271997396773181"
"wavelet-HHL","glrlm","ShortRunHighGrayLevelEmphasis","4.050405808887597"
"wavelet-HHL","glrlm","ShortRunLowGrayLevelEmphasis","0.11439783213001828"
"wavelet-HHL","glszm","GrayLevelNonUniformity","11.047619047619047"
"wavelet-HHL","glszm","GrayLevelNonUniformityNormalized","0.26303854875283444"
"wavelet-HHL","glszm","GrayLevelVariance","1.616780045351474"
"wavelet-HHL","glszm","HighGrayLevelZoneEmphasis","8.476190476190476"
"wavelet-HHL","glszm","LargeAreaEmphasis","55023162.38095238"
"wavelet-HHL","glszm","LargeAreaHighGrayLevelEmphasis","365526322.3095238"
"wavelet-HHL","glszm","LargeAreaLowGrayLevelEmphasis","9715967.355119048"
"wavelet-HHL","glszm","LowGrayLevelZoneEmphasis","0.38603835978835976"
"wavelet-HHL","glszm","SizeZoneNonUniformity","18.61904761904762"
"wavelet-HHL","glszm","SizeZoneNonUniformityNormalized","0.4433106575963719"
"wavelet-HHL","glszm","SmallAreaEmphasis","0.6871237507762087"
"wavelet-HHL","glszm","SmallAreaHighGrayLevelEmphasis","5.373525132537968"
"wavelet-HHL","glszm","SmallAreaLowGrayLevelEmphasis","0.30197617109163266"
"wavelet-HHL","glszm","ZoneEntropy","3.4761172828331914"
"wavelet-HHL","glszm","ZonePercentage","0.0006172839506172839"
"wavelet-HHL","glszm","ZoneVariance","52398762.38095238"
"wavelet-HHL","ngtdm","Busyness","1067.8457010039567"
"wavelet-HHL","ngtdm","Coarseness","5.773837719264668e-05"
"wavelet-HHL","ngtdm","Complexity","6.119016508985973"
"wavelet-HHL","ngtdm","Contrast","0.012825969229199078"
"wavelet-HHL","ngtdm","Strength","0.0007159523237017289"
"wavelet-HHH","firstorder","10Percentile","-3.3762810365658775"
"wavelet-HHH","firstorder","90Percentile","3.4932176131527983"
"wavelet-HHH","firstorder","Energy","611891.2126880715"
"wavelet-HHH","firstorder","Entropy","1.0022132258255858"
"wavelet-HHH","firstorder","InterquartileRange","3.466066826463965"
"wavelet-HHH","firstorder","Kurtosis","8.266977195500424"
"wavelet-HHH","firstorder","Maximum","31.145012493511786"
"wavelet-HHH","firstorder","MeanAbsoluteDeviation","2.2154126191727594"
"wavelet-HHH","firstorder","Mean","0.0027807995063912293"
"wavelet-HHH","firstorder","Median","-0.056687744373279475"
"wavelet-HHH","firstorder","Minimum","-38.165468714028"
"wavelet-HHH","firstorder","Range","69.3104812075398"
"wavelet-HHH","firstorder","RobustMeanAbsoluteDeviation","1.4505909543020843"
"wavelet-HHH","firstorder","RootMeanSquared","2.9988514671139934"
"wavelet-HHH","firstorder","Skewness","0.005057151501325436"
"wavelet-HHH","firstorder","TotalEnergy","1429685.086159913"
"wavelet-HHH","firstorder","Uniformity","0.499980230877089"
"wavelet-HHH","firstorder","Variance","8.993102388965854"
"wavelet-HHH","glcm","Autocorrelation","6.196584890240407"
"wavelet-HHH","glcm","ClusterProminence","0.49004571959960963"
"wavelet-HHH","glcm","ClusterShade","0.008525986949956346"
"wavelet-HHH","glcm","ClusterTendency","0.4881540904368841"
"wavelet-HHH","glcm","Contrast","0.5127056608793986"
"wavelet-HHH","glcm","Correlation","-0.024528094264350757"
"wavelet-HHH","glcm","DifferenceAverage","0.5123752868791808"
"wavelet-HHH","glcm","DifferenceEntropy","0.9911778154234016"
"wavelet-HHH","glcm","DifferenceVariance","0.24659343667913733"
"wavelet-HHH","glcm","Id","0.7438665543694949"
"wavelet-HHH","glcm","Idm","0.7438453939604314"
"wavelet-HHH","glcm","Idmn","0.9698468932979751"
"wavelet-HHH","glcm","Idn","0.8975358562880624"
"wavelet-HHH","glcm","Imc1","-0.011067247168470018"
"wavelet-HHH","glcm","Imc2","0.10238930716203988"
"wavelet-HHH","glcm","InverseVariance","0.5120943745805638"
"wavelet-HHH","glcm","JointAverage","2.4905265995280774"
"wavelet-HHH","glcm","JointEnergy","0.2537491839460043"
"wavelet-HHH","glcm","JointEntropy","1.9926761725986695"
"wavelet-HHH","glcm","MCC","0.13264942303539476"
"wavelet-HHH","glcm","MaximumProbability","0.27567508793937895"
"wavelet-HHH","glcm","SumAverage","4.981053199056155"
"wavelet-HHH","glcm","SumEntropy","1.4784684302766433"
"wavelet-HHH","glcm","SumSquares","0.25021493782907067"
"wavelet-HHH","gldm","DependenceEntropy","4.367442210182543"
"wavelet-HHH","gldm","DependenceNonUniformity","7718.655379188713"
"wavelet-HHH","gldm","DependenceNonUniformityNormalized","0.11344290680759425"
"wavelet-HHH","gldm","DependenceVariance","7.1889135648670885"
"wavelet-HHH","gldm","GrayLevelNonUniformity","34018.65490887713"
"wavelet-HHH","gldm","GrayLevelVariance","0.2502728830189801"
"wavelet-HHH","gldm","HighGrayLevelEmphasis","6.455673133450912"
"wavelet-HHH","gldm","LargeDependenceEmphasis","157.37818930041152"
"wavelet-HHH","gldm","LargeDependenceHighGrayLevelEmphasis","1000.8852733686067"
"wavelet-HHH","gldm","LargeDependenceLowGrayLevelEmphasis","29.02893988013587"
"wavelet-HHH","gldm","LowGrayLevelEmphasis","0.18187381605591482"
"wavelet-HHH","gldm","SmallDependenceEmphasis","0.008648977423624263"
"wavelet-HHH","gldm","SmallDependenceHighGrayLevelEmphasis","0.056600415749803935"
"wavelet-HHH","gldm","SmallDependenceLowGrayLevelEmphasis","0.0015966477602203522"
"wavelet-HHH","glrlm","GrayLevelNonUniformity","19281.448758105536"
"wavelet-HHH","glrlm","GrayLevelNonUniformityNormalized","0.49969818324686904"
"wavelet-HHH","glrlm","GrayLevelVariance","0.25060736343209095"
"wavelet-HHH","glrlm","HighGrayLevelRunEmphasis","6.495528124019756"
"wavelet-HHH","glrlm","LongRunEmphasis","4.5284380056632365"
"wavelet-HHH","glrlm","LongRunHighGrayLevelEmphasis","29.001902716350703"
"wavelet-HHH","glrlm","LongRunLowGrayLevelEmphasis","0.8298280383457891"
"wavelet-HHH","glrlm","LowGrayLevelRunEmphasis","0.18082950315763283"
"wavelet-HHH","glrlm","RunEntropy","2.7204978707872325"
"wavelet-HHH","glrlm","RunLengthNonUniformity","15413.055139702077"
"wavelet-HHH","glrlm","RunLengthNonUniformityNormalized","0.39595967649220604"
"wavelet-HHH","glrlm","RunPercentage","0.5671087143309366"
"wavelet-HHH","glrlm","RunVariance","1.3470769386480888"
"wavelet-HHH","glrlm","ShortRunEmphasis","0.6336013889710992"
"wavelet-HHH","glrlm","ShortRunHighGrayLevelEmphasis","4.136475869616664"
"wavelet-HHH","glrlm","ShortRunLowGrayLevelEmphasis","0.1140454255793315"
"wavelet-HHH","glszm","GrayLevelNonUniformity","5.3"
"wavelet-HHH","glszm","GrayLevelNonUniformityNormalized","0.265"
"wavelet-HHH","glszm","GrayLevelVariance","1.0274999999999999"
"wavelet-HHH","glszm","HighGrayLevelZoneEmphasis","6.55"
"wavelet-HHH","glszm","LargeAreaEmphasis","115683847.5"
"wavelet-HHH","glszm","LargeAreaHighGrayLevelEmphasis","741708900.2"
"wavelet-HHH","glszm","LargeAreaLowGrayLevelEmphasis","21171698.27986111"
"wavelet-HHH","glszm","LowGrayLevelZoneEmphasis","0.36770833333333336"
"wavelet-HHH","glszm","SizeZoneNonUniformity","8.0"
"wavelet-HHH","glszm","SizeZoneNonUniformityNormalized","0.4"
"wavelet-HHH","glszm","SmallAreaEmphasis","0.6305555556421064"
"wavelet-HHH","glszm","SmallAreaHighGrayLevelEmphasis","4.243055556125795"
"wavelet-HHH","glszm","SmallAreaLowGrayLevelEmphasis","0.2382812500154145"
"wavelet-HHH","glszm","ZoneEntropy","3.3086949695628385"
"wavelet-HHH","glszm","ZonePercentage","0.00029394473838918284"
"wavelet-HHH","glszm","ZoneVariance","104110243.5"
"wavelet-HHH","ngtdm","Busyness","1605.7270736727537"
"wavelet-HHH","ngtdm","Coarseness","5.727673427673153e-05"
"wavelet-HHH","ngtdm","Complexity","3.5934296568343598"
"wavelet-HHH","ngtdm","Contrast","0.02142199083485664"
"wavelet-HHH","ngtdm","Strength","0.0003434960702600767"
"wavelet-LLL","firstorder","10Percentile","-2213.169350382937"
"wavelet-LLL","firstorder","90Percentile","-2180.5247636361432"
"wavelet-LLL","firstorder","Energy","327998444683.6555"
"wavelet-LLL","firstorder","Entropy","1.0590451000704526"
"wavelet-LLL","firstorder","InterquartileRange","8.992566106643608"
"wavelet-LLL","firstorder","Kurtosis","39.37189636907394"
"wavelet-LLL","firstorder","Maximum","-2144.654767751654"
"wavelet-LLL","firstorder","MeanAbsoluteDeviation","15.404607141111866"
"wavelet-LLL","firstorder","Mean","-2195.383108807573"
"wavelet-LLL","firstorder","Median","-2187.5320326156234"
"wavelet-LLL","firstorder","Minimum","-2626.238241652443"
"wavelet-LLL","firstorder","Range","481.5834739007887"
"wavelet-LLL","firstorder","RobustMeanAbsoluteDeviation","4.370982646871075"
"wavelet-LLL","firstorder","RootMeanSquared","2195.6026167614664"
"wavelet-LLL","firstorder","Skewness","-5.160576081962788"
"wavelet-LLL","firstorder","TotalEnergy","766369045549.4773"
"wavelet-LLL","firstorder","Uniformity","0.712221984612572"
"wavelet-LLL","firstorder","Variance","963.8562921976452"
"wavelet-LLL","glcm","Autocorrelation","353.0424719518312"
"wavelet-LLL","glcm","ClusterProminence","451.17524781214644"
"wavelet-LLL","glcm","ClusterShade","-28.97064425653932"
"wavelet-LLL","glcm","ClusterTendency","2.8706285291821967"
"wavelet-LLL","glcm","Contrast","0.8615592004078033"
"wavelet-LLL","glcm","Correlation","0.47124360979219493"
"wavelet-LLL","glcm","DifferenceAverage","0.29218619018971204"
"wavelet-LLL","glcm","DifferenceEntropy","0.9029539298635141"
"wavelet-LLL","glcm","DifferenceVariance","0.7692658281261189"
"wavelet-LLL","glcm","Id","0.9067897462166135"
"wavelet-LLL","glcm","Idm","0.8982610146369423"
"wavelet-LLL","glcm","Idmn","0.9981458390922912"
"wavelet-LLL","glcm","Idn","0.9877161815948386"
"wavelet-LLL","glcm","Imc1","-0.19946916056994912"
"wavelet-LLL","glcm","Imc2","0.48889074151556416"
"wavelet-LLL","glcm","InverseVariance","0.10392325622417777"
"wavelet-LLL","glcm","JointAverage","18.77598529111581"
"wavelet-LLL","glcm","JointEnergy","0.675193304510242"
"wavelet-LLL","glcm","JointEntropy","1.5117981558510711"
"wavelet-LLL","glcm","MCC","0.5597903552189583"
"wavelet-LLL","glcm","MaximumProbability","0.8201014303813702"
"wavelet-LLL","glcm","SumAverage","37.55197058223162"
"wavelet-LLL","glcm","SumEntropy","1.196898771694807"
"wavelet-LLL","glcm","SumSquares","0.9330469323975"
"wavelet-LLL","gldm","DependenceEntropy","3.8370466428642094"
"wavelet-LLL","gldm","DependenceNonUniformity","14680.124221046442"
"wavelet-LLL","gldm","DependenceNonUniformityNormalized","0.21575726368381015"
"wavelet-LLL","gldm","DependenceVariance","69.08577720388567"
"wavelet-LLL","gldm","GrayLevelNonUniformity","48459.58383303939"
"wavelet-LLL","gldm","GrayLevelVariance","1.5224276068197944"
"wavelet-LLL","gldm","HighGrayLevelEmphasis","349.73206937095824"
"wavelet-LLL","gldm","LargeDependenceEmphasis","490.6492357436802"
"wavelet-LLL","gldm","LargeDependenceHighGrayLevelEmphasis","176920.04444444444"
"wavelet-LLL","gldm","LargeDependenceLowGrayLevelEmphasis","1.3619386420302346"
"wavelet-LLL","gldm","LowGrayLevelEmphasis","0.003010067661976654"
"wavelet-LLL","gldm","SmallDependenceEmphasis","0.025970780765996907"
"wavelet-LLL","gldm","SmallDependenceHighGrayLevelEmphasis","6.810548074996242"
"wavelet-LLL","gldm","SmallDependenceLowGrayLevelEmphasis","0.00015327286809848836"
"wavelet-LLL","glrlm","GrayLevelNonUniformity","4592.191933027874"
"wavelet-LLL","glrlm","GrayLevelNonUniformityNormalized","0.2567201546397844"
"wavelet-LLL","glrlm","GrayLevelVariance","4.779324662653204"
"wavelet-LLL","glrlm","HighGrayLevelRunEmphasis","317.7719565481888"
"wavelet-LLL","glrlm","LongRunEmphasis","106.63277286751898"
"wavelet-LLL","glrlm","LongRunHighGrayLevelEmphasis","38417.147460766515"
"wavelet-LLL","glrlm","LongRunLowGrayLevelEmphasis","0.2968292989599094"
"wavelet-LLL","glrlm","LowGrayLevelRunEmphasis","0.0037356925711601"
"wavelet-LLL","glrlm","RunEntropy","4.506249354909888"
"wavelet-LLL","glrlm","RunLengthNonUniformity","5764.063286505099"
"wavelet-LLL","glrlm","RunLengthNonUniformityNormalized","0.3373829494674209"
"wavelet-LLL","glrlm","RunPercentage","0.24876882376882378"
"wavelet-LLL","glrlm","RunVariance","83.3105422587211"
"wavelet-LLL","glrlm","ShortRunEmphasis","0.5899150312404876"
"wavelet-LLL","glrlm","ShortRunHighGrayLevelEmphasis","173.50754724635974"
"wavelet-LLL","glrlm","ShortRunLowGrayLevelEmphasis","0.0025359352535620832"
"wavelet-LLL","glszm","GrayLevelNonUniformity","191.35234330886504"
"wavelet-LLL","glszm","GrayLevelNonUniformityNormalized","0.10804762468033034"
"wavelet-LLL","glszm","GrayLevelVariance","11.037321601139636"
"wavelet-LLL","glszm","HighGrayLevelZoneEmphasis","248.38170525127046"
"wavelet-LLL","glszm","LargeAreaEmphasis","1846762.5499717675"
"wavelet-LLL","glszm","LargeAreaHighGrayLevelEmphasis","666649246.5612649"
"wavelet-LLL","glszm","LargeAreaLowGrayLevelEmphasis","5115.990111736078"
"wavelet-LLL","glszm","LowGrayLevelZoneEmphasis","0.006464897755357379"
"wavelet-LLL","glszm","SizeZoneNonUniformity","465.0406549971767"
"wavelet-LLL","glszm","SizeZoneNonUniformityNormalized","0.2625864793885809"
"wavelet-LLL","glszm","SmallAreaEmphasis","0.526246664308049"
"wavelet-LLL","glszm","SmallAreaHighGrayLevelEmphasis","124.8154182669359"
"wavelet-LLL","glszm","SmallAreaLowGrayLevelEmphasis","0.0038383606540057314"
"wavelet-LLL","glszm","ZoneEntropy","6.188992904429383"
"wavelet-LLL","glszm","ZonePercentage","0.02602880658436214"
"wavelet-LLL","glszm","ZoneVariance","1845286.532536719"
"wavelet-LLL","ngtdm","Busyness","6.462465850149748"
"wavelet-LLL","ngtdm","Coarseness","0.00021534571536850093"
"wavelet-LLL","ngtdm","Complexity","73.75794012637056"
"wavelet-LLL","ngtdm","Contrast","0.0019530993563318486"
"wavelet-LLL","ngtdm","Strength","0.22195726257950274"
