"Image type","Feature Class","Feature Name","Segmentation_10_segment_Segment_1"
"diagnostics","Versions","PyRadiomics","v3.0.1.post4+gad5b2de"
"diagnostics","Versions","Numpy","1.19.2"
"diagnostics","Versions","SimpleITK","2.0.2"
"diagnostics","Versions","PyWavelet","1.1.1"
"diagnostics","Versions","Python","3.6.7"
"diagnostics","Configuration","Settings","{'minimumROIDimensions': 2, 'minimumROISize': None, 'normalize': False, 'normalizeScale': 1, 'removeOutliers': None, 'resampledPixelSpacing': None, 'interpolator': 'sitkBSpline', 'preCrop': False, 'padDistance': 5, 'distances': [1], 'force2D': False, 'force2Ddimension': 0, 'resegmentRange': None, 'label': 1, 'additionalInfo': True, 'binWidth': 25.0, 'symmetricalGLCM': True, 'correctMask': True}"
"diagnostics","Configuration","EnabledImageTypes","{'Original': {}, 'Wavelet': {}}"
"diagnostics","Image-original","Hash","d1b0fdd12cd6edeb5f39e5755ab2c01158d57545"
"diagnostics","Image-original","Dimensionality","3D"
"diagnostics","Image-original","Spacing","(0.6289062500000001, 0.6289062500000001, 1.5)"
"diagnostics","Image-original","Size","(512, 512, 297)"
"diagnostics","Image-original","Mean","-570.2917880947742"
"diagnostics","Image-original","Minimum","-1023.0"
"diagnostics","Image-original","Maximum","1833.0"
"diagnostics","Mask-original","Hash","75cd41790e3ccd5d78bcec6c15acb0cf3486a374"
"diagnostics","Mask-original","Spacing","(0.6289062500000001, 0.6289062500000001, 1.5)"
"diagnostics","Mask-original","Size","(512, 512, 297)"
"diagnostics","Mask-original","BoundingBox","(112, 325, 212, 59, 38, 21)"
"diagnostics","Mask-original","VoxelNum","13416"
"diagnostics","Mask-original","VolumeNum","1"
"diagnostics","Mask-original","CenterOfMassIndex","(146.00663387000597, 343.71556350626116, 221.43567382230174)"
"diagnostics","Mask-original","CenterOfMass","(-74.61950041769157, 55.47931911135956, 384.9921337334526)"
"original","shape","Elongation","0.7702550744915709"
"original","shape","Flatness","0.5271070050659441"
"original","shape","LeastAxisLength","17.09779911567883"
"original","shape","MajorAxisLength","32.4370553822175"
"original","shape","Maximum2DDiameterColumn","42.32380486934232"
"original","shape","Maximum2DDiameterRow","32.00448982212362"
"original","shape","Maximum2DDiameterSlice","35.24120377977541"
"original","shape","Maximum3DDiameter","42.39850030082184"
"original","shape","MeshVolume","7927.122835159299"
"original","shape","MinorAxisLength","24.984806509717156"
"original","shape","Sphericity","0.6154235048827214"
"original","shape","SurfaceArea","3124.067703521297"
"original","shape","SurfaceVolumeRatio","0.39409856116585806"
"original","shape","VoxelVolume","7959.5062866210965"
"original","firstorder","10Percentile","-60.5"
"original","firstorder","90Percentile","391.0"
"original","firstorder","Energy","981675089.0"
"original","firstorder","Entropy","5.026631095917002"
"original","firstorder","InterquartileRange","246.0"
"original","firstorder","Kurtosis","6.70674080143075"
"original","firstorder","Maximum","1521.0"
"original","firstorder","MeanAbsoluteDeviation","159.9057934833549"
"original","firstorder","Mean","154.36083780560526"
"original","firstorder","Median","167.0"
"original","firstorder","Minimum","-946.0"
"original","firstorder","Range","2467.0"
"original","firstorder","RobustMeanAbsoluteDeviation","100.61641775581101"
"original","firstorder","RootMeanSquared","270.50317094069044"
"original","firstorder","Skewness","-0.9252739199027507"
"original","firstorder","TotalEnergy","582412719.3138659"
"original","firstorder","Uniformity","0.039292777889784594"
"original","firstorder","Variance","49344.69724092003"
"original","glcm","Autocorrelation","2147.7727419322914"
"original","glcm","ClusterProminence","298046.3693194111"
"original","glcm","ClusterShade","-1858.8275824777147"
"original","glcm","ClusterTendency","218.94194001079907"
"original","glcm","Contrast","30.290196993143333"
"original","glcm","Correlation","0.7481581354740349"
"original","glcm","DifferenceAverage","3.460562941408739"
"original","glcm","DifferenceEntropy","3.3207104800998577"
"original","glcm","DifferenceVariance","17.741685173136343"
"original","glcm","Id","0.40380309007186566"
"original","glcm","Idm","0.3293313170575073"
"original","glcm","Idmn","0.9970020217113382"
"original","glcm","Idn","0.9677454370190379"
"original","glcm","Imc1","-0.21356702113793594"
"original","glcm","Imc2","0.9201623657651374"
"original","glcm","InverseVariance","0.30547201813040387"
"original","glcm","JointAverage","45.83105251167906"
"original","glcm","JointEnergy","0.004438390485799034"
"original","glcm","JointEntropy","8.730866261755322"
"original","glcm","MCC","0.8061458776792871"
"original","glcm","MaximumProbability","0.012222322036254264"
"original","glcm","SumAverage","91.66210502335812"
"original","glcm","SumEntropy","5.820874268724139"
"original","glcm","SumSquares","62.30803425098563"
"original","gldm","DependenceEntropy","8.142198086518981"
"original","gldm","DependenceNonUniformity","1512.2134764460345"
"original","gldm","DependenceNonUniformityNormalized","0.11271716431470144"
"original","gldm","DependenceVariance","10.9535742439807"
"original","gldm","GrayLevelNonUniformity","527.15190816935"
"original","gldm","GrayLevelVariance","79.05764812167247"
"original","gldm","HighGrayLevelEmphasis","2076.639907573047"
"original","gldm","LargeDependenceEmphasis","31.950954084675015"
"original","gldm","LargeDependenceHighGrayLevelEmphasis","65386.207886106145"
"original","gldm","LargeDependenceLowGrayLevelEmphasis","0.020533893377360782"
"original","gldm","LowGrayLevelEmphasis","0.0009818245139543856"
"original","gldm","SmallDependenceEmphasis","0.23452415392269513"
"original","gldm","SmallDependenceHighGrayLevelEmphasis","426.7979210758174"
"original","gldm","SmallDependenceLowGrayLevelEmphasis","0.0003961905708217912"
"original","glrlm","GrayLevelNonUniformity","437.40910719800183"
"original","glrlm","GrayLevelNonUniformityNormalized","0.03777112777050011"
"original","glrlm","GrayLevelVariance","85.84881068798283"
"original","glrlm","HighGrayLevelRunEmphasis","2071.8037903623895"
"original","glrlm","LongRunEmphasis","1.6443393720751693"
"original","glrlm","LongRunHighGrayLevelEmphasis","3407.170822451226"
"original","glrlm","LongRunLowGrayLevelEmphasis","0.0014719518724016696"
"original","glrlm","LowGrayLevelRunEmphasis","0.0010293675030210012"
"original","glrlm","RunEntropy","5.708784385361341"
"original","glrlm","RunLengthNonUniformity","9113.262203084554"
"original","glrlm","RunLengthNonUniformityNormalized","0.7834599175074272"
"original","glrlm","RunPercentage","0.8622196229530755"
"original","glrlm","RunVariance","0.27803652113117017"
"original","glrlm","ShortRunEmphasis","0.9046285399621858"
"original","glrlm","ShortRunHighGrayLevelEmphasis","1868.3282242278399"
"original","glrlm","ShortRunLowGrayLevelEmphasis","0.0009625937629751277"
"original","glszm","GrayLevelNonUniformity","75.13411619283066"
"original","glszm","GrayLevelNonUniformityNormalized","0.023218206487277706"
"original","glszm","GrayLevelVariance","170.62225975620376"
"original","glszm","HighGrayLevelZoneEmphasis","1816.4588998763907"
"original","glszm","LargeAreaEmphasis","615.8763906056861"
"original","glszm","LargeAreaHighGrayLevelEmphasis","1284507.4972187886"
"original","glszm","LargeAreaLowGrayLevelEmphasis","0.3131760790515877"
"original","glszm","LowGrayLevelZoneEmphasis","0.0017833308494131371"
"original","glszm","SizeZoneNonUniformity","1556.3646477132263"
"original","glszm","SizeZoneNonUniformityNormalized","0.48095322858875966"
"original","glszm","SmallAreaEmphasis","0.7208179560821448"
"original","glszm","SmallAreaHighGrayLevelEmphasis","1222.7419207931155"
"original","glszm","SmallAreaLowGrayLevelEmphasis","0.0014328200547023017"
"original","glszm","ZoneEntropy","7.28271948337519"
"original","glszm","ZonePercentage","0.2412045319022063"
"original","glszm","ZoneVariance","598.6882430506005"
"original","ngtdm","Busyness","0.12377546195101936"
"original","ngtdm","Coarseness","0.0013712816390514225"
"original","ngtdm","Complexity","7182.243393360851"
"original","ngtdm","Contrast","0.04114142342875866"
"original","ngtdm","Strength","4.98404734162353"
"wavelet-LLH","firstorder","10Percentile","-223.84271057918"
"wavelet-LLH","firstorder","90Percentile","94.69156099251498"
"wavelet-LLH","firstorder","Energy","348904319.0835464"
"wavelet-LLH","firstorder","Entropy","4.449362366923675"
"wavelet-LLH","firstorder","InterquartileRange","141.72647327968656"
"wavelet-LLH","firstorder","Kurtosis","9.98107395064172"
"wavelet-LLH","firstorder","Maximum","837.9410365635807"
"wavelet-LLH","firstorder","MeanAbsoluteDeviation","106.27321657722922"
"wavelet-LLH","firstorder","Mean","-43.653421580110354"
"wavelet-LLH","firstorder","Median","-22.365816481151768"
"wavelet-LLH","firstorder","Minimum","-1508.8636514973782"
"wavelet-LLH","firstorder","Range","2346.804688060959"
"wavelet-LLH","firstorder","RobustMeanAbsoluteDeviation","61.677196976038466"
"wavelet-LLH","firstorder","RootMeanSquared","161.26556704996608"
"wavelet-LLH","firstorder","Skewness","-0.9940703286130516"
"wavelet-LLH","firstorder","TotalEnergy","206999561.80491507"
"wavelet-LLH","firstorder","Uniformity","0.06482875269927522"
"wavelet-LLH","firstorder","Variance","24100.961900296265"
"wavelet-LLH","glcm","Autocorrelation","3599.907539833553"
"wavelet-LLH","glcm","ClusterProminence","85742.14245831291"
"wavelet-LLH","glcm","ClusterShade","-891.4703319282819"
"wavelet-LLH","glcm","ClusterTendency","91.78444204253002"
"wavelet-LLH","glcm","Contrast","44.5926402403617"
"wavelet-LLH","glcm","Correlation","0.3262693501290666"
"wavelet-LLH","glcm","DifferenceAverage","4.105101969284252"
"wavelet-LLH","glcm","DifferenceEntropy","3.500820182282495"
"wavelet-LLH","glcm","DifferenceVariance","26.013056626510167"
"wavelet-LLH","glcm","Id","0.3733974102840509"
"wavelet-LLH","glcm","Idm","0.29643281095214485"
"wavelet-LLH","glcm","Idmn","0.995355544681056"
"wavelet-LLH","glcm","Idn","0.960910437999382"
"wavelet-LLH","glcm","Imc1","-0.1104182482198054"
"wavelet-LLH","glcm","Imc2","0.6937147964647488"
"wavelet-LLH","glcm","InverseVariance","0.28495995465160867"
"wavelet-LLH","glcm","JointAverage","59.90076450720441"
"wavelet-LLH","glcm","JointEnergy","0.007822410474588539"
"wavelet-LLH","glcm","JointEntropy","8.210725551318223"
"wavelet-LLH","glcm","MCC","0.5415139950143095"
"wavelet-LLH","glcm","MaximumProbability","0.025555854528938694"
"wavelet-LLH","glcm","SumAverage","119.80152901440887"
"wavelet-LLH","glcm","SumEntropy","5.0638413756615925"
"wavelet-LLH","glcm","SumSquares","34.094270570722934"
"wavelet-LLH","gldm","DependenceEntropy","7.354926611222781"
"wavelet-LLH","gldm","DependenceNonUniformity","1736.905336911151"
"wavelet-LLH","gldm","DependenceNonUniformityNormalized","0.12946521592957297"
"wavelet-LLH","gldm","DependenceVariance","8.215070120707784"
"wavelet-LLH","gldm","GrayLevelNonUniformity","869.7425462134764"
"wavelet-LLH","gldm","GrayLevelVariance","38.577748171533266"
"wavelet-LLH","gldm","HighGrayLevelEmphasis","3609.3172331544424"
"wavelet-LLH","gldm","LargeDependenceEmphasis","24.864341085271317"
"wavelet-LLH","gldm","LargeDependenceHighGrayLevelEmphasis","92989.04979129398"
"wavelet-LLH","gldm","LargeDependenceLowGrayLevelEmphasis","0.0068280534242274845"
"wavelet-LLH","gldm","LowGrayLevelEmphasis","0.00038913164505698984"
"wavelet-LLH","gldm","SmallDependenceEmphasis","0.2530648347189904"
"wavelet-LLH","gldm","SmallDependenceHighGrayLevelEmphasis","894.3976400096769"
"wavelet-LLH","gldm","SmallDependenceLowGrayLevelEmphasis","0.00017757929864246306"
"wavelet-LLH","glrlm","GrayLevelNonUniformity","711.0245657764323"
"wavelet-LLH","glrlm","GrayLevelNonUniformityNormalized","0.060020396258934"
"wavelet-LLH","glrlm","GrayLevelVariance","41.89948870370568"
"wavelet-LLH","glrlm","HighGrayLevelRunEmphasis","3596.4480093482093"
"wavelet-LLH","glrlm","LongRunEmphasis","1.5164805977177749"
"wavelet-LLH","glrlm","LongRunHighGrayLevelEmphasis","5513.300302313228"
"wavelet-LLH","glrlm","LongRunLowGrayLevelEmphasis","0.0005464486989614439"
"wavelet-LLH","glrlm","LowGrayLevelRunEmphasis","0.00040513633950049657"
"wavelet-LLH","glrlm","RunEntropy","5.079636097944194"
"wavelet-LLH","glrlm","RunLengthNonUniformity","9593.844585826651"
"wavelet-LLH","glrlm","RunLengthNonUniformityNormalized","0.8060757820740972"
"wavelet-LLH","glrlm","RunPercentage","0.8815249300490803"
"wavelet-LLH","glrlm","RunVariance","0.2099901959536883"
"wavelet-LLH","glrlm","ShortRunEmphasis","0.9154134361160563"
"wavelet-LLH","glrlm","ShortRunHighGrayLevelEmphasis","3284.3318739674605"
"wavelet-LLH","glrlm","ShortRunLowGrayLevelEmphasis","0.00038177639070198125"
"wavelet-LLH","glszm","GrayLevelNonUniformity","131.20987321284056"
"wavelet-LLH","glszm","GrayLevelNonUniformityNormalized","0.03539516407144337"
"wavelet-LLH","glszm","GrayLevelVariance","85.15205224566213"
"wavelet-LLH","glszm","HighGrayLevelZoneEmphasis","3518.6315079579176"
"wavelet-LLH","glszm","LargeAreaEmphasis","1029.3520366873483"
"wavelet-LLH","glszm","LargeAreaHighGrayLevelEmphasis","3912068.071756137"
"wavelet-LLH","glszm","LargeAreaLowGrayLevelEmphasis","0.27161225401031586"
"wavelet-LLH","glszm","LowGrayLevelZoneEmphasis","0.0006713502815427485"
"wavelet-LLH","glszm","SizeZoneNonUniformity","1545.501753439439"
"wavelet-LLH","glszm","SizeZoneNonUniformityNormalized","0.41691441959520875"
"wavelet-LLH","glszm","SmallAreaEmphasis","0.6710322635227507"
"wavelet-LLH","glszm","SmallAreaHighGrayLevelEmphasis","2366.760019901691"
"wavelet-LLH","glszm","SmallAreaLowGrayLevelEmphasis","0.000570775832747004"
"wavelet-LLH","glszm","ZoneEntropy","7.0389437505957915"
"wavelet-LLH","glszm","ZonePercentage","0.2763118664281455"
"wavelet-LLH","glszm","ZoneVariance","1016.254159101879"
"wavelet-LLH","ngtdm","Busyness","0.19921261476621654"
"wavelet-LLH","ngtdm","Coarseness","0.0006737436520530674"
"wavelet-LLH","ngtdm","Complexity","8697.16887368716"
"wavelet-LLH","ngtdm","Contrast","0.037620374757225065"
"wavelet-LLH","ngtdm","Strength","2.7483790251422433"
"wavelet-LHL","firstorder","10Percentile","-85.64311470223151"
"wavelet-LHL","firstorder","90Percentile","28.010650681695346"
"wavelet-LHL","firstorder","Energy","49594837.35893376"
"wavelet-LHL","firstorder","Entropy","2.9831928926909743"
"wavelet-LHL","firstorder","InterquartileRange","49.978978731921984"
"wavelet-LHL","firstorder","Kurtosis","9.797912427960775"
"wavelet-LHL","firstorder","Maximum","325.6509438588462"
"wavelet-LHL","firstorder","MeanAbsoluteDeviation","38.73714394124807"
"wavelet-LHL","firstorder","Mean","-20.374549320725116"
"wavelet-LHL","firstorder","Median","-10.684633156740688"
"wavelet-LHL","firstorder","Minimum","-526.770137445968"
"wavelet-LHL","firstorder","Range","852.4210813048142"
"wavelet-LHL","firstorder","RobustMeanAbsoluteDeviation","21.95695668480721"
"wavelet-LHL","firstorder","RootMeanSquared","60.80043834906712"
"wavelet-LHL","firstorder","Skewness","-1.1254247011679481"
"wavelet-LHL","firstorder","TotalEnergy","29423853.58843054"
"wavelet-LHL","firstorder","Uniformity","0.1778722813013698"
"wavelet-LHL","firstorder","Variance","3281.5710434160515"
"wavelet-LHL","glcm","Autocorrelation","475.6566707405082"
"wavelet-LHL","glcm","ClusterProminence","2103.559094915832"
"wavelet-LHL","glcm","ClusterShade","-74.21573200768958"
"wavelet-LHL","glcm","ClusterTendency","14.383092548342395"
"wavelet-LHL","glcm","Contrast","4.204194839246055"
"wavelet-LHL","glcm","Correlation","0.5438210408090149"
"wavelet-LHL","glcm","DifferenceAverage","1.3051076614302977"
"wavelet-LHL","glcm","DifferenceEntropy","2.1554686779243144"
"wavelet-LHL","glcm","DifferenceVariance","2.4428318334753394"
"wavelet-LHL","glcm","Id","0.5895698519228995"
"wavelet-LHL","glcm","Idm","0.5502780598524366"
"wavelet-LHL","glcm","Idmn","0.9968608507834873"
"wavelet-LHL","glcm","Idn","0.9665797607256503"
"wavelet-LHL","glcm","Imc1","-0.12552477048669097"
"wavelet-LHL","glcm","Imc2","0.6799477502523004"
"wavelet-LHL","glcm","InverseVariance","0.4451401636684479"
"wavelet-LHL","glcm","JointAverage","21.75112345662931"
"wavelet-LHL","glcm","JointEnergy","0.05139761065234486"
"wavelet-LHL","glcm","JointEntropy","5.368942558224593"
"wavelet-LHL","glcm","MCC","0.6088111942366599"
"wavelet-LHL","glcm","MaximumProbability","0.11312342403678682"
"wavelet-LHL","glcm","SumAverage","43.502246913258624"
"wavelet-LHL","glcm","SumEntropy","3.665149856238237"
"wavelet-LHL","glcm","SumSquares","4.646821846897113"
"wavelet-LHL","gldm","DependenceEntropy","6.720631307427734"
"wavelet-LHL","gldm","DependenceNonUniformity","818.168008348241"
"wavelet-LHL","gldm","DependenceNonUniformityNormalized","0.06098449674629106"
"wavelet-LHL","gldm","DependenceVariance","23.523499273200258"
"wavelet-LHL","gldm","GrayLevelNonUniformity","2386.334525939177"
"wavelet-LHL","gldm","GrayLevelVariance","5.339987954600973"
"wavelet-LHL","gldm","HighGrayLevelEmphasis","475.36277579010135"
"wavelet-LHL","gldm","LargeDependenceEmphasis","90.25447227191414"
"wavelet-LHL","gldm","LargeDependenceHighGrayLevelEmphasis","44830.787194394754"
"wavelet-LHL","gldm","LargeDependenceLowGrayLevelEmphasis","0.183861923671237"
"wavelet-LHL","gldm","LowGrayLevelEmphasis","0.0023287215738250766"
"wavelet-LHL","gldm","SmallDependenceEmphasis","0.0835928655696855"
"wavelet-LHL","gldm","SmallDependenceHighGrayLevelEmphasis","37.64811304598093"
"wavelet-LHL","gldm","SmallDependenceLowGrayLevelEmphasis","0.0003269797273480975"
"wavelet-LHL","glrlm","GrayLevelNonUniformity","1468.7909850878639"
"wavelet-LHL","glrlm","GrayLevelNonUniformityNormalized","0.15078838286573684"
"wavelet-LHL","glrlm","GrayLevelVariance","6.577364372264106"
"wavelet-LHL","glrlm","HighGrayLevelRunEmphasis","469.5245262676602"
"wavelet-LHL","glrlm","LongRunEmphasis","2.7305244324434765"
"wavelet-LHL","glrlm","LongRunHighGrayLevelEmphasis","1322.1378020038194"
"wavelet-LHL","glrlm","LongRunLowGrayLevelEmphasis","0.0059962205327973245"
"wavelet-LHL","glrlm","LowGrayLevelRunEmphasis","0.002426951762312327"
"wavelet-LHL","glrlm","RunEntropy","4.2821256332428"
"wavelet-LHL","glrlm","RunLengthNonUniformity","5864.66704947753"
"wavelet-LHL","glrlm","RunLengthNonUniformityNormalized","0.5975299917817712"
"wavelet-LHL","glrlm","RunPercentage","0.7242729691298565"
"wavelet-LHL","glrlm","RunVariance","0.7556302301760626"
"wavelet-LHL","glrlm","ShortRunEmphasis","0.7995194145784009"
"wavelet-LHL","glrlm","ShortRunHighGrayLevelEmphasis","371.87147487069467"
"wavelet-LHL","glrlm","ShortRunLowGrayLevelEmphasis","0.0020053999977294114"
"wavelet-LHL","glszm","GrayLevelNonUniformity","75.70017636684304"
"wavelet-LHL","glszm","GrayLevelNonUniformityNormalized","0.06675500561450003"
"wavelet-LHL","glszm","GrayLevelVariance","22.27117957379568"
"wavelet-LHL","glszm","HighGrayLevelZoneEmphasis","449.8562610229277"
"wavelet-LHL","glszm","LargeAreaEmphasis","20527.340388007055"
"wavelet-LHL","glszm","LargeAreaHighGrayLevelEmphasis","10136931.53527337"
"wavelet-LHL","glszm","LargeAreaLowGrayLevelEmphasis","41.74545177965422"
"wavelet-LHL","glszm","LowGrayLevelZoneEmphasis","0.003998899964189094"
"wavelet-LHL","glszm","SizeZoneNonUniformity","312.8994708994709"
"wavelet-LHL","glszm","SizeZoneNonUniformityNormalized","0.2759254593469761"
"wavelet-LHL","glszm","SmallAreaEmphasis","0.5382173286395927"
"wavelet-LHL","glszm","SmallAreaHighGrayLevelEmphasis","241.9149835795033"
"wavelet-LHL","glszm","SmallAreaLowGrayLevelEmphasis","0.002769399256281804"
"wavelet-LHL","glszm","ZoneEntropy","6.62032354918874"
"wavelet-LHL","glszm","ZonePercentage","0.08452593917710197"
"wavelet-LHL","glszm","ZoneVariance","20387.37521345987"
"wavelet-LHL","ngtdm","Busyness","1.1224216271701912"
"wavelet-LHL","ngtdm","Coarseness","0.0007258221648375836"
"wavelet-LHL","ngtdm","Complexity","489.53043830226113"
"wavelet-LHL","ngtdm","Contrast","0.008407287859923895"
"wavelet-LHL","ngtdm","Strength","0.656822555354492"
"wavelet-LHH","firstorder","10Percentile","-24.41487228503566"
"wavelet-LHH","firstorder","90Percentile","31.298249090677775"
"wavelet-LHH","firstorder","Energy","10273690.496869503"
"wavelet-LHH","firstorder","Entropy","2.0851423546726857"
"wavelet-LHH","firstorder","InterquartileRange","22.981151059282524"
"wavelet-LHH","firstorder","Kurtosis","9.462304459893133"
"wavelet-LHH","firstorder","Maximum","274.2764263530886"
"wavelet-LHH","firstorder","MeanAbsoluteDeviation","18.3664466223938"
"wavelet-LHH","firstorder","Mean","1.695195789818863"
"wavelet-LHH","firstorder","Median","-0.4417266267161183"
"wavelet-LHH","firstorder","Minimum","-201.49195795845688"
"wavelet-LHH","firstorder","Range","475.76838431154545"
"wavelet-LHH","firstorder","RobustMeanAbsoluteDeviation","10.157084413128821"
"wavelet-LHH","firstorder","RootMeanSquared","27.67271142709553"
"wavelet-LHH","firstorder","Skewness","0.7166836588909347"
"wavelet-LHH","firstorder","TotalEnergy","6095222.428192623"
"wavelet-LHH","firstorder","Uniformity","0.3135332961577397"
"wavelet-LHH","firstorder","Variance","762.9052689614838"
"wavelet-LHH","glcm","Autocorrelation","91.22581660155637"
"wavelet-LHH","glcm","ClusterProminence","63.298758918264745"
"wavelet-LHH","glcm","ClusterShade","3.622849670224636"
"wavelet-LHH","glcm","ClusterTendency","2.6127180413257163"
"wavelet-LHH","glcm","Contrast","2.093535710410691"
"wavelet-LHH","glcm","Correlation","0.10096571932033747"
"wavelet-LHH","glcm","DifferenceAverage","0.9219018215300419"
"wavelet-LHH","glcm","DifferenceEntropy","1.7796602578800487"
"wavelet-LHH","glcm","DifferenceVariance","1.2123170257284377"
"wavelet-LHH","glcm","Id","0.6588118675821839"
"wavelet-LHH","glcm","Idm","0.634646912629096"
"wavelet-LHH","glcm","Idmn","0.9949924750457833"
"wavelet-LHH","glcm","Idn","0.9583758917774676"
"wavelet-LHH","glcm","Imc1","-0.06797825244865645"
"wavelet-LHH","glcm","Imc2","0.43341942318345394"
"wavelet-LHH","glcm","InverseVariance","0.46095273282622107"
"wavelet-LHH","glcm","JointAverage","9.544419859089803"
"wavelet-LHH","glcm","JointEnergy","0.1274322178342684"
"wavelet-LHH","glcm","JointEntropy","3.855795508009521"
"wavelet-LHH","glcm","MCC","0.42226632959055843"
"wavelet-LHH","glcm","MaximumProbability","0.2107589061340579"
"wavelet-LHH","glcm","SumAverage","19.088839718179614"
"wavelet-LHH","glcm","SumEntropy","2.5391433069758236"
"wavelet-LHH","glcm","SumSquares","1.1765634379341017"
"wavelet-LHH","gldm","DependenceEntropy","5.877607458632718"
"wavelet-LHH","gldm","DependenceNonUniformity","728.5508348240907"
"wavelet-LHH","gldm","DependenceNonUniformityNormalized","0.05430462394335798"
"wavelet-LHH","gldm","DependenceVariance","26.43345966545877"
"wavelet-LHH","gldm","GrayLevelNonUniformity","4206.362701252237"
"wavelet-LHH","gldm","GrayLevelVariance","1.3230655034937235"
"wavelet-LHH","gldm","HighGrayLevelEmphasis","92.73382528324389"
"wavelet-LHH","gldm","LargeDependenceEmphasis","127.84868813357186"
"wavelet-LHH","gldm","LargeDependenceHighGrayLevelEmphasis","11371.61247763864"
"wavelet-LHH","gldm","LargeDependenceLowGrayLevelEmphasis","1.4599541777371248"
"wavelet-LHH","gldm","LowGrayLevelEmphasis","0.011544439052157655"
"wavelet-LHH","gldm","SmallDependenceEmphasis","0.05664979764582671"
"wavelet-LHH","gldm","SmallDependenceHighGrayLevelEmphasis","5.711319546486706"
"wavelet-LHH","gldm","SmallDependenceLowGrayLevelEmphasis","0.000836003502686537"
"wavelet-LHH","glrlm","GrayLevelNonUniformity","2286.365743974919"
"wavelet-LHH","glrlm","GrayLevelNonUniformityNormalized","0.2605843471531908"
"wavelet-LHH","glrlm","GrayLevelVariance","1.7722900786231401"
"wavelet-LHH","glrlm","HighGrayLevelRunEmphasis","94.2454307589314"
"wavelet-LHH","glrlm","LongRunEmphasis","3.90016629993718"
"wavelet-LHH","glrlm","LongRunHighGrayLevelEmphasis","354.19271365236216"
"wavelet-LHH","glrlm","LongRunLowGrayLevelEmphasis","0.04466762581539268"
"wavelet-LHH","glrlm","LowGrayLevelRunEmphasis","0.011651276345092233"
"wavelet-LHH","glrlm","RunEntropy","3.669813737610438"
"wavelet-LHH","glrlm","RunLengthNonUniformity","4562.37209677356"
"wavelet-LHH","glrlm","RunLengthNonUniformityNormalized","0.5106860721242238"
"wavelet-LHH","glrlm","RunPercentage","0.6511341222879685"
"wavelet-LHH","glrlm","RunVariance","1.3003085911021204"
"wavelet-LHH","glrlm","ShortRunEmphasis","0.7363390710921429"
"wavelet-LHH","glrlm","ShortRunHighGrayLevelEmphasis","70.3271659970467"
"wavelet-LHH","glrlm","ShortRunLowGrayLevelEmphasis","0.008662550916922212"
"wavelet-LHH","glszm","GrayLevelNonUniformity","92.61891515994436"
"wavelet-LHH","glszm","GrayLevelNonUniformityNormalized","0.12881629368559716"
"wavelet-LHH","glszm","GrayLevelVariance","7.6073088685606844"
"wavelet-LHH","glszm","HighGrayLevelZoneEmphasis","102.28372739916551"
"wavelet-LHH","glszm","LargeAreaEmphasis","73634.72322670376"
"wavelet-LHH","glszm","LargeAreaHighGrayLevelEmphasis","6572290.207232267"
"wavelet-LHH","glszm","LargeAreaLowGrayLevelEmphasis","834.1949504869222"
"wavelet-LHH","glszm","LowGrayLevelZoneEmphasis","0.015475727035078336"
"wavelet-LHH","glszm","SizeZoneNonUniformity","191.33101529902643"
"wavelet-LHH","glszm","SizeZoneNonUniformityNormalized","0.26610711446318003"
"wavelet-LHH","glszm","SmallAreaEmphasis","0.5242157469366707"
"wavelet-LHH","glszm","SmallAreaHighGrayLevelEmphasis","54.154604048307604"
"wavelet-LHH","glszm","SmallAreaLowGrayLevelEmphasis","0.00937945638469009"
"wavelet-LHH","glszm","ZoneEntropy","5.815988525993186"
"wavelet-LHH","glszm","ZonePercentage","0.05359272510435301"
"wavelet-LHH","glszm","ZoneVariance","73286.55565506875"
"wavelet-LHH","ngtdm","Busyness","6.777579639142188"
"wavelet-LHH","ngtdm","Coarseness","0.00046400306581558247"
"wavelet-LHH","ngtdm","Complexity","144.77847163506883"
"wavelet-LHH","ngtdm","Contrast","0.005312512005719697"
"wavelet-LHH","ngtdm","Strength","0.1385613150512131"
"wavelet-HLL","firstorder","10Percentile","-65.04614664207557"
"wavelet-HLL","firstorder","90Percentile","38.410862906944175"
"wavelet-HLL","firstorder","Energy","39060871.084080204"
"wavelet-HLL","firstorder","Entropy","2.873234980843221"
"wavelet-HLL","firstorder","InterquartileRange","39.99811341181622"
"wavelet-HLL","firstorder","Kurtosis","13.687783788842905"
"wavelet-HLL","firstorder","Maximum","332.46851326046686"
"wavelet-HLL","firstorder","MeanAbsoluteDeviation","34.01082849146733"
"wavelet-HLL","firstorder","Mean","-8.504483792616405"
"wavelet-HLL","firstorder","Median","-3.4740174924449745"
"wavelet-HLL","firstorder","Minimum","-648.9070342256739"
"wavelet-HLL","firstorder","Range","981.3755474861407"
"wavelet-HLL","firstorder","RobustMeanAbsoluteDeviation","17.982820542014622"
"wavelet-HLL","firstorder","RootMeanSquared","53.958446464366986"
"wavelet-HLL","firstorder","Skewness","-1.0952275469260777"
"wavelet-HLL","firstorder","TotalEnergy","23174213.54760231"
"wavelet-HLL","firstorder","Uniformity","0.19781384930425994"
"wavelet-HLL","firstorder","Variance","2839.1877002690835"
"wavelet-HLL","glcm","Autocorrelation","686.2683100631871"
"wavelet-HLL","glcm","ClusterProminence","2137.150076259619"
"wavelet-HLL","glcm","ClusterShade","-56.62061716437261"
"wavelet-HLL","glcm","ClusterTendency","12.686181203214728"
"wavelet-HLL","glcm","Contrast","4.301664315757251"
"wavelet-HLL","glcm","Correlation","0.4914802752817939"
"wavelet-HLL","glcm","DifferenceAverage","1.2536245912652382"
"wavelet-HLL","glcm","DifferenceEntropy","2.1316195281804684"
"wavelet-HLL","glcm","DifferenceVariance","2.678474288030471"
"wavelet-HLL","glcm","Id","0.6093073240348198"
"wavelet-HLL","glcm","Idm","0.5732103006093069"
"wavelet-HLL","glcm","Idmn","0.9974101768851622"
"wavelet-HLL","glcm","Idn","0.9709980372045397"
"wavelet-HLL","glcm","Imc1","-0.12686096451417803"
"wavelet-HLL","glcm","Imc2","0.6796890088689213"
"wavelet-HLL","glcm","InverseVariance","0.43237795913470717"
"wavelet-HLL","glcm","JointAverage","26.1566842211757"
"wavelet-HLL","glcm","JointEnergy","0.06176094131400871"
"wavelet-HLL","glcm","JointEntropy","5.235676386770576"
"wavelet-HLL","glcm","MCC","0.5563417098306378"
"wavelet-HLL","glcm","MaximumProbability","0.1361804555611397"
"wavelet-HLL","glcm","SumAverage","52.3133684423514"
"wavelet-HLL","glcm","SumEntropy","3.5890208706822495"
"wavelet-HLL","glcm","SumSquares","4.246961379742997"
"wavelet-HLL","gldm","DependenceEntropy","6.750793453021469"
"wavelet-HLL","gldm","DependenceNonUniformity","742.33542039356"
"wavelet-HLL","gldm","DependenceNonUniformityNormalized","0.055332097524862844"
"wavelet-HLL","gldm","DependenceVariance","29.542315639457545"
"wavelet-HLL","gldm","GrayLevelNonUniformity","2653.870602265951"
"wavelet-HLL","gldm","GrayLevelVariance","4.641158399097332"
"wavelet-HLL","gldm","HighGrayLevelEmphasis","688.9104800238521"
"wavelet-HLL","gldm","LargeDependenceEmphasis","108.16115086463924"
"wavelet-HLL","gldm","LargeDependenceHighGrayLevelEmphasis","75742.00603756709"
"wavelet-HLL","gldm","LargeDependenceLowGrayLevelEmphasis","0.15537235084428463"
"wavelet-HLL","gldm","LowGrayLevelEmphasis","0.0015941044258911301"
"wavelet-HLL","gldm","SmallDependenceEmphasis","0.07884297339778623"
"wavelet-HLL","gldm","SmallDependenceHighGrayLevelEmphasis","52.695755000346736"
"wavelet-HLL","gldm","SmallDependenceLowGrayLevelEmphasis","0.0002334059725659949"
"wavelet-HLL","glrlm","GrayLevelNonUniformity","1510.238700409062"
"wavelet-HLL","glrlm","GrayLevelNonUniformityNormalized","0.1609330021392928"
"wavelet-HLL","glrlm","GrayLevelVariance","6.036024148971332"
"wavelet-HLL","glrlm","HighGrayLevelRunEmphasis","685.4892627553428"
"wavelet-HLL","glrlm","LongRunEmphasis","3.0575148632840876"
"wavelet-HLL","glrlm","LongRunHighGrayLevelEmphasis","2124.0577291104278"
"wavelet-HLL","glrlm","LongRunLowGrayLevelEmphasis","0.004622656410150131"
"wavelet-HLL","glrlm","LowGrayLevelRunEmphasis","0.0016592276816252125"
"wavelet-HLL","glrlm","RunEntropy","4.297970944009401"
"wavelet-HLL","glrlm","RunLengthNonUniformity","5398.834509860825"
"wavelet-HLL","glrlm","RunLengthNonUniformityNormalized","0.5718341612976702"
"wavelet-HLL","glrlm","RunPercentage","0.6974336039631209"
"wavelet-HLL","glrlm","RunVariance","0.938773057889878"
"wavelet-HLL","glrlm","ShortRunEmphasis","0.7831829762963722"
"wavelet-HLL","glrlm","ShortRunHighGrayLevelEmphasis","535.0905072479692"
"wavelet-HLL","glrlm","ShortRunLowGrayLevelEmphasis","0.0013430269558208472"
"wavelet-HLL","glszm","GrayLevelNonUniformity","68.64915572232646"
"wavelet-HLL","glszm","GrayLevelNonUniformityNormalized","0.06439883276015615"
"wavelet-HLL","glszm","GrayLevelVariance","24.09162621572817"
"wavelet-HLL","glszm","HighGrayLevelZoneEmphasis","669.7091932457786"
"wavelet-HLL","glszm","LargeAreaEmphasis","24621.243902439026"
"wavelet-HLL","glszm","LargeAreaHighGrayLevelEmphasis","17243695.909005627"
"wavelet-HLL","glszm","LargeAreaLowGrayLevelEmphasis","35.22260944392116"
"wavelet-HLL","glszm","LowGrayLevelZoneEmphasis","0.0029800917388849756"
"wavelet-HLL","glszm","SizeZoneNonUniformity","299.71482176360223"
"wavelet-HLL","glszm","SizeZoneNonUniformityNormalized","0.28115836938424227"
"wavelet-HLL","glszm","SmallAreaEmphasis","0.5418023947437799"
"wavelet-HLL","glszm","SmallAreaHighGrayLevelEmphasis","355.14564136502156"
"wavelet-HLL","glszm","SmallAreaLowGrayLevelEmphasis","0.002244893344267935"
"wavelet-HLL","glszm","ZoneEntropy","6.620766863558235"
"wavelet-HLL","glszm","ZonePercentage","0.07945736434108527"
"wavelet-HLL","glszm","ZoneVariance","24462.852468768593"
"wavelet-HLL","ngtdm","Busyness","0.8496716414811228"
"wavelet-HLL","ngtdm","Coarseness","0.0007614307968436755"
"wavelet-HLL","ngtdm","Complexity","503.52633435291875"
"wavelet-HLL","ngtdm","Contrast","0.006376939349823519"
"wavelet-HLL","ngtdm","Strength","0.8691220883574124"
"wavelet-HLH","firstorder","10Percentile","-23.86412992417575"
"wavelet-HLH","firstorder","90Percentile","23.53218182822104"
"wavelet-HLH","firstorder","Energy","8343810.294406168"
"wavelet-HLH","firstorder","Entropy","1.9264752249400392"
"wavelet-HLH","firstorder","InterquartileRange","19.622586568121328"
"wavelet-HLH","firstorder","Kurtosis","21.401073404569104"
"wavelet-HLH","firstorder","Maximum","407.2671347474149"
"wavelet-HLH","firstorder","MeanAbsoluteDeviation","15.78546065606943"
"wavelet-HLH","firstorder","Mean","-0.029282853617513725"
"wavelet-HLH","firstorder","Median","-0.47873896850210923"
"wavelet-HLH","firstorder","Minimum","-242.92369376840844"
"wavelet-HLH","firstorder","Range","650.1908285158233"
"wavelet-HLH","firstorder","RobustMeanAbsoluteDeviation","8.596526473325747"
"wavelet-HLH","firstorder","RootMeanSquared","24.938520551054253"
"wavelet-HLH","firstorder","Skewness","1.0773219270623633"
"wavelet-HLH","firstorder","TotalEnergy","4950254.2108452385"
"wavelet-HLH","firstorder","Uniformity","0.34153242072673573"
"wavelet-HLH","firstorder","Variance","621.9289497898393"
"wavelet-HLH","glcm","Autocorrelation","110.32560430005181"
"wavelet-HLH","glcm","ClusterProminence","78.1324329051809"
"wavelet-HLH","glcm","ClusterShade","2.905032686281427"
"wavelet-HLH","glcm","ClusterTendency","2.203243257653065"
"wavelet-HLH","glcm","Contrast","1.81345196993443"
"wavelet-HLH","glcm","Correlation","0.08882076697359942"
"wavelet-HLH","glcm","DifferenceAverage","0.8456614325684121"
"wavelet-HLH","glcm","DifferenceEntropy","1.6837242879625245"
"wavelet-HLH","glcm","DifferenceVariance","1.073081390208809"
"wavelet-HLH","glcm","Id","0.6746088119125401"
"wavelet-HLH","glcm","Idm","0.6542525697547052"
"wavelet-HLH","glcm","Idmn","0.9975864900360599"
"wavelet-HLH","glcm","Idn","0.9708812810038899"
"wavelet-HLH","glcm","Imc1","-0.06100048421352057"
"wavelet-HLH","glcm","Imc2","0.3960694361285707"
"wavelet-HLH","glcm","InverseVariance","0.4660400297283054"
"wavelet-HLH","glcm","JointAverage","10.49895950657436"
"wavelet-HLH","glcm","JointEnergy","0.14135474070788145"
"wavelet-HLH","glcm","JointEntropy","3.6247099062039023"
"wavelet-HLH","glcm","MCC","0.3505240398175796"
"wavelet-HLH","glcm","MaximumProbability","0.21012698167636573"
"wavelet-HLH","glcm","SumAverage","20.99791901314872"
"wavelet-HLH","glcm","SumEntropy","2.419299992048419"
"wavelet-HLH","glcm","SumSquares","1.0041738068968737"
"wavelet-HLH","gldm","DependenceEntropy","5.747587012620421"
"wavelet-HLH","gldm","DependenceNonUniformity","751.9522957662492"
"wavelet-HLH","gldm","DependenceNonUniformityNormalized","0.05604891888537934"
"wavelet-HLH","gldm","DependenceVariance","24.769479828818035"
"wavelet-HLH","gldm","GrayLevelNonUniformity","4581.998956469886"
"wavelet-HLH","gldm","GrayLevelVariance","1.0883838570718436"
"wavelet-HLH","gldm","HighGrayLevelEmphasis","111.24918008348241"
"wavelet-HLH","gldm","LargeDependenceEmphasis","134.87239117471677"
"wavelet-HLH","gldm","LargeDependenceHighGrayLevelEmphasis","14780.422853309481"
"wavelet-HLH","gldm","LargeDependenceLowGrayLevelEmphasis","1.245387620413757"
"wavelet-HLH","gldm","LowGrayLevelEmphasis","0.009439494293783242"
"wavelet-HLH","gldm","SmallDependenceEmphasis","0.0492628822593946"
"wavelet-HLH","gldm","SmallDependenceHighGrayLevelEmphasis","6.0036049351184895"
"wavelet-HLH","gldm","SmallDependenceLowGrayLevelEmphasis","0.0005875582101031799"
"wavelet-HLH","glrlm","GrayLevelNonUniformity","2484.788468762612"
"wavelet-HLH","glrlm","GrayLevelNonUniformityNormalized","0.2904383342625496"
"wavelet-HLH","glrlm","GrayLevelVariance","1.491671546151706"
"wavelet-HLH","glrlm","HighGrayLevelRunEmphasis","112.04547331858589"
"wavelet-HLH","glrlm","LongRunEmphasis","3.994606864294386"
"wavelet-HLH","glrlm","LongRunHighGrayLevelEmphasis","440.69462501705493"
"wavelet-HLH","glrlm","LongRunLowGrayLevelEmphasis","0.03723378171858596"
"wavelet-HLH","glrlm","LowGrayLevelRunEmphasis","0.00956080925825748"
"wavelet-HLH","glrlm","RunEntropy","3.5739728264293267"
"wavelet-HLH","glrlm","RunLengthNonUniformity","4236.4811373370485"
"wavelet-HLH","glrlm","RunLengthNonUniformityNormalized","0.48556727969411734"
"wavelet-HLH","glrlm","RunPercentage","0.6348848676666208"
"wavelet-HLH","glrlm","RunVariance","1.28346370961483"
"wavelet-HLH","glrlm","ShortRunEmphasis","0.7161969349236846"
"wavelet-HLH","glrlm","ShortRunHighGrayLevelEmphasis","80.76478666340464"
"wavelet-HLH","glrlm","ShortRunLowGrayLevelEmphasis","0.006935832402525133"
"wavelet-HLH","glszm","GrayLevelNonUniformity","86.78289473684211"
"wavelet-HLH","glszm","GrayLevelNonUniformityNormalized","0.14273502423822715"
"wavelet-HLH","glszm","GrayLevelVariance","8.473205397333796"
"wavelet-HLH","glszm","HighGrayLevelZoneEmphasis","125.20559210526316"
"wavelet-HLH","glszm","LargeAreaEmphasis","97200.95394736843"
"wavelet-HLH","glszm","LargeAreaHighGrayLevelEmphasis","10662990.452302631"
"wavelet-HLH","glszm","LargeAreaLowGrayLevelEmphasis","894.1955460039638"
"wavelet-HLH","glszm","LowGrayLevelZoneEmphasis","0.01242607951512708"
"wavelet-HLH","glszm","SizeZoneNonUniformity","175.0"
"wavelet-HLH","glszm","SizeZoneNonUniformityNormalized","0.2878289473684211"
"wavelet-HLH","glszm","SmallAreaEmphasis","0.5478968130156678"
"wavelet-HLH","glszm","SmallAreaHighGrayLevelEmphasis","71.16208636415024"
"wavelet-HLH","glszm","SmallAreaLowGrayLevelEmphasis","0.007731066106825813"
"wavelet-HLH","glszm","ZoneEntropy","5.5210769895154455"
"wavelet-HLH","glszm","ZonePercentage","0.04531902206320811"
"wavelet-HLH","glszm","ZoneVariance","96714.05488227145"
"wavelet-HLH","ngtdm","Busyness","6.277076721861566"
"wavelet-HLH","ngtdm","Coarseness","0.0004477700802753973"
"wavelet-HLH","ngtdm","Complexity","152.15094338235005"
"wavelet-HLH","ngtdm","Contrast","0.003976236347853174"
"wavelet-HLH","ngtdm","Strength","0.22443787071976595"
"wavelet-HHL","firstorder","10Percentile","-9.570363982262503"
"wavelet-HHL","firstorder","90Percentile","10.206307192148177"
"wavelet-HHL","firstorder","Energy","1454662.0951602468"
"wavelet-HHL","firstorder","Entropy","1.2529883393493155"
"wavelet-HHL","firstorder","InterquartileRange","8.382930128503435"
"wavelet-HHL","firstorder","Kurtosis","12.310527187841409"
"wavelet-HHL","firstorder","Maximum","120.86724895231525"
"wavelet-HHL","firstorder","MeanAbsoluteDeviation","6.691655433674652"
"wavelet-HHL","firstorder","Mean","0.06233282205522386"
"wavelet-HHL","firstorder","Median","-0.1355913019909531"
"wavelet-HHL","firstorder","Minimum","-88.81226396829278"
"wavelet-HHL","firstorder","Range","209.67951292060803"
"wavelet-HHL","firstorder","RobustMeanAbsoluteDeviation","3.6591463839076175"
"wavelet-HHL","firstorder","RootMeanSquared","10.41284817964337"
"wavelet-HHL","firstorder","Skewness","0.4138211184613718"
"wavelet-HHL","firstorder","TotalEnergy","863028.6293483453"
"wavelet-HHL","firstorder","Uniformity","0.4634536668718347"
"wavelet-HHL","firstorder","Variance","108.42352183159687"
"wavelet-HHL","glcm","Autocorrelation","20.25172319145313"
"wavelet-HHL","glcm","ClusterProminence","2.6640915849928777"
"wavelet-HHL","glcm","ClusterShade","0.1447815568540401"
"wavelet-HHL","glcm","ClusterTendency","0.7796717525061083"
"wavelet-HHL","glcm","Contrast","0.5529571786961636"
"wavelet-HHL","glcm","Correlation","0.1697097581175"
"wavelet-HHL","glcm","DifferenceAverage","0.48595184758519283"
"wavelet-HHL","glcm","DifferenceEntropy","1.132655558143178"
"wavelet-HHL","glcm","DifferenceVariance","0.31306573517925096"
"wavelet-HHL","glcm","Id","0.7665858260364651"
"wavelet-HHL","glcm","Idm","0.7635619084507569"
"wavelet-HHL","glcm","Idmn","0.9933504260797997"
"wavelet-HHL","glcm","Idn","0.9519819646602268"
"wavelet-HHL","glcm","Imc1","-0.04274927675276323"
"wavelet-HHL","glcm","Imc2","0.2875502402257408"
"wavelet-HHL","glcm","InverseVariance","0.44135040142147475"
"wavelet-HHL","glcm","JointAverage","4.493889576189064"
"wavelet-HHL","glcm","JointEnergy","0.22963626094077821"
"wavelet-HHL","glcm","JointEntropy","2.4010498908371827"
"wavelet-HHL","glcm","MCC","0.3026747662948711"
"wavelet-HHL","glcm","MaximumProbability","0.2781052508682436"
"wavelet-HHL","glcm","SumAverage","8.987779152378128"
"wavelet-HHL","glcm","SumEntropy","1.8029850330578534"
"wavelet-HHL","glcm","SumSquares","0.33315723280056797"
"wavelet-HHL","gldm","DependenceEntropy","5.247684882433187"
"wavelet-HHL","gldm","DependenceNonUniformity","885.7808586762075"
"wavelet-HHL","gldm","DependenceNonUniformityNormalized","0.06602421427222775"
"wavelet-HHL","gldm","DependenceVariance","19.230045453430236"
"wavelet-HHL","gldm","GrayLevelNonUniformity","6217.694394752534"
"wavelet-HHL","gldm","GrayLevelVariance","0.34551645184471663"
"wavelet-HHL","gldm","HighGrayLevelEmphasis","20.537865235539655"
"wavelet-HHL","gldm","LargeDependenceEmphasis","198.4737626714371"
"wavelet-HHL","gldm","LargeDependenceHighGrayLevelEmphasis","4019.072450805009"
"wavelet-HHL","gldm","LargeDependenceLowGrayLevelEmphasis","10.31736304397336"
"wavelet-HHL","gldm","LowGrayLevelEmphasis","0.05238616719104214"
"wavelet-HHL","gldm","SmallDependenceEmphasis","0.01667643448202985"
"wavelet-HHL","gldm","SmallDependenceHighGrayLevelEmphasis","0.37913535112716146"
"wavelet-HHL","gldm","SmallDependenceLowGrayLevelEmphasis","0.0011695581983599541"
"wavelet-HHL","glrlm","GrayLevelNonUniformity","3090.0466637651384"
"wavelet-HHL","glrlm","GrayLevelNonUniformityNormalized","0.4396401977236633"
"wavelet-HHL","glrlm","GrayLevelVariance","0.4143188716580043"
"wavelet-HHL","glrlm","HighGrayLevelRunEmphasis","20.71134574033597"
"wavelet-HHL","glrlm","LongRunEmphasis","5.579366331458129"
"wavelet-HHL","glrlm","LongRunHighGrayLevelEmphasis","113.4869310393391"
"wavelet-HHL","glrlm","LongRunLowGrayLevelEmphasis","0.291090089520868"
"wavelet-HHL","glrlm","LowGrayLevelRunEmphasis","0.052861391879112145"
"wavelet-HHL","glrlm","RunEntropy","3.2335415350768093"
"wavelet-HHL","glrlm","RunLengthNonUniformity","2580.0086182071777"
"wavelet-HHL","glrlm","RunLengthNonUniformityNormalized","0.36182819911494624"
"wavelet-HHL","glrlm","RunPercentage","0.523531030686666"
"wavelet-HHL","glrlm","RunVariance","1.7884881195131188"
"wavelet-HHL","glrlm","ShortRunEmphasis","0.5982872636871964"
"wavelet-HHL","glrlm","ShortRunHighGrayLevelEmphasis","12.49404321460623"
"wavelet-HHL","glrlm","ShortRunLowGrayLevelEmphasis","0.03206442696587115"
"wavelet-HHL","glszm","GrayLevelNonUniformity","40.0"
"wavelet-HHL","glszm","GrayLevelNonUniformityNormalized","0.2597402597402597"
"wavelet-HHL","glszm","GrayLevelVariance","3.07556080283353"
"wavelet-HHL","glszm","HighGrayLevelZoneEmphasis","24.571428571428573"
"wavelet-HHL","glszm","LargeAreaEmphasis","537871.7532467532"
"wavelet-HHL","glszm","LargeAreaHighGrayLevelEmphasis","10931024.415584415"
"wavelet-HHL","glszm","LargeAreaLowGrayLevelEmphasis","27805.37585012949"
"wavelet-HHL","glszm","LowGrayLevelZoneEmphasis","0.084171259894049"
"wavelet-HHL","glszm","SizeZoneNonUniformity","44.5974025974026"
"wavelet-HHL","glszm","SizeZoneNonUniformityNormalized","0.28959352335975713"
"wavelet-HHL","glszm","SmallAreaEmphasis","0.5544546021395065"
"wavelet-HHL","glszm","SmallAreaHighGrayLevelEmphasis","14.132014359171679"
"wavelet-HHL","glszm","SmallAreaLowGrayLevelEmphasis","0.051343242976235694"
"wavelet-HHL","glszm","ZoneEntropy","4.6330434131618965"
"wavelet-HHL","glszm","ZonePercentage","0.011478831246273106"
"wavelet-HHL","glszm","ZoneVariance","530282.4019227526"
"wavelet-HHL","ngtdm","Busyness","42.29985461699495"
"wavelet-HHL","ngtdm","Coarseness","0.00037970641341077577"
"wavelet-HHL","ngtdm","Complexity","17.757891187877508"
"wavelet-HHL","ngtdm","Contrast","0.0043621887343275306"
"wavelet-HHL","ngtdm","Strength","0.021456756033663614"
"wavelet-HHH","firstorder","10Percentile","-5.985715899062214"
"wavelet-HHH","firstorder","90Percentile","5.971090191140945"
"wavelet-HHH","firstorder","Energy","500095.82449910796"
"wavelet-HHH","firstorder","Entropy","1.0563126703867145"
"wavelet-HHH","firstorder","InterquartileRange","5.277782812088294"
"wavelet-HHH","firstorder","Kurtosis","13.415401570999041"
"wavelet-HHH","firstorder","Maximum","54.482728906973705"
"wavelet-HHH","firstorder","MeanAbsoluteDeviation","4.01666569181745"
"wavelet-HHH","firstorder","Mean","-0.0393618877244565"
"wavelet-HHH","firstorder","Median","0.01988303286544147"
"wavelet-HHH","firstorder","Minimum","-85.14262793674176"
"wavelet-HHH","firstorder","Range","139.62535684371545"
"wavelet-HHH","firstorder","RobustMeanAbsoluteDeviation","2.268464582459886"
"wavelet-HHH","firstorder","RootMeanSquared","6.105413595438936"
"wavelet-HHH","firstorder","Skewness","-0.40594305640135087"
"wavelet-HHH","firstorder","TotalEnergy","296699.15466708486"
"wavelet-HHH","firstorder","Uniformity","0.49386578259513736"
"wavelet-HHH","firstorder","Variance","37.27452581316536"
"wavelet-HHH","glcm","Autocorrelation","20.26601317541308"
"wavelet-HHH","glcm","ClusterProminence","0.6610381903130165"
"wavelet-HHH","glcm","ClusterShade","-0.01443074905109189"
"wavelet-HHH","glcm","ClusterTendency","0.5299396876427276"
"wavelet-HHH","glcm","Contrast","0.5191253195909666"
"wavelet-HHH","glcm","Correlation","0.010063713650087826"
"wavelet-HHH","glcm","DifferenceAverage","0.5060916632917386"
"wavelet-HHH","glcm","DifferenceEntropy","1.0407123319553493"
"wavelet-HHH","glcm","DifferenceVariance","0.26086440389659427"
"wavelet-HHH","glcm","Id","0.7490134399972666"
"wavelet-HHH","glcm","Idm","0.74825476845587"
"wavelet-HHH","glcm","Idmn","0.9896522952625498"
"wavelet-HHH","glcm","Idn","0.936915727045829"
"wavelet-HHH","glcm","Imc1","-0.008705018952994536"
"wavelet-HHH","glcm","Imc2","0.11144556845036695"
"wavelet-HHH","glcm","InverseVariance","0.4957350247491577"
"wavelet-HHH","glcm","JointAverage","4.501478558496243"
"wavelet-HHH","glcm","JointEnergy","0.24678765118224189"
"wavelet-HHH","glcm","JointEntropy","2.0923316811069332"
"wavelet-HHH","glcm","MCC","0.19859280177693947"
"wavelet-HHH","glcm","MaximumProbability","0.2649919445546348"
"wavelet-HHH","glcm","SumAverage","9.002957116992487"
"wavelet-HHH","glcm","SumEntropy","1.5489378115769943"
"wavelet-HHH","glcm","SumSquares","0.26226625180842356"
"wavelet-HHH","gldm","DependenceEntropy","4.662829038472864"
"wavelet-HHH","gldm","DependenceNonUniformity","1290.7261478831247"
"wavelet-HHH","gldm","DependenceNonUniformityNormalized","0.09620797166689957"
"wavelet-HHH","gldm","DependenceVariance","10.104467396062125"
"wavelet-HHH","gldm","GrayLevelNonUniformity","6625.703339296362"
"wavelet-HHH","gldm","GrayLevelVariance","0.2643107145358882"
"wavelet-HHH","gldm","HighGrayLevelEmphasis","20.52101967799642"
"wavelet-HHH","gldm","LargeDependenceEmphasis","165.4798747763864"
"wavelet-HHH","gldm","LargeDependenceHighGrayLevelEmphasis","3407.5945140131184"
"wavelet-HHH","gldm","LargeDependenceLowGrayLevelEmphasis","8.443958787574859"
"wavelet-HHH","gldm","LowGrayLevelEmphasis","0.05143833107184436"
"wavelet-HHH","gldm","SmallDependenceEmphasis","0.011703102724887872"
"wavelet-HHH","gldm","SmallDependenceHighGrayLevelEmphasis","0.2453335715404676"
"wavelet-HHH","gldm","SmallDependenceLowGrayLevelEmphasis","0.0007201697100398055"
"wavelet-HHH","glrlm","GrayLevelNonUniformity","3671.9295506497338"
"wavelet-HHH","glrlm","GrayLevelNonUniformityNormalized","0.48953428473324057"
"wavelet-HHH","glrlm","GrayLevelVariance","0.2745984874537489"
"wavelet-HHH","glrlm","HighGrayLevelRunEmphasis","20.49328103013682"
"wavelet-HHH","glrlm","LongRunEmphasis","4.722893779275099"
"wavelet-HHH","glrlm","LongRunHighGrayLevelEmphasis","97.11032240372242"
"wavelet-HHH","glrlm","LongRunLowGrayLevelEmphasis","0.24179888086551762"
"wavelet-HHH","glrlm","LowGrayLevelRunEmphasis","0.05168432087860387"
"wavelet-HHH","glrlm","RunEntropy","2.816133638298302"
"wavelet-HHH","glrlm","RunLengthNonUniformity","3027.983528809145"
"wavelet-HHH","glrlm","RunLengthNonUniformityNormalized","0.3990869103102377"
"wavelet-HHH","glrlm","RunPercentage","0.5590397229484885"
"wavelet-HHH","glrlm","RunVariance","1.40960161595401"
"wavelet-HHH","glrlm","ShortRunEmphasis","0.6258343454881445"
"wavelet-HHH","glrlm","ShortRunHighGrayLevelEmphasis","12.815360065473836"
"wavelet-HHH","glrlm","ShortRunLowGrayLevelEmphasis","0.03251469226339734"
"wavelet-HHH","glszm","GrayLevelNonUniformity","15.625"
"wavelet-HHH","glszm","GrayLevelNonUniformityNormalized","0.3255208333333333"
"wavelet-HHH","glszm","GrayLevelVariance","2.4544270833333335"
"wavelet-HHH","glszm","HighGrayLevelZoneEmphasis","22.145833333333332"
"wavelet-HHH","glszm","LargeAreaEmphasis","1850432.0416666667"
"wavelet-HHH","glszm","LargeAreaHighGrayLevelEmphasis","38023788.208333336"
"wavelet-HHH","glszm","LargeAreaLowGrayLevelEmphasis","94610.03898112719"
"wavelet-HHH","glszm","LowGrayLevelZoneEmphasis","0.08954246976568404"
"wavelet-HHH","glszm","SizeZoneNonUniformity","20.041666666666668"
"wavelet-HHH","glszm","SizeZoneNonUniformityNormalized","0.4175347222222222"
"wavelet-HHH","glszm","SmallAreaEmphasis","0.6555004024878412"
"wavelet-HHH","glszm","SmallAreaHighGrayLevelEmphasis","14.890149891639178"
"wavelet-HHH","glszm","SmallAreaLowGrayLevelEmphasis","0.06351518544334929"
"wavelet-HHH","glszm","ZoneEntropy","3.295580929639261"
"wavelet-HHH","glszm","ZonePercentage","0.0035778175313059034"
"wavelet-HHH","glszm","ZoneVariance","1772311.7916666665"
"wavelet-HHH","ngtdm","Busyness","71.14859388257415"
"wavelet-HHH","ngtdm","Coarseness","0.00030660069739749975"
"wavelet-HHH","ngtdm","Complexity","11.89083852699101"
"wavelet-HHH","ngtdm","Contrast","0.006274143574201262"
"wavelet-HHH","ngtdm","Strength","0.009451684386081493"
"wavelet-LLL","firstorder","10Percentile","-255.8750747304454"
"wavelet-LLL","firstorder","90Percentile","1100.116445111481"
"wavelet-LLL","firstorder","Energy","7588183295.966652"
"wavelet-LLL","firstorder","Entropy","6.52639250474331"
"wavelet-LLL","firstorder","InterquartileRange","679.0645397412889"
"wavelet-LLL","firstorder","Kurtosis","5.829316870621308"
"wavelet-LLL","firstorder","Maximum","3377.91179295247"
"wavelet-LLL","firstorder","MeanAbsoluteDeviation","451.02265414934493"
"wavelet-LLL","firstorder","Mean","427.48400873312517"
"wavelet-LLL","firstorder","Median","472.49928242200104"
"wavelet-LLL","firstorder","Minimum","-2609.413957896291"
"wavelet-LLL","firstorder","Range","5987.32575084876"
"wavelet-LLL","firstorder","RobustMeanAbsoluteDeviation","283.1804745939119"
"wavelet-LLL","firstorder","RootMeanSquared","752.0684702188594"
"wavelet-LLL","firstorder","Skewness","-0.9405259475066725"
"wavelet-LLL","firstorder","TotalEnergy","4501952344.087639"
"wavelet-LLL","firstorder","Uniformity","0.013779660025551773"
"wavelet-LLL","firstorder","Variance","382864.40617479285"
"wavelet-LLL","glcm","Autocorrelation","16236.610788745775"
"wavelet-LLL","glcm","ClusterProminence","16524012.01412222"
"wavelet-LLL","glcm","ClusterShade","-45473.70462488876"
"wavelet-LLL","glcm","ClusterTendency","1722.1640236269186"
"wavelet-LLL","glcm","Contrast","212.9223450976363"
"wavelet-LLL","glcm","Correlation","0.7722790608069351"
"wavelet-LLL","glcm","DifferenceAverage","9.413685495496576"
"wavelet-LLL","glcm","DifferenceEntropy","4.65590404109525"
"wavelet-LLL","glcm","DifferenceVariance","120.04160363003734"
"wavelet-LLL","glcm","Id","0.23394072130329363"
"wavelet-LLL","glcm","Idm","0.15338785823619455"
"wavelet-LLL","glcm","Idmn","0.9964407964088802"
"wavelet-LLL","glcm","Idn","0.9641373562585264"
"wavelet-LLL","glcm","Imc1","-0.21922163105184883"
"wavelet-LLL","glcm","Imc2","0.9625743668599642"
"wavelet-LLL","glcm","InverseVariance","0.1558073749628752"
"wavelet-LLL","glcm","JointAverage","125.92939393413471"
"wavelet-LLL","glcm","JointEnergy","0.0006293585258711921"
"wavelet-LLL","glcm","JointEntropy","11.367716884200263"
"wavelet-LLL","glcm","MCC","0.8527440324299017"
"wavelet-LLL","glcm","MaximumProbability","0.0024102814775235873"
"wavelet-LLL","glcm","SumAverage","251.85878786826956"
"wavelet-LLL","glcm","SumEntropy","7.307889020774059"
"wavelet-LLL","glcm","SumSquares","483.7715921811386"
"wavelet-LLL","gldm","DependenceEntropy","8.608212835331083"
"wavelet-LLL","gldm","DependenceNonUniformity","3423.100327966607"
"wavelet-LLL","gldm","DependenceNonUniformityNormalized","0.25515059093370657"
"wavelet-LLL","gldm","DependenceVariance","2.7177256821659195"
"wavelet-LLL","gldm","GrayLevelNonUniformity","184.86791890280261"
"wavelet-LLL","gldm","GrayLevelVariance","612.9212701243348"
"wavelet-LLL","gldm","HighGrayLevelEmphasis","15643.688580799046"
"wavelet-LLL","gldm","LargeDependenceEmphasis","8.32617769827072"
"wavelet-LLL","gldm","LargeDependenceHighGrayLevelEmphasis","131175.2113893858"
"wavelet-LLL","gldm","LargeDependenceLowGrayLevelEmphasis","0.0014537042924045928"
"wavelet-LLL","gldm","LowGrayLevelEmphasis","0.0003171636395682873"
"wavelet-LLL","gldm","SmallDependenceEmphasis","0.47679699676505105"
"wavelet-LLL","gldm","SmallDependenceHighGrayLevelEmphasis","7092.25568662152"
"wavelet-LLL","gldm","SmallDependenceLowGrayLevelEmphasis","0.00012306637734860762"
"wavelet-LLL","glrlm","GrayLevelNonUniformity","172.6837480204294"
"wavelet-LLL","glrlm","GrayLevelNonUniformityNormalized","0.013584393364852971"
"wavelet-LLL","glrlm","GrayLevelVariance","630.4277004422286"
"wavelet-LLL","glrlm","HighGrayLevelRunEmphasis","15618.467113880342"
"wavelet-LLL","glrlm","LongRunEmphasis","1.1893338545991947"
"wavelet-LLL","glrlm","LongRunHighGrayLevelEmphasis","18646.11719235355"
"wavelet-LLL","glrlm","LongRunLowGrayLevelEmphasis","0.00036215840748712457"
"wavelet-LLL","glrlm","LowGrayLevelRunEmphasis","0.00032216609046892383"
"wavelet-LLL","glrlm","RunEntropy","6.831364500603796"
"wavelet-LLL","glrlm","RunLengthNonUniformity","11546.219564706968"
"wavelet-LLL","glrlm","RunLengthNonUniformityNormalized","0.9075130970627127"
"wavelet-LLL","glrlm","RunPercentage","0.947376267143709"
"wavelet-LLL","glrlm","RunVariance","0.07274219631188704"
"wavelet-LLL","glrlm","ShortRunEmphasis","0.9626338049585925"
"wavelet-LLL","glrlm","ShortRunHighGrayLevelEmphasis","15013.244077322826"
"wavelet-LLL","glrlm","ShortRunLowGrayLevelEmphasis","0.0003128630148244333"
"wavelet-LLL","glszm","GrayLevelNonUniformity","80.76779235277701"
"wavelet-LLL","glszm","GrayLevelNonUniformityNormalized","0.011270972976943483"
"wavelet-LLL","glszm","GrayLevelVariance","855.6307637688719"
"wavelet-LLL","glszm","HighGrayLevelZoneEmphasis","15050.028886408038"
"wavelet-LLL","glszm","LargeAreaEmphasis","12.813005861010327"
"wavelet-LLL","glszm","LargeAreaHighGrayLevelEmphasis","198874.02316494557"
"wavelet-LLL","glszm","LargeAreaLowGrayLevelEmphasis","0.0017457734377451363"
"wavelet-LLL","glszm","LowGrayLevelZoneEmphasis","0.00033722271015768063"
"wavelet-LLL","glszm","SizeZoneNonUniformity","3876.588612894223"
"wavelet-LLL","glszm","SizeZoneNonUniformityNormalized","0.5409696640935282"
"wavelet-LLL","glszm","SmallAreaEmphasis","0.7632805653877608"
"wavelet-LLL","glszm","SmallAreaHighGrayLevelEmphasis","11145.752446607228"
"wavelet-LLL","glszm","SmallAreaLowGrayLevelEmphasis","0.00017215918533248982"
"wavelet-LLL","glszm","ZoneEntropy","8.1676243509543"
"wavelet-LLL","glszm","ZonePercentage","0.5341383422778772"
"wavelet-LLL","glszm","ZoneVariance","9.307969791606705"
"wavelet-LLL","ngtdm","Busyness","0.017978548048491316"
"wavelet-LLL","ngtdm","Coarseness","0.0015357795575590269"
"wavelet-LLL","ngtdm","Complexity","101613.64531016478"
"wavelet-LLL","ngtdm","Contrast","0.14393520494569068"
"wavelet-LLL","ngtdm","Strength","28.512583197982092"
