"Image type","Feature Class","Feature Name","Segmentation_8_segment_Segment_1"
"diagnostics","Versions","PyRadiomics","v3.0.1.post4+gad5b2de"
"diagnostics","Versions","Numpy","1.19.2"
"diagnostics","Versions","SimpleITK","2.0.2"
"diagnostics","Versions","PyWavelet","1.1.1"
"diagnostics","Versions","Python","3.6.7"
"diagnostics","Configuration","Settings","{'minimumROIDimensions': 2, 'minimumROISize': None, 'normalize': False, 'normalizeScale': 1, 'removeOutliers': None, 'resampledPixelSpacing': None, 'interpolator': 'sitkBSpline', 'preCrop': False, 'padDistance': 5, 'distances': [1], 'force2D': False, 'force2Ddimension': 0, 'resegmentRange': None, 'label': 1, 'additionalInfo': True, 'binWidth': 25.0, 'symmetricalGLCM': True, 'correctMask': True}"
"diagnostics","Configuration","EnabledImageTypes","{'Original': {}, 'Wavelet': {}}"
"diagnostics","Image-original","Hash","7ae10186dd56cca497e5f894cd90ff90e4a45502"
"diagnostics","Image-original","Dimensionality","3D"
"diagnostics","Image-original","Spacing","(0.68359375, 0.68359375, 1.5000000015015016)"
"diagnostics","Image-original","Size","(512, 512, 334)"
"diagnostics","Image-original","Mean","-612.7736963626154"
"diagnostics","Image-original","Minimum","-1023.0"
"diagnostics","Image-original","Maximum","50954.0"
"diagnostics","Mask-original","Hash","5b3213976dcbc16f2dba4a6fdb24569e4b3346f3"
"diagnostics","Mask-original","Spacing","(0.68359375, 0.68359375, 1.5000000015015016)"
"diagnostics","Mask-original","Size","(512, 512, 334)"
"diagnostics","Mask-original","BoundingBox","(127, 258, 276, 86, 87, 29)"
"diagnostics","Mask-original","VoxelNum","62119"
"diagnostics","Mask-original","VolumeNum","1"
"diagnostics","Mask-original","CenterOfMassIndex","(171.6566589932227, 303.2127368437998, 291.64038377951994)"
"diagnostics","Mask-original","CenterOfMass","(-52.23073876635169, 32.61612882681638, 455.98755360717837)"
"original","shape","Elongation","0.7448573308637518"
"original","shape","Flatness","0.5538593682334605"
"original","shape","LeastAxisLength","31.72818360153582"
"original","shape","MajorAxisLength","57.28563137377842"
"original","shape","Maximum2DDiameterColumn","57.44765059918694"
"original","shape","Maximum2DDiameterRow","59.85923480638171"
"original","shape","Maximum2DDiameterSlice","63.412302208728654"
"original","shape","Maximum3DDiameter","72.10220850506656"
"original","shape","MeshVolume","43427.308245258806"
"original","shape","MinorAxisLength","42.6696224819174"
"original","shape","Sphericity","0.5742978053852392"
"original","shape","SurfaceArea","10403.726069692098"
"original","shape","SurfaceVolumeRatio","0.23956645000736213"
"original","shape","VoxelVolume","43542.35176630323"
"original","firstorder","10Percentile","-59.0"
"original","firstorder","90Percentile","145.0"
"original","firstorder","Energy","1385201910.0"
"original","firstorder","Entropy","3.95072054332572"
"original","firstorder","InterquartileRange","100.0"
"original","firstorder","Kurtosis","23.506045641458705"
"original","firstorder","Maximum","835.0"
"original","firstorder","MeanAbsoluteDeviation","81.08896636769656"
"original","firstorder","Mean","29.032502133002787"
"original","firstorder","Median","44.0"
"original","firstorder","Minimum","-1023.0"
"original","firstorder","Range","1858.0"
"original","firstorder","RobustMeanAbsoluteDeviation","41.95281016930258"
"original","firstorder","RootMeanSquared","149.32905369561686"
"original","firstorder","Skewness","-3.5840604904839912"
"original","firstorder","TotalEnergy","970958142.1557833"
"original","firstorder","Uniformity","0.08896722444620354"
"original","firstorder","Variance","21456.280097525614"
"original","glcm","Autocorrelation","1850.0479285948932"
"original","glcm","ClusterProminence","228701.2644400423"
"original","glcm","ClusterShade","-3238.091306365606"
"original","glcm","ClusterTendency","83.48301418862164"
"original","glcm","Contrast","29.79728004275143"
"original","glcm","Correlation","0.4706983913181754"
"original","glcm","DifferenceAverage","3.4060065199974403"
"original","glcm","DifferenceEntropy","3.257472943741263"
"original","glcm","DifferenceVariance","18.047978539813048"
"original","glcm","Id","0.37471286286099775"
"original","glcm","Idm","0.28971451384477254"
"original","glcm","Idmn","0.995115790991649"
"original","glcm","Idn","0.9589067281570741"
"original","glcm","Imc1","-0.05039322017293553"
"original","glcm","Imc2","0.5469005779868389"
"original","glcm","InverseVariance","0.29347961676989737"
"original","glcm","JointAverage","42.8558714613861"
"original","glcm","JointEnergy","0.009955200578685345"
"original","glcm","JointEntropy","7.517640107425513"
"original","glcm","MCC","0.6361314200102339"
"original","glcm","MaximumProbability","0.02302059565340024"
"original","glcm","SumAverage","85.71174292277225"
"original","glcm","SumEntropy","4.540667059099588"
"original","glcm","SumSquares","28.32007355784326"
"original","gldm","DependenceEntropy","6.676101392852286"
"original","gldm","DependenceNonUniformity","8681.833175035013"
"original","gldm","DependenceNonUniformityNormalized","0.13976131578156464"
"original","gldm","DependenceVariance","4.917682865330937"
"original","gldm","GrayLevelNonUniformity","5526.555015373719"
"original","gldm","GrayLevelVariance","34.28981718924409"
"original","gldm","HighGrayLevelEmphasis","1856.1444163621436"
"original","gldm","LargeDependenceEmphasis","19.39401793332153"
"original","gldm","LargeDependenceHighGrayLevelEmphasis","35304.66148843349"
"original","gldm","LargeDependenceLowGrayLevelEmphasis","0.6850802784359354"
"original","gldm","LowGrayLevelEmphasis","0.005091324319878082"
"original","gldm","SmallDependenceEmphasis","0.23397077982998285"
"original","gldm","SmallDependenceHighGrayLevelEmphasis","413.5695522523637"
"original","gldm","SmallDependenceLowGrayLevelEmphasis","0.0008689076091311721"
"original","glrlm","GrayLevelNonUniformity","4726.833379129934"
"original","glrlm","GrayLevelNonUniformityNormalized","0.08529623027230665"
"original","glrlm","GrayLevelVariance","34.60967840127681"
"original","glrlm","HighGrayLevelRunEmphasis","1855.232949753697"
"original","glrlm","LongRunEmphasis","1.4038965909415102"
"original","glrlm","LongRunHighGrayLevelEmphasis","2604.0151951184735"
"original","glrlm","LongRunLowGrayLevelEmphasis","0.01175909971283279"
"original","glrlm","LowGrayLevelRunEmphasis","0.0039527643631971235"
"original","glrlm","RunEntropy","4.540102194084988"
"original","glrlm","RunLengthNonUniformity","44940.96496157946"
"original","glrlm","RunLengthNonUniformityNormalized","0.8104079826158223"
"original","glrlm","RunPercentage","0.8921239259139095"
"original","glrlm","RunVariance","0.14592756356321931"
"original","glrlm","ShortRunEmphasis","0.9194113935081563"
"original","glrlm","ShortRunHighGrayLevelEmphasis","1704.3326567554066"
"original","glrlm","ShortRunLowGrayLevelEmphasis","0.003136401719614234"
"original","glszm","GrayLevelNonUniformity","695.7473234903085"
"original","glszm","GrayLevelNonUniformityNormalized","0.048684299453523795"
"original","glszm","GrayLevelVariance","86.02081212457864"
"original","glszm","HighGrayLevelZoneEmphasis","1762.0039185501364"
"original","glszm","LargeAreaEmphasis","11639.755020642362"
"original","glszm","LargeAreaHighGrayLevelEmphasis","21725809.1573018"
"original","glszm","LargeAreaLowGrayLevelEmphasis","7.559253170933939"
"original","glszm","LowGrayLevelZoneEmphasis","0.004715820081241298"
"original","glszm","SizeZoneNonUniformity","6659.798824434959"
"original","glszm","SizeZoneNonUniformityNormalized","0.4660134927181414"
"original","glszm","SmallAreaEmphasis","0.70995971801602"
"original","glszm","SmallAreaHighGrayLevelEmphasis","1216.8335687887084"
"original","glszm","SmallAreaLowGrayLevelEmphasis","0.0029354445177838294"
"original","glszm","ZoneEntropy","6.5839542481194595"
"original","glszm","ZonePercentage","0.23005843622724126"
"original","glszm","ZoneVariance","11620.861030992392"
"original","ngtdm","Busyness","1.6503416818414847"
"original","ngtdm","Coarseness","0.00011227243171121165"
"original","ngtdm","Complexity","6602.98564867969"
"original","ngtdm","Contrast","0.031794460259798284"
"original","ngtdm","Strength","0.4986545703220863"
"wavelet-LLH","firstorder","10Percentile","-88.35725529950989"
"wavelet-LLH","firstorder","90Percentile","78.67348542434686"
"wavelet-LLH","firstorder","Energy","894285973.6575763"
"wavelet-LLH","firstorder","Entropy","3.744900315598115"
"wavelet-LLH","firstorder","InterquartileRange","78.46490971596684"
"wavelet-LLH","firstorder","Kurtosis","20.505679775082818"
"wavelet-LLH","firstorder","Maximum","1283.1293913071286"
"wavelet-LLH","firstorder","MeanAbsoluteDeviation","66.91070782346173"
"wavelet-LLH","firstorder","Mean","-2.947769659461058"
"wavelet-LLH","firstorder","Median","-0.6294996223077229"
"wavelet-LLH","firstorder","Minimum","-1285.6082059099213"
"wavelet-LLH","firstorder","Range","2568.73759721705"
"wavelet-LLH","firstorder","RobustMeanAbsoluteDeviation","33.226027556853936"
"wavelet-LLH","firstorder","RootMeanSquared","119.9847308643322"
"wavelet-LLH","firstorder","Skewness","0.07477567682949253"
"wavelet-LLH","firstorder","TotalEnergy","626850310.6081741"
"wavelet-LLH","firstorder","Uniformity","0.11047399435926133"
"wavelet-LLH","firstorder","Variance","14387.646294620992"
"wavelet-LLH","glcm","Autocorrelation","2753.5179790901648"
"wavelet-LLH","glcm","ClusterProminence","54042.372729681716"
"wavelet-LLH","glcm","ClusterShade","89.29995492802095"
"wavelet-LLH","glcm","ClusterTendency","46.52400730260516"
"wavelet-LLH","glcm","Contrast","30.14118126852615"
"wavelet-LLH","glcm","Correlation","0.1984013584136224"
"wavelet-LLH","glcm","DifferenceAverage","3.2015229051753478"
"wavelet-LLH","glcm","DifferenceEntropy","3.167757151098949"
"wavelet-LLH","glcm","DifferenceVariance","19.578203060456733"
"wavelet-LLH","glcm","Id","0.39957760524626945"
"wavelet-LLH","glcm","Idm","0.32046696937225416"
"wavelet-LLH","glcm","Idmn","0.9973871659272613"
"wavelet-LLH","glcm","Idn","0.9715490832482649"
"wavelet-LLH","glcm","Imc1","-0.058793515427465984"
"wavelet-LLH","glcm","Imc2","0.5584411036290884"
"wavelet-LLH","glcm","InverseVariance","0.3222348213234769"
"wavelet-LLH","glcm","JointAverage","52.43493137032297"
"wavelet-LLH","glcm","JointEnergy","0.01603544875241402"
"wavelet-LLH","glcm","JointEntropy","7.043287121335807"
"wavelet-LLH","glcm","MCC","0.5495230833145895"
"wavelet-LLH","glcm","MaximumProbability","0.035316457270054065"
"wavelet-LLH","glcm","SumAverage","104.86986274064594"
"wavelet-LLH","glcm","SumEntropy","4.197111499048035"
"wavelet-LLH","glcm","SumSquares","19.166297142782813"
"wavelet-LLH","gldm","DependenceEntropy","6.479343498807733"
"wavelet-LLH","gldm","DependenceNonUniformity","7595.478661923084"
"wavelet-LLH","gldm","DependenceNonUniformityNormalized","0.12227303501220373"
"wavelet-LLH","gldm","DependenceVariance","6.128188174822989"
"wavelet-LLH","gldm","GrayLevelNonUniformity","6862.534055602956"
"wavelet-LLH","gldm","GrayLevelVariance","23.08960986339502"
"wavelet-LLH","gldm","HighGrayLevelEmphasis","2767.0976834784847"
"wavelet-LLH","gldm","LargeDependenceEmphasis","23.94322188058404"
"wavelet-LLH","gldm","LargeDependenceHighGrayLevelEmphasis","66120.91545259905"
"wavelet-LLH","gldm","LargeDependenceLowGrayLevelEmphasis","0.008752596516411186"
"wavelet-LLH","gldm","LowGrayLevelEmphasis","0.0004008367633805052"
"wavelet-LLH","gldm","SmallDependenceEmphasis","0.21480596819351278"
"wavelet-LLH","gldm","SmallDependenceHighGrayLevelEmphasis","601.7426310412113"
"wavelet-LLH","gldm","SmallDependenceLowGrayLevelEmphasis","0.00011076484836563975"
"wavelet-LLH","glrlm","GrayLevelNonUniformity","5599.51463961469"
"wavelet-LLH","glrlm","GrayLevelNonUniformityNormalized","0.10287940664304879"
"wavelet-LLH","glrlm","GrayLevelVariance","25.72638781863167"
"wavelet-LLH","glrlm","HighGrayLevelRunEmphasis","2768.060531162462"
"wavelet-LLH","glrlm","LongRunEmphasis","1.490678451746264"
"wavelet-LLH","glrlm","LongRunHighGrayLevelEmphasis","4122.408845166558"
"wavelet-LLH","glrlm","LongRunLowGrayLevelEmphasis","0.0005851029324919678"
"wavelet-LLH","glrlm","LowGrayLevelRunEmphasis","0.000405893955925789"
"wavelet-LLH","glrlm","RunEntropy","4.4243719842439155"
"wavelet-LLH","glrlm","RunLengthNonUniformity","42975.043582400955"
"wavelet-LLH","glrlm","RunLengthNonUniformityNormalized","0.7879630087178041"
"wavelet-LLH","glrlm","RunPercentage","0.8761236188110413"
"wavelet-LLH","glrlm","RunVariance","0.18219742648911755"
"wavelet-LLH","glrlm","ShortRunEmphasis","0.9079723974816569"
"wavelet-LLH","glrlm","ShortRunHighGrayLevelEmphasis","2514.03051744485"
"wavelet-LLH","glrlm","ShortRunLowGrayLevelEmphasis","0.0003722280032320607"
"wavelet-LLH","glszm","GrayLevelNonUniformity","692.6904421179484"
"wavelet-LLH","glszm","GrayLevelNonUniformityNormalized","0.05217221074926175"
"wavelet-LLH","glszm","GrayLevelVariance","81.11851280706703"
"wavelet-LLH","glszm","HighGrayLevelZoneEmphasis","2797.7209459968367"
"wavelet-LLH","glszm","LargeAreaEmphasis","21891.121563606237"
"wavelet-LLH","glszm","LargeAreaHighGrayLevelEmphasis","60451434.03065451"
"wavelet-LLH","glszm","LargeAreaLowGrayLevelEmphasis","7.937981407784427"
"wavelet-LLH","glszm","LowGrayLevelZoneEmphasis","0.0005223911027869942"
"wavelet-LLH","glszm","SizeZoneNonUniformity","6131.9857648565185"
"wavelet-LLH","glszm","SizeZoneNonUniformityNormalized","0.46185024966909083"
"wavelet-LLH","glszm","SmallAreaEmphasis","0.7067422960013823"
"wavelet-LLH","glszm","SmallAreaHighGrayLevelEmphasis","1994.264540113543"
"wavelet-LLH","glszm","SmallAreaLowGrayLevelEmphasis","0.0004060324057943816"
"wavelet-LLH","glszm","ZoneEntropy","6.604189612825833"
"wavelet-LLH","glszm","ZonePercentage","0.21373492812183068"
"wavelet-LLH","glszm","ZoneVariance","21869.23140032397"
"wavelet-LLH","ngtdm","Busyness","0.9576827496967888"
"wavelet-LLH","ngtdm","Coarseness","0.00011031449973830666"
"wavelet-LLH","ngtdm","Complexity","11551.606010472133"
"wavelet-LLH","ngtdm","Contrast","0.01107189376671686"
"wavelet-LLH","ngtdm","Strength","1.1867542868966987"
"wavelet-LHL","firstorder","10Percentile","-154.1334792517076"
"wavelet-LHL","firstorder","90Percentile","139.02809824439726"
"wavelet-LHL","firstorder","Energy","1084472732.2556906"
"wavelet-LHL","firstorder","Entropy","4.359089031790416"
"wavelet-LHL","firstorder","InterquartileRange","146.43622762574194"
"wavelet-LHL","firstorder","Kurtosis","6.78048260174101"
"wavelet-LHL","firstorder","Maximum","914.8091129767473"
"wavelet-LHL","firstorder","MeanAbsoluteDeviation","95.95900751460923"
"wavelet-LHL","firstorder","Mean","-6.438913240326267"
"wavelet-LHL","firstorder","Median","-2.3319545057033175"
"wavelet-LHL","firstorder","Minimum","-971.5880243900522"
"wavelet-LHL","firstorder","Range","1886.3971373667996"
"wavelet-LHL","firstorder","RobustMeanAbsoluteDeviation","61.234092931852665"
"wavelet-LHL","firstorder","RootMeanSquared","132.1286782214701"
"wavelet-LHL","firstorder","Skewness","-0.2814774267258658"
"wavelet-LHL","firstorder","TotalEnergy","760161837.5833682"
"wavelet-LHL","firstorder","Uniformity","0.062171996514513314"
"wavelet-LHL","firstorder","Variance","17416.528004836346"
"wavelet-LHL","glcm","Autocorrelation","1544.6503394508882"
"wavelet-LHL","glcm","ClusterProminence","26531.238551582504"
"wavelet-LHL","glcm","ClusterShade","-172.5918982525906"
"wavelet-LHL","glcm","ClusterTendency","55.403940394470006"
"wavelet-LHL","glcm","Contrast","48.48198277518082"
"wavelet-LHL","glcm","Correlation","0.06362213004815136"
"wavelet-LHL","glcm","DifferenceAverage","5.081176799426803"
"wavelet-LHL","glcm","DifferenceEntropy","3.7782017762171574"
"wavelet-LHL","glcm","DifferenceVariance","21.03534526158959"
"wavelet-LHL","glcm","Id","0.288683922672691"
"wavelet-LHL","glcm","Idm","0.1979166220880724"
"wavelet-LHL","glcm","Idmn","0.9919947782666724"
"wavelet-LHL","glcm","Idn","0.9402495700836441"
"wavelet-LHL","glcm","Imc1","-0.050025504145333806"
"wavelet-LHL","glcm","Imc2","0.5429104855282829"
"wavelet-LHL","glcm","InverseVariance","0.20501609436284876"
"wavelet-LHL","glcm","JointAverage","39.28001640928514"
"wavelet-LHL","glcm","JointEnergy","0.004811400549621344"
"wavelet-LHL","glcm","JointEntropy","8.418401649573646"
"wavelet-LHL","glcm","MCC","0.4345390985268286"
"wavelet-LHL","glcm","MaximumProbability","0.011011790833033674"
"wavelet-LHL","glcm","SumAverage","78.56003281857032"
"wavelet-LHL","glcm","SumEntropy","4.76834281687516"
"wavelet-LHL","glcm","SumSquares","25.971480792412684"
"wavelet-LHL","gldm","DependenceEntropy","6.651840009399984"
"wavelet-LHL","gldm","DependenceNonUniformity","12629.278401133308"
"wavelet-LHL","gldm","DependenceNonUniformityNormalized","0.20330781888203783"
"wavelet-LHL","gldm","DependenceVariance","2.524717439370704"
"wavelet-LHL","gldm","GrayLevelNonUniformity","3862.062251485053"
"wavelet-LHL","gldm","GrayLevelVariance","27.947360573570062"
"wavelet-LHL","gldm","HighGrayLevelEmphasis","1568.0274795151242"
"wavelet-LHL","gldm","LargeDependenceEmphasis","10.162285291134758"
"wavelet-LHL","gldm","LargeDependenceHighGrayLevelEmphasis","15905.62750527214"
"wavelet-LHL","gldm","LargeDependenceLowGrayLevelEmphasis","0.0067377644270988505"
"wavelet-LHL","gldm","LowGrayLevelEmphasis","0.0007217694575217661"
"wavelet-LHL","gldm","SmallDependenceEmphasis","0.34512216426567915"
"wavelet-LHL","gldm","SmallDependenceHighGrayLevelEmphasis","543.9920464853222"
"wavelet-LHL","gldm","SmallDependenceLowGrayLevelEmphasis","0.00028185947786790846"
"wavelet-LHL","glrlm","GrayLevelNonUniformity","3502.557578505698"
"wavelet-LHL","glrlm","GrayLevelNonUniformityNormalized","0.060492669332947356"
"wavelet-LHL","glrlm","GrayLevelVariance","29.11968411015328"
"wavelet-LHL","glrlm","HighGrayLevelRunEmphasis","1568.2960182387199"
"wavelet-LHL","glrlm","LongRunEmphasis","1.236360562802697"
"wavelet-LHL","glrlm","LongRunHighGrayLevelEmphasis","1938.1857898815688"
"wavelet-LHL","glrlm","LongRunLowGrayLevelEmphasis","0.0008824395334110605"
"wavelet-LHL","glrlm","LowGrayLevelRunEmphasis","0.0007261524676655675"
"wavelet-LHL","glrlm","RunEntropy","4.756652778489707"
"wavelet-LHL","glrlm","RunLengthNonUniformity","50770.020177532904"
"wavelet-LHL","glrlm","RunLengthNonUniformityNormalized","0.8757244531321823"
"wavelet-LHL","glrlm","RunPercentage","0.9321686539606981"
"wavelet-LHL","glrlm","RunVariance","0.08308028106723385"
"wavelet-LHL","glrlm","ShortRunEmphasis","0.9491133688745585"
"wavelet-LHL","glrlm","ShortRunHighGrayLevelEmphasis","1488.72528409159"
"wavelet-LHL","glrlm","ShortRunLowGrayLevelEmphasis","0.0006923998317994805"
"wavelet-LHL","glszm","GrayLevelNonUniformity","1075.3410884918985"
"wavelet-LHL","glszm","GrayLevelNonUniformityNormalized","0.04467557492695881"
"wavelet-LHL","glszm","GrayLevelVariance","49.872065663625804"
"wavelet-LHL","glszm","HighGrayLevelZoneEmphasis","1574.1078520980473"
"wavelet-LHL","glszm","LargeAreaEmphasis","308.57860407145824"
"wavelet-LHL","glszm","LargeAreaHighGrayLevelEmphasis","485696.75974241795"
"wavelet-LHL","glszm","LargeAreaLowGrayLevelEmphasis","0.1966672100545101"
"wavelet-LHL","glszm","LowGrayLevelZoneEmphasis","0.0008090276998577656"
"wavelet-LHL","glszm","SizeZoneNonUniformity","10226.878105525551"
"wavelet-LHL","glszm","SizeZoneNonUniformityNormalized","0.4248806857301849"
"wavelet-LHL","glszm","SmallAreaEmphasis","0.6774149580310282"
"wavelet-LHL","glszm","SmallAreaHighGrayLevelEmphasis","1070.4729203841248"
"wavelet-LHL","glszm","SmallAreaLowGrayLevelEmphasis","0.0005826130553855317"
"wavelet-LHL","glszm","ZoneEntropy","6.66553449137907"
"wavelet-LHL","glszm","ZonePercentage","0.3874820908256733"
"wavelet-LHL","glszm","ZoneVariance","301.918258991872"
"wavelet-LHL","ngtdm","Busyness","2.1829562295631226"
"wavelet-LHL","ngtdm","Coarseness","0.00010069004826651812"
"wavelet-LHL","ngtdm","Complexity","9635.300729137227"
"wavelet-LHL","ngtdm","Contrast","0.041289865786044676"
"wavelet-LHL","ngtdm","Strength","0.2904353190839612"
"wavelet-LHH","firstorder","10Percentile","-86.29111150216443"
"wavelet-LHH","firstorder","90Percentile","87.06329849184755"
"wavelet-LHH","firstorder","Energy","321959355.23012894"
"wavelet-LHH","firstorder","Entropy","3.5553979934223943"
"wavelet-LHH","firstorder","InterquartileRange","88.51141066371656"
"wavelet-LHH","firstorder","Kurtosis","4.678748472870698"
"wavelet-LHH","firstorder","Maximum","510.4095333002035"
"wavelet-LHH","firstorder","MeanAbsoluteDeviation","55.0584437658823"
"wavelet-LHH","firstorder","Mean","-0.1106390151762552"
"wavelet-LHH","firstorder","Median","-0.7437909268996679"
"wavelet-LHH","firstorder","Minimum","-501.4963300637924"
"wavelet-LHH","firstorder","Range","1011.9058633639959"
"wavelet-LHH","firstorder","RobustMeanAbsoluteDeviation","36.86510771572691"
"wavelet-LHH","firstorder","RootMeanSquared","71.99267265416199"
"wavelet-LHH","firstorder","Skewness","0.025741889272363122"
"wavelet-LHH","firstorder","TotalEnergy","225677610.71302584"
"wavelet-LHH","firstorder","Uniformity","0.1040180949507451"
"wavelet-LHH","firstorder","Variance","5182.932674897645"
"wavelet-LHH","glcm","Autocorrelation","461.7967215416637"
"wavelet-LHH","glcm","ClusterProminence","1286.912026804857"
"wavelet-LHH","glcm","ClusterShade","1.8790437536549887"
"wavelet-LHH","glcm","ClusterTendency","15.864691453405396"
"wavelet-LHH","glcm","Contrast","16.49988730855744"
"wavelet-LHH","glcm","Correlation","-0.01957604420375554"
"wavelet-LHH","glcm","DifferenceAverage","3.0682434354308032"
"wavelet-LHH","glcm","DifferenceEntropy","3.113601204852666"
"wavelet-LHH","glcm","DifferenceVariance","6.783454749316623"
"wavelet-LHH","glcm","Id","0.3714278990844834"
"wavelet-LHH","glcm","Idm","0.28395575676193513"
"wavelet-LHH","glcm","Idmn","0.9910174769566744"
"wavelet-LHH","glcm","Idn","0.9349217434947731"
"wavelet-LHH","glcm","Imc1","-0.02997367999947662"
"wavelet-LHH","glcm","Imc2","0.37287484570456697"
"wavelet-LHH","glcm","InverseVariance","0.2891707624380643"
"wavelet-LHH","glcm","JointAverage","21.493150453985557"
"wavelet-LHH","glcm","JointEnergy","0.012201684165988574"
"wavelet-LHH","glcm","JointEntropy","6.958460170406652"
"wavelet-LHH","glcm","MCC","0.302753017116798"
"wavelet-LHH","glcm","MaximumProbability","0.025578177073819357"
"wavelet-LHH","glcm","SumAverage","42.9863009079711"
"wavelet-LHH","glcm","SumEntropy","3.9764966612909154"
"wavelet-LHH","glcm","SumSquares","8.09114469049071"
"wavelet-LHH","gldm","DependenceEntropy","6.173210057626945"
"wavelet-LHH","gldm","DependenceNonUniformity","9125.248458603648"
"wavelet-LHH","gldm","DependenceNonUniformityNormalized","0.1468994745344202"
"wavelet-LHH","gldm","DependenceVariance","4.2356020856563275"
"wavelet-LHH","gldm","GrayLevelNonUniformity","6461.500040245335"
"wavelet-LHH","gldm","GrayLevelVariance","8.386115617109954"
"wavelet-LHH","gldm","HighGrayLevelEmphasis","470.3561551216214"
"wavelet-LHH","gldm","LargeDependenceEmphasis","18.032630918076595"
"wavelet-LHH","gldm","LargeDependenceHighGrayLevelEmphasis","8359.515929103816"
"wavelet-LHH","gldm","LargeDependenceLowGrayLevelEmphasis","0.04005929942939568"
"wavelet-LHH","gldm","LowGrayLevelEmphasis","0.0023264551792015276"
"wavelet-LHH","gldm","SmallDependenceEmphasis","0.22322671493681204"
"wavelet-LHH","gldm","SmallDependenceHighGrayLevelEmphasis","107.42972194619705"
"wavelet-LHH","gldm","SmallDependenceLowGrayLevelEmphasis","0.0005783261840604204"
"wavelet-LHH","glrlm","GrayLevelNonUniformity","5552.472031764262"
"wavelet-LHH","glrlm","GrayLevelNonUniformityNormalized","0.09981729975545504"
"wavelet-LHH","glrlm","GrayLevelVariance","8.926928048590238"
"wavelet-LHH","glrlm","HighGrayLevelRunEmphasis","471.0438976842416"
"wavelet-LHH","glrlm","LongRunEmphasis","1.3924416213574675"
"wavelet-LHH","glrlm","LongRunHighGrayLevelEmphasis","653.2537956907685"
"wavelet-LHH","glrlm","LongRunLowGrayLevelEmphasis","0.003211609791873531"
"wavelet-LHH","glrlm","LowGrayLevelRunEmphasis","0.002338079101815951"
"wavelet-LHH","glrlm","RunEntropy","4.1158477764644665"
"wavelet-LHH","glrlm","RunLengthNonUniformity","45467.88482217795"
"wavelet-LHH","glrlm","RunLengthNonUniformityNormalized","0.8158543895507778"
"wavelet-LHH","glrlm","RunPercentage","0.8955986462707434"
"wavelet-LHH","glrlm","RunVariance","0.14125896433471313"
"wavelet-LHH","glrlm","ShortRunEmphasis","0.9216280793326614"
"wavelet-LHH","glrlm","ShortRunHighGrayLevelEmphasis","434.6210030883359"
"wavelet-LHH","glrlm","ShortRunLowGrayLevelEmphasis","0.0021632700790006733"
"wavelet-LHH","glszm","GrayLevelNonUniformity","981.0663814721935"
"wavelet-LHH","glszm","GrayLevelNonUniformityNormalized","0.07236070080190246"
"wavelet-LHH","glszm","GrayLevelVariance","21.00847922093779"
"wavelet-LHH","glszm","HighGrayLevelZoneEmphasis","484.45810591532677"
"wavelet-LHH","glszm","LargeAreaEmphasis","15493.85432954713"
"wavelet-LHH","glszm","LargeAreaHighGrayLevelEmphasis","7120224.673255643"
"wavelet-LHH","glszm","LargeAreaLowGrayLevelEmphasis","33.99793047612103"
"wavelet-LHH","glszm","LowGrayLevelZoneEmphasis","0.0026346382908843512"
"wavelet-LHH","glszm","SizeZoneNonUniformity","5697.822245168904"
"wavelet-LHH","glszm","SizeZoneNonUniformityNormalized","0.4202553654793409"
"wavelet-LHH","glszm","SmallAreaEmphasis","0.6736849788305339"
"wavelet-LHH","glszm","SmallAreaHighGrayLevelEmphasis","327.7790340619456"
"wavelet-LHH","glszm","SmallAreaLowGrayLevelEmphasis","0.0018545079459369297"
"wavelet-LHH","glszm","ZoneEntropy","5.974485865100712"
"wavelet-LHH","glszm","ZonePercentage","0.218258503839405"
"wavelet-LHH","glszm","ZoneVariance","15472.862144191731"
"wavelet-LHH","ngtdm","Busyness","7.174655359250347"
"wavelet-LHH","ngtdm","Coarseness","0.00010076420357621181"
"wavelet-LHH","ngtdm","Complexity","1823.1077768707953"
"wavelet-LHH","ngtdm","Contrast","0.023504126215815192"
"wavelet-LHH","ngtdm","Strength","0.08646833496030162"
"wavelet-HLL","firstorder","10Percentile","-79.45476899668677"
"wavelet-HLL","firstorder","90Percentile","70.25495985989284"
"wavelet-HLL","firstorder","Energy","697425186.226406"
"wavelet-HLL","firstorder","Entropy","3.5859765154685275"
"wavelet-HLL","firstorder","InterquartileRange","70.5589306231039"
"wavelet-HLL","firstorder","Kurtosis","19.643367056077377"
"wavelet-HLL","firstorder","Maximum","1028.9711968444828"
"wavelet-HLL","firstorder","MeanAbsoluteDeviation","59.59854487891396"
"wavelet-HLL","firstorder","Mean","-4.767466877966804"
"wavelet-HLL","firstorder","Median","-1.166359621412999"
"wavelet-HLL","firstorder","Minimum","-1389.933853616637"
"wavelet-HLL","firstorder","Range","2418.9050504611196"
"wavelet-HLL","firstorder","RobustMeanAbsoluteDeviation","29.968773043203104"
"wavelet-HLL","firstorder","RootMeanSquared","105.95869129351932"
"wavelet-HLL","firstorder","Skewness","-0.5518288284828538"
"wavelet-HLL","firstorder","TotalEnergy","488860618.96279246"
"wavelet-HLL","firstorder","Uniformity","0.12237294145490832"
"wavelet-HLL","firstorder","Variance","11204.515520202818"
"wavelet-HLL","glcm","Autocorrelation","3174.2824719866985"
"wavelet-HLL","glcm","ClusterProminence","32808.82641399918"
"wavelet-HLL","glcm","ClusterShade","-194.73548893445513"
"wavelet-HLL","glcm","ClusterTendency","37.7883049119339"
"wavelet-HLL","glcm","Contrast","24.07520543470135"
"wavelet-HLL","glcm","Correlation","0.21829187440656167"
"wavelet-HLL","glcm","DifferenceAverage","2.9341473330465466"
"wavelet-HLL","glcm","DifferenceEntropy","3.0612636157380986"
"wavelet-HLL","glcm","DifferenceVariance","15.16085717104796"
"wavelet-HLL","glcm","Id","0.41599041065786435"
"wavelet-HLL","glcm","Idm","0.33992363937842285"
"wavelet-HLL","glcm","Idmn","0.9976134639827159"
"wavelet-HLL","glcm","Idn","0.9722007405626305"
"wavelet-HLL","glcm","Imc1","-0.06221973783140652"
"wavelet-HLL","glcm","Imc2","0.5713883261321504"
"wavelet-HLL","glcm","InverseVariance","0.339033913986552"
"wavelet-HLL","glcm","JointAverage","56.310337795687275"
"wavelet-HLL","glcm","JointEnergy","0.019388138049453878"
"wavelet-HLL","glcm","JointEntropy","6.778074596166352"
"wavelet-HLL","glcm","MCC","0.572656679045243"
"wavelet-HLL","glcm","MaximumProbability","0.043326306946255215"
"wavelet-HLL","glcm","SumAverage","112.62067559137452"
"wavelet-HLL","glcm","SumEntropy","4.033415741082016"
"wavelet-HLL","glcm","SumSquares","15.4658775866588"
"wavelet-HLL","gldm","DependenceEntropy","6.368372187702723"
"wavelet-HLL","gldm","DependenceNonUniformity","7137.5701637180255"
"wavelet-HLL","gldm","DependenceNonUniformityNormalized","0.11490156254476126"
"wavelet-HLL","gldm","DependenceVariance","6.9872864775684675"
"wavelet-HLL","gldm","GrayLevelNonUniformity","7601.684750237448"
"wavelet-HLL","gldm","GrayLevelVariance","18.02271314650606"
"wavelet-HLL","gldm","HighGrayLevelEmphasis","3188.6377758817753"
"wavelet-HLL","gldm","LargeDependenceEmphasis","27.013844395434568"
"wavelet-HLL","gldm","LargeDependenceHighGrayLevelEmphasis","86221.59461678391"
"wavelet-HLL","gldm","LargeDependenceLowGrayLevelEmphasis","0.008513948335675772"
"wavelet-HLL","gldm","LowGrayLevelEmphasis","0.0003400996222311363"
"wavelet-HLL","gldm","SmallDependenceEmphasis","0.19889742807088223"
"wavelet-HLL","gldm","SmallDependenceHighGrayLevelEmphasis","635.6713109134713"
"wavelet-HLL","gldm","SmallDependenceLowGrayLevelEmphasis","8.60755478558114e-05"
"wavelet-HLL","glrlm","GrayLevelNonUniformity","6088.091715500487"
"wavelet-HLL","glrlm","GrayLevelNonUniformityNormalized","0.1131256623349001"
"wavelet-HLL","glrlm","GrayLevelVariance","20.276122297821782"
"wavelet-HLL","glrlm","HighGrayLevelRunEmphasis","3188.29593907617"
"wavelet-HLL","glrlm","LongRunEmphasis","1.538340619616016"
"wavelet-HLL","glrlm","LongRunHighGrayLevelEmphasis","4906.06710645867"
"wavelet-HLL","glrlm","LongRunLowGrayLevelEmphasis","0.0005134978864901851"
"wavelet-HLL","glrlm","LowGrayLevelRunEmphasis","0.0003440189744432794"
"wavelet-HLL","glrlm","RunEntropy","4.306729821736829"
"wavelet-HLL","glrlm","RunLengthNonUniformity","41695.98779951565"
"wavelet-HLL","glrlm","RunLengthNonUniformityNormalized","0.7731251002220316"
"wavelet-HLL","glrlm","RunPercentage","0.8663421447915725"
"wavelet-HLL","glrlm","RunVariance","0.20043266257798717"
"wavelet-HLL","glrlm","ShortRunEmphasis","0.9005919551090322"
"wavelet-HLL","glrlm","ShortRunHighGrayLevelEmphasis","2871.1156614642086"
"wavelet-HLL","glrlm","ShortRunLowGrayLevelEmphasis","0.00031269210813930165"
"wavelet-HLL","glszm","GrayLevelNonUniformity","714.3165461782146"
"wavelet-HLL","glszm","GrayLevelNonUniformityNormalized","0.05802262579629718"
"wavelet-HLL","glszm","GrayLevelVariance","67.17786068067068"
"wavelet-HLL","glszm","HighGrayLevelZoneEmphasis","3190.853708065957"
"wavelet-HLL","glszm","LargeAreaEmphasis","28318.1966533994"
"wavelet-HLL","glszm","LargeAreaHighGrayLevelEmphasis","90456048.05799691"
"wavelet-HLL","glszm","LargeAreaLowGrayLevelEmphasis","8.874570261989746"
"wavelet-HLL","glszm","LowGrayLevelZoneEmphasis","0.00043645153787695784"
"wavelet-HLL","glszm","SizeZoneNonUniformity","5500.280318414426"
"wavelet-HLL","glszm","SizeZoneNonUniformityNormalized","0.44677770436312453"
"wavelet-HLL","glszm","SmallAreaEmphasis","0.6949118523977826"
"wavelet-HLL","glszm","SmallAreaHighGrayLevelEmphasis","2226.58241578025"
"wavelet-HLL","glszm","SmallAreaLowGrayLevelEmphasis","0.0003351901572433057"
"wavelet-HLL","glszm","ZoneEntropy","6.492425423425483"
"wavelet-HLL","glszm","ZonePercentage","0.19818413045927977"
"wavelet-HLL","glszm","ZoneVariance","28292.736427718628"
"wavelet-HLL","ngtdm","Busyness","1.0728985979685666"
"wavelet-HLL","ngtdm","Coarseness","0.00010811649661653288"
"wavelet-HLL","ngtdm","Complexity","7836.659047495101"
"wavelet-HLL","ngtdm","Contrast","0.010936817695942241"
"wavelet-HLL","ngtdm","Strength","0.8539847895858612"
"wavelet-HLH","firstorder","10Percentile","-47.52691050468428"
"wavelet-HLH","firstorder","90Percentile","47.99776195918322"
"wavelet-HLH","firstorder","Energy","176819144.3649084"
"wavelet-HLH","firstorder","Entropy","2.8674315115385567"
"wavelet-HLH","firstorder","InterquartileRange","46.05522839819987"
"wavelet-HLH","firstorder","Kurtosis","15.027404357308129"
"wavelet-HLH","firstorder","Maximum","559.4709615844301"
"wavelet-HLH","firstorder","MeanAbsoluteDeviation","34.007602685714296"
"wavelet-HLH","firstorder","Mean","0.11054532219021221"
"wavelet-HLH","firstorder","Median","-0.1364628901753295"
"wavelet-HLH","firstorder","Minimum","-589.068113777625"
"wavelet-HLH","firstorder","Range","1148.539075362055"
"wavelet-HLH","firstorder","RobustMeanAbsoluteDeviation","19.496854566083613"
"wavelet-HLH","firstorder","RootMeanSquared","53.352210073770756"
"wavelet-HLH","firstorder","Skewness","0.005535647396409986"
"wavelet-HLH","firstorder","TotalEnergy","123941489.44692597"
"wavelet-HLH","firstorder","Uniformity","0.1877607410575185"
"wavelet-HLH","firstorder","Variance","2846.4460994875076"
"wavelet-HLH","glcm","Autocorrelation","600.5589360187456"
"wavelet-HLH","glcm","ClusterProminence","1091.3256719013307"
"wavelet-HLH","glcm","ClusterShade","3.4247784837045794"
"wavelet-HLH","glcm","ClusterTendency","8.247088687624508"
"wavelet-HLH","glcm","Contrast","7.9661854945197215"
"wavelet-HLH","glcm","Correlation","0.01474048332421288"
"wavelet-HLH","glcm","DifferenceAverage","1.8254835829899216"
"wavelet-HLH","glcm","DifferenceEntropy","2.497073630233241"
"wavelet-HLH","glcm","DifferenceVariance","4.579668580950254"
"wavelet-HLH","glcm","Id","0.5022685108262728"
"wavelet-HLH","glcm","Idm","0.4437140880059219"
"wavelet-HLH","glcm","Idmn","0.9965569381386012"
"wavelet-HLH","glcm","Idn","0.9642503078652648"
"wavelet-HLH","glcm","Imc1","-0.0384400231329768"
"wavelet-HLH","glcm","Imc2","0.41864185974094653"
"wavelet-HLH","glcm","InverseVariance","0.4232408025190296"
"wavelet-HLH","glcm","JointAverage","24.504871047367757"
"wavelet-HLH","glcm","JointEnergy","0.042377906623900966"
"wavelet-HLH","glcm","JointEntropy","5.4785390227136"
"wavelet-HLH","glcm","MCC","0.4055556916273467"
"wavelet-HLH","glcm","MaximumProbability","0.08416445775634261"
"wavelet-HLH","glcm","SumAverage","49.00974209473549"
"wavelet-HLH","glcm","SumEntropy","3.282999801172679"
"wavelet-HLH","glcm","SumSquares","4.053318545536055"
"wavelet-HLH","gldm","DependenceEntropy","5.910246054279722"
"wavelet-HLH","gldm","DependenceNonUniformity","5229.633268404192"
"wavelet-HLH","gldm","DependenceNonUniformityNormalized","0.0841873383087975"
"wavelet-HLH","gldm","DependenceVariance","11.496196323987277"
"wavelet-HLH","gldm","GrayLevelNonUniformity","11663.509473751992"
"wavelet-HLH","gldm","GrayLevelVariance","4.648569121658034"
"wavelet-HLH","gldm","HighGrayLevelEmphasis","605.1214282264685"
"wavelet-HLH","gldm","LargeDependenceEmphasis","47.62167774754906"
"wavelet-HLH","gldm","LargeDependenceHighGrayLevelEmphasis","28612.087284083776"
"wavelet-HLH","gldm","LargeDependenceLowGrayLevelEmphasis","0.07973372060898307"
"wavelet-HLH","gldm","LowGrayLevelEmphasis","0.0017353186104173504"
"wavelet-HLH","gldm","SmallDependenceEmphasis","0.13326959021721302"
"wavelet-HLH","gldm","SmallDependenceHighGrayLevelEmphasis","82.66543691403899"
"wavelet-HLH","gldm","SmallDependenceLowGrayLevelEmphasis","0.00027139048818220775"
"wavelet-HLH","glrlm","GrayLevelNonUniformity","8430.520566991556"
"wavelet-HLH","glrlm","GrayLevelNonUniformityNormalized","0.16812648380965203"
"wavelet-HLH","glrlm","GrayLevelVariance","5.48553178527752"
"wavelet-HLH","glrlm","HighGrayLevelRunEmphasis","606.0610501765848"
"wavelet-HLH","glrlm","LongRunEmphasis","1.886009301534328"
"wavelet-HLH","glrlm","LongRunHighGrayLevelEmphasis","1138.592157647743"
"wavelet-HLH","glrlm","LongRunLowGrayLevelEmphasis","0.003234331934981796"
"wavelet-HLH","glrlm","LowGrayLevelRunEmphasis","0.0017493164098441852"
"wavelet-HLH","glrlm","RunEntropy","3.8229447143350708"
"wavelet-HLH","glrlm","RunLengthNonUniformity","34760.64005432737"
"wavelet-HLH","glrlm","RunLengthNonUniformityNormalized","0.6917322517115948"
"wavelet-HLH","glrlm","RunPercentage","0.8072904734956603"
"wavelet-HLH","glrlm","RunVariance","0.3448433818602007"
"wavelet-HLH","glrlm","ShortRunEmphasis","0.8574024407106771"
"wavelet-HLH","glrlm","ShortRunHighGrayLevelEmphasis","520.298815282164"
"wavelet-HLH","glrlm","ShortRunLowGrayLevelEmphasis","0.0015099598112022297"
"wavelet-HLH","glszm","GrayLevelNonUniformity","690.8653666355016"
"wavelet-HLH","glszm","GrayLevelNonUniformityNormalized","0.0922753261166691"
"wavelet-HLH","glszm","GrayLevelVariance","23.17245904655108"
"wavelet-HLH","glszm","HighGrayLevelZoneEmphasis","625.5087484973955"
"wavelet-HLH","glszm","LargeAreaEmphasis","86685.91144650728"
"wavelet-HLH","glszm","LargeAreaHighGrayLevelEmphasis","52017528.80673167"
"wavelet-HLH","glszm","LargeAreaLowGrayLevelEmphasis","145.04757715884648"
"wavelet-HLH","glszm","LowGrayLevelZoneEmphasis","0.0020966742170754303"
"wavelet-HLH","glszm","SizeZoneNonUniformity","3502.0452784827035"
"wavelet-HLH","glszm","SizeZoneNonUniformityNormalized","0.4677501373691336"
"wavelet-HLH","glszm","SmallAreaEmphasis","0.7111241123002211"
"wavelet-HLH","glszm","SmallAreaHighGrayLevelEmphasis","446.3347235874677"
"wavelet-HLH","glszm","SmallAreaLowGrayLevelEmphasis","0.0015734313913715165"
"wavelet-HLH","glszm","ZoneEntropy","5.683809769327881"
"wavelet-HLH","glszm","ZonePercentage","0.12052673095188268"
"wavelet-HLH","glszm","ZoneVariance","86617.07265376367"
"wavelet-HLH","ngtdm","Busyness","4.937384941160646"
"wavelet-HLH","ngtdm","Coarseness","0.00010483177443456556"
"wavelet-HLH","ngtdm","Complexity","1369.8890090541584"
"wavelet-HLH","ngtdm","Contrast","0.006708596241478445"
"wavelet-HLH","ngtdm","Strength","0.1780323084000832"
"wavelet-HHL","firstorder","10Percentile","-60.225325700362845"
"wavelet-HHL","firstorder","90Percentile","60.49510898947108"
"wavelet-HHL","firstorder","Energy","173472921.22311565"
"wavelet-HHL","firstorder","Entropy","3.07693268374481"
"wavelet-HHL","firstorder","InterquartileRange","61.073876646995956"
"wavelet-HHL","firstorder","Kurtosis","6.6736311636290315"
"wavelet-HHL","firstorder","Maximum","488.74792242757866"
"wavelet-HHL","firstorder","MeanAbsoluteDeviation","39.14747979336287"
"wavelet-HHL","firstorder","Mean","0.16884052515099107"
"wavelet-HHL","firstorder","Median","0.04471227242422504"
"wavelet-HHL","firstorder","Minimum","-410.2912713773877"
"wavelet-HHL","firstorder","Range","899.0391938049663"
"wavelet-HHL","firstorder","RobustMeanAbsoluteDeviation","25.560352452826695"
"wavelet-HHL","firstorder","RootMeanSquared","52.844965422149954"
"wavelet-HHL","firstorder","Skewness","-0.013719376246417675"
"wavelet-HHL","firstorder","TotalEnergy","121595952.25011848"
"wavelet-HHL","firstorder","Uniformity","0.14838459071416044"
"wavelet-HHL","firstorder","Variance","2792.5618633452923"
"wavelet-HHL","glcm","Autocorrelation","306.445957165317"
"wavelet-HHL","glcm","ClusterProminence","511.7038455700733"
"wavelet-HHL","glcm","ClusterShade","0.7179556096535282"
"wavelet-HHL","glcm","ClusterTendency","8.44502066647556"
"wavelet-HHL","glcm","Contrast","8.711384517730734"
"wavelet-HHL","glcm","Correlation","-0.015296526384912355"
"wavelet-HHL","glcm","DifferenceAverage","2.18006807603885"
"wavelet-HHL","glcm","DifferenceEntropy","2.6928529564743124"
"wavelet-HHL","glcm","DifferenceVariance","3.8717277713247027"
"wavelet-HHL","glcm","Id","0.44303728868293696"
"wavelet-HHL","glcm","Idm","0.3680315857274554"
"wavelet-HHL","glcm","Idmn","0.9938588701208145"
"wavelet-HHL","glcm","Idn","0.94659309088452"
"wavelet-HHL","glcm","Imc1","-0.024086070615088537"
"wavelet-HHL","glcm","Imc2","0.31403643477404397"
"wavelet-HHL","glcm","InverseVariance","0.3662369656750828"
"wavelet-HHL","glcm","JointAverage","17.507499733737237"
"wavelet-HHL","glcm","JointEnergy","0.02456261594735461"
"wavelet-HHL","glcm","JointEntropy","6.0099997403982135"
"wavelet-HHL","glcm","MCC","0.3584757870538935"
"wavelet-HHL","glcm","MaximumProbability","0.04946735030803643"
"wavelet-HHL","glcm","SumAverage","35.01499946747445"
"wavelet-HHL","glcm","SumEntropy","3.5031615047844937"
"wavelet-HHL","glcm","SumSquares","4.289101296051575"
"wavelet-HHL","gldm","DependenceEntropy","5.934782734024893"
"wavelet-HHL","gldm","DependenceNonUniformity","6874.3242325214505"
"wavelet-HHL","gldm","DependenceNonUniformityNormalized","0.11066379420984644"
"wavelet-HHL","gldm","DependenceVariance","6.921152322033829"
"wavelet-HHL","gldm","GrayLevelNonUniformity","9217.502390572932"
"wavelet-HHL","gldm","GrayLevelVariance","4.552411209546513"
"wavelet-HHL","gldm","HighGrayLevelEmphasis","311.02529016886945"
"wavelet-HHL","gldm","LargeDependenceEmphasis","29.841352887200372"
"wavelet-HHL","gldm","LargeDependenceHighGrayLevelEmphasis","9185.338946216134"
"wavelet-HHL","gldm","LargeDependenceLowGrayLevelEmphasis","0.09885538625468245"
"wavelet-HHL","gldm","LowGrayLevelEmphasis","0.003481278605892604"
"wavelet-HHL","gldm","SmallDependenceEmphasis","0.16259633246969943"
"wavelet-HHL","gldm","SmallDependenceHighGrayLevelEmphasis","51.65769515145339"
"wavelet-HHL","gldm","SmallDependenceLowGrayLevelEmphasis","0.0006624114254759094"
"wavelet-HHL","glrlm","GrayLevelNonUniformity","7382.183399692976"
"wavelet-HHL","glrlm","GrayLevelNonUniformityNormalized","0.1391193726373677"
"wavelet-HHL","glrlm","GrayLevelVariance","5.029662451267778"
"wavelet-HHL","glrlm","HighGrayLevelRunEmphasis","311.48865278376667"
"wavelet-HHL","glrlm","LongRunEmphasis","1.594353971708207"
"wavelet-HHL","glrlm","LongRunHighGrayLevelEmphasis","494.6678583044013"
"wavelet-HHL","glrlm","LongRunLowGrayLevelEmphasis","0.005481921093100733"
"wavelet-HHL","glrlm","LowGrayLevelRunEmphasis","0.0035082561597432377"
"wavelet-HHL","glrlm","RunEntropy","3.8178527587005218"
"wavelet-HHL","glrlm","RunLengthNonUniformity","40045.75822925887"
"wavelet-HHL","glrlm","RunLengthNonUniformityNormalized","0.7533120025969265"
"wavelet-HHL","glrlm","RunPercentage","0.8543267450687082"
"wavelet-HHL","glrlm","RunVariance","0.2194561439468063"
"wavelet-HHL","glrlm","ShortRunEmphasis","0.8907412117373982"
"wavelet-HHL","glrlm","ShortRunHighGrayLevelEmphasis","277.7862730058426"
"wavelet-HHL","glrlm","ShortRunLowGrayLevelEmphasis","0.0031444979376116814"
"wavelet-HHL","glszm","GrayLevelNonUniformity","984.9661528511372"
"wavelet-HHL","glszm","GrayLevelNonUniformityNormalized","0.10617291719857036"
"wavelet-HHL","glszm","GrayLevelVariance","15.773384550703708"
"wavelet-HHL","glszm","HighGrayLevelZoneEmphasis","320.78904818368005"
"wavelet-HHL","glszm","LargeAreaEmphasis","50116.1475692573"
"wavelet-HHL","glszm","LargeAreaHighGrayLevelEmphasis","15413304.590708204"
"wavelet-HHL","glszm","LargeAreaLowGrayLevelEmphasis","164.8038467743648"
"wavelet-HHL","glszm","LowGrayLevelZoneEmphasis","0.0042083055163097466"
"wavelet-HHL","glszm","SizeZoneNonUniformity","4061.1269807049694"
"wavelet-HHL","glszm","SizeZoneNonUniformityNormalized","0.43776296008461457"
"wavelet-HHL","glszm","SmallAreaEmphasis","0.6878482068540123"
"wavelet-HHL","glszm","SmallAreaHighGrayLevelEmphasis","220.7117352015429"
"wavelet-HHL","glszm","SmallAreaLowGrayLevelEmphasis","0.0030531652539737015"
"wavelet-HHL","glszm","ZoneEntropy","5.481303311266238"
"wavelet-HHL","glszm","ZonePercentage","0.14934239121685797"
"wavelet-HHL","glszm","ZoneVariance","50071.31085299421"
"wavelet-HHL","ngtdm","Busyness","9.337952388555978"
"wavelet-HHL","ngtdm","Coarseness","9.966828334333205e-05"
"wavelet-HHL","ngtdm","Complexity","1087.6585019108227"
"wavelet-HHL","ngtdm","Contrast","0.011341187128446655"
"wavelet-HHL","ngtdm","Strength","0.08672076056271913"
"wavelet-HHH","firstorder","10Percentile","-39.20623527199407"
"wavelet-HHH","firstorder","90Percentile","38.725235560986725"
"wavelet-HHH","firstorder","Energy","65279740.47623549"
"wavelet-HHH","firstorder","Entropy","2.4315408364813065"
"wavelet-HHH","firstorder","InterquartileRange","39.998136253300295"
"wavelet-HHH","firstorder","Kurtosis","4.8242533363312665"
"wavelet-HHH","firstorder","Maximum","224.29608708859752"
"wavelet-HHH","firstorder","MeanAbsoluteDeviation","24.789338714465764"
"wavelet-HHH","firstorder","Mean","-0.06912884054013799"
"wavelet-HHH","firstorder","Median","0.12188638287187548"
"wavelet-HHH","firstorder","Minimum","-232.346759187482"
"wavelet-HHH","firstorder","Range","456.6428462760795"
"wavelet-HHH","firstorder","RobustMeanAbsoluteDeviation","16.649954437919913"
"wavelet-HHH","firstorder","RootMeanSquared","32.41731056766984"
"wavelet-HHH","firstorder","Skewness","-0.000389012477714653"
"wavelet-HHH","firstorder","TotalEnergy","45757874.77308437"
"wavelet-HHH","firstorder","Uniformity","0.22571690789022872"
"wavelet-HHH","firstorder","Variance","1050.877245644164"
"wavelet-HHH","glcm","Autocorrelation","110.23900432935223"
"wavelet-HHH","glcm","ClusterProminence","50.90806402026975"
"wavelet-HHH","glcm","ClusterShade","-0.04392267274661954"
"wavelet-HHH","glcm","ClusterTendency","3.2866524098646623"
"wavelet-HHH","glcm","Contrast","3.497747569692732"
"wavelet-HHH","glcm","Correlation","-0.030452484357354162"
"wavelet-HHH","glcm","DifferenceAverage","1.402080150188143"
"wavelet-HHH","glcm","DifferenceEntropy","2.151969112944738"
"wavelet-HHH","glcm","DifferenceVariance","1.5195124000251188"
"wavelet-HHH","glcm","Id","0.5345011639424767"
"wavelet-HHH","glcm","Idm","0.48176637354192364"
"wavelet-HHH","glcm","Idmn","0.9906961292782489"
"wavelet-HHH","glcm","Idn","0.9344715243667363"
"wavelet-HHH","glcm","Imc1","-0.012663920950123494"
"wavelet-HHH","glcm","Imc2","0.21233895550996454"
"wavelet-HHH","glcm","InverseVariance","0.45741571687950705"
"wavelet-HHH","glcm","JointAverage","10.501989232545071"
"wavelet-HHH","glcm","JointEnergy","0.05419630439120658"
"wavelet-HHH","glcm","JointEntropy","4.7815491774021135"
"wavelet-HHH","glcm","MCC","0.20416137883801155"
"wavelet-HHH","glcm","MaximumProbability","0.09661943855078098"
"wavelet-HHH","glcm","SumAverage","21.003978465090135"
"wavelet-HHH","glcm","SumEntropy","2.871911094353071"
"wavelet-HHH","glcm","SumSquares","1.696099994889348"
"wavelet-HHH","gldm","DependenceEntropy","5.5086165707096075"
"wavelet-HHH","gldm","DependenceNonUniformity","5121.5505239942695"
"wavelet-HHH","gldm","DependenceNonUniformityNormalized","0.08244740778174582"
"wavelet-HHH","gldm","DependenceVariance","11.090011997737118"
"wavelet-HHH","gldm","GrayLevelNonUniformity","14021.308601233117"
"wavelet-HHH","gldm","GrayLevelVariance","1.7630633274713972"
"wavelet-HHH","gldm","HighGrayLevelEmphasis","112.02472673417151"
"wavelet-HHH","gldm","LargeDependenceEmphasis","53.460116872454485"
"wavelet-HHH","gldm","LargeDependenceHighGrayLevelEmphasis","5935.55894331847"
"wavelet-HHH","gldm","LargeDependenceLowGrayLevelEmphasis","0.4915856819236983"
"wavelet-HHH","gldm","LowGrayLevelEmphasis","0.009599729577963912"
"wavelet-HHH","gldm","SmallDependenceEmphasis","0.10380629170858477"
"wavelet-HHH","gldm","SmallDependenceHighGrayLevelEmphasis","12.106956671436429"
"wavelet-HHH","gldm","SmallDependenceLowGrayLevelEmphasis","0.0011692620656004588"
"wavelet-HHH","glrlm","GrayLevelNonUniformity","10057.071073559599"
"wavelet-HHH","glrlm","GrayLevelNonUniformityNormalized","0.20544439638412693"
"wavelet-HHH","glrlm","GrayLevelVariance","2.0394910146862175"
"wavelet-HHH","glrlm","HighGrayLevelRunEmphasis","112.25969233540924"
"wavelet-HHH","glrlm","LongRunEmphasis","1.9889821445691744"
"wavelet-HHH","glrlm","LongRunHighGrayLevelEmphasis","222.14478248391555"
"wavelet-HHH","glrlm","LongRunLowGrayLevelEmphasis","0.018824984556600977"
"wavelet-HHH","glrlm","LowGrayLevelRunEmphasis","0.00969442725365142"
"wavelet-HHH","glrlm","RunEntropy","3.4282170032454555"
"wavelet-HHH","glrlm","RunLengthNonUniformity","32402.97555018687"
"wavelet-HHH","glrlm","RunLengthNonUniformityNormalized","0.6615957718614371"
"wavelet-HHH","glrlm","RunPercentage","0.788106450770048"
"wavelet-HHH","glrlm","RunVariance","0.37760680083203313"
"wavelet-HHH","glrlm","ShortRunEmphasis","0.8408428785954751"
"wavelet-HHH","glrlm","ShortRunHighGrayLevelEmphasis","94.55924267495091"
"wavelet-HHH","glrlm","ShortRunLowGrayLevelEmphasis","0.008219241358446445"
"wavelet-HHH","glszm","GrayLevelNonUniformity","919.4718112754898"
"wavelet-HHH","glszm","GrayLevelNonUniformityNormalized","0.18382083392152934"
"wavelet-HHH","glszm","GrayLevelVariance","8.148664764402115"
"wavelet-HHH","glszm","HighGrayLevelZoneEmphasis","118.9030387844862"
"wavelet-HHH","glszm","LargeAreaEmphasis","164262.85105957618"
"wavelet-HHH","glszm","LargeAreaHighGrayLevelEmphasis","18239953.471011594"
"wavelet-HHH","glszm","LargeAreaLowGrayLevelEmphasis","1511.4038446146"
"wavelet-HHH","glszm","LowGrayLevelZoneEmphasis","0.011961554630208338"
"wavelet-HHH","glszm","SizeZoneNonUniformity","2666.6009596161534"
"wavelet-HHH","glszm","SizeZoneNonUniformityNormalized","0.5331069491435733"
"wavelet-HHH","glszm","SmallAreaEmphasis","0.7582696239764872"
"wavelet-HHH","glszm","SmallAreaHighGrayLevelEmphasis","90.74172418447176"
"wavelet-HHH","glszm","SmallAreaLowGrayLevelEmphasis","0.009282414682507293"
"wavelet-HHH","glszm","ZoneEntropy","4.394177328469453"
"wavelet-HHH","glszm","ZonePercentage","0.08052286739966838"
"wavelet-HHH","glszm","ZoneVariance","164108.6236597324"
"wavelet-HHH","ngtdm","Busyness","33.55886026353822"
"wavelet-HHH","ngtdm","Coarseness","9.516027125090549e-05"
"wavelet-HHH","ngtdm","Complexity","184.4726836063597"
"wavelet-HHH","ngtdm","Contrast","0.011194059063914722"
"wavelet-HHH","ngtdm","Strength","0.018037573786670594"
"wavelet-LLL","firstorder","10Percentile","-62.35544141253345"
"wavelet-LLL","firstorder","90Percentile","321.4040832762661"
"wavelet-LLL","firstorder","Energy","8199511038.080698"
"wavelet-LLL","firstorder","Entropy","4.926790174600315"
"wavelet-LLL","firstorder","InterquartileRange","164.8399008791281"
"wavelet-LLL","firstorder","Kurtosis","28.58028160629469"
"wavelet-LLL","firstorder","Maximum","1634.4895471410462"
"wavelet-LLL","firstorder","MeanAbsoluteDeviation","172.31059586887636"
"wavelet-LLL","firstorder","Mean","78.28267305856262"
"wavelet-LLL","firstorder","Median","112.7012572848573"
"wavelet-LLL","firstorder","Minimum","-3212.753283827591"
"wavelet-LLL","firstorder","Range","4847.2428309686375"
"wavelet-LLL","firstorder","RobustMeanAbsoluteDeviation","71.45294874154492"
"wavelet-LLL","firstorder","RootMeanSquared","363.3136789065141"
"wavelet-LLL","firstorder","Skewness","-4.148102878624695"
"wavelet-LLL","firstorder","TotalEnergy","5747452372.571932"
"wavelet-LLL","firstorder","Uniformity","0.05130353162798803"
"wavelet-LLL","firstorder","Variance","125868.65237939179"
"wavelet-LLL","glcm","Autocorrelation","17841.802903153766"
"wavelet-LLL","glcm","ClusterProminence","11178835.550775267"
"wavelet-LLL","glcm","ClusterShade","-59239.91159415172"
"wavelet-LLL","glcm","ClusterTendency","534.9081252510101"
"wavelet-LLL","glcm","Contrast","113.29326583823064"
"wavelet-LLL","glcm","Correlation","0.6467713611326421"
"wavelet-LLL","glcm","DifferenceAverage","5.369947970187021"
"wavelet-LLL","glcm","DifferenceEntropy","3.762176794291008"
"wavelet-LLL","glcm","DifferenceVariance","83.87524727574502"
"wavelet-LLL","glcm","Id","0.3340703125087241"
"wavelet-LLL","glcm","Idm","0.2491766351795731"
"wavelet-LLL","glcm","Idmn","0.997217684785711"
"wavelet-LLL","glcm","Idn","0.9749019831966333"
"wavelet-LLL","glcm","Imc1","-0.12435921483146266"
"wavelet-LLL","glcm","Imc2","0.8194833383821467"
"wavelet-LLL","glcm","InverseVariance","0.25425382251334877"
"wavelet-LLL","glcm","JointAverage","133.17803454320827"
"wavelet-LLL","glcm","JointEnergy","0.004563085790639916"
"wavelet-LLL","glcm","JointEntropy","8.992300215060096"
"wavelet-LLL","glcm","MCC","0.7362911530243144"
"wavelet-LLL","glcm","MaximumProbability","0.012148464888791935"
"wavelet-LLL","glcm","SumAverage","266.3560690864167"
"wavelet-LLL","glcm","SumEntropy","5.630238577771139"
"wavelet-LLL","glcm","SumSquares","162.05034777230992"
"wavelet-LLL","gldm","DependenceEntropy","7.509819038473923"
"wavelet-LLL","gldm","DependenceNonUniformity","9853.415428451843"
"wavelet-LLL","gldm","DependenceNonUniformityNormalized","0.1586216041541532"
"wavelet-LLL","gldm","DependenceVariance","3.8402791676402206"
"wavelet-LLL","gldm","GrayLevelNonUniformity","3186.924081198989"
"wavelet-LLL","gldm","GrayLevelVariance","201.44466980240028"
"wavelet-LLL","gldm","HighGrayLevelEmphasis","17792.69120558927"
"wavelet-LLL","gldm","LargeDependenceEmphasis","15.122217035045638"
"wavelet-LLL","gldm","LargeDependenceHighGrayLevelEmphasis","272557.55129670474"
"wavelet-LLL","gldm","LargeDependenceLowGrayLevelEmphasis","0.0011244822183691465"
"wavelet-LLL","gldm","LowGrayLevelEmphasis","0.00015596770962068306"
"wavelet-LLL","gldm","SmallDependenceEmphasis","0.2836023093955501"
"wavelet-LLL","gldm","SmallDependenceHighGrayLevelEmphasis","4804.503414432363"
"wavelet-LLL","gldm","SmallDependenceLowGrayLevelEmphasis","7.901352137285802e-05"
"wavelet-LLL","glrlm","GrayLevelNonUniformity","2776.8120688611266"
"wavelet-LLL","glrlm","GrayLevelNonUniformityNormalized","0.04915557950501974"
"wavelet-LLL","glrlm","GrayLevelVariance","217.78223807946114"
"wavelet-LLL","glrlm","HighGrayLevelRunEmphasis","17764.55099523218"
"wavelet-LLL","glrlm","LongRunEmphasis","1.3290178716238716"
"wavelet-LLL","glrlm","LongRunHighGrayLevelEmphasis","23709.397262848513"
"wavelet-LLL","glrlm","LongRunLowGrayLevelEmphasis","0.0001890382805737044"
"wavelet-LLL","glrlm","LowGrayLevelRunEmphasis","0.0001636990903128539"
"wavelet-LLL","glrlm","RunEntropy","5.4584576677847885"
"wavelet-LLL","glrlm","RunLengthNonUniformity","47352.91536275209"
"wavelet-LLL","glrlm","RunLengthNonUniformityNormalized","0.8376096811785982"
"wavelet-LLL","glrlm","RunPercentage","0.9092746304549456"
"wavelet-LLL","glrlm","RunVariance","0.11746866140633856"
"wavelet-LLL","glrlm","ShortRunEmphasis","0.9321211269616998"
"wavelet-LLL","glrlm","ShortRunHighGrayLevelEmphasis","16537.474631698846"
"wavelet-LLL","glrlm","ShortRunLowGrayLevelEmphasis","0.00015817055382341303"
"wavelet-LLL","glszm","GrayLevelNonUniformity","454.3210114646952"
"wavelet-LLL","glszm","GrayLevelNonUniformityNormalized","0.02433949488185445"
"wavelet-LLL","glszm","GrayLevelVariance","536.0762939982623"
"wavelet-LLL","glszm","HighGrayLevelZoneEmphasis","17047.142237222757"
"wavelet-LLL","glszm","LargeAreaEmphasis","2144.369816779171"
"wavelet-LLL","glszm","LargeAreaHighGrayLevelEmphasis","38277552.03991214"
"wavelet-LLL","glszm","LargeAreaLowGrayLevelEmphasis","0.12071943013132921"
"wavelet-LLL","glszm","LowGrayLevelZoneEmphasis","0.0003020916072501511"
"wavelet-LLL","glszm","SizeZoneNonUniformity","8463.890388942462"
"wavelet-LLL","glszm","SizeZoneNonUniformityNormalized","0.45343889365383383"
"wavelet-LLL","glszm","SmallAreaEmphasis","0.7004049455601635"
"wavelet-LLL","glszm","SmallAreaHighGrayLevelEmphasis","11555.856819073917"
"wavelet-LLL","glszm","SmallAreaLowGrayLevelEmphasis","0.0002285168978747022"
"wavelet-LLL","glszm","ZoneEntropy","7.760326714272832"
"wavelet-LLL","glszm","ZonePercentage","0.3004877734670552"
"wavelet-LLL","glszm","ZoneVariance","2133.294749107022"
"wavelet-LLL","ngtdm","Busyness","0.1373507230127444"
"wavelet-LLL","ngtdm","Coarseness","0.00016334497302147467"
"wavelet-LLL","ngtdm","Complexity","64262.447049202594"
"wavelet-LLL","ngtdm","Contrast","0.04013653818024956"
"wavelet-LLL","ngtdm","Strength","7.87962001571508"
