"Image type","Feature Class","Feature Name","Segmentation_17_segment_Segment_1"
"diagnostics","Versions","PyRadiomics","v3.0.1.post4+gad5b2de"
"diagnostics","Versions","Numpy","1.19.2"
"diagnostics","Versions","SimpleITK","2.0.2"
"diagnostics","Versions","PyWavelet","1.1.1"
"diagnostics","Versions","Python","3.6.7"
"diagnostics","Configuration","Settings","{'minimumROIDimensions': 2, 'minimumROISize': None, 'normalize': False, 'normalizeScale': 1, 'removeOutliers': None, 'resampledPixelSpacing': None, 'interpolator': 'sitkBSpline', 'preCrop': False, 'padDistance': 5, 'distances': [1], 'force2D': False, 'force2Ddimension': 0, 'resegmentRange': None, 'label': 1, 'additionalInfo': True, 'binWidth': 25.0, 'symmetricalGLCM': True, 'correctMask': True}"
"diagnostics","Configuration","EnabledImageTypes","{'Original': {}, 'Wavelet': {}}"
"diagnostics","Image-original","Hash","2d86f2975a39b24b036e096d4845bf100d5eb11f"
"diagnostics","Image-original","Dimensionality","3D"
"diagnostics","Image-original","Spacing","(0.68359375, 0.68359375, 2.0)"
"diagnostics","Image-original","Size","(512, 512, 103)"
"diagnostics","Image-original","Mean","-872.094125618055"
"diagnostics","Image-original","Minimum","-952.0"
"diagnostics","Image-original","Maximum","-769.0"
"diagnostics","Mask-original","Hash","52559a07bde4b24fe50cc853e0fd21bf12b76a51"
"diagnostics","Mask-original","Spacing","(0.68359375, 0.68359375, 2.0)"
"diagnostics","Mask-original","Size","(512, 512, 103)"
"diagnostics","Mask-original","BoundingBox","(330, 160, 61, 60, 51, 15)"
"diagnostics","Mask-original","VoxelNum","11182"
"diagnostics","Mask-original","VolumeNum","1"
"diagnostics","Mask-original","CenterOfMassIndex","(366.70434627079237, 181.6229654802361, 67.33679127168664)"
"diagnostics","Mask-original","CenterOfMass","(76.0185962085495, -50.50187894124484, -120.32641745662673)"
"original","shape","Elongation","0.7219812656518327"
"original","shape","Flatness","0.6399627881866669"
"original","shape","LeastAxisLength","21.464712443252512"
"original","shape","MajorAxisLength","33.540563356930065"
"original","shape","Maximum2DDiameterColumn","35.546875"
"original","shape","Maximum2DDiameterRow","36.304108534831"
"original","shape","Maximum2DDiameterSlice","41.27117653783792"
"original","shape","Maximum3DDiameter","47.37553804036697"
"original","shape","MeshVolume","10396.343866984049"
"original","shape","MinorAxisLength","24.21565838311185"
"original","shape","Sphericity","0.6313808013683821"
"original","shape","SurfaceArea","3648.4901346327297"
"original","shape","SurfaceVolumeRatio","0.35093973240143955"
"original","shape","VoxelVolume","10450.706481933594"
"original","firstorder","10Percentile","-824.0"
"original","firstorder","90Percentile","-769.0"
"original","firstorder","Energy","6999813526.0"
"original","firstorder","Entropy","1.8434192429332976"
"original","firstorder","InterquartileRange","22.0"
"original","firstorder","Kurtosis","9.208062563940391"
"original","firstorder","Maximum","-769.0"
"original","firstorder","MeanAbsoluteDeviation","17.839972007033705"
"original","firstorder","Mean","-790.7612233947416"
"original","firstorder","Median","-783.0"
"original","firstorder","Minimum","-947.0"
"original","firstorder","Range","178.0"
"original","firstorder","RobustMeanAbsoluteDeviation","10.084798981207213"
"original","firstorder","RootMeanSquared","791.1949222135498"
"original","firstorder","Skewness","-2.322113598517756"
"original","firstorder","TotalEnergy","6542031531.791687"
"original","firstorder","Uniformity","0.3619684342707691"
"original","firstorder","Variance","686.0925117567484"
"original","glcm","Autocorrelation","50.04331383780873"
"original","glcm","ClusterProminence","71.47758061756582"
"original","glcm","ClusterShade","-9.175959288673333"
"original","glcm","ClusterTendency","2.7132475568106385"
"original","glcm","Contrast","0.8593973271482196"
"original","glcm","Correlation","0.4904125468172002"
"original","glcm","DifferenceAverage","0.5688807007730323"
"original","glcm","DifferenceEntropy","1.3637093276957797"
"original","glcm","DifferenceVariance","0.5257814909612952"
"original","glcm","Id","0.7531770625894373"
"original","glcm","Idm","0.7430106642397049"
"original","glcm","Idmn","0.9875760135256667"
"original","glcm","Idn","0.9397204004222725"
"original","glcm","Imc1","-0.12920332593101574"
"original","glcm","Imc2","0.5406639742654087"
"original","glcm","InverseVariance","0.40554862526082547"
"original","glcm","JointAverage","7.041077899905191"
"original","glcm","JointEnergy","0.19136859763412797"
"original","glcm","JointEntropy","3.092905957391021"
"original","glcm","MCC","0.5394303712223404"
"original","glcm","MaximumProbability","0.35294704206454774"
"original","glcm","SumAverage","14.082155799810382"
"original","glcm","SumEntropy","2.370523062180323"
"original","glcm","SumSquares","0.8931612209897144"
"original","gldm","DependenceEntropy","6.082366015714994"
"original","gldm","DependenceNonUniformity","469.1788588803434"
"original","gldm","DependenceNonUniformityNormalized","0.04195840269006827"
"original","gldm","DependenceVariance","42.1481379562121"
"original","gldm","GrayLevelNonUniformity","4047.5310320157396"
"original","gldm","GrayLevelVariance","1.25410450099604"
"original","gldm","HighGrayLevelEmphasis","48.88409944553747"
"original","gldm","LargeDependenceEmphasis","209.28849937399391"
"original","gldm","LargeDependenceHighGrayLevelEmphasis","10846.360400643893"
"original","gldm","LargeDependenceLowGrayLevelEmphasis","4.189235022140378"
"original","gldm","LowGrayLevelEmphasis","0.026427015538821506"
"original","gldm","SmallDependenceEmphasis","0.035117735209536864"
"original","gldm","SmallDependenceHighGrayLevelEmphasis","1.2003663379279497"
"original","gldm","SmallDependenceLowGrayLevelEmphasis","0.002134010094324335"
"original","glrlm","GrayLevelNonUniformity","1684.7029158351268"
"original","glrlm","GrayLevelNonUniformityNormalized","0.277975648442288"
"original","glrlm","GrayLevelVariance","1.8059268006115117"
"original","glrlm","HighGrayLevelRunEmphasis","46.63876657627817"
"original","glrlm","LongRunEmphasis","6.729224669202585"
"original","glrlm","LongRunHighGrayLevelEmphasis","340.2243594647771"
"original","glrlm","LongRunLowGrayLevelEmphasis","0.14929732435278903"
"original","glrlm","LowGrayLevelRunEmphasis","0.031196311247858575"
"original","glrlm","RunEntropy","3.837058355273394"
"original","glrlm","RunLengthNonUniformity","2604.2472664220873"
"original","glrlm","RunLengthNonUniformityNormalized","0.42004041324512187"
"original","glrlm","RunPercentage","0.5412200927314502"
"original","glrlm","RunVariance","2.974307970014574"
"original","glrlm","ShortRunEmphasis","0.6683826425180749"
"original","glrlm","ShortRunHighGrayLevelEmphasis","29.58216768527388"
"original","glrlm","ShortRunLowGrayLevelEmphasis","0.023914756976383282"
"original","glszm","GrayLevelNonUniformity","57.857142857142854"
"original","glszm","GrayLevelNonUniformityNormalized","0.17968056787932565"
"original","glszm","GrayLevelVariance","2.9980035492457855"
"original","glszm","HighGrayLevelZoneEmphasis","27.288819875776397"
"original","glszm","LargeAreaEmphasis","135337.03726708074"
"original","glszm","LargeAreaHighGrayLevelEmphasis","7044686.111801242"
"original","glszm","LargeAreaLowGrayLevelEmphasis","2638.9327660437884"
"original","glszm","LowGrayLevelZoneEmphasis","0.08292947898621146"
"original","glszm","SizeZoneNonUniformity","84.83229813664596"
"original","glszm","SizeZoneNonUniformityNormalized","0.2634543420392732"
"original","glszm","SmallAreaEmphasis","0.5268684681506686"
"original","glszm","SmallAreaHighGrayLevelEmphasis","15.577052981111093"
"original","glszm","SmallAreaLowGrayLevelEmphasis","0.039401913011295815"
"original","glszm","ZoneEntropy","5.195552106756488"
"original","glszm","ZonePercentage","0.02879627973528886"
"original","glszm","ZoneVariance","134131.09301338682"
"original","ngtdm","Busyness","19.829579289304345"
"original","ngtdm","Coarseness","0.0006558286173316782"
"original","ngtdm","Complexity","18.10361880966194"
"original","ngtdm","Contrast","0.02206684188466378"
"original","ngtdm","Strength","0.03563839268034719"
"wavelet-LLH","firstorder","10Percentile","-46.78342347259156"
"wavelet-LLH","firstorder","90Percentile","19.13885313587434"
"wavelet-LLH","firstorder","Energy","10342510.34577902"
"wavelet-LLH","firstorder","Entropy","2.215164162471375"
"wavelet-LLH","firstorder","InterquartileRange","26.106074047775962"
"wavelet-LLH","firstorder","Kurtosis","5.16755186845697"
"wavelet-LLH","firstorder","Maximum","133.40138293400406"
"wavelet-LLH","firstorder","MeanAbsoluteDeviation","20.3761891929242"
"wavelet-LLH","firstorder","Mean","-9.108355889510744"
"wavelet-LLH","firstorder","Median","-6.164334520690069"
"wavelet-LLH","firstorder","Minimum","-127.17147366318177"
"wavelet-LLH","firstorder","Range","260.5728565971858"
"wavelet-LLH","firstorder","RobustMeanAbsoluteDeviation","11.721654928184002"
"wavelet-LLH","firstorder","RootMeanSquared","30.41257815761564"
"wavelet-LLH","firstorder","Skewness","-0.05638000093786128"
"wavelet-LLH","firstorder","TotalEnergy","9666118.754256668"
"wavelet-LLH","firstorder","Uniformity","0.2842339847803922"
"wavelet-LLH","firstorder","Variance","841.962763183095"
"wavelet-LLH","glcm","Autocorrelation","37.8687007733138"
"wavelet-LLH","glcm","ClusterProminence","50.48360111310084"
"wavelet-LLH","glcm","ClusterShade","-1.2381103021762774"
"wavelet-LLH","glcm","ClusterTendency","2.956309108894281"
"wavelet-LLH","glcm","Contrast","2.0336652991343933"
"wavelet-LLH","glcm","Correlation","0.16022244137359454"
"wavelet-LLH","glcm","DifferenceAverage","0.9007588801358745"
"wavelet-LLH","glcm","DifferenceEntropy","1.742725677866363"
"wavelet-LLH","glcm","DifferenceVariance","1.1368064930250439"
"wavelet-LLH","glcm","Id","0.6699076683754075"
"wavelet-LLH","glcm","Idm","0.6455218690700022"
"wavelet-LLH","glcm","Idmn","0.9871312412449709"
"wavelet-LLH","glcm","Idn","0.9361227570031911"
"wavelet-LLH","glcm","Imc1","-0.12393494345476529"
"wavelet-LLH","glcm","Imc2","0.5361802198147074"
"wavelet-LLH","glcm","InverseVariance","0.4364737353888926"
"wavelet-LLH","glcm","JointAverage","6.134964591791966"
"wavelet-LLH","glcm","JointEnergy","0.1217720471986891"
"wavelet-LLH","glcm","JointEntropy","3.93290647938043"
"wavelet-LLH","glcm","MCC","0.5042368702854803"
"wavelet-LLH","glcm","MaximumProbability","0.24666243117477157"
"wavelet-LLH","glcm","SumAverage","12.269929183583931"
"wavelet-LLH","glcm","SumEntropy","2.6546518401296026"
"wavelet-LLH","glcm","SumSquares","1.2474936020071685"
"wavelet-LLH","gldm","DependenceEntropy","6.207130596704204"
"wavelet-LLH","gldm","DependenceNonUniformity","566.7969951708102"
"wavelet-LLH","gldm","DependenceNonUniformityNormalized","0.050688337969129874"
"wavelet-LLH","gldm","DependenceVariance","33.336779147287494"
"wavelet-LLH","gldm","GrayLevelNonUniformity","3178.3044178143446"
"wavelet-LLH","gldm","GrayLevelVariance","1.4352920417459376"
"wavelet-LLH","gldm","HighGrayLevelEmphasis","38.972008585226256"
"wavelet-LLH","gldm","LargeDependenceEmphasis","142.19209443748883"
"wavelet-LLH","gldm","LargeDependenceHighGrayLevelEmphasis","5528.7368091575745"
"wavelet-LLH","gldm","LargeDependenceLowGrayLevelEmphasis","3.8495012875657695"
"wavelet-LLH","gldm","LowGrayLevelEmphasis","0.03137416723518305"
"wavelet-LLH","gldm","SmallDependenceEmphasis","0.04562912858746501"
"wavelet-LLH","gldm","SmallDependenceHighGrayLevelEmphasis","2.0216623507479907"
"wavelet-LLH","gldm","SmallDependenceLowGrayLevelEmphasis","0.0018466597875725823"
"wavelet-LLH","glrlm","GrayLevelNonUniformity","1638.9248358712964"
"wavelet-LLH","glrlm","GrayLevelNonUniformityNormalized","0.22802423193373875"
"wavelet-LLH","glrlm","GrayLevelVariance","1.9025425776413063"
"wavelet-LLH","glrlm","HighGrayLevelRunEmphasis","39.108052911184025"
"wavelet-LLH","glrlm","LongRunEmphasis","5.248318844180937"
"wavelet-LLH","glrlm","LongRunHighGrayLevelEmphasis","204.42671174181382"
"wavelet-LLH","glrlm","LongRunLowGrayLevelEmphasis","0.15076559217595115"
"wavelet-LLH","glrlm","LowGrayLevelRunEmphasis","0.033318202971039504"
"wavelet-LLH","glrlm","RunEntropy","3.831484002065336"
"wavelet-LLH","glrlm","RunLengthNonUniformity","3827.5035781328143"
"wavelet-LLH","glrlm","RunLengthNonUniformityNormalized","0.5109979617823631"
"wavelet-LLH","glrlm","RunPercentage","0.6371778820356894"
"wavelet-LLH","glrlm","RunVariance","2.23497565547726"
"wavelet-LLH","glrlm","ShortRunEmphasis","0.7333865144418112"
"wavelet-LLH","glrlm","ShortRunHighGrayLevelEmphasis","28.771260077256418"
"wavelet-LLH","glrlm","ShortRunLowGrayLevelEmphasis","0.025520327218680916"
"wavelet-LLH","glszm","GrayLevelNonUniformity","52.63157894736842"
"wavelet-LLH","glszm","GrayLevelNonUniformityNormalized","0.12591286829513976"
"wavelet-LLH","glszm","GrayLevelVariance","5.7740264645955905"
"wavelet-LLH","glszm","HighGrayLevelZoneEmphasis","48.64832535885167"
"wavelet-LLH","glszm","LargeAreaEmphasis","76372.05741626794"
"wavelet-LLH","glszm","LargeAreaHighGrayLevelEmphasis","2943023.576555024"
"wavelet-LLH","glszm","LargeAreaLowGrayLevelEmphasis","2038.8132157840646"
"wavelet-LLH","glszm","LowGrayLevelZoneEmphasis","0.045964945089888125"
"wavelet-LLH","glszm","SizeZoneNonUniformity","89.44497607655502"
"wavelet-LLH","glszm","SizeZoneNonUniformityNormalized","0.21398319635539478"
"wavelet-LLH","glszm","SmallAreaEmphasis","0.4667243128885135"
"wavelet-LLH","glszm","SmallAreaHighGrayLevelEmphasis","23.563266170481217"
"wavelet-LLH","glszm","SmallAreaLowGrayLevelEmphasis","0.021345046306585094"
"wavelet-LLH","glszm","ZoneEntropy","5.949750551127449"
"wavelet-LLH","glszm","ZonePercentage","0.03738150599177249"
"wavelet-LLH","glszm","ZoneVariance","75656.43091962181"
"wavelet-LLH","ngtdm","Busyness","14.786260958495564"
"wavelet-LLH","ngtdm","Coarseness","0.0006434935006010781"
"wavelet-LLH","ngtdm","Complexity","46.7298766631234"
"wavelet-LLH","ngtdm","Contrast","0.01623498287202389"
"wavelet-LLH","ngtdm","Strength","0.03878733277020391"
"wavelet-LHL","firstorder","10Percentile","-14.02957534075055"
"wavelet-LHL","firstorder","90Percentile","11.884326694028285"
"wavelet-LHL","firstorder","Energy","1465418.2841957998"
"wavelet-LHL","firstorder","Entropy","1.2258003385321565"
"wavelet-LHL","firstorder","InterquartileRange","13.11205176169012"
"wavelet-LHL","firstorder","Kurtosis","6.522321321898699"
"wavelet-LHL","firstorder","Maximum","57.14686956102454"
"wavelet-LHL","firstorder","MeanAbsoluteDeviation","8.395229030147666"
"wavelet-LHL","firstorder","Mean","-1.2831629062939407"
"wavelet-LHL","firstorder","Median","-0.9821158330267223"
"wavelet-LHL","firstorder","Minimum","-81.71988150291988"
"wavelet-LHL","firstorder","Range","138.8667510639444"
"wavelet-LHL","firstorder","RobustMeanAbsoluteDeviation","5.450789956570473"
"wavelet-LHL","firstorder","RootMeanSquared","11.447774315254916"
"wavelet-LHL","firstorder","Skewness","-0.5538391535877173"
"wavelet-LHL","firstorder","TotalEnergy","1369581.1448210562"
"wavelet-LHL","firstorder","Uniformity","0.46946826768024513"
"wavelet-LHL","firstorder","Variance","129.4050297289215"
"wavelet-LHL","glcm","Autocorrelation","19.76342365346216"
"wavelet-LHL","glcm","ClusterProminence","1.7449927733663344"
"wavelet-LHL","glcm","ClusterShade","-0.15322088986573343"
"wavelet-LHL","glcm","ClusterTendency","0.6569222450635771"
"wavelet-LHL","glcm","Contrast","0.5884820412159121"
"wavelet-LHL","glcm","Correlation","0.05325775823064833"
"wavelet-LHL","glcm","DifferenceAverage","0.535271041691496"
"wavelet-LHL","glcm","DifferenceEntropy","1.0986813046763875"
"wavelet-LHL","glcm","DifferenceVariance","0.2862890342568876"
"wavelet-LHL","glcm","Id","0.740506676475627"
"wavelet-LHL","glcm","Idm","0.7376390733317025"
"wavelet-LHL","glcm","Idmn","0.9883873184203998"
"wavelet-LHL","glcm","Idn","0.9338046662770094"
"wavelet-LHL","glcm","Imc1","-0.05423292726847261"
"wavelet-LHL","glcm","Imc2","0.3040013013796176"
"wavelet-LHL","glcm","InverseVariance","0.495245491127321"
"wavelet-LHL","glcm","JointAverage","4.443681905571003"
"wavelet-LHL","glcm","JointEnergy","0.24100893354501413"
"wavelet-LHL","glcm","JointEntropy","2.3062135880824584"
"wavelet-LHL","glcm","MCC","0.3009434510288284"
"wavelet-LHL","glcm","MaximumProbability","0.2977823930753287"
"wavelet-LHL","glcm","SumAverage","8.887363811142007"
"wavelet-LHL","glcm","SumEntropy","1.6705393861514017"
"wavelet-LHL","glcm","SumSquares","0.3113510715698723"
"wavelet-LHL","gldm","DependenceEntropy","5.0665877746720565"
"wavelet-LHL","gldm","DependenceNonUniformity","815.9370416741191"
"wavelet-LHL","gldm","DependenceNonUniformityNormalized","0.07296879285227321"
"wavelet-LHL","gldm","DependenceVariance","15.51128037781803"
"wavelet-LHL","gldm","GrayLevelNonUniformity","5249.594169200501"
"wavelet-LHL","gldm","GrayLevelVariance","0.33107265007151"
"wavelet-LHL","gldm","HighGrayLevelEmphasis","20.023967089966018"
"wavelet-LHL","gldm","LargeDependenceEmphasis","154.45680558039706"
"wavelet-LHL","gldm","LargeDependenceHighGrayLevelEmphasis","3031.59381148274"
"wavelet-LHL","gldm","LargeDependenceLowGrayLevelEmphasis","8.277204451416292"
"wavelet-LHL","gldm","LowGrayLevelEmphasis","0.05389728075693403"
"wavelet-LHL","gldm","SmallDependenceEmphasis","0.020969647474814588"
"wavelet-LHL","gldm","SmallDependenceHighGrayLevelEmphasis","0.4546452547082417"
"wavelet-LHL","gldm","SmallDependenceLowGrayLevelEmphasis","0.0014372832913623092"
"wavelet-LHL","glrlm","GrayLevelNonUniformity","2946.9293752206963"
"wavelet-LHL","glrlm","GrayLevelNonUniformityNormalized","0.449702870486129"
"wavelet-LHL","glrlm","GrayLevelVariance","0.380297327428608"
"wavelet-LHL","glrlm","HighGrayLevelRunEmphasis","20.18689658407692"
"wavelet-LHL","glrlm","LongRunEmphasis","4.669893805419256"
"wavelet-LHL","glrlm","LongRunHighGrayLevelEmphasis","92.45788798108478"
"wavelet-LHL","glrlm","LongRunLowGrayLevelEmphasis","0.25094751352770817"
"wavelet-LHL","glrlm","LowGrayLevelRunEmphasis","0.05432435192430846"
"wavelet-LHL","glrlm","RunEntropy","2.968951277441219"
"wavelet-LHL","glrlm","RunLengthNonUniformity","2826.600829732052"
"wavelet-LHL","glrlm","RunLengthNonUniformityNormalized","0.4152772450888164"
"wavelet-LHL","glrlm","RunPercentage","0.5850955519172296"
"wavelet-LHL","glrlm","RunVariance","1.3161560952420914"
"wavelet-LHL","glrlm","ShortRunEmphasis","0.6448382707603556"
"wavelet-LHL","glrlm","ShortRunHighGrayLevelEmphasis","13.099904101147276"
"wavelet-LHL","glrlm","ShortRunLowGrayLevelEmphasis","0.0354522224986966"
"wavelet-LHL","glszm","GrayLevelNonUniformity","42.526315789473685"
"wavelet-LHL","glszm","GrayLevelNonUniformityNormalized","0.27977839335180055"
"wavelet-LHL","glszm","GrayLevelVariance","2.3753462603878113"
"wavelet-LHL","glszm","HighGrayLevelZoneEmphasis","21.92105263157895"
"wavelet-LHL","glszm","LargeAreaEmphasis","381289.1447368421"
"wavelet-LHL","glszm","LargeAreaHighGrayLevelEmphasis","7533774.9605263155"
"wavelet-LHL","glszm","LargeAreaLowGrayLevelEmphasis","20248.774825941342"
"wavelet-LHL","glszm","LowGrayLevelZoneEmphasis","0.08677877730039385"
"wavelet-LHL","glszm","SizeZoneNonUniformity","48.18421052631579"
"wavelet-LHL","glszm","SizeZoneNonUniformityNormalized","0.31700138504155123"
"wavelet-LHL","glszm","SmallAreaEmphasis","0.5810528557509221"
"wavelet-LHL","glszm","SmallAreaHighGrayLevelEmphasis","13.949070024365033"
"wavelet-LHL","glszm","SmallAreaLowGrayLevelEmphasis","0.048770937134202046"
"wavelet-LHL","glszm","ZoneEntropy","4.177139625263582"
"wavelet-LHL","glszm","ZonePercentage","0.013593274906099087"
"wavelet-LHL","glszm","ZoneVariance","375877.2193559556"
"wavelet-LHL","ngtdm","Busyness","58.53331654552013"
"wavelet-LHL","ngtdm","Coarseness","0.0003924074449912824"
"wavelet-LHL","ngtdm","Complexity","12.009865110883432"
"wavelet-LHL","ngtdm","Contrast","0.008142724946817424"
"wavelet-LHL","ngtdm","Strength","0.010963101488341374"
"wavelet-LHH","firstorder","10Percentile","-10.19643976090224"
"wavelet-LHH","firstorder","90Percentile","10.270500841262516"
"wavelet-LHH","firstorder","Energy","816795.1874771847"
"wavelet-LHH","firstorder","Entropy","1.0826928759788141"
"wavelet-LHH","firstorder","InterquartileRange","10.379855024004126"
"wavelet-LHH","firstorder","Kurtosis","4.352079473408718"
"wavelet-LHH","firstorder","Maximum","41.43410686287893"
"wavelet-LHH","firstorder","MeanAbsoluteDeviation","6.513807765082275"
"wavelet-LHH","firstorder","Mean","0.11933585157617828"
"wavelet-LHH","firstorder","Median","0.12191099136173128"
"wavelet-LHH","firstorder","Minimum","-51.22562539353335"
"wavelet-LHH","firstorder","Range","92.65973225641227"
"wavelet-LHH","firstorder","RobustMeanAbsoluteDeviation","4.320268063834898"
"wavelet-LHH","firstorder","RootMeanSquared","8.546668143260685"
"wavelet-LHH","firstorder","Skewness","0.059872517990452796"
"wavelet-LHH","firstorder","TotalEnergy","763377.4602199945"
"wavelet-LHH","firstorder","Uniformity","0.4899471936030774"
"wavelet-LHH","firstorder","Variance","73.03129530555564"
"wavelet-LHH","glcm","Autocorrelation","12.288348082210293"
"wavelet-LHH","glcm","ClusterProminence","0.6438563450231426"
"wavelet-LHH","glcm","ClusterShade","0.005116588663143715"
"wavelet-LHH","glcm","ClusterTendency","0.5232353250648344"
"wavelet-LHH","glcm","Contrast","0.5412865260208671"
"wavelet-LHH","glcm","Correlation","-0.01720371315885335"
"wavelet-LHH","glcm","DifferenceAverage","0.5233028246983463"
"wavelet-LHH","glcm","DifferenceEntropy","1.0353200295497715"
"wavelet-LHH","glcm","DifferenceVariance","0.2580531163665951"
"wavelet-LHH","glcm","Id","0.7412285348685277"
"wavelet-LHH","glcm","Idm","0.7401438835734234"
"wavelet-LHH","glcm","Idmn","0.9793406867437082"
"wavelet-LHH","glcm","Idn","0.9132025264901305"
"wavelet-LHH","glcm","Imc1","-0.029218740415564125"
"wavelet-LHH","glcm","Imc2","0.2002612875126418"
"wavelet-LHH","glcm","InverseVariance","0.5086536381163824"
"wavelet-LHH","glcm","JointAverage","3.5061171684265933"
"wavelet-LHH","glcm","JointEnergy","0.2512915214365254"
"wavelet-LHH","glcm","JointEntropy","2.1017343999299354"
"wavelet-LHH","glcm","MCC","0.18870436581028172"
"wavelet-LHH","glcm","MaximumProbability","0.2859670815697721"
"wavelet-LHH","glcm","SumAverage","7.0122343368531865"
"wavelet-LHH","glcm","SumEntropy","1.5284873417526679"
"wavelet-LHH","glcm","SumSquares","0.2661304627714253"
"wavelet-LHH","gldm","DependenceEntropy","4.722883329509096"
"wavelet-LHH","gldm","DependenceNonUniformity","1014.7757109640494"
"wavelet-LHH","gldm","DependenceNonUniformityNormalized","0.09075082373135837"
"wavelet-LHH","gldm","DependenceVariance","11.17407367751037"
"wavelet-LHH","gldm","GrayLevelNonUniformity","5478.589518869612"
"wavelet-LHH","gldm","GrayLevelVariance","0.2710475650415632"
"wavelet-LHH","gldm","HighGrayLevelEmphasis","12.574315864782687"
"wavelet-LHH","gldm","LargeDependenceEmphasis","148.82811661598998"
"wavelet-LHH","gldm","LargeDependenceHighGrayLevelEmphasis","1868.3164013593275"
"wavelet-LHH","gldm","LargeDependenceLowGrayLevelEmphasis","12.867204137602098"
"wavelet-LHH","gldm","LowGrayLevelEmphasis","0.08708017846141616"
"wavelet-LHH","gldm","SmallDependenceEmphasis","0.016540030166635"
"wavelet-LHH","gldm","SmallDependenceHighGrayLevelEmphasis","0.22229508315725624"
"wavelet-LHH","gldm","SmallDependenceLowGrayLevelEmphasis","0.0017070994222806674"
"wavelet-LHH","glrlm","GrayLevelNonUniformity","3175.2337953487886"
"wavelet-LHH","glrlm","GrayLevelNonUniformityNormalized","0.48327918884881615"
"wavelet-LHH","glrlm","GrayLevelVariance","0.28518562686137505"
"wavelet-LHH","glrlm","HighGrayLevelRunEmphasis","12.590774077294977"
"wavelet-LHH","glrlm","LongRunEmphasis","4.557929324715708"
"wavelet-LHH","glrlm","LongRunHighGrayLevelEmphasis","57.239288195600565"
"wavelet-LHH","glrlm","LongRunLowGrayLevelEmphasis","0.3953812329980008"
"wavelet-LHH","glrlm","LowGrayLevelRunEmphasis","0.08749726283408184"
"wavelet-LHH","glrlm","RunEntropy","2.7764635345274677"
"wavelet-LHH","glrlm","RunLengthNonUniformity","2814.5480741784345"
"wavelet-LHH","glrlm","RunLengthNonUniformityNormalized","0.4160627189468631"
"wavelet-LHH","glrlm","RunPercentage","0.5872074625428229"
"wavelet-LHH","glrlm","RunVariance","1.253765843916819"
"wavelet-LHH","glrlm","ShortRunEmphasis","0.6463437790544371"
"wavelet-LHH","glrlm","ShortRunHighGrayLevelEmphasis","8.149035259388464"
"wavelet-LHH","glrlm","ShortRunLowGrayLevelEmphasis","0.05689317190217929"
"wavelet-LHH","glszm","GrayLevelNonUniformity","29.575"
"wavelet-LHH","glszm","GrayLevelNonUniformityNormalized","0.3696875"
"wavelet-LHH","glszm","GrayLevelVariance","1.98734375"
"wavelet-LHH","glszm","HighGrayLevelZoneEmphasis","15.0375"
"wavelet-LHH","glszm","LargeAreaEmphasis","761843.4"
"wavelet-LHH","glszm","LargeAreaHighGrayLevelEmphasis","9577158.9"
"wavelet-LHH","glszm","LargeAreaLowGrayLevelEmphasis","65756.67847916667"
"wavelet-LHH","glszm","LowGrayLevelZoneEmphasis","0.1363611111111111"
"wavelet-LHH","glszm","SizeZoneNonUniformity","31.525"
"wavelet-LHH","glszm","SizeZoneNonUniformityNormalized","0.3940625"
"wavelet-LHH","glszm","SmallAreaEmphasis","0.6482802764726492"
"wavelet-LHH","glszm","SmallAreaHighGrayLevelEmphasis","9.820459991068091"
"wavelet-LHH","glszm","SmallAreaLowGrayLevelEmphasis","0.08830074539871391"
"wavelet-LHH","glszm","ZoneEntropy","3.2269646274646218"
"wavelet-LHH","glszm","ZonePercentage","0.007154355213736362"
"wavelet-LHH","glszm","ZoneVariance","742306.3493750002"
"wavelet-LHH","ngtdm","Busyness","127.35292820817847"
"wavelet-LHH","ngtdm","Coarseness","0.0003596960402013703"
"wavelet-LHH","ngtdm","Complexity","6.121686205542062"
"wavelet-LHH","ngtdm","Contrast","0.014027437668647547"
"wavelet-LHH","ngtdm","Strength","0.004369645044155397"
"wavelet-HLL","firstorder","10Percentile","-11.492899394933971"
"wavelet-HLL","firstorder","90Percentile","9.49886419804952"
"wavelet-HLL","firstorder","Energy","1134121.7993236734"
"wavelet-HLL","firstorder","Entropy","1.216478823009532"
"wavelet-HLL","firstorder","InterquartileRange","9.814018533823273"
"wavelet-HLL","firstorder","Kurtosis","7.474338614379148"
"wavelet-HLL","firstorder","Maximum","59.275383203990465"
"wavelet-HLL","firstorder","MeanAbsoluteDeviation","6.976438768675308"
"wavelet-HLL","firstorder","Mean","-0.8492548253630651"
"wavelet-HLL","firstorder","Median","-0.6924489781767764"
"wavelet-HLL","firstorder","Minimum","-69.192291472875"
"wavelet-HLL","firstorder","Range","128.46767467686547"
"wavelet-HLL","firstorder","RobustMeanAbsoluteDeviation","4.16022573956597"
"wavelet-HLL","firstorder","RootMeanSquared","10.070942239931789"
"wavelet-HLL","firstorder","Skewness","-0.288061868803707"
"wavelet-HLL","firstorder","TotalEnergy","1059951.1750576019"
"wavelet-HLL","firstorder","Uniformity","0.47015815878810513"
"wavelet-HLL","firstorder","Variance","100.70264384163988"
"wavelet-HLL","glcm","Autocorrelation","11.93638424738262"
"wavelet-HLL","glcm","ClusterProminence","1.439755086657577"
"wavelet-HLL","glcm","ClusterShade","-0.022212795119271916"
"wavelet-HLL","glcm","ClusterTendency","0.6563476335653555"
"wavelet-HLL","glcm","Contrast","0.560706809821912"
"wavelet-HLL","glcm","Correlation","0.07813170280892788"
"wavelet-HLL","glcm","DifferenceAverage","0.5137481068736667"
"wavelet-HLL","glcm","DifferenceEntropy","1.0905269198314083"
"wavelet-HLL","glcm","DifferenceVariance","0.28436705186346456"
"wavelet-HLL","glcm","Id","0.7502241726203549"
"wavelet-HLL","glcm","Idm","0.7477848151990719"
"wavelet-HLL","glcm","Idmn","0.9850953766171108"
"wavelet-HLL","glcm","Idn","0.9274100181115438"
"wavelet-HLL","glcm","Imc1","-0.046368973664321765"
"wavelet-HLL","glcm","Imc2","0.276398569755888"
"wavelet-HLL","glcm","InverseVariance","0.47927697634821137"
"wavelet-HLL","glcm","JointAverage","3.451444669397912"
"wavelet-HLL","glcm","JointEnergy","0.2409026609093471"
"wavelet-HLL","glcm","JointEntropy","2.292107056869673"
"wavelet-HLL","glcm","MCC","0.2552310637989349"
"wavelet-HLL","glcm","MaximumProbability","0.29839831876355516"
"wavelet-HLL","glcm","SumAverage","6.902889338795824"
"wavelet-HLL","glcm","SumEntropy","1.685730561702542"
"wavelet-HLL","glcm","SumSquares","0.30426361084681686"
"wavelet-HLL","gldm","DependenceEntropy","5.157962295056141"
"wavelet-HLL","gldm","DependenceNonUniformity","758.5247719549276"
"wavelet-HLL","gldm","DependenceNonUniformityNormalized","0.06783444571229902"
"wavelet-HLL","gldm","DependenceVariance","18.036473071789462"
"wavelet-HLL","gldm","GrayLevelNonUniformity","5257.308531568592"
"wavelet-HLL","gldm","GrayLevelVariance","0.3225085055539185"
"wavelet-HLL","gldm","HighGrayLevelEmphasis","12.269540332677517"
"wavelet-HLL","gldm","LargeDependenceEmphasis","166.98908960829905"
"wavelet-HLL","gldm","LargeDependenceHighGrayLevelEmphasis","1967.8116615989984"
"wavelet-HLL","gldm","LargeDependenceLowGrayLevelEmphasis","15.384761894115545"
"wavelet-HLL","gldm","LowGrayLevelEmphasis","0.09213495399352134"
"wavelet-HLL","gldm","SmallDependenceEmphasis","0.01943466600784585"
"wavelet-HLL","gldm","SmallDependenceHighGrayLevelEmphasis","0.26214677934169167"
"wavelet-HLL","gldm","SmallDependenceLowGrayLevelEmphasis","0.0025992945875130827"
"wavelet-HLL","glrlm","GrayLevelNonUniformity","2865.7102480644653"
"wavelet-HLL","glrlm","GrayLevelNonUniformityNormalized","0.4497314884927225"
"wavelet-HLL","glrlm","GrayLevelVariance","0.3700163176899996"
"wavelet-HLL","glrlm","HighGrayLevelRunEmphasis","12.483681326436654"
"wavelet-HLL","glrlm","LongRunEmphasis","5.026273313393139"
"wavelet-HLL","glrlm","LongRunHighGrayLevelEmphasis","60.19725884497149"
"wavelet-HLL","glrlm","LongRunLowGrayLevelEmphasis","0.46334754600760397"
"wavelet-HLL","glrlm","LowGrayLevelRunEmphasis","0.0929950323870005"
"wavelet-HLL","glrlm","RunEntropy","3.0238621949960156"
"wavelet-HLL","glrlm","RunLengthNonUniformity","2655.3968729447315"
"wavelet-HLL","glrlm","RunLengthNonUniformityNormalized","0.4027003996741757"
"wavelet-HLL","glrlm","RunPercentage","0.569053286187967"
"wavelet-HLL","glrlm","RunVariance","1.5312002345160438"
"wavelet-HLL","glrlm","ShortRunEmphasis","0.6366553447573586"
"wavelet-HLL","glrlm","ShortRunHighGrayLevelEmphasis","8.059727192010326"
"wavelet-HLL","glrlm","ShortRunLowGrayLevelEmphasis","0.060201688013084724"
"wavelet-HLL","glszm","GrayLevelNonUniformity","38.21212121212121"
"wavelet-HLL","glszm","GrayLevelNonUniformityNormalized","0.289485766758494"
"wavelet-HLL","glszm","GrayLevelVariance","2.388601928374656"
"wavelet-HLL","glszm","HighGrayLevelZoneEmphasis","13.856060606060606"
"wavelet-HLL","glszm","LargeAreaEmphasis","441772.2121212121"
"wavelet-HLL","glszm","LargeAreaHighGrayLevelEmphasis","5316082.378787879"
"wavelet-HLL","glszm","LargeAreaLowGrayLevelEmphasis","39781.87815446128"
"wavelet-HLL","glszm","LowGrayLevelZoneEmphasis","0.19264099326599327"
"wavelet-HLL","glszm","SizeZoneNonUniformity","34.34848484848485"
"wavelet-HLL","glszm","SizeZoneNonUniformityNormalized","0.2602157943067034"
"wavelet-HLL","glszm","SmallAreaEmphasis","0.5090196984645774"
"wavelet-HLL","glszm","SmallAreaHighGrayLevelEmphasis","7.683708915940464"
"wavelet-HLL","glszm","SmallAreaLowGrayLevelEmphasis","0.09517635024095417"
"wavelet-HLL","glszm","ZoneEntropy","4.3557833327450926"
"wavelet-HLL","glszm","ZonePercentage","0.011804686102664998"
"wavelet-HLL","glszm","ZoneVariance","434596.068640955"
"wavelet-HLL","ngtdm","Busyness","89.51851256491092"
"wavelet-HLL","ngtdm","Coarseness","0.0004087083317100745"
"wavelet-HLL","ngtdm","Complexity","8.104677785464071"
"wavelet-HLL","ngtdm","Contrast","0.010640587712159604"
"wavelet-HLL","ngtdm","Strength","0.0070280481712929515"
"wavelet-HLH","firstorder","10Percentile","-9.069199664235256"
"wavelet-HLH","firstorder","90Percentile","9.5596816153571"
"wavelet-HLH","firstorder","Energy","961157.2717331949"
"wavelet-HLH","firstorder","Entropy","1.188396794174153"
"wavelet-HLH","firstorder","InterquartileRange","8.507002458655819"
"wavelet-HLH","firstorder","Kurtosis","8.634444218471337"
"wavelet-HLH","firstorder","Maximum","67.18126046894915"
"wavelet-HLH","firstorder","MeanAbsoluteDeviation","6.271267906313665"
"wavelet-HLH","firstorder","Mean","0.22695597057127784"
"wavelet-HLH","firstorder","Median","0.03358420270619296"
"wavelet-HLH","firstorder","Minimum","-59.69527194054606"
"wavelet-HLH","firstorder","Range","126.87653240949521"
"wavelet-HLH","firstorder","RobustMeanAbsoluteDeviation","3.6328866798785167"
"wavelet-HLH","firstorder","RootMeanSquared","9.271232751261426"
"wavelet-HLH","firstorder","Skewness","0.17952553153392406"
"wavelet-HLH","firstorder","TotalEnergy","898298.3839974699"
"wavelet-HLH","firstorder","Uniformity","0.47352471094904586"
"wavelet-HLH","firstorder","Variance","85.90424771548457"
"wavelet-HLH","glcm","Autocorrelation","12.270885208802401"
"wavelet-HLH","glcm","ClusterProminence","1.1355768951062062"
"wavelet-HLH","glcm","ClusterShade","0.033774423960986004"
"wavelet-HLH","glcm","ClusterTendency","0.5912748019506594"
"wavelet-HLH","glcm","Contrast","0.6015711079999969"
"wavelet-HLH","glcm","Correlation","-0.010115835593983281"
"wavelet-HLH","glcm","DifferenceAverage","0.5452901219583729"
"wavelet-HLH","glcm","DifferenceEntropy","1.1140674678797409"
"wavelet-HLH","glcm","DifferenceVariance","0.29488807313548554"
"wavelet-HLH","glcm","Id","0.7356902081196506"
"wavelet-HLH","glcm","Idm","0.7328919996702156"
"wavelet-HLH","glcm","Idmn","0.9840592027737574"
"wavelet-HLH","glcm","Idn","0.9230534065222403"
"wavelet-HLH","glcm","Imc1","-0.03552175059943873"
"wavelet-HLH","glcm","Imc2","0.2331487885299017"
"wavelet-HLH","glcm","InverseVariance","0.505275947783229"
"wavelet-HLH","glcm","JointAverage","3.5033490952071733"
"wavelet-HLH","glcm","JointEnergy","0.2385971832172278"
"wavelet-HLH","glcm","JointEntropy","2.268323032041075"
"wavelet-HLH","glcm","MCC","0.2919715936032017"
"wavelet-HLH","glcm","MaximumProbability","0.2748913105553607"
"wavelet-HLH","glcm","SumAverage","7.006698190414347"
"wavelet-HLH","glcm","SumEntropy","1.6198789781357898"
"wavelet-HLH","glcm","SumSquares","0.298211477487664"
"wavelet-HLH","gldm","DependenceEntropy","4.871016482406384"
"wavelet-HLH","gldm","DependenceNonUniformity","943.9236272580933"
"wavelet-HLH","gldm","DependenceNonUniformityNormalized","0.08441456155053598"
"wavelet-HLH","gldm","DependenceVariance","13.042663297341994"
"wavelet-HLH","gldm","GrayLevelNonUniformity","5294.953317832231"
"wavelet-HLH","gldm","GrayLevelVariance","0.3111146414404093"
"wavelet-HLH","gldm","HighGrayLevelEmphasis","12.613128241817206"
"wavelet-HLH","gldm","LargeDependenceEmphasis","147.97388660346985"
"wavelet-HLH","gldm","LargeDependenceHighGrayLevelEmphasis","1836.2418172062244"
"wavelet-HLH","gldm","LargeDependenceLowGrayLevelEmphasis","12.957022570997038"
"wavelet-HLH","gldm","LowGrayLevelEmphasis","0.08851122339474154"
"wavelet-HLH","gldm","SmallDependenceEmphasis","0.018736147724866564"
"wavelet-HLH","gldm","SmallDependenceHighGrayLevelEmphasis","0.26260997412331644"
"wavelet-HLH","gldm","SmallDependenceLowGrayLevelEmphasis","0.0021071471713630724"
"wavelet-HLH","glrlm","GrayLevelNonUniformity","3036.389039730942"
"wavelet-HLH","glrlm","GrayLevelNonUniformityNormalized","0.458670447301522"
"wavelet-HLH","glrlm","GrayLevelVariance","0.3467838463397931"
"wavelet-HLH","glrlm","HighGrayLevelRunEmphasis","12.716732226343696"
"wavelet-HLH","glrlm","LongRunEmphasis","4.577975376287106"
"wavelet-HLH","glrlm","LongRunHighGrayLevelEmphasis","57.27296198286998"
"wavelet-HLH","glrlm","LongRunLowGrayLevelEmphasis","0.40272340608566054"
"wavelet-HLH","glrlm","LowGrayLevelRunEmphasis","0.08927519781194228"
"wavelet-HLH","glrlm","RunEntropy","2.8968433657485098"
"wavelet-HLH","glrlm","RunLengthNonUniformity","2890.8464862967876"
"wavelet-HLH","glrlm","RunLengthNonUniformityNormalized","0.42409668965865116"
"wavelet-HLH","glrlm","RunPercentage","0.5916926929268193"
"wavelet-HLH","glrlm","RunVariance","1.3408016179094764"
"wavelet-HLH","glrlm","ShortRunEmphasis","0.656728255188259"
"wavelet-HLH","glrlm","ShortRunHighGrayLevelEmphasis","8.426645624562305"
"wavelet-HLH","glrlm","ShortRunLowGrayLevelEmphasis","0.05927391072995759"
"wavelet-HLH","glszm","GrayLevelNonUniformity","35.9059829059829"
"wavelet-HLH","glszm","GrayLevelNonUniformityNormalized","0.30688874278617867"
"wavelet-HLH","glszm","GrayLevelVariance","2.1446416831032216"
"wavelet-HLH","glszm","HighGrayLevelZoneEmphasis","15.401709401709402"
"wavelet-HLH","glszm","LargeAreaEmphasis","501162.49572649575"
"wavelet-HLH","glszm","LargeAreaHighGrayLevelEmphasis","6263019.384615385"
"wavelet-HLH","glszm","LargeAreaLowGrayLevelEmphasis","43515.531284425444"
"wavelet-HLH","glszm","LowGrayLevelZoneEmphasis","0.14963200379867048"
"wavelet-HLH","glszm","SizeZoneNonUniformity","26.623931623931625"
"wavelet-HLH","glszm","SizeZoneNonUniformityNormalized","0.22755497114471473"
"wavelet-HLH","glszm","SmallAreaEmphasis","0.4714309254397789"
"wavelet-HLH","glszm","SmallAreaHighGrayLevelEmphasis","7.449365543823363"
"wavelet-HLH","glszm","SmallAreaLowGrayLevelEmphasis","0.06805534551139607"
"wavelet-HLH","glszm","ZoneEntropy","4.392478512445344"
"wavelet-HLH","glszm","ZonePercentage","0.01046324450008943"
"wavelet-HLH","glszm","ZoneVariance","492028.3643801593"
"wavelet-HLH","ngtdm","Busyness","94.2461173646126"
"wavelet-HLH","ngtdm","Coarseness","0.0003752413041529128"
"wavelet-HLH","ngtdm","Complexity","8.725032070805431"
"wavelet-HLH","ngtdm","Contrast","0.011002844957474445"
"wavelet-HLH","ngtdm","Strength","0.006529763787615106"
"wavelet-HHL","firstorder","10Percentile","-6.24433281767368"
"wavelet-HHL","firstorder","90Percentile","6.098613781108982"
"wavelet-HHL","firstorder","Energy","282040.1254218312"
"wavelet-HHL","firstorder","Entropy","1.0021350421629727"
"wavelet-HHL","firstorder","InterquartileRange","6.3594926952197195"
"wavelet-HHL","firstorder","Kurtosis","3.8770467489509084"
"wavelet-HHL","firstorder","Maximum","23.69410631271452"
"wavelet-HHL","firstorder","MeanAbsoluteDeviation","3.8982836626459454"
"wavelet-HHL","firstorder","Mean","0.020789642330946174"
"wavelet-HHL","firstorder","Median","0.09034579520964214"
"wavelet-HHL","firstorder","Minimum","-26.81040640663724"
"wavelet-HHL","firstorder","Range","50.504512719351766"
"wavelet-HHL","firstorder","RobustMeanAbsoluteDeviation","2.6487948746424133"
"wavelet-HHL","firstorder","RootMeanSquared","5.022219680821588"
"wavelet-HHL","firstorder","Skewness","-0.0454724832973178"
"wavelet-HHL","firstorder","TotalEnergy","263594.93533458194"
"wavelet-HHL","firstorder","Uniformity","0.4999394899709945"
"wavelet-HHL","firstorder","Variance","25.222258313203447"
"wavelet-HHL","glcm","Autocorrelation","6.286205713981657"
"wavelet-HHL","glcm","ClusterProminence","0.493513008497671"
"wavelet-HHL","glcm","ClusterShade","-0.008320255736502183"
"wavelet-HHL","glcm","ClusterTendency","0.4922167330282478"
"wavelet-HHL","glcm","Contrast","0.507986226191529"
"wavelet-HHL","glcm","Correlation","-0.01574543843114324"
"wavelet-HHL","glcm","DifferenceAverage","0.5079080027742965"
"wavelet-HHL","glcm","DifferenceEntropy","0.9840526353389851"
"wavelet-HHL","glcm","DifferenceVariance","0.24450556765458664"
"wavelet-HHL","glcm","Id","0.7460590358490573"
"wavelet-HHL","glcm","Idm","0.7460538209545752"
"wavelet-HHL","glcm","Idmn","0.9492049876924118"
"wavelet-HHL","glcm","Idn","0.8730269104772875"
"wavelet-HHL","glcm","Imc1","-0.01662740243925613"
"wavelet-HHL","glcm","Imc2","0.12221691789108283"
"wavelet-HHL","glcm","InverseVariance","0.507839557284218"
"wavelet-HHL","glcm","JointAverage","2.508016676761801"
"wavelet-HHL","glcm","JointEnergy","0.255649069436794"
"wavelet-HHL","glcm","JointEntropy","1.9845558896079298"
"wavelet-HHL","glcm","MCC","0.14721513371057543"
"wavelet-HHL","glcm","MaximumProbability","0.27845927796785425"
"wavelet-HHL","glcm","SumAverage","5.016033353523602"
"wavelet-HHL","glcm","SumEntropy","1.4762238621277068"
"wavelet-HHL","glcm","SumSquares","0.25005073980494424"
"wavelet-HHL","gldm","DependenceEntropy","4.673327071103612"
"wavelet-HHL","gldm","DependenceNonUniformity","1017.0849579681632"
"wavelet-HHL","gldm","DependenceNonUniformityNormalized","0.09095733839815445"
"wavelet-HHL","gldm","DependenceVariance","10.338883386345323"
"wavelet-HHL","gldm","GrayLevelNonUniformity","5590.323376855661"
"wavelet-HHL","gldm","GrayLevelVariance","0.25030262212365023"
"wavelet-HHL","gldm","HighGrayLevelEmphasis","6.537470935431944"
"wavelet-HHL","gldm","LargeDependenceEmphasis","150.76837774995528"
"wavelet-HHL","gldm","LargeDependenceHighGrayLevelEmphasis","998.0642103380433"
"wavelet-HHL","gldm","LargeDependenceLowGrayLevelEmphasis","26.720607523996897"
"wavelet-HHL","gldm","LowGrayLevelEmphasis","0.1796339354915638"
"wavelet-HHL","gldm","SmallDependenceEmphasis","0.011194167720635043"
"wavelet-HHL","gldm","SmallDependenceHighGrayLevelEmphasis","0.07244505582114014"
"wavelet-HHL","gldm","SmallDependenceLowGrayLevelEmphasis","0.0020597854952548846"
"wavelet-HHL","glrlm","GrayLevelNonUniformity","3255.882162307003"
"wavelet-HHL","glrlm","GrayLevelNonUniformityNormalized","0.49970624593544805"
"wavelet-HHL","glrlm","GrayLevelVariance","0.2505966085530829"
"wavelet-HHL","glrlm","HighGrayLevelRunEmphasis","6.505204353520243"
"wavelet-HHL","glrlm","LongRunEmphasis","4.307186226219139"
"wavelet-HHL","glrlm","LongRunHighGrayLevelEmphasis","28.371164884513846"
"wavelet-HHL","glrlm","LongRunLowGrayLevelEmphasis","0.7675084082109718"
"wavelet-HHL","glrlm","LowGrayLevelRunEmphasis","0.18061039411999863"
"wavelet-HHL","glrlm","RunEntropy","2.669685801609472"
"wavelet-HHL","glrlm","RunLengthNonUniformity","2724.1070302497196"
"wavelet-HHL","glrlm","RunLengthNonUniformityNormalized","0.41201945290857334"
"wavelet-HHL","glrlm","RunPercentage","0.5826809570325936"
"wavelet-HHL","glrlm","RunVariance","1.2308609979479068"
"wavelet-HHL","glrlm","ShortRunEmphasis","0.6466276507942682"
"wavelet-HHL","glrlm","ShortRunHighGrayLevelEmphasis","4.1907963678384785"
"wavelet-HHL","glrlm","ShortRunLowGrayLevelEmphasis","0.11728679472145133"
"wavelet-HHL","glszm","GrayLevelNonUniformity","4.2"
"wavelet-HHL","glszm","GrayLevelNonUniformityNormalized","0.42"
"wavelet-HHL","glszm","GrayLevelVariance","0.44"
"wavelet-HHL","glszm","HighGrayLevelZoneEmphasis","6.2"
"wavelet-HHL","glszm","LargeAreaEmphasis","6232061.6"
"wavelet-HHL","glszm","LargeAreaHighGrayLevelEmphasis","40980038.2"
"wavelet-HHL","glszm","LargeAreaLowGrayLevelEmphasis","1112132.5611111112"
"wavelet-HHL","glszm","LowGrayLevelZoneEmphasis","0.25555555555555554"
"wavelet-HHL","glszm","SizeZoneNonUniformity","2.4"
"wavelet-HHL","glszm","SizeZoneNonUniformityNormalized","0.24"
"wavelet-HHL","glszm","SmallAreaEmphasis","0.22847222864653638"
"wavelet-HHL","glszm","SmallAreaHighGrayLevelEmphasis","1.5506944857162996"
"wavelet-HHL","glszm","SmallAreaLowGrayLevelEmphasis","0.05609568018579647"
"wavelet-HHL","glszm","ZoneEntropy","3.12192809488736"
"wavelet-HHL","glszm","ZonePercentage","0.0008942944017170453"
"wavelet-HHL","glszm","ZoneVariance","4981690.36"
"wavelet-HHL","ngtdm","Busyness","467.301186511516"
"wavelet-HHL","ngtdm","Coarseness","0.000351358111207529"
"wavelet-HHL","ngtdm","Complexity","2.036328715443017"
"wavelet-HHL","ngtdm","Contrast","0.04249719344160005"
"wavelet-HHL","ngtdm","Strength","0.0012372261493310305"
"wavelet-HHH","firstorder","10Percentile","-5.010561448708728"
"wavelet-HHH","firstorder","90Percentile","5.045354160038205"
"wavelet-HHH","firstorder","Energy","187290.97715902457"
"wavelet-HHH","firstorder","Entropy","1.0012422590341266"
"wavelet-HHH","firstorder","InterquartileRange","5.178069886150867"
"wavelet-HHH","firstorder","Kurtosis","3.909145796933424"
"wavelet-HHH","firstorder","Maximum","21.73633685662135"
"wavelet-HHH","firstorder","MeanAbsoluteDeviation","3.175518582920596"
"wavelet-HHH","firstorder","Mean","-0.014467032223991216"
"wavelet-HHH","firstorder","Median","0.0010426904954250922"
"wavelet-HHH","firstorder","Minimum","-25.14328966752111"
"wavelet-HHH","firstorder","Range","46.87962652414246"
"wavelet-HHH","firstorder","RobustMeanAbsoluteDeviation","2.1501385549070133"
"wavelet-HHH","firstorder","RootMeanSquared","4.0925941939731905"
"wavelet-HHH","firstorder","Skewness","-0.021475441281711805"
"wavelet-HHH","firstorder","TotalEnergy","175042.30271896752"
"wavelet-HHH","firstorder","Uniformity","0.49991061854557683"
"wavelet-HHH","firstorder","Variance","16.749117941521696"
"wavelet-HHH","glcm","Autocorrelation","6.256427153788963"
"wavelet-HHH","glcm","ClusterProminence","0.4887506471788985"
"wavelet-HHH","glcm","ClusterShade","-0.0027277171603164027"
"wavelet-HHH","glcm","ClusterTendency","0.4881755400547933"
"wavelet-HHH","glcm","Contrast","0.5121740191102805"
"wavelet-HHH","glcm","Correlation","-0.023981281262924252"
"wavelet-HHH","glcm","DifferenceAverage","0.5120794034370525"
"wavelet-HHH","glcm","DifferenceEntropy","0.9907692770726583"
"wavelet-HHH","glcm","DifferenceVariance","0.24670804629844623"
"wavelet-HHH","glcm","Id","0.743976067560345"
"wavelet-HHH","glcm","Idm","0.7439697598487965"
"wavelet-HHH","glcm","Idmn","0.9487869649661977"
"wavelet-HHH","glcm","Idn","0.8719848799243984"
"wavelet-HHH","glcm","Imc1","-0.009937730402902347"
"wavelet-HHH","glcm","Imc2","0.10239502604231197"
"wavelet-HHH","glcm","InverseVariance","0.511996614722978"
"wavelet-HHH","glcm","JointAverage","2.5024838804240255"
"wavelet-HHH","glcm","JointEnergy","0.2533480866693831"
"wavelet-HHH","glcm","JointEntropy","1.9913733910308444"
"wavelet-HHH","glcm","MCC","0.08580712174858253"
"wavelet-HHH","glcm","MaximumProbability","0.2728521075076991"
"wavelet-HHH","glcm","SumAverage","5.004967760848051"
"wavelet-HHH","glcm","SumEntropy","1.4787632900670162"
"wavelet-HHH","glcm","SumSquares","0.2500873897912685"
"wavelet-HHH","gldm","DependenceEntropy","4.537377030421114"
"wavelet-HHH","gldm","DependenceNonUniformity","1135.4662851010553"
"wavelet-HHH","gldm","DependenceNonUniformityNormalized","0.10154411421043241"
"wavelet-HHH","gldm","DependenceVariance","9.151412375735704"
"wavelet-HHH","gldm","GrayLevelNonUniformity","5590.000536576641"
"wavelet-HHH","gldm","GrayLevelVariance","0.2501788588803434"
"wavelet-HHH","gldm","HighGrayLevelEmphasis","6.500178858880344"
"wavelet-HHH","gldm","LargeDependenceEmphasis","147.41048113038812"
"wavelet-HHH","gldm","LargeDependenceHighGrayLevelEmphasis","964.9984796995171"
"wavelet-HHH","gldm","LargeDependenceLowGrayLevelEmphasis","26.42610892505813"
"wavelet-HHH","gldm","LowGrayLevelEmphasis","0.18061020688010496"
"wavelet-HHH","gldm","SmallDependenceEmphasis","0.011044222669700177"
"wavelet-HHH","gldm","SmallDependenceHighGrayLevelEmphasis","0.07105084434206096"
"wavelet-HHH","gldm","SmallDependenceLowGrayLevelEmphasis","0.002074176581337839"
"wavelet-HHH","glrlm","GrayLevelNonUniformity","3276.710638452088"
"wavelet-HHH","glrlm","GrayLevelNonUniformityNormalized","0.49987276771912753"
"wavelet-HHH","glrlm","GrayLevelVariance","0.2502922918962721"
"wavelet-HHH","glrlm","HighGrayLevelRunEmphasis","6.482383577975733"
"wavelet-HHH","glrlm","LongRunEmphasis","4.144565133167218"
"wavelet-HHH","glrlm","LongRunHighGrayLevelEmphasis","27.057811837103728"
"wavelet-HHH","glrlm","LongRunLowGrayLevelEmphasis","0.745144969859181"
"wavelet-HHH","glrlm","LowGrayLevelRunEmphasis","0.18114723452457435"
"wavelet-HHH","glrlm","RunEntropy","2.653102139321302"
"wavelet-HHH","glrlm","RunLengthNonUniformity","2738.6319617745025"
"wavelet-HHH","glrlm","RunLengthNonUniformityNormalized","0.4144040488997145"
"wavelet-HHH","glrlm","RunPercentage","0.5862168595132288"
"wavelet-HHH","glrlm","RunVariance","1.1813607878324022"
"wavelet-HHH","glrlm","ShortRunEmphasis","0.6529035144210812"
"wavelet-HHH","glrlm","ShortRunHighGrayLevelEmphasis","4.223091242704206"
"wavelet-HHH","glrlm","ShortRunLowGrayLevelEmphasis","0.11856495737861827"
"wavelet-HHH","glszm","GrayLevelNonUniformity","1.8"
"wavelet-HHH","glszm","GrayLevelNonUniformityNormalized","0.36"
"wavelet-HHH","glszm","GrayLevelVariance","0.56"
"wavelet-HHH","glszm","HighGrayLevelZoneEmphasis","5.4"
"wavelet-HHH","glszm","LargeAreaEmphasis","12494770.0"
"wavelet-HHH","glszm","LargeAreaHighGrayLevelEmphasis","81227183.4"
"wavelet-HHH","glszm","LargeAreaLowGrayLevelEmphasis","2255689.7611111114"
"wavelet-HHH","glszm","LowGrayLevelZoneEmphasis","0.34444444444444444"
"wavelet-HHH","glszm","SizeZoneNonUniformity","1.4"
"wavelet-HHH","glszm","SizeZoneNonUniformityNormalized","0.28"
"wavelet-HHH","glszm","SmallAreaEmphasis","0.4500000128053606"
"wavelet-HHH","glszm","SmallAreaHighGrayLevelEmphasis","1.4500000832233881"
"wavelet-HHH","glszm","SmallAreaLowGrayLevelEmphasis","0.25555555786795275"
"wavelet-HHH","glszm","ZoneEntropy","2.321928094887361"
"wavelet-HHH","glszm","ZonePercentage","0.00044714720085852264"
"wavelet-HHH","glszm","ZoneVariance","7493285.039999999"
"wavelet-HHH","ngtdm","Busyness","478.9671565030125"
"wavelet-HHH","ngtdm","Coarseness","0.00034792948444279303"
"wavelet-HHH","ngtdm","Complexity","2.054881350474579"
"wavelet-HHH","ngtdm","Contrast","0.04288456835248885"
"wavelet-HHH","ngtdm","Strength","0.001217512523381673"
"wavelet-LLL","firstorder","10Percentile","-2331.025573673028"
"wavelet-LLL","firstorder","90Percentile","-2185.489572347517"
"wavelet-LLL","firstorder","Energy","56052763358.46294"
"wavelet-LLL","firstorder","Entropy","2.838300440345232"
"wavelet-LLL","firstorder","InterquartileRange","51.824998147892074"
"wavelet-LLL","firstorder","Kurtosis","8.388335886006324"
"wavelet-LLL","firstorder","Maximum","-2149.4782958569763"
"wavelet-LLL","firstorder","MeanAbsoluteDeviation","48.25944003585934"
"wavelet-LLL","firstorder","Mean","-2237.846587232466"
"wavelet-LLL","firstorder","Median","-2213.216172792577"
"wavelet-LLL","firstorder","Minimum","-2652.009117894686"
"wavelet-LLL","firstorder","Range","502.53082203770964"
"wavelet-LLL","firstorder","RobustMeanAbsoluteDeviation","25.398211910196384"
"wavelet-LLL","firstorder","RootMeanSquared","2238.9210006662524"
"wavelet-LLL","firstorder","Skewness","-2.225128316130074"
"wavelet-LLL","firstorder","TotalEnergy","52386959162.99217"
"wavelet-LLL","firstorder","Uniformity","0.20630624869458766"
"wavelet-LLL","firstorder","Variance","4809.899236378373"
"wavelet-LLL","glcm","Autocorrelation","342.1871549905499"
"wavelet-LLL","glcm","ClusterProminence","3326.9613912982913"
"wavelet-LLL","glcm","ClusterShade","-182.4063462095815"
"wavelet-LLL","glcm","ClusterTendency","17.90095136758294"
"wavelet-LLL","glcm","Contrast","3.0425732161919425"
"wavelet-LLL","glcm","Correlation","0.6802250854674654"
"wavelet-LLL","glcm","DifferenceAverage","1.024565568280302"
"wavelet-LLL","glcm","DifferenceEntropy","1.9338649325858641"
"wavelet-LLL","glcm","DifferenceVariance","1.9189797980215613"
"wavelet-LLL","glcm","Id","0.6670134665690135"
"wavelet-LLL","glcm","Idm","0.6395453219556939"
"wavelet-LLL","glcm","Idmn","0.9940407449099171"
"wavelet-LLL","glcm","Idn","0.9586716769771714"
"wavelet-LLL","glcm","Imc1","-0.2019775308096767"
"wavelet-LLL","glcm","Imc2","0.7559843645072436"
"wavelet-LLL","glcm","InverseVariance","0.3973054837329047"
"wavelet-LLL","glcm","JointAverage","18.396903208818934"
"wavelet-LLL","glcm","JointEnergy","0.0914429957974041"
"wavelet-LLL","glcm","JointEntropy","4.636594558022455"
"wavelet-LLL","glcm","MCC","0.7018462406769488"
"wavelet-LLL","glcm","MaximumProbability","0.1827959025596148"
"wavelet-LLL","glcm","SumAverage","36.793806417637875"
"wavelet-LLL","glcm","SumEntropy","3.4344921965290727"
"wavelet-LLL","glcm","SumSquares","5.235881145943722"
"wavelet-LLL","gldm","DependenceEntropy","6.785197357644715"
"wavelet-LLL","gldm","DependenceNonUniformity","505.39366839563587"
"wavelet-LLL","gldm","DependenceNonUniformityNormalized","0.04519707283094579"
"wavelet-LLL","gldm","DependenceVariance","44.887088797723784"
"wavelet-LLL","gldm","GrayLevelNonUniformity","2306.91647290288"
"wavelet-LLL","gldm","GrayLevelVariance","7.80851828453764"
"wavelet-LLL","gldm","HighGrayLevelEmphasis","331.3096941513146"
"wavelet-LLL","gldm","LargeDependenceEmphasis","158.461455911286"
"wavelet-LLL","gldm","LargeDependenceHighGrayLevelEmphasis","59251.938383115725"
"wavelet-LLL","gldm","LargeDependenceLowGrayLevelEmphasis","0.4311743701767286"
"wavelet-LLL","gldm","LowGrayLevelEmphasis","0.0038106398835721467"
"wavelet-LLL","gldm","SmallDependenceEmphasis","0.07799017789713461"
"wavelet-LLL","gldm","SmallDependenceHighGrayLevelEmphasis","16.690130934200216"
"wavelet-LLL","gldm","SmallDependenceLowGrayLevelEmphasis","0.000705615099524536"
"wavelet-LLL","glrlm","GrayLevelNonUniformity","1058.9696900338927"
"wavelet-LLL","glrlm","GrayLevelNonUniformityNormalized","0.14904238066816536"
"wavelet-LLL","glrlm","GrayLevelVariance","10.19119969679199"
"wavelet-LLL","glrlm","HighGrayLevelRunEmphasis","309.35382432646423"
"wavelet-LLL","glrlm","LongRunEmphasis","4.843390072554702"
"wavelet-LLL","glrlm","LongRunHighGrayLevelEmphasis","1732.7102233492328"
"wavelet-LLL","glrlm","LongRunLowGrayLevelEmphasis","0.015123415394783877"
"wavelet-LLL","glrlm","LowGrayLevelRunEmphasis","0.004418929965191943"
"wavelet-LLL","glrlm","RunEntropy","4.519992568101886"
"wavelet-LLL","glrlm","RunLengthNonUniformity","3764.0699486886497"
"wavelet-LLL","glrlm","RunLengthNonUniformityNormalized","0.5213309133806627"
"wavelet-LLL","glrlm","RunPercentage","0.628572018216089"
"wavelet-LLL","glrlm","RunVariance","2.029032276493801"
"wavelet-LLL","glrlm","ShortRunEmphasis","0.7463758742202334"
"wavelet-LLL","glrlm","ShortRunHighGrayLevelEmphasis","218.05534815370714"
"wavelet-LLL","glrlm","ShortRunLowGrayLevelEmphasis","0.0036654738881604495"
"wavelet-LLL","glszm","GrayLevelNonUniformity","66.29234338747099"
"wavelet-LLL","glszm","GrayLevelNonUniformityNormalized","0.07690527075112645"
"wavelet-LLL","glszm","GrayLevelVariance","14.70755971382583"
"wavelet-LLL","glszm","HighGrayLevelZoneEmphasis","191.8259860788863"
"wavelet-LLL","glszm","LargeAreaEmphasis","27620.01392111369"
"wavelet-LLL","glszm","LargeAreaHighGrayLevelEmphasis","10317300.223897912"
"wavelet-LLL","glszm","LargeAreaLowGrayLevelEmphasis","74.32988465713859"
"wavelet-LLL","glszm","LowGrayLevelZoneEmphasis","0.009906136725178637"
"wavelet-LLL","glszm","SizeZoneNonUniformity","283.1809744779582"
"wavelet-LLL","glszm","SizeZoneNonUniformityNormalized","0.32851621169136686"
"wavelet-LLL","glszm","SmallAreaEmphasis","0.5926509305471582"
"wavelet-LLL","glszm","SmallAreaHighGrayLevelEmphasis","106.63149265824252"
"wavelet-LLL","glszm","SmallAreaLowGrayLevelEmphasis","0.006949571433031111"
"wavelet-LLL","glszm","ZoneEntropy","6.072422701970886"
"wavelet-LLL","glszm","ZonePercentage","0.0770881774280093"
"wavelet-LLL","glszm","ZoneVariance","27451.737043835892"
"wavelet-LLL","ngtdm","Busyness","1.871177601491408"
"wavelet-LLL","ngtdm","Coarseness","0.0009083932568840142"
"wavelet-LLL","ngtdm","Complexity","174.8522506360518"
"wavelet-LLL","ngtdm","Contrast","0.027869705874362646"
"wavelet-LLL","ngtdm","Strength","0.41031752108833613"
